{"type":"FeatureCollection","features":[{"type":"Feature","geometry":{"coordinates":[[[2.371688,48.844994],[2.372231,48.844498],[2.372447,48.84433],[2.374066,48.843353],[2.374468,48.843128],[2.37642,48.842102],[2.376746,48.841957],[2.377123,48.841751],[2.377546,48.841503],[2.378352,48.840923],[2.378488,48.840813],[2.378488,48.840813],[2.378837,48.840542],[2.378864,48.840431],[2.378855,48.840405],[2.378801,48.840328],[2.376483,48.839088],[2.376349,48.839012],[2.376149,48.838905],[2.375735,48.838654],[2.376065,48.838375],[2.377285,48.837296],[2.377568,48.837139],[2.379867,48.835281],[2.380063,48.835144],[2.380277,48.835007],[2.380298,48.834915],[2.382104,48.833511],[2.384516,48.834843],[2.386473,48.835907],[2.38734,48.83519],[2.388101,48.834583],[2.388407,48.834332],[2.388983,48.833885],[2.390103,48.832996],[2.390085,48.832966],[2.389674,48.832756],[2.388582,48.832161],[2.388169,48.831921],[2.388044,48.831841],[2.388044,48.831841],[2.38674,48.830853],[2.386631,48.830784],[2.385927,48.830467],[2.386709,48.829845],[2.386926,48.829647],[2.387353,48.829025],[2.387587,48.828701],[2.388078,48.828259],[2.388278,48.828121],[2.388604,48.827942],[2.389829,48.827026],[2.390268,48.826729],[2.390552,48.826519],[2.390737,48.82637],[2.391291,48.82589],[2.391522,48.825718],[2.391776,48.825539],[2.393008,48.824799],[2.393225,48.82473],[2.39549,48.823177],[2.395985,48.822857],[2.396535,48.822521],[2.396924,48.8223],[2.397609,48.821941],[2.398021,48.821739],[2.398598,48.82148],[2.399062,48.821281],[2.399567,48.821083],[2.400079,48.820896],[2.401112,48.820549],[2.401898,48.820301],[2.402621,48.820084],[2.403364,48.819874],[2.404201,48.819653],[2.405523,48.819328],[2.410932,48.818039],[2.411787,48.817844],[2.412165,48.817768],[2.413018,48.817612],[2.413723,48.817505],[2.41406,48.817463],[2.41462,48.817406],[2.415363,48.817352],[2.415894,48.817333],[2.416512,48.817341],[2.418385,48.817448],[2.418993,48.817463],[2.420729,48.817451],[2.421231,48.817444],[2.421763,48.817417],[2.422382,48.817371],[2.42367,48.817219],[2.424189,48.817173],[2.424745,48.817139],[2.425452,48.817127],[2.435852,48.817383],[2.436813,48.817394],[2.438049,48.81739],[2.439496,48.817352],[2.440448,48.817295],[2.443399,48.817059],[2.443948,48.816994],[2.445561,48.816868],[2.448085,48.81665],[2.450334,48.816463],[2.451432,48.816406],[2.451893,48.816422],[2.452297,48.816463],[2.452685,48.816525],[2.453218,48.81665],[2.45382,48.816845],[2.454627,48.817226],[2.455992,48.817944],[2.457439,48.818665],[2.459157,48.819546],[2.460608,48.820324],[2.461334,48.820751],[2.461783,48.821095],[2.46215,48.821423],[2.462559,48.82193],[2.46276,48.822315],[2.462937,48.822788],[2.463131,48.823704],[2.463293,48.8242],[2.463512,48.824619],[2.463831,48.825008],[2.46422,48.825375],[2.464609,48.825623],[2.465102,48.825909],[2.46552,48.826111],[2.465918,48.826283],[2.466333,48.826427],[2.466855,48.826591],[2.468484,48.82708],[2.469178,48.827271],[2.470048,48.82748],[2.471312,48.827732],[2.472845,48.82798],[2.479146,48.828869],[2.47926,48.828823],[2.480334,48.828968],[2.482016,48.829163],[2.482201,48.829128],[2.484255,48.829266],[2.485604,48.829338],[2.486047,48.829372],[2.489408,48.829685],[2.489629,48.829685],[2.489748,48.829662],[2.489788,48.829643],[2.489835,48.829632],[2.489885,48.829628],[2.489983,48.829643],[2.490024,48.829662],[2.490055,48.829689],[2.490287,48.829742],[2.490738,48.8298],[2.490939,48.829811],[2.491119,48.8298],[2.491326,48.829762],[2.491529,48.829697],[2.491642,48.829639],[2.491906,48.829487],[2.492042,48.829426],[2.492235,48.829372],[2.492329,48.82935],[2.492556,48.829334],[2.493163,48.829342],[2.493172,48.829235],[2.493217,48.82909],[2.493268,48.828979],[2.493521,48.828503],[2.49375,48.828125],[2.49375,48.828125],[2.495121,48.825718],[2.495543,48.825115],[2.495762,48.82486],[2.496017,48.824432],[2.496464,48.82365],[2.499802,48.824635],[2.500013,48.824692],[2.500111,48.824684],[2.501193,48.825016],[2.501985,48.825237],[2.503402,48.825672],[2.506494,48.826599],[2.507643,48.826904],[2.508374,48.82711],[2.508812,48.82703],[2.508812,48.82703],[2.509806,48.826851],[2.509877,48.826851],[2.510108,48.826916],[2.510588,48.827145],[2.510922,48.827251],[2.511255,48.82729],[2.51169,48.82732],[2.514666,48.827183],[2.514893,48.827187],[2.515785,48.827221],[2.516336,48.827229],[2.516625,48.827225],[2.517045,48.827187],[2.517116,48.82716],[2.517947,48.827065],[2.517955,48.826942],[2.518009,48.826874],[2.518085,48.82682],[2.518197,48.826782],[2.518355,48.826767],[2.518985,48.826778],[2.519387,48.82679],[2.519782,48.826813],[2.520267,48.826855],[2.520797,48.826908],[2.520864,48.8269],[2.520918,48.826885],[2.521008,48.826824],[2.521109,48.826176],[2.521133,48.826126],[2.521184,48.826084],[2.521256,48.826061],[2.521337,48.826057],[2.521745,48.826099],[2.522126,48.82616],[2.52262,48.826267],[2.524004,48.826649],[2.525457,48.827141],[2.525641,48.82719],[2.525896,48.827225],[2.52619,48.827251],[2.527121,48.827301],[2.527379,48.827267],[2.527456,48.827244],[2.527504,48.827183],[2.527592,48.827129],[2.527643,48.827114],[2.527754,48.827099],[2.527865,48.82711],[2.527964,48.827145],[2.528039,48.827202],[2.528064,48.827232],[2.528215,48.827259],[2.529416,48.827259],[2.529568,48.827274],[2.533473,48.827217],[2.534982,48.827076],[2.534982,48.827076],[2.535319,48.827034],[2.536506,48.826817],[2.536899,48.826756],[2.537135,48.826736],[2.537615,48.826714],[2.538658,48.826694],[2.539486,48.826611],[2.539781,48.826626],[2.540027,48.826672],[2.540217,48.826641],[2.540243,48.826618],[2.540279,48.826599],[2.540322,48.826591],[2.540312,48.826538],[2.540408,48.82605],[2.540511,48.825661],[2.540648,48.825203],[2.541069,48.82402],[2.541112,48.823879],[2.541134,48.823727],[2.54113,48.823566],[2.541096,48.823505],[2.541108,48.823452],[2.541154,48.823338],[2.54114,48.823326],[2.541128,48.823292],[2.541133,48.823269],[2.541151,48.823246],[2.54121,48.823219],[2.541246,48.823219],[2.541296,48.823231],[2.541333,48.823254],[2.541446,48.823242],[2.541493,48.82325],[2.542274,48.823437],[2.542679,48.82354],[2.543234,48.823639],[2.543234,48.823639],[2.544448,48.823948],[2.54457,48.823967],[2.544594,48.823944],[2.54463,48.823929],[2.544672,48.823921],[2.544714,48.823929],[2.544854,48.823685],[2.54489,48.823608],[2.544838,48.823578],[2.544812,48.82354],[2.544827,48.82349],[2.544865,48.823433],[2.544942,48.823395],[2.544984,48.823391],[2.54509,48.82336],[2.547252,48.823154],[2.549093,48.82296],[2.549236,48.822952],[2.549294,48.822922],[2.549368,48.822914],[2.549417,48.822922],[2.549551,48.822876],[2.549613,48.822868],[2.549692,48.822865],[2.549776,48.822884],[2.549814,48.82288],[2.550503,48.822788],[2.550763,48.822762],[2.550763,48.822762],[2.551348,48.822685],[2.551506,48.822647],[2.5522,48.822437],[2.552326,48.822411],[2.55255,48.822395],[2.552707,48.822395],[2.553167,48.822422],[2.553338,48.822414],[2.553359,48.822506],[2.553358,48.822598],[2.553368,48.822666],[2.553411,48.822857],[2.55339,48.823055],[2.553294,48.823349],[2.553278,48.823479],[2.553251,48.823582],[2.553163,48.823704],[2.553073,48.823772],[2.552983,48.823818],[2.552896,48.823872],[2.552833,48.823925],[2.552796,48.823971],[2.552784,48.824036],[2.552802,48.824112],[2.552859,48.824219],[2.552994,48.824394],[2.553399,48.824955],[2.553451,48.825035],[2.553459,48.825073],[2.553492,48.825089],[2.553517,48.825108],[2.553534,48.82513],[2.55354,48.825157],[2.553535,48.82518],[2.55352,48.825207],[2.553493,48.825226],[2.553417,48.825249],[2.553336,48.825237],[2.553302,48.825222],[2.553217,48.825272],[2.552855,48.825436],[2.551528,48.826092],[2.550402,48.826626],[2.550306,48.826775],[2.550324,48.826805],[2.550328,48.826843],[2.550314,48.826885],[2.550283,48.826916],[2.550237,48.826942],[2.550179,48.826958],[2.550116,48.826962],[2.550055,48.82695],[2.550002,48.826927],[2.549964,48.826893],[2.549783,48.82682],[2.549584,48.826782],[2.548958,48.826801],[2.548958,48.826801],[2.547784,48.826847],[2.547513,48.826881],[2.547133,48.826962],[2.546959,48.827003],[2.544986,48.827583],[2.544503,48.827671],[2.544288,48.827679],[2.544234,48.82769],[2.543096,48.828114],[2.542759,48.828167],[2.542561,48.828224],[2.541645,48.828518],[2.540837,48.828808],[2.540685,48.82885],[2.539579,48.829079],[2.539492,48.829132],[2.539448,48.829163],[2.53942,48.829197],[2.539299,48.829464],[2.539464,48.829769],[2.539648,48.830067],[2.539705,48.830147],[2.539705,48.830147],[2.539826,48.830315],[2.540495,48.831005],[2.540843,48.831276],[2.541215,48.831528],[2.54166,48.831776],[2.541884,48.831882],[2.54228,48.832054],[2.543689,48.832642],[2.543926,48.832714],[2.544266,48.832779],[2.544382,48.832817],[2.544969,48.833076],[2.545565,48.833321],[2.545786,48.833424],[2.546033,48.833549],[2.546414,48.833797],[2.546741,48.834084],[2.546845,48.83419],[2.547027,48.834412],[2.547093,48.834511],[2.547344,48.834995],[2.547412,48.835258],[2.547437,48.835403],[2.547447,48.835529],[2.547426,48.835701],[2.547429,48.835777],[2.547481,48.8358],[2.547523,48.835835],[2.547553,48.835869],[2.547568,48.835911],[2.547568,48.835953],[2.547553,48.835995],[2.54752,48.836037],[2.547471,48.836071],[2.547427,48.836128],[2.547417,48.836166],[2.547451,48.836403],[2.547439,48.836777],[2.54744,48.836906],[2.547453,48.836964],[2.547495,48.837025],[2.547582,48.837051],[2.547654,48.837093],[2.547705,48.837147],[2.547729,48.837212],[2.547725,48.837276],[2.547691,48.837337],[2.54763,48.837391],[2.547691,48.837498],[2.547785,48.83762],[2.547908,48.837738],[2.548736,48.838474],[2.549403,48.839081],[2.549964,48.839619],[2.550682,48.840252],[2.550793,48.84026],[2.550857,48.840279],[2.55091,48.840309],[2.550949,48.840347],[2.550972,48.840393],[2.550974,48.840443],[2.550956,48.840488],[2.550928,48.840523],[2.550889,48.840553],[2.550813,48.840584],[2.550829,48.840668],[2.550922,48.840836],[2.550937,48.840858],[2.550997,48.840904],[2.551032,48.840912],[2.551611,48.840916],[2.552298,48.840851],[2.553027,48.840862],[2.553027,48.840862],[2.553179,48.840858],[2.553197,48.840855],[2.553229,48.840836],[2.553241,48.840633],[2.553274,48.840508],[2.553329,48.84042],[2.553417,48.84037],[2.558029,48.840405],[2.558738,48.840405],[2.558961,48.840389],[2.559259,48.84034],[2.559299,48.840317],[2.559347,48.840298],[2.5594,48.84029],[2.559706,48.840092],[2.560715,48.838951],[2.561323,48.838234],[2.561671,48.837894],[2.561657,48.837841],[2.561681,48.837795],[2.561747,48.837753],[2.561811,48.837742],[2.561887,48.837749],[2.56215,48.837639],[2.562516,48.837246],[2.56274,48.836922],[2.562781,48.83675],[2.562941,48.835358],[2.562918,48.83532],[2.562915,48.835243],[2.562942,48.835209],[2.562997,48.835175],[2.563048,48.835155],[2.563113,48.835144],[2.563202,48.835144],[2.563323,48.835178],[2.564461,48.83527],[2.564629,48.835243],[2.564855,48.835232],[2.56504,48.835201],[2.56519,48.835159],[2.565321,48.83511],[2.565402,48.835091],[2.565497,48.835091],[2.565889,48.835125],[2.567051,48.835262],[2.567403,48.835281],[2.568083,48.835308],[2.568681,48.835297],[2.568847,48.835361],[2.577259,48.834938],[2.577407,48.834873],[2.579277,48.834763],[2.580343,48.834652],[2.580591,48.834618],[2.581333,48.834488],[2.582772,48.834099],[2.582984,48.834053],[2.583091,48.834],[2.583129,48.833954],[2.583184,48.833912],[2.583252,48.833885],[2.583346,48.83387],[2.583442,48.833874],[2.583532,48.833897],[2.583593,48.833931],[2.583639,48.833969],[2.583669,48.834019],[2.583678,48.83408],[2.583659,48.834141],[2.583613,48.834194],[2.583544,48.834236],[2.583376,48.834278],[2.583304,48.834312],[2.583256,48.834362],[2.583219,48.834423],[2.583074,48.834881],[2.583066,48.834961],[2.582792,48.835728],[2.582786,48.835796],[2.582341,48.83707],[2.582283,48.837318],[2.582259,48.837494],[2.582254,48.837578],[2.582292,48.837749],[2.58235,48.837791],[2.582384,48.837845],[2.582562,48.837917],[2.58336,48.838013],[2.584236,48.838066],[2.584548,48.83807],[2.584846,48.838058],[2.584927,48.838039],[2.584991,48.837963],[2.585093,48.837906],[2.585219,48.837875],[2.585353,48.837879],[2.585449,48.837906],[2.585535,48.837944],[2.585598,48.837997],[2.585636,48.838062],[2.585645,48.838139],[2.585615,48.838215],[2.58556,48.838272],[2.585483,48.838318],[2.585389,48.838348],[2.585275,48.838364],[2.585196,48.838413],[2.585172,48.838436],[2.585137,48.838486],[2.584638,48.839977],[2.584688,48.840092],[2.584726,48.840137],[2.584799,48.840179],[2.584853,48.840229],[2.584884,48.84029],[2.584889,48.840366],[2.584856,48.840443],[2.584785,48.840511],[2.584685,48.840557],[2.584568,48.84058],[2.584385,48.840714],[2.583784,48.842495],[2.583639,48.842949],[2.583447,48.843506],[2.583414,48.843449],[2.583414,48.843449],[2.583638,48.842773],[2.583718,48.842712],[2.583784,48.842495],[2.584385,48.840714],[2.584307,48.840538],[2.58422,48.840481],[2.584167,48.840408],[2.584153,48.840328],[2.584179,48.840248],[2.584243,48.840179],[2.584338,48.84013],[2.584452,48.840099],[2.584547,48.840096],[2.584641,48.840107],[2.584726,48.840137],[2.584799,48.840179],[2.584853,48.840229],[2.584884,48.84029],[2.584889,48.840366],[2.593545,48.840736],[2.593639,48.840717],[2.593796,48.840675],[2.593829,48.840633],[2.593875,48.840595],[2.59393,48.840565],[2.594,48.840542],[2.594076,48.840527],[2.594155,48.840527],[2.594229,48.840534],[2.5943,48.840549],[2.594362,48.84058],[2.594416,48.840614],[2.594457,48.840656],[2.594484,48.840702],[2.594691,48.840786],[2.59733,48.840908],[2.597966,48.840916],[2.598325,48.840897],[2.598696,48.840839],[2.599409,48.840679],[2.600001,48.840527],[2.600347,48.840424],[2.60058,48.840347],[2.600713,48.840229],[2.600698,48.84016],[2.600715,48.840092],[2.600763,48.840031],[2.600837,48.839981],[2.600931,48.839947],[2.60104,48.839935],[2.60115,48.839947],[2.601215,48.839966],[2.601273,48.839993],[2.601527,48.839943],[2.601906,48.83976],[2.602235,48.839611],[2.602396,48.839569],[2.602398,48.839539],[2.602413,48.839512],[2.602441,48.839493],[2.602478,48.839478],[2.602519,48.839474],[2.602561,48.839478],[2.602599,48.839493],[2.602666,48.839413],[2.602773,48.839363],[2.604619,48.838581],[2.604904,48.838467],[2.605143,48.83839],[2.605566,48.838295],[2.606061,48.838249],[2.606445,48.838257],[2.606762,48.838287],[2.607,48.838326],[2.607332,48.838409],[2.60753,48.838474],[2.607881,48.838627],[2.6081,48.838757],[2.609325,48.83963],[2.609985,48.840118],[2.610822,48.840714],[2.611076,48.840855],[2.611296,48.840961],[2.61145,48.841022],[2.61172,48.841087],[2.612034,48.841187],[2.612554,48.841286],[2.612728,48.841305],[2.613225,48.841335],[2.61358,48.841324],[2.613544,48.841373],[2.613539,48.841396],[2.613559,48.842426],[2.61362,48.84243],[2.613676,48.842449],[2.61372,48.842476],[2.613749,48.842514],[2.613759,48.842552],[2.613749,48.842594],[2.615085,48.842834],[2.615228,48.842888],[2.615313,48.842953],[2.615361,48.843006],[2.615393,48.84306],[2.615399,48.843086],[2.615387,48.843678],[2.615963,48.843693],[2.615963,48.843693],[2.616922,48.843716],[2.617769,48.843723],[2.618581,48.843712],[2.619237,48.843681],[2.619361,48.843685],[2.619373,48.843655],[2.619399,48.843628],[2.619437,48.843609],[2.619483,48.843601],[2.619528,48.843601],[2.61957,48.843609],[2.619606,48.843628],[2.619632,48.843651],[2.619646,48.843678],[2.619647,48.843708],[2.619789,48.843727],[2.620924,48.844013],[2.62219,48.844254],[2.622581,48.844337],[2.622853,48.844414],[2.622884,48.844395],[2.622923,48.844383],[2.622967,48.844379],[2.623009,48.844383],[2.623046,48.844398],[2.623075,48.844421],[2.62309,48.844444],[2.623095,48.844467],[2.62316,48.844463],[2.623267,48.844479],[2.625149,48.844826],[2.625272,48.844841],[2.625488,48.844826],[2.625558,48.84481],[2.625654,48.84478],[2.625726,48.844746],[2.625843,48.844673],[2.626049,48.844513],[2.626161,48.844444],[2.626629,48.844212],[2.62661,48.844189],[2.6266,48.844162],[2.626602,48.844135],[2.626614,48.844109],[2.626635,48.844086],[2.626665,48.844067],[2.626742,48.844051],[2.626784,48.844051],[2.626823,48.844063],[2.626884,48.844097],[2.62901,48.843155],[2.629239,48.84304],[2.629414,48.842934],[2.629607,48.842796],[2.630786,48.841885],[2.630786,48.841885],[2.631039,48.841694],[2.630984,48.841644],[2.630949,48.841591],[2.630937,48.84153],[2.63095,48.841473],[2.630986,48.841415],[2.631026,48.841381],[2.631075,48.841351],[2.631132,48.841331],[2.631202,48.841312],[2.631276,48.841309],[2.63135,48.841312],[2.631421,48.841328],[2.631485,48.841354],[2.631539,48.841389],[2.631585,48.841373],[2.631685,48.84132],[2.631872,48.84124],[2.6321,48.841156],[2.632518,48.841034],[2.632713,48.840992],[2.633147,48.840923],[2.633608,48.840889],[2.634963,48.840862],[2.635098,48.840862],[2.635382,48.840878],[2.6357,48.840912],[2.635981,48.84095],[2.636226,48.841],[2.636532,48.841076],[2.636719,48.841133],[2.636973,48.841221],[2.63722,48.841316],[2.637699,48.84156],[2.6378,48.841518],[2.637895,48.841503],[2.637941,48.841507],[2.637985,48.841526],[2.638007,48.841549],[2.638024,48.841579],[2.638023,48.841618],[2.63798,48.841682],[2.637936,48.841717],[2.638075,48.841827],[2.639738,48.843315],[2.640025,48.843525],[2.640253,48.843647],[2.640484,48.843731],[2.640777,48.8438],[2.641025,48.843838],[2.641312,48.843853],[2.641733,48.843826],[2.643211,48.843697],[2.64414,48.843666],[2.644651,48.843639],[2.644978,48.843594],[2.645072,48.843571],[2.645205,48.843525],[2.645366,48.843452],[2.645522,48.843357],[2.645704,48.843208],[2.645794,48.843159],[2.645913,48.843124],[2.645989,48.843109],[2.646237,48.843109],[2.646354,48.843094],[2.646466,48.843071],[2.646575,48.843033],[2.647819,48.842552],[2.647819,48.842552],[2.648035,48.842457],[2.648286,48.842285],[2.648368,48.842209],[2.648477,48.842075],[2.648547,48.841957],[2.648574,48.841892],[2.648617,48.841732],[2.648825,48.840366],[2.648904,48.839897],[2.64912,48.838406],[2.649444,48.836254],[2.649515,48.836243],[2.649829,48.836231],[2.650127,48.836185],[2.650377,48.836117],[2.650994,48.835857],[2.651484,48.835625],[2.651484,48.835602],[2.651496,48.835583],[2.651544,48.835556],[2.651597,48.835556],[2.651642,48.835575],[2.652773,48.835068],[2.652773,48.835068],[2.652927,48.835011],[2.653071,48.834976],[2.65327,48.834953],[2.653385,48.834953],[2.653518,48.834961],[2.653796,48.835026],[2.653883,48.83506],[2.655865,48.836197],[2.655981,48.836254],[2.656063,48.836212],[2.656164,48.836185],[2.656271,48.836185],[2.656371,48.836212],[2.656454,48.836254],[2.656508,48.836315],[2.656528,48.836399],[2.656494,48.836483],[2.656412,48.836548],[2.656297,48.836586],[2.656169,48.83659],[2.656033,48.836674],[2.655955,48.836742],[2.65591,48.836796],[2.655861,48.836891],[2.655821,48.837006],[2.655742,48.837345],[2.655744,48.837433],[2.655785,48.837578],[2.655772,48.837681],[2.65581,48.837757],[2.65587,48.837837],[2.655997,48.837963],[2.656242,48.838158],[2.656244,48.838181],[2.656224,48.838223],[2.656161,48.838295],[2.654252,48.839256],[2.654057,48.839348],[2.654015,48.839355],[2.653923,48.839344],[2.653886,48.839321],[2.653866,48.839291],[2.653864,48.839256],[2.653888,48.839226],[2.654107,48.839108],[2.655279,48.838516],[2.655568,48.838379],[2.655568,48.838379],[2.656094,48.83812],[2.656252,48.838089],[2.656544,48.838333],[2.657168,48.838898],[2.657619,48.839081],[2.658009,48.839256],[2.658092,48.839237],[2.658179,48.839233],[2.658264,48.839237],[2.658346,48.839256],[2.658429,48.839291],[2.658522,48.839359],[2.65856,48.839413],[2.658572,48.839443],[2.658581,48.839516],[2.65857,48.839561],[2.658547,48.839607],[2.658513,48.839649],[2.658468,48.839684],[2.658375,48.839733],[2.658258,48.83976],[2.658186,48.839848],[2.658155,48.839909],[2.658147,48.839947],[2.658198,48.840176],[2.658239,48.840313],[2.65827,48.840374],[2.658312,48.840435],[2.658369,48.840481],[2.658448,48.840519],[2.658527,48.84053],[2.6586,48.840553],[2.658665,48.840588],[2.658719,48.840626],[2.65876,48.840672],[2.658786,48.840725],[2.659019,48.840843],[2.659161,48.840889],[2.661841,48.84127],[2.66197,48.841301],[2.662104,48.841351],[2.662215,48.841366],[2.66229,48.841343],[2.662373,48.841331],[2.662457,48.841339],[2.662533,48.841362],[2.662596,48.8414],[2.662688,48.841427],[2.662886,48.841434],[2.663144,48.841465],[2.664459,48.841656],[2.664535,48.841671],[2.664763,48.84174],[2.664815,48.841751],[2.664917,48.841755],[2.664985,48.84174],[2.665056,48.841736],[2.665126,48.841747],[2.665191,48.841766],[2.665245,48.841797],[2.665383,48.841812],[2.665614,48.841824],[2.667035,48.842022],[2.66721,48.842041],[2.667358,48.84203],[2.667447,48.841957],[2.667503,48.841927],[2.667565,48.841904],[2.66766,48.841881],[2.667761,48.841873],[2.667854,48.841816],[2.667916,48.841755],[2.667956,48.841694],[2.668205,48.841164],[2.668227,48.841064],[2.668196,48.841049],[2.668175,48.841026],[2.668167,48.841003],[2.668172,48.840977],[2.668188,48.840954],[2.668213,48.840939],[2.668285,48.840923],[2.668442,48.840832],[2.668531,48.840664],[2.668754,48.840195],[2.669128,48.839436],[2.669128,48.839436],[2.669292,48.839069],[2.66931,48.839001],[2.669276,48.838985],[2.669267,48.83897],[2.669268,48.838932],[2.669304,48.838867],[2.669327,48.838848],[2.669362,48.838837],[2.669399,48.83884],[2.669545,48.838646],[2.67001,48.8382],[2.670092,48.838146],[2.670731,48.837818],[2.671201,48.837589],[2.671671,48.837372],[2.672163,48.837093],[2.672934,48.836586],[2.673145,48.836456],[2.673542,48.836185],[2.673764,48.836018],[2.673916,48.835846],[2.674291,48.835377],[2.675709,48.833546],[2.676739,48.832233],[2.676869,48.832108],[2.676962,48.83205],[2.677138,48.831989],[2.677335,48.831936],[2.677592,48.831905],[2.681775,48.831745],[2.684686,48.83157],[2.686062,48.831478],[2.688085,48.831379],[2.688237,48.831329],[2.688287,48.831303],[2.688746,48.831532],[2.688991,48.831631],[2.689149,48.831688],[2.689397,48.83176],[2.689794,48.831833],[2.690037,48.831856],[2.690175,48.831863],[2.6905,48.83186],[2.690837,48.831841],[2.691406,48.831776],[2.693237,48.831539],[2.693592,48.831501],[2.694261,48.831467],[2.694791,48.831467],[2.695094,48.831482],[2.695519,48.831512],[2.695972,48.831562],[2.702904,48.832516],[2.703297,48.832546],[2.705256,48.832798],[2.705648,48.832817],[2.705699,48.832806],[2.705783,48.832752],[2.705909,48.832718],[2.706046,48.832718],[2.706172,48.832752],[2.706232,48.83279],[2.706277,48.832832],[2.706306,48.832878],[2.706362,48.832916],[2.706447,48.832954],[2.706561,48.832989],[2.709023,48.83334],[2.708769,48.834248],[2.708724,48.834389],[2.708221,48.836254],[2.708497,48.836288],[2.70861,48.836254],[2.710093,48.836426],[2.710093,48.836426],[2.710226,48.836441],[2.710288,48.836502],[2.711702,48.836674],[2.711343,48.838013],[2.731741,48.840454],[2.732215,48.840469],[2.732508,48.840466],[2.732558,48.840439],[2.732618,48.840427],[2.732677,48.840424],[2.732735,48.840435],[2.732803,48.840466],[2.732848,48.840511],[2.732904,48.840538],[2.733008,48.840572],[2.73311,48.840595],[2.733226,48.84063],[2.73416,48.840771],[2.734624,48.840858],[2.735101,48.840961],[2.735725,48.84111],[2.736458,48.841312],[2.737217,48.841564],[2.737905,48.841824],[2.738843,48.842236],[2.741411,48.843475],[2.743967,48.844685],[2.744546,48.844898],[2.744754,48.844948],[2.744876,48.844917],[2.745008,48.844913],[2.745135,48.844936],[2.745243,48.844986],[2.745319,48.845058],[2.745355,48.845142],[2.745355,48.845192],[2.7454,48.845272],[2.745501,48.845375],[2.745687,48.845501],[2.747217,48.846264],[2.749063,48.847099],[2.750711,48.847759],[2.75242,48.848324],[2.754341,48.848888],[2.757842,48.849899],[2.759125,48.850281],[2.759778,48.850502],[2.760356,48.850727],[2.760908,48.85096],[2.761793,48.851391],[2.76212,48.851582],[2.762423,48.851704],[2.762554,48.851749],[2.762756,48.851791],[2.76285,48.851772],[2.762958,48.851768],[2.763065,48.851784],[2.763162,48.851814],[2.763246,48.851864],[2.763306,48.851925],[2.76334,48.851994],[2.763346,48.852043],[2.76334,48.852089],[2.763411,48.852188],[2.763458,48.852238],[2.763661,48.852367],[2.766759,48.854134],[2.767683,48.854652],[2.769459,48.855663],[2.769565,48.855698],[2.769655,48.855717],[2.76974,48.855686],[2.769831,48.855663],[2.769927,48.855652],[2.770024,48.855652],[2.770119,48.855659],[2.770231,48.855682],[2.770399,48.855633],[2.770454,48.85561],[2.770789,48.855377],[2.771445,48.85495],[2.77226,48.854454],[2.77266,48.854237],[2.772756,48.854229],[2.772834,48.854237],[2.77311,48.854412],[2.773221,48.8545],[2.7733,48.854454],[2.773339,48.854485],[2.773357,48.854477],[2.77399,48.8549],[2.774081,48.8549],[2.77411,48.854885],[2.774201,48.85495],[2.774046,48.855045],[2.773924,48.854973],[2.773924,48.854973],[2.773285,48.854584],[2.773124,48.854549],[2.772883,48.854362],[2.772844,48.85434],[2.772792,48.854328],[2.772411,48.854538],[2.771906,48.854828],[2.77147,48.855091],[2.771087,48.855347],[2.770586,48.855698],[2.770564,48.855728],[2.77055,48.855766],[2.770531,48.855873],[2.770571,48.855946],[2.770589,48.856014],[2.770589,48.856083],[2.770571,48.856152],[2.770616,48.856247],[2.770655,48.856293],[2.770758,48.856365],[2.77217,48.857162],[2.778145,48.860569],[2.778629,48.860832],[2.779413,48.86129],[2.77968,48.861435],[2.779962,48.861565],[2.78025,48.861668],[2.780555,48.861759],[2.780854,48.861828],[2.781325,48.8619],[2.781816,48.861942],[2.782544,48.861958],[2.782663,48.861946],[2.782782,48.861946],[2.784353,48.861965],[2.784761,48.861958],[2.785911,48.861908],[2.786286,48.8619],[2.786761,48.861916],[2.78723,48.861954],[2.787661,48.862026],[2.788171,48.86216],[2.788852,48.862354],[2.789025,48.862385],[2.789145,48.862389],[2.789227,48.862381],[2.789357,48.862309],[2.789511,48.862259],[2.789678,48.86224],[2.789792,48.862244],[2.789903,48.862259],[2.790006,48.862286],[2.790145,48.862347],[2.790222,48.8624],[2.790284,48.862461],[2.790329,48.862526],[2.790356,48.862595],[2.790365,48.862701],[2.790349,48.86277],[2.790316,48.862839],[2.790236,48.86293],[2.790238,48.863022],[2.790268,48.863113],[2.790337,48.863201],[2.79046,48.863308],[2.790702,48.863548],[2.79081,48.86367],[2.791,48.863922],[2.791153,48.864189],[2.791233,48.864353],[2.791333,48.864609],[2.791373,48.864765],[2.791423,48.865044],[2.791593,48.866371],[2.791698,48.86726],[2.791723,48.867409],[2.791796,48.86771],[2.791842,48.867859],[2.791898,48.867996],[2.791955,48.868092],[2.792052,48.868168],[2.792152,48.868237],[2.792409,48.868378],[2.792531,48.868454],[2.792758,48.868633],[2.792893,48.868786],[2.793031,48.868893],[2.793285,48.869061],[2.79463,48.869827],[2.794729,48.869865],[2.794832,48.869858],[2.794902,48.869862],[2.794968,48.869877],[2.795055,48.869915],[2.7951,48.869953],[2.795133,48.869991],[2.795157,48.87006],[2.795155,48.870106],[2.795127,48.870167],[2.795071,48.870224],[2.794994,48.870262],[2.794901,48.870289],[2.794811,48.870293],[2.794751,48.870289],[2.794681,48.870304],[2.794603,48.870338],[2.793649,48.871067],[2.793525,48.871147],[2.793383,48.871223],[2.793084,48.871361],[2.792897,48.871426],[2.792755,48.871468],[2.792414,48.87154],[2.792058,48.871582],[2.786168,48.872017],[2.786126,48.872051],[2.786069,48.87207],[2.786005,48.872074],[2.785944,48.872063],[2.785893,48.872036],[2.785859,48.871994],[2.785852,48.871964],[2.785866,48.871918],[2.785242,48.871956],[2.78442,48.872013],[2.78441,48.872047],[2.784383,48.872078],[2.784342,48.872101],[2.784265,48.872116],[2.784212,48.872108],[2.784165,48.872093],[2.784118,48.872051],[2.784107,48.872017],[2.784116,48.871979],[2.784128,48.87196],[2.784167,48.871933],[2.784236,48.87191],[2.784312,48.871914],[2.784344,48.87188],[2.784355,48.871845],[2.784342,48.871681],[2.784234,48.871037]],[[2.783896,48.871063],[2.784014,48.871712],[2.784033,48.871788],[2.784052,48.87183],[2.784077,48.871872],[2.784167,48.871933],[2.784236,48.87191],[2.784312,48.871914],[2.784368,48.871937],[2.784406,48.871971],[2.78442,48.872013],[2.785242,48.871956],[2.785866,48.871918],[2.785906,48.871883],[2.785982,48.871857],[2.786044,48.871853],[2.78611,48.871868],[2.786148,48.871891],[2.791947,48.871464],[2.792273,48.871433],[2.792467,48.871403],[2.792812,48.871319],[2.793111,48.871204],[2.793257,48.871132],[2.793385,48.871059],[2.793527,48.870972],[2.794448,48.870255],[2.794486,48.870216],[2.794523,48.870163],[2.794501,48.870117],[2.794495,48.870071],[2.794449,48.870018],[2.7944,48.869984],[2.79301,48.86919],[2.792805,48.869049],[2.792513,48.868816],[2.792431,48.868736],[2.792047,48.868282],[2.79199,48.868191],[2.791955,48.868092],[2.791898,48.867996],[2.791842,48.867859],[2.791796,48.86771],[2.791723,48.867409],[2.791698,48.86726],[2.791593,48.866371],[2.791423,48.865044],[2.791373,48.864765],[2.791333,48.864609],[2.791233,48.864353],[2.791153,48.864189],[2.791,48.863922],[2.79081,48.86367],[2.790702,48.863548],[2.79046,48.863308],[2.790337,48.863201],[2.79021,48.863121],[2.790064,48.863079],[2.789957,48.863071],[2.789857,48.863091],[2.789752,48.863102],[2.789595,48.863094],[2.789494,48.863079],[2.789388,48.863045],[2.789293,48.863003],[2.789211,48.862949],[2.789144,48.862888],[2.78908,48.862789],[2.789059,48.86272],[2.789056,48.862648],[2.789071,48.862576],[2.789031,48.862499],[2.788979,48.862438],[2.788852,48.862354],[2.788171,48.86216],[2.787661,48.862026],[2.78723,48.861954],[2.786761,48.861916],[2.786286,48.8619],[2.785911,48.861908],[2.784761,48.861958],[2.784353,48.861965],[2.782663,48.861946],[2.782544,48.861958],[2.782273,48.86203],[2.782071,48.862061],[2.781839,48.862068],[2.781359,48.862034],[2.780991,48.861984],[2.780721,48.861931],[2.780104,48.861782],[2.779794,48.861671],[2.779502,48.861546],[2.778884,48.86121],[2.771995,48.857288],[2.770586,48.856495],[2.770469,48.856438],[2.770273,48.856396],[2.770161,48.856426],[2.770042,48.856441],[2.769921,48.856441],[2.769802,48.856422],[2.76972,48.856403],[2.769643,48.856373],[2.769574,48.856335],[2.769514,48.856293],[2.769464,48.856243],[2.769415,48.856167],[2.76939,48.856091],[2.769389,48.856007],[2.769414,48.85593],[2.769453,48.855865],[2.769507,48.855808],[2.769575,48.855759],[2.769655,48.855717],[2.76974,48.855686],[2.769831,48.855663],[2.769927,48.855652],[2.770024,48.855652],[2.770119,48.855659],[2.770231,48.855682],[2.770399,48.855633],[2.770454,48.85561],[2.770789,48.855377],[2.771445,48.85495],[2.77226,48.854454],[2.77266,48.854237],[2.772756,48.854229],[2.772834,48.854237],[2.77311,48.854412],[2.773221,48.8545],[2.7733,48.854454],[2.773339,48.854485],[2.773357,48.854477],[2.77399,48.8549],[2.774081,48.8549],[2.77411,48.854885],[2.774201,48.85495],[2.774046,48.855045],[2.773924,48.854973],[2.773924,48.854973],[2.773285,48.854584],[2.773124,48.854549],[2.772883,48.854362],[2.772844,48.85434],[2.772792,48.854328],[2.772411,48.854538],[2.771906,48.854828],[2.77147,48.855091],[2.771087,48.855347],[2.770586,48.855698],[2.770564,48.855728],[2.77055,48.855766],[2.770531,48.855873],[2.770571,48.855946],[2.770589,48.856014],[2.770589,48.856083],[2.770571,48.856152],[2.770549,48.856194],[2.770482,48.856274],[2.770388,48.856342],[2.770273,48.856396],[2.770161,48.856426],[2.770042,48.856441],[2.769921,48.856441],[2.769802,48.856422],[2.76972,48.856403],[2.769643,48.856373],[2.769574,48.856335],[2.769514,48.856293],[2.769464,48.856243],[2.769415,48.856167],[2.76939,48.856091],[2.769389,48.856007],[2.769414,48.85593],[2.769351,48.855789],[2.769302,48.855743],[2.769216,48.855686],[2.767547,48.854752],[2.765663,48.853668],[2.764417,48.852978],[2.763527,48.852474],[2.763367,48.852375],[2.76329,48.852341],[2.76321,48.852322],[2.763064,48.852303],[2.762938,48.852314],[2.762812,48.852303],[2.762697,48.852268],[2.762611,48.852219],[2.76255,48.852154],[2.762519,48.852085],[2.762516,48.852013],[2.762542,48.851944],[2.762458,48.851849],[2.76212,48.851582],[2.761793,48.851391],[2.760908,48.85096],[2.760356,48.850727],[2.759778,48.850502],[2.759125,48.850281],[2.757842,48.849899],[2.754341,48.848888],[2.75242,48.848324],[2.750711,48.847759],[2.749063,48.847099],[2.747217,48.846264],[2.745687,48.845501],[2.745376,48.845421],[2.745232,48.845398],[2.745006,48.845428],[2.744887,48.845425],[2.744775,48.845398],[2.74468,48.845352],[2.744621,48.845303],[2.744583,48.845245],[2.744567,48.845181],[2.74457,48.845139],[2.74447,48.844986],[2.743967,48.844685],[2.741411,48.843475],[2.738843,48.842236],[2.737905,48.841824],[2.737217,48.841564],[2.736458,48.841312],[2.735725,48.84111],[2.735101,48.840961],[2.734624,48.840858],[2.73416,48.840771],[2.733226,48.84063],[2.732823,48.840649],[2.732784,48.840675],[2.732737,48.840691],[2.732675,48.840702],[2.732612,48.840702],[2.732552,48.840687],[2.732502,48.84066],[2.732454,48.840611],[2.731741,48.840454],[2.711343,48.838013],[2.711702,48.836674],[2.710595,48.83654],[2.710595,48.83654],[2.709598,48.836414],[2.709486,48.836445],[2.708585,48.836346],[2.708497,48.836288],[2.708221,48.836254],[2.708724,48.834389],[2.708769,48.834248],[2.709009,48.833385],[2.70706,48.833122],[2.706521,48.83308],[2.706244,48.833076],[2.706145,48.833134],[2.706055,48.833157],[2.705959,48.833164],[2.705864,48.833149],[2.705778,48.833122],[2.705725,48.833092],[2.705682,48.833054],[2.705652,48.833008],[2.70556,48.832943],[2.705437,48.832897],[2.704967,48.832817],[2.703547,48.832634],[2.703281,48.832592],[2.702904,48.832516],[2.695972,48.831562],[2.695519,48.831512],[2.695094,48.831482],[2.694791,48.831467],[2.694261,48.831467],[2.693592,48.831501],[2.693237,48.831539],[2.691406,48.831776],[2.690837,48.831841],[2.6905,48.83186],[2.690175,48.831863],[2.690037,48.831856],[2.689794,48.831833],[2.689544,48.831791],[2.689397,48.83176],[2.689149,48.831688],[2.688991,48.831631],[2.688746,48.831532],[2.688287,48.831303],[2.688237,48.831329],[2.688085,48.831379],[2.686062,48.831478],[2.684686,48.83157],[2.681775,48.831745],[2.677592,48.831905],[2.677335,48.831936],[2.677138,48.831989],[2.676962,48.83205],[2.676869,48.832108],[2.676739,48.832233],[2.675709,48.833546],[2.674291,48.835377],[2.673916,48.835846],[2.673764,48.836018],[2.673542,48.836185],[2.673145,48.836456],[2.672934,48.836586],[2.672163,48.837093],[2.671671,48.837372],[2.671201,48.837589],[2.670731,48.837818],[2.670092,48.838146],[2.67001,48.8382],[2.669545,48.838646],[2.669399,48.83884],[2.66943,48.838852],[2.669446,48.838871],[2.669448,48.838905],[2.669428,48.838943],[2.669388,48.838993],[2.66936,48.839005],[2.66931,48.839001],[2.669292,48.839069],[2.669128,48.839436],[2.669128,48.839436],[2.668754,48.840195],[2.668531,48.840664],[2.668442,48.840832],[2.668397,48.840981],[2.668395,48.841022],[2.668382,48.841042],[2.668342,48.841064],[2.668305,48.841076],[2.668265,48.841076],[2.668227,48.841064],[2.668196,48.841049],[2.668175,48.841026],[2.668167,48.841003],[2.668093,48.840977],[2.667881,48.840942],[2.66748,48.840939],[2.667096,48.840904],[2.665875,48.84066],[2.665252,48.840576],[2.664865,48.840542],[2.664243,48.840546],[2.663409,48.84045],[2.663253,48.840405],[2.663013,48.84037],[2.662738,48.840286],[2.662617,48.84026],[2.662456,48.840233],[2.658706,48.839783],[2.658375,48.839733],[2.658258,48.83976],[2.658125,48.839764],[2.657997,48.839741],[2.657902,48.839699],[2.657843,48.839653],[2.6578,48.839603],[2.657517,48.839363],[2.657434,48.839283],[2.657217,48.839108],[2.657105,48.838989],[2.656438,48.838387],[2.656262,48.838253],[2.656092,48.838329],[2.654252,48.839256],[2.654057,48.839348],[2.654015,48.839355],[2.653923,48.839344],[2.653886,48.839321],[2.653866,48.839291],[2.653864,48.839256],[2.653888,48.839226],[2.654107,48.839108],[2.655279,48.838516],[2.655568,48.838379],[2.655568,48.838379],[2.656094,48.83812],[2.655922,48.837959],[2.655816,48.837833],[2.655728,48.837692],[2.655681,48.837593],[2.655659,48.837502],[2.655659,48.837379],[2.655694,48.837181],[2.655743,48.836987],[2.655776,48.836884],[2.655984,48.836525],[2.655927,48.83646],[2.655907,48.836391],[2.655926,48.836319],[2.655981,48.836254],[2.655865,48.836197],[2.653883,48.83506],[2.653796,48.835026],[2.653518,48.834961],[2.653385,48.834953],[2.65327,48.834953],[2.653071,48.834976],[2.652927,48.835011],[2.652773,48.835068],[2.652518,48.835182],[2.652518,48.835182],[2.651642,48.835575],[2.651656,48.835594],[2.65166,48.835617],[2.651653,48.835636],[2.651616,48.835663],[2.651556,48.83567],[2.651508,48.835655],[2.650433,48.836163],[2.650274,48.836216],[2.649937,48.836292],[2.64978,48.836315],[2.649655,48.836323],[2.649434,48.836327],[2.64912,48.838406],[2.648904,48.839897],[2.648825,48.840366],[2.648617,48.841732],[2.648574,48.841892],[2.648547,48.841957],[2.648477,48.842075],[2.648368,48.842209],[2.648286,48.842285],[2.648035,48.842457],[2.647819,48.842552],[2.647619,48.842632],[2.647619,48.842632],[2.646575,48.843033],[2.646466,48.843071],[2.646354,48.843094],[2.646237,48.843109],[2.645989,48.843109],[2.645913,48.843124],[2.645794,48.843159],[2.645704,48.843208],[2.645522,48.843357],[2.645366,48.843452],[2.645205,48.843525],[2.645072,48.843571],[2.644978,48.843594],[2.644651,48.843639],[2.64414,48.843666],[2.643211,48.843697],[2.641733,48.843826],[2.641312,48.843853],[2.641025,48.843838],[2.640777,48.8438],[2.640484,48.843731],[2.640253,48.843647],[2.640025,48.843525],[2.639738,48.843315],[2.638075,48.841827],[2.637936,48.841717],[2.63784,48.84177],[2.637771,48.841793],[2.637674,48.841793],[2.63764,48.841785],[2.637612,48.841766],[2.637584,48.841732],[2.637587,48.841671],[2.637652,48.841595],[2.637699,48.84156],[2.63722,48.841316],[2.636973,48.841221],[2.636719,48.841133],[2.636532,48.841076],[2.636226,48.841],[2.635981,48.84095],[2.6357,48.840912],[2.635382,48.840878],[2.635098,48.840862],[2.633608,48.840889],[2.633147,48.840923],[2.633023,48.840939],[2.632713,48.840992],[2.632518,48.841034],[2.632282,48.841099],[2.6321,48.841156],[2.631872,48.84124],[2.631685,48.84132],[2.631585,48.841373],[2.631539,48.841389],[2.63159,48.841442],[2.631617,48.841503],[2.631616,48.841564],[2.631589,48.841625],[2.631536,48.841679],[2.631464,48.841721],[2.631381,48.841747],[2.63129,48.841759],[2.631176,48.841743],[2.631176,48.841743],[2.631113,48.841728],[2.631039,48.841694],[2.629607,48.842796],[2.629414,48.842934],[2.629239,48.84304],[2.62901,48.843155],[2.626884,48.844097],[2.626902,48.844128],[2.626906,48.844158],[2.626895,48.844189],[2.62687,48.844215],[2.626834,48.844238],[2.62679,48.84425],[2.626701,48.844246],[2.626661,48.844231],[2.626629,48.844212],[2.626161,48.844444],[2.626049,48.844513],[2.625843,48.844673],[2.625726,48.844746],[2.625654,48.84478],[2.625558,48.84481],[2.625488,48.844826],[2.625272,48.844841],[2.625149,48.844826],[2.62316,48.844463],[2.623095,48.844467],[2.623089,48.844494],[2.623072,48.844517],[2.623045,48.844536],[2.622973,48.844555],[2.622917,48.844551],[2.62285,48.844517],[2.622837,48.844501],[2.622826,48.844467],[2.622838,48.844429],[2.622853,48.844414],[2.622581,48.844337],[2.62219,48.844254],[2.620924,48.844013],[2.619789,48.843727],[2.619647,48.843708],[2.619636,48.843731],[2.619615,48.843754],[2.619546,48.843784],[2.619463,48.843784],[2.619427,48.843773],[2.619376,48.843735],[2.619363,48.843712],[2.619361,48.843685],[2.619237,48.843681],[2.618581,48.843712],[2.617769,48.843723],[2.616922,48.843716],[2.616694,48.843735],[2.616561,48.843761],[2.615891,48.843746],[2.615891,48.843746],[2.615748,48.843708],[2.615527,48.843681],[2.615387,48.843678],[2.615399,48.843086],[2.615393,48.84306],[2.615361,48.843006],[2.615313,48.842953],[2.615228,48.842888],[2.615085,48.842834],[2.613749,48.842594],[2.613719,48.842632],[2.613672,48.842659],[2.613613,48.842678],[2.613549,48.842682],[2.613487,48.842674],[2.613432,48.842651],[2.613392,48.842617],[2.61337,48.842575],[2.61337,48.842533],[2.613393,48.842491],[2.613436,48.842457],[2.613493,48.842434],[2.613559,48.842426],[2.613539,48.841396],[2.613544,48.841373],[2.613224,48.841381],[2.61306,48.841377],[2.612727,48.841354],[2.612321,48.841301],[2.612012,48.841232],[2.611679,48.841125],[2.611296,48.840961],[2.611076,48.840855],[2.610822,48.840714],[2.609985,48.840118],[2.609325,48.83963],[2.6081,48.838757],[2.607881,48.838627],[2.60753,48.838474],[2.607332,48.838409],[2.607,48.838326],[2.606762,48.838287],[2.606445,48.838257],[2.606061,48.838249],[2.605566,48.838295],[2.605143,48.83839],[2.604904,48.838467],[2.604619,48.838581],[2.602666,48.839413],[2.602599,48.839493],[2.602626,48.839512],[2.602643,48.839535],[2.602646,48.839561],[2.602635,48.839588],[2.602612,48.839611],[2.602581,48.83963],[2.602503,48.839638],[2.602432,48.839615],[2.602409,48.839592],[2.602396,48.839569],[2.602235,48.839611],[2.601906,48.83976],[2.601527,48.839943],[2.601368,48.840084],[2.601388,48.840137],[2.601387,48.840195],[2.601365,48.840248],[2.601322,48.840298],[2.601263,48.84034],[2.601189,48.84037],[2.601106,48.840389],[2.601019,48.840389],[2.600933,48.840378],[2.600836,48.840343],[2.60058,48.840347],[2.600347,48.840424],[2.600001,48.840527],[2.599409,48.840679],[2.598696,48.840839],[2.598325,48.840897],[2.597966,48.840916],[2.59733,48.840908],[2.594691,48.840786],[2.594482,48.840832],[2.594432,48.8409],[2.594352,48.840958],[2.594249,48.840992],[2.594136,48.841003],[2.594022,48.840992],[2.593919,48.840958],[2.593857,48.840919],[2.593809,48.840874],[2.59378,48.840824],[2.593676,48.840775],[2.593545,48.840736],[2.584889,48.840366],[2.584856,48.840443],[2.584785,48.840511],[2.584685,48.840557],[2.584568,48.84058],[2.584385,48.840714],[2.583784,48.842495],[2.583639,48.842949],[2.583447,48.843506],[2.583414,48.843449],[2.583507,48.843163],[2.583507,48.843163],[2.583638,48.842773],[2.583718,48.842712],[2.583784,48.842495],[2.584385,48.840714],[2.584307,48.840538],[2.58422,48.840481],[2.584167,48.840408],[2.584153,48.840328],[2.584179,48.840248],[2.584243,48.840179],[2.584338,48.84013],[2.584452,48.840099],[2.58454,48.840057],[2.584638,48.839977],[2.585137,48.838486],[2.585135,48.838448],[2.585104,48.838333],[2.585001,48.83828],[2.584959,48.838242],[2.584929,48.838196],[2.584682,48.838177],[2.584209,48.838173],[2.583455,48.838123],[2.583007,48.838081],[2.582518,48.83802],[2.582429,48.838013],[2.582301,48.838028],[2.582222,48.838062],[2.582141,48.838074],[2.582068,48.838074],[2.581998,48.838058],[2.581941,48.838036],[2.581874,48.837986],[2.581854,48.837963],[2.581834,48.837906],[2.58184,48.837849],[2.581872,48.837795],[2.581931,48.837749],[2.581969,48.837734],[2.582054,48.837711],[2.582149,48.837566],[2.582243,48.837128],[2.582333,48.836815],[2.582467,48.836479],[2.582778,48.835609],[2.582702,48.835484],[2.582636,48.835403],[2.582544,48.83535],[2.582443,48.835308],[2.582059,48.835228],[2.581759,48.83519],[2.581403,48.835159],[2.579656,48.835094],[2.578609,48.835087],[2.578157,48.835106],[2.578018,48.835056],[2.568817,48.835541],[2.568619,48.835602],[2.567285,48.835686],[2.566315,48.835785],[2.565217,48.835976],[2.564125,48.836216],[2.563321,48.836433],[2.56318,48.836487],[2.563019,48.836597],[2.56289,48.836735],[2.56274,48.836922],[2.562516,48.837246],[2.56215,48.837639],[2.562071,48.837742],[2.561985,48.837826],[2.561982,48.837883],[2.561942,48.837929],[2.561888,48.837952],[2.561822,48.837959],[2.561784,48.838028],[2.561124,48.83876],[2.559785,48.840279],[2.559712,48.840347],[2.559609,48.840412],[2.559607,48.840439],[2.559579,48.840488],[2.559546,48.840515],[2.559505,48.840534],[2.559457,48.840546],[2.559355,48.840542],[2.559313,48.84053],[2.558983,48.840553],[2.55184,48.8405],[2.55184,48.8405],[2.550956,48.840488],[2.550928,48.840523],[2.550889,48.840553],[2.550813,48.840584],[2.550738,48.840595],[2.550658,48.840591],[2.550584,48.840572],[2.550522,48.840538],[2.550478,48.840496],[2.550458,48.84045],[2.550458,48.840401],[2.550479,48.840351],[2.550182,48.840057],[2.549779,48.839695],[2.549592,48.839516],[2.548755,48.838787],[2.548204,48.83828],[2.547642,48.837746],[2.547499,48.837551],[2.547401,48.837452],[2.5473,48.83744],[2.547208,48.837414],[2.547134,48.837364],[2.547084,48.837303],[2.547067,48.837231],[2.547086,48.837162],[2.547122,48.837112],[2.547174,48.837074],[2.54724,48.83704],[2.547259,48.836941],[2.547301,48.836243],[2.547295,48.836178],[2.547262,48.83614],[2.547215,48.836102],[2.547156,48.836082],[2.547105,48.836056],[2.547066,48.836021],[2.547041,48.835979],[2.547032,48.835938],[2.547038,48.835896],[2.547064,48.83585],[2.547106,48.835812],[2.547163,48.835781],[2.54723,48.835762],[2.5473,48.835659],[2.547322,48.835567],[2.547323,48.835468],[2.547257,48.835098],[2.546985,48.834522],[2.546798,48.83427],[2.546543,48.834023],[2.546228,48.833771],[2.545946,48.833595],[2.545707,48.833466],[2.545469,48.833355],[2.543962,48.832779],[2.543689,48.832642],[2.541884,48.831882],[2.54166,48.831776],[2.541215,48.831528],[2.540843,48.831276],[2.540495,48.831005],[2.539826,48.830315],[2.539705,48.830147],[2.539705,48.830147],[2.539648,48.830067],[2.539464,48.829769],[2.53924,48.829357],[2.540237,48.826836],[2.540274,48.826767],[2.54024,48.826752],[2.540215,48.826725],[2.540202,48.826687],[2.540217,48.826641],[2.540243,48.826618],[2.540279,48.826599],[2.540322,48.826591],[2.540312,48.826538],[2.540408,48.82605],[2.540511,48.825661],[2.540648,48.825203],[2.541069,48.82402],[2.541112,48.823879],[2.541134,48.823727],[2.54113,48.823566],[2.541096,48.823505],[2.541108,48.823452],[2.541154,48.823338],[2.54114,48.823326],[2.541128,48.823292],[2.541133,48.823269],[2.541151,48.823246],[2.54121,48.823219],[2.541246,48.823219],[2.541296,48.823231],[2.541333,48.823254],[2.541446,48.823242],[2.541493,48.82325],[2.542274,48.823437],[2.542679,48.82354],[2.543234,48.823639],[2.544448,48.823948],[2.54457,48.823967],[2.544594,48.823944],[2.54463,48.823929],[2.544672,48.823921],[2.544714,48.823929],[2.544755,48.823952],[2.544771,48.823971],[2.544776,48.823997],[2.544763,48.824028],[2.544729,48.824051],[2.544662,48.824062],[2.544613,48.824055],[2.544576,48.824028],[2.544414,48.823997],[2.543319,48.82373],[2.543319,48.82373],[2.543199,48.823708],[2.542896,48.823669],[2.542564,48.823597],[2.542112,48.823448],[2.541477,48.823303],[2.541433,48.823303],[2.541333,48.82333],[2.541283,48.823357],[2.54125,48.823364],[2.541208,48.823467],[2.541185,48.823505],[2.54113,48.823566],[2.541134,48.823727],[2.541112,48.823879],[2.541069,48.82402],[2.540648,48.825203],[2.540511,48.825661],[2.540408,48.82605],[2.540312,48.826538],[2.540322,48.826591],[2.540384,48.826595],[2.540439,48.826614],[2.540478,48.826645],[2.54049,48.826679],[2.540482,48.826717],[2.540456,48.826748],[2.540417,48.826771],[2.540319,48.826778],[2.540274,48.826767],[2.54024,48.826752],[2.540215,48.826725],[2.540127,48.826714],[2.540027,48.826672],[2.539781,48.826626],[2.539486,48.826611],[2.538658,48.826694],[2.537615,48.826714],[2.537135,48.826736],[2.536899,48.826756],[2.536506,48.826817],[2.535639,48.826977],[2.535639,48.826977],[2.535319,48.827034],[2.534982,48.827076],[2.533473,48.827217],[2.529568,48.827274],[2.529346,48.827316],[2.528212,48.827316],[2.528084,48.827335],[2.528049,48.827412],[2.527997,48.827457],[2.527945,48.827488],[2.527884,48.827507],[2.527817,48.827522],[2.527749,48.827526],[2.527692,48.827518],[2.527609,48.827499],[2.527541,48.827465],[2.527472,48.827408],[2.527349,48.827358],[2.527121,48.827301],[2.52619,48.827251],[2.525896,48.827225],[2.525641,48.82719],[2.525457,48.827141],[2.524004,48.826649],[2.52262,48.826267],[2.522126,48.82616],[2.521745,48.826099],[2.521337,48.826057],[2.521256,48.826061],[2.521184,48.826084],[2.521133,48.826126],[2.521109,48.826176],[2.521008,48.826824],[2.521038,48.826881],[2.521061,48.826908],[2.521146,48.826954],[2.521904,48.827038],[2.522021,48.827068],[2.522121,48.827118],[2.522184,48.827168],[2.52223,48.827217],[2.522217,48.827301],[2.522201,48.827343],[2.52218,48.82737],[2.522141,48.8274],[2.520123,48.827187],[2.519959,48.82719],[2.519248,48.827129],[2.518738,48.827099],[2.518409,48.827095],[2.517952,48.82711],[2.517125,48.827194],[2.517045,48.827187],[2.516625,48.827225],[2.516336,48.827229],[2.515785,48.827221],[2.514893,48.827187],[2.514666,48.827183],[2.51169,48.82732],[2.5113,48.827362],[2.510618,48.827518],[2.510525,48.827549],[2.51042,48.827564],[2.510132,48.827583],[2.509074,48.827377],[2.50819,48.827148],[2.507614,48.826984],[2.507614,48.826984],[2.506491,48.826679],[2.501622,48.825222],[2.500067,48.824749],[2.500013,48.824692],[2.499022,48.824406],[2.496464,48.82365],[2.496017,48.824432],[2.495762,48.82486],[2.495725,48.824974],[2.495257,48.825745],[2.494841,48.8265],[2.493948,48.828056],[2.493948,48.828056],[2.493372,48.829063],[2.49334,48.829128],[2.493314,48.829216],[2.493295,48.829361],[2.493297,48.829407],[2.493172,48.829418],[2.492549,48.829399],[2.492468,48.829418],[2.49229,48.829437],[2.492197,48.829456],[2.492037,48.82951],[2.491913,48.829567],[2.491706,48.829697],[2.491627,48.829739],[2.491479,48.829796],[2.491391,48.829823],[2.491279,48.829849],[2.491091,48.829876],[2.490842,48.829872],[2.490364,48.829823],[2.490246,48.829819],[2.490041,48.829838],[2.489975,48.829872],[2.489899,48.829884],[2.489833,48.829914],[2.48972,48.829979],[2.489237,48.830456],[2.489199,48.830482],[2.489098,48.830536],[2.488962,48.830578],[2.488832,48.830597],[2.488767,48.830597],[2.48807,48.830555],[2.486975,48.830502],[2.486429,48.83046],[2.485945,48.830414],[2.485056,48.83025],[2.482873,48.829735],[2.48264,48.829651],[2.481366,48.829403],[2.481237,48.829304],[2.476315,48.828609],[2.472829,48.828106],[2.471176,48.827835],[2.470024,48.827606],[2.469189,48.827404],[2.468433,48.827209],[2.4676,48.826981],[2.466783,48.82674],[2.465899,48.826424],[2.465372,48.82621],[2.46492,48.826004],[2.464419,48.825718],[2.464062,48.825451],[2.46365,48.825085],[2.463298,48.824661],[2.463075,48.824203],[2.462912,48.823654],[2.462672,48.822739],[2.462551,48.82235],[2.462337,48.821964],[2.462011,48.821507],[2.461599,48.82114],[2.461193,48.820866],[2.460481,48.820419],[2.458522,48.819416],[2.458143,48.819225],[2.457919,48.819096],[2.457382,48.818813],[2.454655,48.817451],[2.453638,48.816982],[2.453054,48.816784],[2.452514,48.816666],[2.452041,48.816612],[2.451522,48.816582],[2.451091,48.816586],[2.450203,48.816647],[2.448514,48.816788],[2.447894,48.816853],[2.441626,48.817383],[2.439917,48.817516],[2.439119,48.817562],[2.438426,48.817581],[2.437463,48.817596],[2.436411,48.817585],[2.425791,48.817299],[2.425447,48.817291],[2.424759,48.817303],[2.424415,48.817318],[2.424068,48.817345],[2.422513,48.817524],[2.422122,48.817558],[2.421478,48.8176],[2.42085,48.817612],[2.417051,48.817631],[2.415354,48.81765],[2.414788,48.817677],[2.41425,48.817707],[2.413939,48.817734],[2.413326,48.817806],[2.412962,48.817852],[2.412149,48.817982],[2.411724,48.818062],[2.410832,48.818249],[2.407896,48.818943],[2.404589,48.819736],[2.403539,48.820011],[2.402709,48.820244],[2.402048,48.820442],[2.400892,48.820812],[2.400107,48.821079],[2.39938,48.82135],[2.39874,48.821621],[2.398469,48.821743],[2.39763,48.822144],[2.397074,48.822441],[2.396144,48.822979],[2.395708,48.823261],[2.393735,48.824623],[2.393,48.825115],[2.39284,48.825203],[2.392722,48.825294],[2.392397,48.825581],[2.391702,48.826305],[2.391281,48.826691],[2.391125,48.826801],[2.390407,48.827187],[2.38962,48.827648],[2.388599,48.828205],[2.388478,48.828293],[2.388355,48.828396],[2.388048,48.828712],[2.387029,48.829838],[2.387007,48.830002],[2.386977,48.830093],[2.386835,48.830368],[2.38679,48.830536],[2.3868,48.830677],[2.387909,48.831516],[2.388158,48.831703],[2.388324,48.831818],[2.388324,48.831818],[2.390229,48.83287],[2.390285,48.83289],[2.390322,48.832916],[2.390335,48.832954],[2.39033,48.832973],[2.390294,48.833015],[2.39023,48.833035],[2.390158,48.833031],[2.390103,48.832996],[2.388983,48.833885],[2.388407,48.834332],[2.388101,48.834583],[2.38734,48.83519],[2.386473,48.835907],[2.38611,48.835705],[2.385048,48.836319],[2.383543,48.837204],[2.381997,48.838093],[2.381793,48.838181],[2.381208,48.8386],[2.381361,48.838676],[2.381658,48.838787],[2.381815,48.838856],[2.381854,48.838886],[2.382228,48.839745],[2.382313,48.839954],[2.379829,48.840393],[2.379433,48.840481],[2.379303,48.840485],[2.379275,48.840511],[2.378886,48.840588],[2.37871,48.840706],[2.378352,48.840923],[2.378175,48.841053],[2.378175,48.841053],[2.377546,48.841503],[2.377123,48.841751],[2.376746,48.841957],[2.37642,48.842102],[2.374468,48.843128],[2.374066,48.843353],[2.373236,48.843853],[2.372447,48.84433],[2.372231,48.844498],[2.371688,48.844994]]],"type":"MultiLineString"},"properties":{"route_id":"IDFM:C01634","route_short_name":"N130","route_long_name":"N130","route_type":"Bus","route_color":"FF1400","route_url":null,"id_ilico":"C01634","operatorname":"Transdev Brie et 2 Morin","networkname":"Brie et 2 Morin","id_bus_contrat":12,"url":"https:\/\/ilico.iledefrance-mobilites.fr\/uploads\/plans\/20260605T120108Z-4d31a66e-96f3-4bc8-98dd-6d5b5e86c7d6.pdf","type":"HORAIRE|PLAN","long_name_first":"N","geo_point_2d":{"lon":2.587518108304249,"lat":48.83621170247234}}},{"type":"Feature","geometry":{"coordinates":[[[2.552574,48.840633],[2.551105,48.840626],[2.550889,48.840553],[2.550813,48.840584],[2.550738,48.840595],[2.549949,48.841438],[2.54958,48.841846],[2.549103,48.842403],[2.548609,48.842949],[2.548369,48.843182],[2.548383,48.843246],[2.548362,48.843311],[2.548309,48.843369],[2.54823,48.843407],[2.548134,48.84343],[2.548161,48.843525],[2.549074,48.8447],[2.549074,48.8447],[2.54924,48.844891],[2.549319,48.844994],[2.549419,48.845249],[2.54946,48.845387],[2.549466,48.845432],[2.549464,48.845535],[2.549438,48.845695],[2.550529,48.845905],[2.552331,48.846203],[2.552331,48.846203],[2.552441,48.846214],[2.552678,48.84623],[2.553165,48.846283],[2.553072,48.846668],[2.552775,48.84779],[2.552666,48.848263],[2.552548,48.848732],[2.55251,48.848816],[2.553488,48.848888],[2.554209,48.848854],[2.555553,48.848808],[2.555553,48.848808],[2.556864,48.848766],[2.557682,48.848846],[2.557902,48.848846],[2.557997,48.848858],[2.557991,48.848839],[2.558003,48.848804],[2.558025,48.848785],[2.558054,48.848774],[2.558123,48.84877],[2.558176,48.848789],[2.558203,48.848824],[2.558335,48.84877],[2.55875,48.848495],[2.55875,48.848495],[2.55985,48.847755],[2.562709,48.84586],[2.562764,48.845798],[2.563179,48.845512],[2.563263,48.845486],[2.564124,48.844906],[2.564315,48.844803],[2.564734,48.844536],[2.565399,48.84409],[2.565399,48.84409],[2.567384,48.842762],[2.568089,48.842266],[2.568089,48.842266],[2.56845,48.842022],[2.56859,48.841946],[2.568732,48.841885],[2.572822,48.842369],[2.572822,48.842369],[2.573078,48.842403],[2.573195,48.842434],[2.573437,48.842449],[2.573477,48.842442],[2.573535,48.842442],[2.573589,48.842457],[2.573617,48.84248],[2.573974,48.842613],[2.575121,48.842751],[2.575479,48.842773],[2.575595,48.842747],[2.575664,48.842709],[2.575676,48.842693],[2.575703,48.842545],[2.575768,48.842346],[2.576026,48.842373],[2.576136,48.842365],[2.577127,48.842453],[2.577221,48.84248],[2.577627,48.842518],[2.577627,48.842518],[2.577738,48.842522],[2.577834,48.84251],[2.577907,48.842484],[2.577951,48.842438],[2.578045,48.842022],[2.578046,48.841965],[2.577804,48.841316],[2.576236,48.841568],[2.576009,48.841576],[2.575667,48.841537],[2.575446,48.841492],[2.575296,48.84145],[2.575116,48.841377],[2.574998,48.841316],[2.574855,48.841232],[2.574725,48.841129],[2.574648,48.841057],[2.574576,48.840965],[2.574294,48.840431],[2.57415,48.840221],[2.574049,48.840111],[2.573847,48.839916],[2.573744,48.83984],[2.573087,48.839409],[2.573087,48.839409],[2.572728,48.839176],[2.572584,48.839069],[2.572457,48.838921],[2.572389,48.838772],[2.572348,48.838459],[2.57232,48.838406],[2.572255,48.837879],[2.572271,48.837818],[2.572211,48.837315],[2.572168,48.837204],[2.572153,48.837128],[2.572108,48.837112],[2.572072,48.837086],[2.57205,48.837059],[2.572044,48.837032],[2.572049,48.837006],[2.572064,48.836979],[2.572088,48.83696],[2.572156,48.836933],[2.572235,48.836933],[2.57227,48.836941],[2.572315,48.836967],[2.572341,48.836998],[2.572502,48.837048],[2.572785,48.837055],[2.572785,48.837055],[2.576316,48.837177],[2.576316,48.837177],[2.577212,48.837219],[2.577441,48.837223],[2.577386,48.837132],[2.577498,48.837002],[2.577614,48.836693],[2.577691,48.836452],[2.577754,48.836105],[2.577775,48.8358],[2.577548,48.833836],[2.577484,48.833389],[2.577448,48.833385],[2.577388,48.833359],[2.577368,48.83334],[2.577358,48.833313],[2.57736,48.833286],[2.577376,48.83326],[2.577406,48.833237],[2.577445,48.833221],[2.577489,48.833218],[2.57756,48.833233],[2.577587,48.833252],[2.577606,48.833275],[2.577614,48.833298],[2.579021,48.833221],[2.579021,48.833221],[2.580825,48.833126],[2.581037,48.833111],[2.581215,48.833069],[2.581362,48.833],[2.581499,48.832897],[2.581539,48.832859],[2.581605,48.832752],[2.581645,48.832642],[2.58166,48.832569],[2.581642,48.832294],[2.581507,48.831448],[2.581507,48.831448],[2.581337,48.830437],[2.581304,48.830154],[2.58131,48.829971],[2.581239,48.829502],[2.581253,48.82943],[2.581298,48.82935],[2.581419,48.829216],[2.581552,48.829029],[2.581625,48.828941],[2.581711,48.828861],[2.58193,48.828693],[2.583503,48.827099],[2.583745,48.826794],[2.584714,48.825825],[2.584714,48.825825],[2.584785,48.825748],[2.584933,48.825634],[2.585169,48.825405],[2.585183,48.825356],[2.585172,48.825321],[2.585102,48.825283],[2.584692,48.825115],[2.584281,48.824932],[2.584014,48.824795],[2.583689,48.8246],[2.583363,48.824364],[2.583055,48.824123],[2.582935,48.82407],[2.582789,48.824028],[2.582594,48.824009],[2.582244,48.823952],[2.581723,48.823849],[2.581632,48.823845],[2.58122,48.823753],[2.580089,48.823547],[2.580089,48.823547],[2.579589,48.823456],[2.579527,48.823456],[2.57949,48.823467],[2.578874,48.823795],[2.577603,48.825054],[2.577472,48.825134],[2.577386,48.825176],[2.577231,48.82523],[2.575254,48.82605],[2.574658,48.826283],[2.574317,48.826431],[2.573978,48.826561],[2.573978,48.826561],[2.572457,48.827198],[2.568791,48.828709],[2.56861,48.828773],[2.568523,48.828796],[2.568396,48.828873],[2.568411,48.829041],[2.5684,48.829128],[2.568141,48.829105],[2.567905,48.829109],[2.566944,48.829205],[2.566944,48.829205],[2.566225,48.829285],[2.565403,48.829399],[2.564619,48.829517],[2.563911,48.829636],[2.563911,48.829636],[2.562278,48.829918],[2.56148,48.83007],[2.561232,48.830105],[2.560913,48.830116],[2.55882,48.830074],[2.558819,48.83017],[2.558803,48.830246],[2.558752,48.830322],[2.558662,48.830425],[2.558662,48.830425],[2.557552,48.831829],[2.557629,48.831867],[2.557657,48.831894],[2.557675,48.831924],[2.557683,48.831959],[2.557679,48.831993],[2.557662,48.832027],[2.557634,48.832058],[2.557555,48.8321],[2.557457,48.832115],[2.557401,48.832111],[2.557349,48.8321],[2.557303,48.832077],[2.557266,48.83205],[2.55724,48.832016],[2.557227,48.831982],[2.556503,48.832069],[2.556503,48.832069],[2.552538,48.832455],[2.55254,48.8325],[2.552522,48.83255],[2.552488,48.832592],[2.552438,48.83263],[2.552372,48.832657],[2.552298,48.832672],[2.55222,48.832672],[2.552126,48.832687],[2.552002,48.832745],[2.551916,48.832806],[2.551689,48.833],[2.551689,48.833],[2.5516,48.833069],[2.551321,48.833252],[2.550999,48.833485],[2.55042,48.833939],[2.549438,48.834694],[2.549206,48.834866],[2.549164,48.8349],[2.54914,48.834938],[2.549134,48.834988],[2.549121,48.835014],[2.549097,48.835037],[2.549063,48.835052],[2.548982,48.835064],[2.548941,48.835056],[2.548902,48.835041],[2.548868,48.835018],[2.54761,48.835007],[2.547344,48.834995],[2.547412,48.835258],[2.547437,48.835403],[2.547437,48.835403],[2.547447,48.835529],[2.547426,48.835701],[2.547429,48.835777],[2.547481,48.8358],[2.547523,48.835835],[2.547553,48.835869],[2.547568,48.835911],[2.547568,48.835953],[2.547553,48.835995],[2.54752,48.836037],[2.547471,48.836071],[2.547427,48.836128],[2.547417,48.836166],[2.547451,48.836403],[2.547439,48.836777],[2.54744,48.836906],[2.547453,48.836964],[2.547495,48.837025],[2.547582,48.837051],[2.547654,48.837093],[2.547705,48.837147],[2.547729,48.837212],[2.547725,48.837276],[2.547691,48.837337],[2.54763,48.837391],[2.547691,48.837498],[2.547785,48.83762],[2.547908,48.837738],[2.548965,48.83868],[2.549403,48.839081],[2.549964,48.839619],[2.550257,48.839878],[2.550257,48.839878],[2.550682,48.840252],[2.550793,48.84026],[2.550857,48.840279],[2.55091,48.840309],[2.550949,48.840347],[2.550972,48.840393],[2.550974,48.840443],[2.550956,48.840488],[2.550928,48.840523],[2.550889,48.840553],[2.550813,48.840584],[2.550829,48.840668],[2.550937,48.840858],[2.550997,48.840904],[2.551032,48.840912],[2.551611,48.840916]],[[2.552211,48.840633],[2.551105,48.840626],[2.550889,48.840553],[2.550813,48.840584],[2.550738,48.840595],[2.550658,48.840591],[2.550584,48.840572],[2.550522,48.840538],[2.550478,48.840496],[2.550458,48.84045],[2.550458,48.840401],[2.550479,48.840351],[2.550182,48.840057],[2.549779,48.839695],[2.549592,48.839516],[2.548755,48.838787],[2.548755,48.838787],[2.548204,48.83828],[2.547642,48.837746],[2.547499,48.837551],[2.547401,48.837452],[2.5473,48.83744],[2.547208,48.837414],[2.547134,48.837364],[2.547084,48.837303],[2.547067,48.837231],[2.547086,48.837162],[2.547122,48.837112],[2.547174,48.837074],[2.54724,48.83704],[2.547259,48.836941],[2.547301,48.836243],[2.547295,48.836178],[2.547262,48.83614],[2.547215,48.836102],[2.547156,48.836082],[2.547105,48.836056],[2.547066,48.836021],[2.547041,48.835979],[2.547032,48.835938],[2.547038,48.835896],[2.547064,48.83585],[2.547106,48.835812],[2.547163,48.835781],[2.54723,48.835762],[2.5473,48.835659],[2.547322,48.835567],[2.547323,48.835468],[2.547257,48.835098],[2.547174,48.834911],[2.547564,48.834927],[2.54818,48.834961],[2.548421,48.834965],[2.548421,48.834965],[2.548703,48.834957],[2.548875,48.834927],[2.54891,48.8349],[2.548943,48.834888],[2.549105,48.834866],[2.549167,48.834843],[2.551279,48.83321],[2.55158,48.833035],[2.55158,48.833035],[2.551974,48.832706],[2.55201,48.832638],[2.552018,48.8326],[2.55198,48.832558],[2.551961,48.832508],[2.55196,48.832458],[2.551978,48.832413],[2.552014,48.832367],[2.552066,48.832333],[2.55213,48.832306],[2.552202,48.832291],[2.552279,48.832291],[2.552353,48.832302],[2.552421,48.832325],[2.552477,48.832363],[2.552517,48.832405],[2.552538,48.832455],[2.556503,48.832069],[2.55682,48.832031],[2.55682,48.832031],[2.557227,48.831982],[2.557228,48.831947],[2.557241,48.831913],[2.557266,48.831882],[2.557301,48.831856],[2.557395,48.831821],[2.557448,48.831814],[2.557552,48.831829],[2.558662,48.830425],[2.558662,48.830425],[2.558752,48.830322],[2.558803,48.830246],[2.558819,48.83017],[2.55882,48.830074],[2.560913,48.830116],[2.561232,48.830105],[2.56148,48.83007],[2.562278,48.829918],[2.563911,48.829636],[2.563911,48.829636],[2.564619,48.829517],[2.565403,48.829399],[2.56664,48.829235],[2.567905,48.829109],[2.568141,48.829105],[2.5684,48.829128],[2.568411,48.829041],[2.568396,48.828873],[2.568523,48.828796],[2.56861,48.828773],[2.568791,48.828709],[2.568791,48.828709],[2.572457,48.827198],[2.573978,48.826561],[2.574317,48.826431],[2.574658,48.826283],[2.574658,48.826283],[2.575254,48.82605],[2.577231,48.82523],[2.577386,48.825176],[2.577472,48.825134],[2.577603,48.825054],[2.578874,48.823795],[2.57949,48.823467],[2.579527,48.823456],[2.579589,48.823456],[2.580089,48.823547],[2.580089,48.823547],[2.58122,48.823753],[2.581311,48.823746],[2.581413,48.823711],[2.581436,48.823673],[2.581503,48.82362],[2.581611,48.823601],[2.581809,48.823673],[2.582217,48.823841],[2.582789,48.824028],[2.582935,48.82407],[2.583055,48.824123],[2.583363,48.824364],[2.583689,48.8246],[2.584014,48.824795],[2.584281,48.824932],[2.584692,48.825115],[2.585102,48.825283],[2.585172,48.825321],[2.585183,48.825356],[2.585169,48.825405],[2.585018,48.825554],[2.585018,48.825554],[2.584933,48.825634],[2.584842,48.825779],[2.583821,48.826805],[2.583503,48.827099],[2.58193,48.828693],[2.581778,48.828884],[2.581613,48.829052],[2.581419,48.829216],[2.581298,48.82935],[2.581253,48.82943],[2.581239,48.829502],[2.58131,48.829971],[2.581304,48.830154],[2.581337,48.830437],[2.581507,48.831448],[2.581507,48.831448],[2.581642,48.832294],[2.58166,48.832569],[2.581645,48.832642],[2.581605,48.832752],[2.581539,48.832859],[2.581499,48.832897],[2.581362,48.833],[2.581215,48.833069],[2.581037,48.833111],[2.580825,48.833126],[2.578425,48.833252],[2.578425,48.833252],[2.577614,48.833298],[2.577611,48.833321],[2.577579,48.833363],[2.577552,48.833374],[2.577484,48.833389],[2.577548,48.833836],[2.577775,48.8358],[2.577754,48.836105],[2.577691,48.836452],[2.577614,48.836693],[2.577498,48.837002],[2.577386,48.837132],[2.577441,48.837223],[2.577212,48.837219],[2.576316,48.837177],[2.576316,48.837177],[2.572785,48.837055],[2.572785,48.837055],[2.572502,48.837048],[2.572327,48.837082],[2.572279,48.837112],[2.572248,48.837124],[2.572235,48.837227],[2.572211,48.837315],[2.572271,48.837818],[2.572297,48.837875],[2.572356,48.838402],[2.572348,48.838459],[2.572389,48.838772],[2.572457,48.838921],[2.572584,48.839069],[2.572728,48.839176],[2.573087,48.839409],[2.573087,48.839409],[2.573744,48.83984],[2.573847,48.839916],[2.574049,48.840111],[2.57415,48.840221],[2.574294,48.840431],[2.574576,48.840965],[2.574648,48.841057],[2.574725,48.841129],[2.574855,48.841232],[2.574998,48.841316],[2.575116,48.841377],[2.575296,48.84145],[2.575446,48.841492],[2.575667,48.841537],[2.576009,48.841576],[2.576236,48.841568],[2.577804,48.841316],[2.578046,48.841965],[2.578045,48.842022],[2.577951,48.842438],[2.577951,48.842438],[2.577907,48.842484],[2.577834,48.84251],[2.577738,48.842522],[2.577627,48.842518],[2.577221,48.84248],[2.577114,48.842487],[2.576128,48.8424],[2.576026,48.842373],[2.575844,48.842354],[2.575791,48.842556],[2.575781,48.842625],[2.575791,48.842693],[2.575805,48.842705],[2.575808,48.842739],[2.575783,48.842762],[2.57576,48.842773],[2.575479,48.842773],[2.575121,48.842751],[2.573974,48.842613],[2.573596,48.842594],[2.573553,48.842613],[2.573502,48.842621],[2.573444,48.842609],[2.573409,48.842594],[2.573372,48.842556],[2.573318,48.842529],[2.573195,48.842434],[2.573078,48.842403],[2.572554,48.842339],[2.572554,48.842339],[2.568732,48.841885],[2.56859,48.841946],[2.56845,48.842022],[2.568089,48.842266],[2.567384,48.842762],[2.567384,48.842762],[2.565776,48.843834],[2.565776,48.843834],[2.564734,48.844536],[2.564315,48.844803],[2.564124,48.844906],[2.563263,48.845486],[2.56319,48.845551],[2.563031,48.845661],[2.562794,48.845821],[2.562709,48.84586],[2.55985,48.847755],[2.558335,48.84877],[2.558203,48.848824],[2.558203,48.848846],[2.558194,48.848866],[2.558176,48.848885],[2.558152,48.848896],[2.558093,48.848907],[2.558033,48.848892],[2.557997,48.848858],[2.557902,48.848846],[2.557682,48.848846],[2.557472,48.848831],[2.557472,48.848831],[2.55701,48.848778],[2.556864,48.848766],[2.554209,48.848854],[2.553488,48.848888],[2.553294,48.848877],[2.553294,48.848877],[2.55251,48.848816],[2.552548,48.848732],[2.552666,48.848263],[2.552775,48.84779],[2.553072,48.846668],[2.553165,48.846283],[2.552678,48.84623],[2.552678,48.84623],[2.552441,48.846214],[2.552331,48.846203],[2.550529,48.845905],[2.549438,48.845695],[2.549464,48.845535],[2.549466,48.845432],[2.54946,48.845387],[2.549419,48.845249],[2.549419,48.845249],[2.549319,48.844994],[2.54924,48.844891],[2.549074,48.8447],[2.548161,48.843525],[2.548134,48.84343],[2.548026,48.843426],[2.547927,48.843395],[2.547851,48.843346],[2.547809,48.843281],[2.547808,48.843204],[2.54785,48.843136],[2.547911,48.84309],[2.547989,48.84306],[2.548078,48.843048],[2.548167,48.843056],[2.548371,48.84285],[2.548864,48.842289],[2.55007,48.840977],[2.550204,48.840824],[2.550458,48.84045],[2.550458,48.840401],[2.550479,48.840351],[2.550525,48.840305],[2.550592,48.840275],[2.550682,48.840252],[2.550793,48.84026],[2.550857,48.840279],[2.55091,48.840309],[2.550949,48.840347],[2.550972,48.840393],[2.550974,48.840443],[2.550956,48.840488],[2.550928,48.840523],[2.550889,48.840553],[2.550813,48.840584],[2.550829,48.840668],[2.550922,48.840836],[2.550937,48.840858],[2.550997,48.840904],[2.551032,48.840912],[2.551611,48.840916]]],"type":"MultiLineString"},"properties":{"route_id":"IDFM:C01278","route_short_name":"310","route_long_name":"310","route_type":"Bus","route_color":"D2D200","route_url":null,"id_ilico":"C01278","operatorname":"Keolis Grand Paris Vall\u00e9e de la Marne","networkname":"Marne et Brie","id_bus_contrat":9,"url":"https:\/\/ilico.iledefrance-mobilites.fr\/uploads\/plans\/20260824T083053Z-1f79a73f-a1af-4484-8d92-b51468fba20e.pdf","type":"HORAIRE|PLAN","long_name_first":"3","geo_point_2d":{"lon":2.5658699344308866,"lat":48.836525419561575}}},{"type":"Feature","geometry":{"coordinates":[[[2.585151,48.805294],[2.585024,48.805347],[2.585022,48.805405],[2.584991,48.805447],[2.584583,48.805611],[2.58446,48.805634],[2.58436,48.805618],[2.584252,48.805573],[2.583197,48.806011],[2.582458,48.806328],[2.582449,48.806362],[2.58241,48.806389],[2.582352,48.806396],[2.582299,48.806381],[2.582272,48.806343],[2.581913,48.806316],[2.581913,48.806316],[2.577601,48.806004],[2.577589,48.806034],[2.577563,48.806061],[2.577527,48.80608],[2.577482,48.806091],[2.577435,48.806091],[2.577389,48.806084],[2.577065,48.806358],[2.577065,48.806358],[2.576038,48.807228],[2.576004,48.807262],[2.575985,48.807301],[2.575994,48.807323],[2.575994,48.807346],[2.575983,48.807369],[2.575962,48.807392],[2.575928,48.807411],[2.575886,48.807419],[2.575841,48.807423],[2.575769,48.807468],[2.573187,48.809654],[2.573187,48.809654],[2.572944,48.809864],[2.572852,48.809933],[2.572699,48.810005],[2.572368,48.809952],[2.571895,48.809994],[2.571695,48.809998],[2.570971,48.81004],[2.56949,48.810162],[2.569259,48.8102],[2.569259,48.8102],[2.569055,48.81023],[2.568489,48.810284],[2.567396,48.811871],[2.567396,48.811871],[2.566595,48.813034],[2.566502,48.813156],[2.565892,48.813644],[2.565517,48.813957],[2.565336,48.814087],[2.564249,48.814709],[2.564249,48.814709],[2.563649,48.815067],[2.562578,48.815735],[2.562295,48.815933],[2.56213,48.816017],[2.562017,48.81609],[2.562037,48.816128],[2.562022,48.816166],[2.562002,48.816185],[2.561948,48.8162],[2.561888,48.8162],[2.561866,48.816193],[2.561725,48.816254],[2.56147,48.816395],[2.56147,48.816395],[2.56097,48.816673],[2.559992,48.81757],[2.55901,48.818432],[2.558794,48.818592],[2.558678,48.818695],[2.558678,48.818695],[2.558221,48.819096],[2.558039,48.819286],[2.557927,48.819393],[2.556863,48.820259],[2.556863,48.820259],[2.556052,48.820915],[2.555848,48.821068],[2.555598,48.821239],[2.55507,48.821526],[2.554254,48.821999],[2.553618,48.822334],[2.553457,48.822392],[2.553338,48.822414],[2.553167,48.822422],[2.552707,48.822395],[2.55255,48.822395],[2.552326,48.822411],[2.5522,48.822437],[2.551506,48.822647],[2.551348,48.822685],[2.550763,48.822762],[2.550763,48.822762],[2.549776,48.822884],[2.549696,48.82291],[2.549551,48.822941],[2.549495,48.822983],[2.549501,48.823006],[2.549498,48.823032],[2.549462,48.823078],[2.549424,48.823097],[2.549378,48.823105],[2.549329,48.823105],[2.549268,48.82309],[2.549219,48.823048],[2.549087,48.823006],[2.54896,48.822975],[2.547252,48.823154],[2.545422,48.82333],[2.545294,48.823372],[2.54508,48.823471],[2.544991,48.823563],[2.544931,48.823601],[2.54489,48.823608],[2.544854,48.823685],[2.544714,48.823929],[2.544755,48.823952],[2.544771,48.823971],[2.544776,48.823997],[2.544763,48.824028],[2.544729,48.824051],[2.544662,48.824062],[2.544613,48.824055],[2.544576,48.824028],[2.544414,48.823997],[2.543585,48.823799],[2.543585,48.823799],[2.543319,48.82373],[2.543199,48.823708],[2.542896,48.823669],[2.542564,48.823597],[2.542112,48.823448],[2.541477,48.823303],[2.541433,48.823303],[2.541333,48.82333],[2.541283,48.823357],[2.54125,48.823364],[2.541208,48.823467],[2.541185,48.823505],[2.54113,48.823566],[2.541134,48.823727],[2.541112,48.823879],[2.541069,48.82402],[2.540648,48.825203],[2.540461,48.825851],[2.540461,48.825851],[2.540408,48.82605],[2.540312,48.826538],[2.540322,48.826591],[2.540384,48.826595],[2.540439,48.826614],[2.540478,48.826645],[2.54049,48.826679],[2.540482,48.826717],[2.540456,48.826748],[2.540477,48.826839],[2.540502,48.826878],[2.540551,48.826916],[2.540842,48.827091],[2.540989,48.82716],[2.541436,48.827328],[2.54214,48.827343],[2.54238,48.827335],[2.54243,48.827385],[2.542657,48.827648],[2.542657,48.827648],[2.542981,48.828041],[2.542995,48.828125],[2.542759,48.828167],[2.542561,48.828224],[2.541645,48.828518],[2.540837,48.828808],[2.540685,48.82885],[2.539579,48.829079],[2.539448,48.829163],[2.53942,48.829197],[2.539299,48.829464],[2.539464,48.829769],[2.539648,48.830067],[2.539705,48.830147],[2.539705,48.830147],[2.539826,48.830315],[2.540495,48.831005],[2.540843,48.831276],[2.541215,48.831528],[2.54166,48.831776],[2.541884,48.831882],[2.543422,48.832535],[2.543689,48.832642],[2.543926,48.832714],[2.544266,48.832779],[2.544382,48.832817],[2.544969,48.833076],[2.544969,48.833076],[2.545565,48.833321],[2.545786,48.833424],[2.546033,48.833549],[2.546414,48.833797],[2.546741,48.834084],[2.546845,48.83419],[2.547027,48.834412],[2.547093,48.834511],[2.547344,48.834995],[2.547412,48.835258],[2.547437,48.835403],[2.547437,48.835403],[2.547447,48.835529],[2.547426,48.835701],[2.547429,48.835777],[2.547481,48.8358],[2.547523,48.835835],[2.547553,48.835869],[2.547568,48.835911],[2.547568,48.835953],[2.547553,48.835995],[2.54752,48.836037],[2.547471,48.836071],[2.547427,48.836128],[2.547417,48.836166],[2.547451,48.836403],[2.547439,48.836777],[2.54744,48.836906],[2.547453,48.836964],[2.547495,48.837025],[2.547582,48.837051],[2.547654,48.837093],[2.547705,48.837147],[2.547729,48.837212],[2.547725,48.837276],[2.547691,48.837337],[2.54763,48.837391],[2.547691,48.837498],[2.547785,48.83762],[2.547908,48.837738],[2.548965,48.83868],[2.549403,48.839081],[2.549964,48.839619],[2.550257,48.839878],[2.550257,48.839878],[2.550682,48.840252],[2.550793,48.84026],[2.550857,48.840279],[2.55091,48.840309],[2.550949,48.840347],[2.550972,48.840393],[2.550974,48.840443],[2.550956,48.840488],[2.550928,48.840523],[2.550889,48.840553],[2.550813,48.840584],[2.550829,48.840668],[2.550937,48.840858],[2.550997,48.840904],[2.551032,48.840912],[2.551611,48.840916]],[[2.551227,48.840626],[2.551105,48.840626],[2.550889,48.840553],[2.550813,48.840584],[2.550738,48.840595],[2.550658,48.840591],[2.550584,48.840572],[2.550522,48.840538],[2.550478,48.840496],[2.550458,48.84045],[2.550458,48.840401],[2.550479,48.840351],[2.550182,48.840057],[2.549779,48.839695],[2.549592,48.839516],[2.548755,48.838787],[2.548755,48.838787],[2.548204,48.83828],[2.547642,48.837746],[2.547499,48.837551],[2.547401,48.837452],[2.5473,48.83744],[2.547208,48.837414],[2.547134,48.837364],[2.547084,48.837303],[2.547067,48.837231],[2.547086,48.837162],[2.547122,48.837112],[2.547174,48.837074],[2.54724,48.83704],[2.547259,48.836941],[2.547301,48.836243],[2.547295,48.836178],[2.547262,48.83614],[2.547215,48.836102],[2.547156,48.836082],[2.547105,48.836056],[2.547066,48.836021],[2.547041,48.835979],[2.547032,48.835938],[2.547038,48.835896],[2.547064,48.83585],[2.547106,48.835812],[2.547163,48.835781],[2.54723,48.835762],[2.5473,48.835659],[2.547322,48.835567],[2.547323,48.835468],[2.547257,48.835098],[2.546985,48.834522],[2.546985,48.834522],[2.546798,48.83427],[2.546543,48.834023],[2.546228,48.833771],[2.545946,48.833595],[2.545707,48.833466],[2.545469,48.833355],[2.543962,48.832779],[2.543689,48.832642],[2.543422,48.832535],[2.543422,48.832535],[2.541884,48.831882],[2.54166,48.831776],[2.541215,48.831528],[2.540843,48.831276],[2.540495,48.831005],[2.539826,48.830315],[2.539705,48.830147],[2.539705,48.830147],[2.539648,48.830067],[2.539464,48.829769],[2.53924,48.829357],[2.540237,48.826836],[2.540274,48.826767],[2.54024,48.826752],[2.540215,48.826725],[2.540202,48.826687],[2.540217,48.826641],[2.540243,48.826618],[2.540279,48.826599],[2.540322,48.826591],[2.540312,48.826538],[2.540408,48.82605],[2.54052,48.825634],[2.54052,48.825634],[2.540648,48.825203],[2.541069,48.82402],[2.541112,48.823879],[2.541134,48.823727],[2.54113,48.823566],[2.541096,48.823505],[2.541108,48.823452],[2.541154,48.823338],[2.54114,48.823326],[2.541128,48.823292],[2.541133,48.823269],[2.541151,48.823246],[2.54121,48.823219],[2.541246,48.823219],[2.541296,48.823231],[2.541333,48.823254],[2.541446,48.823242],[2.541493,48.82325],[2.542274,48.823437],[2.542679,48.82354],[2.543234,48.823639],[2.54411,48.82386],[2.54411,48.82386],[2.544448,48.823948],[2.54457,48.823967],[2.544594,48.823944],[2.54463,48.823929],[2.544672,48.823921],[2.544714,48.823929],[2.544854,48.823685],[2.54489,48.823608],[2.544838,48.823578],[2.544824,48.823563],[2.544812,48.82354],[2.544827,48.82349],[2.544865,48.823433],[2.544942,48.823395],[2.544984,48.823391],[2.54509,48.82336],[2.547252,48.823154],[2.549093,48.82296],[2.549236,48.822952],[2.549294,48.822922],[2.549368,48.822914],[2.549417,48.822922],[2.549551,48.822876],[2.549613,48.822868],[2.549692,48.822865],[2.549776,48.822884],[2.549814,48.82288],[2.550503,48.822788],[2.550763,48.822762],[2.550763,48.822762],[2.551348,48.822685],[2.551506,48.822647],[2.5522,48.822437],[2.552326,48.822411],[2.55255,48.822395],[2.552707,48.822395],[2.553167,48.822422],[2.553338,48.822414],[2.553457,48.822392],[2.553618,48.822334],[2.554254,48.821999],[2.55507,48.821526],[2.555598,48.821239],[2.555712,48.821159],[2.555712,48.821159],[2.556052,48.820915],[2.556665,48.820423],[2.557454,48.819771],[2.557927,48.819393],[2.558039,48.819286],[2.558221,48.819096],[2.558794,48.818592],[2.558908,48.818512],[2.558908,48.818512],[2.55901,48.818432],[2.559992,48.81757],[2.56097,48.816673],[2.561725,48.816254],[2.561866,48.816193],[2.561842,48.816177],[2.561817,48.816139],[2.561819,48.816116],[2.56183,48.816097],[2.56185,48.816078],[2.561905,48.816059],[2.561937,48.816059],[2.561968,48.816063],[2.562017,48.81609],[2.56213,48.816017],[2.562295,48.815933],[2.562418,48.815845],[2.562418,48.815845],[2.562578,48.815735],[2.563649,48.815067],[2.564485,48.814568],[2.565336,48.814087],[2.565517,48.813957],[2.565777,48.813744],[2.565777,48.813744],[2.565892,48.813644],[2.566502,48.813156],[2.566595,48.813034],[2.568539,48.810219],[2.568612,48.810204],[2.569292,48.810162],[2.569292,48.810162],[2.56949,48.810162],[2.570971,48.81004],[2.571695,48.809998],[2.571895,48.809994],[2.572368,48.809952],[2.572786,48.809898],[2.573032,48.809696],[2.573032,48.809696],[2.575114,48.807945],[2.575699,48.807438],[2.575744,48.807377],[2.575729,48.80735],[2.575728,48.80732],[2.575742,48.807293],[2.57577,48.807266],[2.575844,48.807247],[2.575884,48.807247],[2.57596,48.807224],[2.577131,48.806217],[2.577131,48.806217],[2.577328,48.806049],[2.577306,48.806004],[2.577309,48.805973],[2.577326,48.805946],[2.577355,48.805923],[2.577394,48.805904],[2.577438,48.805897],[2.577484,48.805901],[2.577527,48.805912],[2.57756,48.805927],[2.577585,48.80595],[2.577599,48.805977],[2.577601,48.806004],[2.581913,48.806316],[2.581913,48.806316],[2.582272,48.806343],[2.582275,48.806316],[2.582294,48.806297],[2.582333,48.806278],[2.582382,48.806274],[2.582417,48.806286],[2.582444,48.806301],[2.582458,48.806328],[2.583197,48.806011],[2.584252,48.805573],[2.584215,48.80547],[2.584292,48.805378],[2.584369,48.805328],[2.584626,48.805222],[2.584755,48.80518]]],"type":"MultiLineString"},"properties":{"route_id":"IDFM:C01221","route_short_name":"206","route_long_name":"206","route_type":"Bus","route_color":"6E491E","route_url":null,"id_ilico":"C01221","operatorname":"Keolis Grand Paris Vall\u00e9e de la Marne","networkname":"Marne et Brie","id_bus_contrat":9,"url":"https:\/\/ilico.iledefrance-mobilites.fr\/uploads\/plans\/20260710T085026Z-84ff1bf3-b4be-4d77-8659-ffcb08733da5.pdf","type":"HORAIRE|PLAN","long_name_first":"2","geo_point_2d":{"lon":2.5566706012714815,"lat":48.821065776935704}}},{"type":"Feature","geometry":{"coordinates":[[[2.582086,48.823784],[2.582217,48.823841],[2.582789,48.824028],[2.582935,48.82407],[2.583055,48.824123],[2.583363,48.824364],[2.583689,48.8246],[2.584014,48.824795],[2.584281,48.824932],[2.584692,48.825115],[2.585102,48.825283],[2.585172,48.825321],[2.585183,48.825356],[2.585169,48.825405],[2.585018,48.825554],[2.585018,48.825554],[2.584933,48.825634],[2.584842,48.825779],[2.583821,48.826805],[2.583503,48.827099],[2.58193,48.828693],[2.581778,48.828884],[2.581613,48.829052],[2.581419,48.829216],[2.581298,48.82935],[2.581253,48.82943],[2.581239,48.829502],[2.58131,48.829971],[2.580569,48.829926],[2.580569,48.829926],[2.579124,48.829815],[2.576674,48.829651],[2.575123,48.829548],[2.573551,48.829456],[2.573551,48.829456],[2.569062,48.829182],[2.568141,48.829105],[2.567905,48.829109],[2.5676,48.829136],[2.567598,48.829189],[2.56736,48.829891],[2.56736,48.829891],[2.566735,48.831711],[2.566809,48.831738],[2.566835,48.83176],[2.566849,48.831787],[2.566849,48.831814],[2.566822,48.83186],[2.566797,48.831875],[2.566755,48.83189],[2.566708,48.831894],[2.566662,48.831886],[2.566643,48.831966],[2.566583,48.832142],[2.566583,48.832142],[2.56609,48.833633],[2.566042,48.833759],[2.566042,48.833759],[2.565926,48.834087],[2.565847,48.83437],[2.565775,48.834549],[2.565709,48.834755],[2.56567,48.834911],[2.565574,48.835022],[2.565497,48.835091],[2.56542,48.835144],[2.565296,48.835209],[2.56513,48.835262],[2.564928,48.835304],[2.564726,48.835308],[2.564461,48.83527],[2.563323,48.835178],[2.563117,48.835209],[2.563079,48.835228],[2.562994,48.835316],[2.562941,48.835358],[2.562781,48.83675],[2.56274,48.836922],[2.562516,48.837246],[2.56215,48.837639],[2.562071,48.837742],[2.561985,48.837826],[2.561982,48.837883],[2.561942,48.837929],[2.561888,48.837952],[2.561822,48.837959],[2.561784,48.838028],[2.561124,48.83876],[2.561124,48.83876],[2.559785,48.840279],[2.559712,48.840347],[2.559609,48.840412],[2.559607,48.840439],[2.559579,48.840488],[2.559546,48.840515],[2.559505,48.840534],[2.559457,48.840546],[2.559355,48.840542],[2.559313,48.84053],[2.558983,48.840553],[2.558597,48.840549],[2.558597,48.840549],[2.550956,48.840488],[2.550928,48.840523],[2.550889,48.840553],[2.550813,48.840584],[2.550829,48.840668],[2.550922,48.840836],[2.550937,48.840858],[2.550997,48.840904],[2.551032,48.840912],[2.551611,48.840916],[2.552298,48.840851],[2.553027,48.840862],[2.553027,48.840862],[2.553179,48.840858],[2.553197,48.840855],[2.553229,48.840836],[2.553241,48.840633],[2.551105,48.840626],[2.550889,48.840553],[2.550813,48.840584],[2.550738,48.840595],[2.549949,48.841438],[2.54958,48.841846],[2.549103,48.842403],[2.548609,48.842949],[2.548369,48.843182],[2.548383,48.843246],[2.548362,48.843311],[2.548309,48.843369],[2.54823,48.843407],[2.548134,48.84343],[2.548161,48.843525],[2.549074,48.8447],[2.549074,48.8447],[2.54924,48.844891],[2.549319,48.844994],[2.549419,48.845249],[2.54946,48.845387],[2.549466,48.845432],[2.549464,48.845535],[2.549438,48.845695],[2.550529,48.845905],[2.552331,48.846203],[2.552331,48.846203],[2.552441,48.846214],[2.552678,48.84623],[2.553165,48.846283],[2.553072,48.846668],[2.552775,48.84779],[2.552666,48.848263],[2.552548,48.848732],[2.55251,48.848816],[2.553488,48.848888],[2.554209,48.848854],[2.555553,48.848808],[2.555553,48.848808],[2.556864,48.848766],[2.557682,48.848846],[2.557902,48.848846],[2.557997,48.848858],[2.557991,48.848839],[2.558003,48.848804],[2.558025,48.848785],[2.558054,48.848774],[2.558123,48.84877],[2.558176,48.848789],[2.558203,48.848824],[2.558203,48.848846],[2.558194,48.848866],[2.558176,48.848885],[2.558229,48.848907],[2.558676,48.848965],[2.558676,48.848965],[2.56072,48.849209],[2.560773,48.849197],[2.560937,48.849232],[2.561175,48.849247],[2.561428,48.849277],[2.56165,48.849331],[2.56195,48.849346],[2.562299,48.849346],[2.564378,48.849319],[2.564378,48.849319],[2.565109,48.849316],[2.566108,48.849373],[2.566561,48.849392],[2.567232,48.849361],[2.569539,48.849293],[2.569651,48.849064],[2.569718,48.848957],[2.570286,48.847919],[2.570386,48.847759],[2.570493,48.847622],[2.570493,48.847622],[2.571,48.847008],[2.572063,48.845623],[2.572063,48.845623],[2.572129,48.845531],[2.572364,48.845646],[2.572762,48.845848],[2.574343,48.846581],[2.576449,48.847782],[2.576511,48.847813],[2.576572,48.847752],[2.57677,48.847496],[2.57677,48.847496],[2.577263,48.846848],[2.577339,48.84676],[2.577869,48.846073],[2.577945,48.845959],[2.578001,48.845837],[2.578035,48.845699],[2.578041,48.845631],[2.578025,48.845505],[2.578009,48.84544],[2.577965,48.845341],[2.577888,48.845219],[2.577799,48.845119],[2.57769,48.845032],[2.577558,48.844944],[2.577438,48.844883],[2.577438,48.844883],[2.576467,48.84441],[2.576172,48.844288],[2.575588,48.844093],[2.575095,48.843975],[2.574858,48.843929],[2.574433,48.843864],[2.574433,48.843864],[2.5741,48.843826],[2.573623,48.843803],[2.573162,48.8438],[2.57249,48.843807],[2.572413,48.843796],[2.572212,48.843735],[2.572338,48.84359],[2.572707,48.843246],[2.573271,48.842739],[2.573322,48.842648],[2.573383,48.842571],[2.573372,48.842556],[2.573368,48.842518],[2.573381,48.842491],[2.573404,48.842468],[2.573437,48.842449],[2.573477,48.842442],[2.573535,48.842442],[2.573589,48.842457],[2.573617,48.84248],[2.573974,48.842613],[2.575121,48.842751],[2.575479,48.842773],[2.575595,48.842747],[2.575664,48.842709],[2.575676,48.842693],[2.575703,48.842545],[2.575768,48.842346],[2.576026,48.842373],[2.576136,48.842365],[2.577127,48.842453],[2.577221,48.84248],[2.577627,48.842518],[2.577738,48.842522],[2.577834,48.84251],[2.577907,48.842484],[2.577951,48.842438],[2.578004,48.842216]],[[2.578004,48.842216],[2.577951,48.842438],[2.577907,48.842484],[2.577834,48.84251],[2.577738,48.842522],[2.577627,48.842518],[2.577221,48.84248],[2.577114,48.842487],[2.576128,48.8424],[2.576026,48.842373],[2.575844,48.842354],[2.575791,48.842556],[2.575781,48.842625],[2.575791,48.842693],[2.575805,48.842705],[2.575808,48.842739],[2.575783,48.842762],[2.57576,48.842773],[2.575479,48.842773],[2.575121,48.842751],[2.573974,48.842613],[2.573596,48.842594],[2.573553,48.842613],[2.573502,48.842621],[2.573271,48.842739],[2.572707,48.843246],[2.572707,48.843246],[2.572338,48.84359],[2.572212,48.843735],[2.572413,48.843796],[2.57249,48.843807],[2.573162,48.8438],[2.573623,48.843803],[2.5741,48.843826],[2.574433,48.843864],[2.574858,48.843929],[2.575095,48.843975],[2.575588,48.844093],[2.576172,48.844288],[2.576467,48.84441],[2.57676,48.844551],[2.57676,48.844551],[2.577558,48.844944],[2.57769,48.845032],[2.577799,48.845119],[2.577888,48.845219],[2.577965,48.845341],[2.578009,48.84544],[2.578025,48.845505],[2.578041,48.845631],[2.578035,48.845699],[2.578001,48.845837],[2.577945,48.845959],[2.577869,48.846073],[2.577339,48.84676],[2.577263,48.846848],[2.576572,48.847752],[2.576511,48.847813],[2.576449,48.847782],[2.575981,48.847515],[2.575981,48.847515],[2.574343,48.846581],[2.572762,48.845848],[2.572364,48.845646],[2.572129,48.845531],[2.572063,48.845623],[2.572063,48.845623],[2.571,48.847008],[2.570591,48.8475],[2.570386,48.847759],[2.570286,48.847919],[2.570286,48.847919],[2.569718,48.848957],[2.569651,48.849064],[2.569505,48.849369],[2.567909,48.849426],[2.567304,48.849438],[2.56697,48.849472],[2.566312,48.849503],[2.565883,48.849503],[2.565381,48.84948],[2.564925,48.849438],[2.564925,48.849438],[2.564578,48.849407],[2.564346,48.849396],[2.562955,48.849411],[2.561153,48.849442],[2.561101,48.849384],[2.56107,48.849339],[2.560755,48.849236],[2.56072,48.849209],[2.558229,48.848907],[2.558176,48.848885],[2.558152,48.848896],[2.558093,48.848907],[2.558033,48.848892],[2.557997,48.848858],[2.557902,48.848846],[2.557682,48.848846],[2.557472,48.848831],[2.557472,48.848831],[2.55701,48.848778],[2.556864,48.848766],[2.554209,48.848854],[2.553488,48.848888],[2.553294,48.848877],[2.553294,48.848877],[2.55251,48.848816],[2.552548,48.848732],[2.552666,48.848263],[2.552775,48.84779],[2.553072,48.846668],[2.553165,48.846283],[2.552678,48.84623],[2.552678,48.84623],[2.552441,48.846214],[2.552331,48.846203],[2.550529,48.845905],[2.549438,48.845695],[2.549464,48.845535],[2.549466,48.845432],[2.54946,48.845387],[2.549419,48.845249],[2.549419,48.845249],[2.549319,48.844994],[2.54924,48.844891],[2.549074,48.8447],[2.548161,48.843525],[2.548134,48.84343],[2.548026,48.843426],[2.547927,48.843395],[2.547851,48.843346],[2.547809,48.843281],[2.547808,48.843204],[2.54785,48.843136],[2.547911,48.84309],[2.547989,48.84306],[2.548078,48.843048],[2.548167,48.843056],[2.548371,48.84285],[2.548864,48.842289],[2.55007,48.840977],[2.550204,48.840824],[2.550458,48.84045],[2.550458,48.840401],[2.550479,48.840351],[2.550525,48.840305],[2.550592,48.840275],[2.550682,48.840252],[2.550793,48.84026],[2.550857,48.840279],[2.55091,48.840309],[2.550949,48.840347],[2.550972,48.840393],[2.550974,48.840443],[2.550956,48.840488],[2.550928,48.840523],[2.550889,48.840553],[2.550813,48.840584],[2.550829,48.840668],[2.550922,48.840836],[2.550937,48.840858],[2.550997,48.840904],[2.551032,48.840912],[2.551611,48.840916],[2.551611,48.840916],[2.552298,48.840851],[2.553027,48.840862],[2.553197,48.840855],[2.553229,48.840836],[2.553241,48.840633],[2.553274,48.840508],[2.553329,48.84042],[2.553417,48.84037],[2.558135,48.840405],[2.558135,48.840405],[2.558738,48.840405],[2.558961,48.840389],[2.559259,48.84034],[2.559299,48.840317],[2.559347,48.840298],[2.5594,48.84029],[2.559706,48.840092],[2.560715,48.838951],[2.560715,48.838951],[2.561323,48.838234],[2.561671,48.837894],[2.561657,48.837841],[2.561681,48.837795],[2.561747,48.837753],[2.561811,48.837742],[2.561887,48.837749],[2.56215,48.837639],[2.562516,48.837246],[2.56274,48.836922],[2.562781,48.83675],[2.562941,48.835358],[2.562918,48.83532],[2.562915,48.835243],[2.562942,48.835209],[2.562997,48.835175],[2.563048,48.835155],[2.563113,48.835144],[2.563202,48.835144],[2.563323,48.835178],[2.564461,48.83527],[2.564629,48.835243],[2.564855,48.835232],[2.564934,48.835213],[2.565192,48.835125],[2.565302,48.835068],[2.565506,48.834938],[2.565618,48.834854],[2.565709,48.834755],[2.565775,48.834549],[2.565847,48.83437],[2.565892,48.834202],[2.565892,48.834202],[2.565926,48.834087],[2.56609,48.833633],[2.566643,48.831966],[2.566662,48.831886],[2.566604,48.83186],[2.566574,48.831818],[2.566573,48.831791],[2.566584,48.831764],[2.566608,48.831741],[2.566644,48.831722],[2.566688,48.831711],[2.566735,48.831711],[2.5668,48.83152],[2.5668,48.83152],[2.567019,48.830898],[2.56736,48.829891],[2.56736,48.829891],[2.567598,48.829189],[2.5676,48.829136],[2.567905,48.829109],[2.568141,48.829105],[2.569062,48.829182],[2.573551,48.829456],[2.573551,48.829456],[2.575123,48.829548],[2.576674,48.829651],[2.579124,48.829815],[2.580569,48.829926],[2.580569,48.829926],[2.58131,48.829971],[2.581239,48.829502],[2.581253,48.82943],[2.581298,48.82935],[2.581419,48.829216],[2.581552,48.829029],[2.581625,48.828941],[2.581711,48.828861],[2.58193,48.828693],[2.583503,48.827099],[2.583745,48.826794],[2.584714,48.825825],[2.584714,48.825825],[2.584785,48.825748],[2.584933,48.825634],[2.585169,48.825405],[2.585183,48.825356],[2.585172,48.825321],[2.585102,48.825283],[2.584692,48.825115],[2.584281,48.824932],[2.584014,48.824795],[2.583689,48.8246],[2.583363,48.824364],[2.583055,48.824123],[2.582935,48.82407],[2.582789,48.824028],[2.582594,48.824009],[2.582244,48.823952],[2.582292,48.823895]]],"type":"MultiLineString"},"properties":{"route_id":"IDFM:C01283","route_short_name":"320","route_long_name":"320","route_type":"Bus","route_color":"DC9600","route_url":null,"id_ilico":"C01283","operatorname":"Keolis Grand Paris Vall\u00e9e de la Marne","networkname":"Marne et Brie","id_bus_contrat":9,"url":"https:\/\/ilico.iledefrance-mobilites.fr\/uploads\/plans\/20260710T085534Z-1b0c89d6-9663-4aef-82f4-027cfb67c0fa.pdf","type":"HORAIRE|PLAN","long_name_first":"3","geo_point_2d":{"lon":2.566330590553422,"lat":48.840066943392934}}},{"type":"Feature","geometry":{"coordinates":[[[2.552574,48.840633],[2.551105,48.840626],[2.550889,48.840553],[2.550813,48.840584],[2.550738,48.840595],[2.550658,48.840591],[2.550584,48.840572],[2.550522,48.840538],[2.550478,48.840496],[2.550458,48.84045],[2.550458,48.840401],[2.550479,48.840351],[2.550182,48.840057],[2.549779,48.839695],[2.549592,48.839516],[2.548755,48.838787],[2.548204,48.83828],[2.547642,48.837746],[2.547499,48.837551],[2.547401,48.837452],[2.5473,48.83744],[2.547208,48.837414],[2.547134,48.837364],[2.547084,48.837303],[2.547067,48.837231],[2.547086,48.837162],[2.547122,48.837112],[2.547174,48.837074],[2.54724,48.83704],[2.547259,48.836941],[2.547301,48.836243],[2.547295,48.836178],[2.547262,48.83614],[2.547215,48.836102],[2.547156,48.836082],[2.547105,48.836056],[2.547066,48.836021],[2.547041,48.835979],[2.547032,48.835938],[2.547038,48.835896],[2.547064,48.83585],[2.547106,48.835812],[2.547163,48.835781],[2.54723,48.835762],[2.5473,48.835659],[2.547322,48.835567],[2.547323,48.835468],[2.547257,48.835098],[2.547174,48.834911],[2.546985,48.834522],[2.546798,48.83427],[2.546706,48.834175],[2.546543,48.834023],[2.546228,48.833771],[2.545946,48.833595],[2.545707,48.833466],[2.545469,48.833355],[2.543962,48.832779],[2.543689,48.832642],[2.541884,48.831882],[2.54166,48.831776],[2.541215,48.831528],[2.540843,48.831276],[2.540495,48.831005],[2.539826,48.830315],[2.539648,48.830067],[2.539464,48.829769],[2.53924,48.829357],[2.540237,48.826836],[2.540274,48.826767],[2.54024,48.826752],[2.540215,48.826725],[2.540202,48.826687],[2.540217,48.826641],[2.540243,48.826618],[2.540279,48.826599],[2.540322,48.826591],[2.540312,48.826538],[2.540408,48.82605],[2.540511,48.825661],[2.540648,48.825203],[2.541069,48.82402],[2.541112,48.823879],[2.541134,48.823727],[2.54113,48.823566],[2.541096,48.823505],[2.541108,48.823452],[2.541154,48.823338],[2.54114,48.823326],[2.541128,48.823292],[2.541133,48.823269],[2.541151,48.823246],[2.54121,48.823219],[2.541246,48.823219],[2.541296,48.823231],[2.541333,48.823254],[2.541446,48.823242],[2.541493,48.82325],[2.542274,48.823437],[2.542679,48.82354],[2.543234,48.823639],[2.54411,48.82386],[2.54411,48.82386],[2.544448,48.823948],[2.54457,48.823967],[2.544594,48.823944],[2.54463,48.823929],[2.544672,48.823921],[2.544714,48.823929],[2.544755,48.823952],[2.544771,48.823971],[2.544776,48.823997],[2.544763,48.824028],[2.544729,48.824051],[2.544662,48.824062],[2.544613,48.824055],[2.544576,48.824028],[2.544414,48.823997],[2.543319,48.82373],[2.543199,48.823708],[2.542896,48.823669],[2.542564,48.823597],[2.542112,48.823448],[2.541477,48.823303],[2.541433,48.823303],[2.541333,48.82333],[2.541283,48.823357],[2.54125,48.823364],[2.541208,48.823467],[2.541185,48.823505],[2.54113,48.823566],[2.541134,48.823727],[2.541112,48.823879],[2.541069,48.82402],[2.540648,48.825203],[2.540511,48.825661],[2.540408,48.82605],[2.540312,48.826538],[2.540322,48.826591],[2.540384,48.826595],[2.540439,48.826614],[2.540478,48.826645],[2.54049,48.826679],[2.540482,48.826717],[2.540456,48.826748],[2.540417,48.826771],[2.540319,48.826778],[2.540274,48.826767],[2.54024,48.826752],[2.540215,48.826725],[2.540127,48.826714],[2.540027,48.826672],[2.539781,48.826626],[2.539486,48.826611],[2.538658,48.826694],[2.537615,48.826714],[2.537135,48.826736],[2.536899,48.826756],[2.536506,48.826817],[2.535319,48.827034],[2.534982,48.827076],[2.533473,48.827217],[2.529568,48.827274],[2.529346,48.827316],[2.528212,48.827316],[2.528084,48.827335],[2.528049,48.827412],[2.527997,48.827457],[2.527945,48.827488],[2.527884,48.827507],[2.527817,48.827522],[2.527749,48.827526],[2.527692,48.827518],[2.527609,48.827499],[2.527541,48.827465],[2.527472,48.827408],[2.527349,48.827358],[2.527121,48.827301],[2.52619,48.827251],[2.525896,48.827225],[2.525641,48.82719],[2.525457,48.827141],[2.524004,48.826649],[2.52262,48.826267],[2.522126,48.82616],[2.521745,48.826099],[2.521337,48.826057],[2.521256,48.826061],[2.521184,48.826084],[2.521133,48.826126],[2.521109,48.826176],[2.521008,48.826824],[2.521038,48.826881],[2.521061,48.826908],[2.521146,48.826954],[2.521904,48.827038],[2.522021,48.827068],[2.522121,48.827118],[2.522184,48.827168],[2.52223,48.827217],[2.522217,48.827301],[2.522201,48.827343],[2.52218,48.82737],[2.522141,48.8274],[2.520123,48.827187],[2.519959,48.82719],[2.519248,48.827129],[2.518738,48.827099],[2.518409,48.827095],[2.517952,48.82711],[2.517125,48.827194],[2.517045,48.827187],[2.516625,48.827225],[2.516336,48.827229],[2.515785,48.827221],[2.514893,48.827187],[2.514666,48.827183],[2.51169,48.82732],[2.5113,48.827362],[2.510618,48.827518],[2.510525,48.827549],[2.51042,48.827564],[2.510132,48.827583],[2.509074,48.827377],[2.508921,48.827209],[2.508913,48.827164],[2.508967,48.827003],[2.509167,48.826965],[2.508906,48.826366],[2.508515,48.825439],[2.509877,48.825294],[2.509877,48.825294],[2.509848,48.825443],[2.509616,48.826447],[2.509683,48.826603],[2.509732,48.826664],[2.509851,48.826752],[2.510108,48.826916],[2.510588,48.827145],[2.51069,48.827286],[2.510709,48.827362],[2.510673,48.827442],[2.510618,48.827518],[2.510525,48.827549],[2.51042,48.827564],[2.510132,48.827583],[2.50956,48.827473],[2.507378,48.827728],[2.506984,48.827759],[2.505783,48.827896],[2.505133,48.827999],[2.504887,48.827957],[2.504158,48.828106],[2.502809,48.828407],[2.501204,48.828815],[2.498944,48.829491],[2.498279,48.829674],[2.497327,48.829895],[2.496986,48.830044],[2.496284,48.830196],[2.495014,48.830448],[2.494136,48.83057],[2.493655,48.830608],[2.493394,48.830673],[2.493291,48.830734],[2.493233,48.830791],[2.493206,48.830948],[2.493046,48.832703],[2.493046,48.833065],[2.493132,48.833553],[2.493255,48.833874],[2.49352,48.834404],[2.494142,48.835514],[2.494242,48.835819],[2.494318,48.836128],[2.49432,48.836514],[2.494292,48.836555],[2.494284,48.836643],[2.494086,48.837585],[2.49397,48.838116],[2.493936,48.838219],[2.493936,48.838219],[2.49385,48.838486],[2.49365,48.839035],[2.493428,48.839703],[2.493286,48.840206],[2.493065,48.841118],[2.492944,48.841995],[2.492966,48.842258],[2.493057,48.842499],[2.493122,48.843086],[2.493148,48.843487],[2.49316,48.843849],[2.49312,48.844143],[2.493063,48.844395],[2.492999,48.84462],[2.492872,48.844955],[2.492751,48.84523],[2.492508,48.845695],[2.492323,48.846088],[2.492221,48.846367],[2.491552,48.8484],[2.491391,48.848927],[2.49117,48.849575],[2.491219,48.849712],[2.49106,48.850185],[2.491073,48.850395],[2.491153,48.850571],[2.491305,48.850704],[2.491593,48.850842],[2.492122,48.851028],[2.492351,48.851086],[2.492562,48.851086],[2.492822,48.851032],[2.492991,48.850956],[2.493394,48.850716],[2.49355,48.850666],[2.494528,48.850098],[2.494571,48.850067],[2.495438,48.849537],[2.495575,48.849556],[2.495655,48.849594],[2.495724,48.84967],[2.495204,48.850666],[2.49493,48.851212],[2.494431,48.85215],[2.493961,48.85305],[2.49362,48.853676],[2.493526,48.853806],[2.493381,48.853935],[2.493324,48.853977],[2.493274,48.853992],[2.493203,48.853996],[2.493078,48.853981],[2.493045,48.85392],[2.492969,48.853832],[2.492856,48.853748],[2.490844,48.85289],[2.49077,48.852848],[2.49068,48.852745],[2.490624,48.852749],[2.49057,48.852741],[2.489569,48.852562],[2.489173,48.852501],[2.488939,48.852478],[2.488601,48.852463],[2.488094,48.852463],[2.486684,48.852489],[2.486527,48.852516],[2.486284,48.852581],[2.486259,48.852608],[2.486156,48.852676],[2.486461,48.852871],[2.486825,48.853085],[2.486825,48.853085],[2.486906,48.853134],[2.486925,48.853138],[2.486954,48.85313],[2.487043,48.853065],[2.487037,48.85305],[2.486259,48.852608],[2.486156,48.852676],[2.486044,48.852715],[2.485921,48.85273],[2.485781,48.852718],[2.485669,48.852688],[2.48562,48.852661],[2.48555,48.852615],[2.485499,48.852558],[2.485475,48.852512],[2.485464,48.852463],[2.485465,48.852409],[2.485482,48.85236],[2.485538,48.85228],[2.485578,48.852245],[2.485649,48.852207],[2.485732,48.852177],[2.485822,48.852158],[2.485916,48.852154],[2.48601,48.852161],[2.486097,48.852184],[2.486176,48.852219],[2.486242,48.852264],[2.486292,48.852314],[2.486327,48.852375],[2.486618,48.852402],[2.488948,48.85236],[2.489192,48.852367],[2.489368,48.852371],[2.490262,48.852512],[2.490351,48.85252],[2.490534,48.852505],[2.490623,48.852486],[2.490691,48.852489],[2.490764,48.852516],[2.490803,48.852543],[2.490828,48.852577],[2.490838,48.852615],[2.490831,48.85265],[2.490866,48.852772],[2.490996,48.852879],[2.491227,48.852989],[2.492795,48.853657],[2.492882,48.853676],[2.493053,48.853703],[2.493359,48.853706],[2.493412,48.853722],[2.493455,48.853745],[2.493526,48.853806],[2.49342,48.854027],[2.493291,48.854137],[2.493261,48.854206],[2.49326,48.85434],[2.493237,48.854424],[2.492964,48.854923],[2.492143,48.856518],[2.490835,48.859032],[2.49082,48.859184],[2.4907,48.859428],[2.490557,48.859676],[2.490525,48.859756],[2.490304,48.860199],[2.490147,48.860447],[2.489885,48.860912],[2.489822,48.861046],[2.489498,48.861649],[2.488128,48.864292],[2.487702,48.865147],[2.487358,48.86581],[2.48702,48.866425],[2.486013,48.868382],[2.485993,48.868515],[2.486002,48.868637],[2.48646,48.870724],[2.48646,48.870724],[2.486525,48.871033],[2.486516,48.87114],[2.48642,48.871418],[2.486397,48.871555],[2.486385,48.871853],[2.486424,48.872143],[2.486622,48.872929],[2.486728,48.873478],[2.486733,48.87405],[2.486718,48.874325],[2.486589,48.87495],[2.486579,48.875034],[2.486232,48.876389],[2.48623,48.87648],[2.486233,48.876545],[2.486251,48.876617],[2.486302,48.876686],[2.48638,48.876762],[2.486593,48.876884],[2.48667,48.876953],[2.486701,48.877026],[2.486688,48.877106],[2.486458,48.877563],[2.486426,48.877609],[2.48631,48.877708],[2.486093,48.877682],[2.485982,48.877655],[2.485868,48.877895],[2.485851,48.878021],[2.485651,48.878025],[2.485619,48.878017],[2.485478,48.878048],[2.485383,48.878113],[2.484916,48.878815],[2.484417,48.879353],[2.48274,48.881248],[2.482322,48.881706],[2.481766,48.882332],[2.481713,48.882427],[2.481736,48.8825]],[[2.759181,48.738735],[2.758917,48.738758],[2.755297,48.738838],[2.754934,48.73885],[2.754394,48.738853],[2.750815,48.738937],[2.746844,48.739006],[2.744701,48.739067],[2.744358,48.739109],[2.74416,48.739155],[2.743977,48.739212],[2.743882,48.739254],[2.743596,48.739422],[2.743499,48.739502],[2.743415,48.739594],[2.743229,48.739857],[2.74313,48.740021],[2.743054,48.740108],[2.742964,48.740192],[2.742864,48.740261],[2.742703,48.74033],[2.742522,48.740379],[2.742383,48.740406],[2.7421,48.74041],[2.74068,48.740269],[2.740529,48.740227],[2.73969,48.739723],[2.73961,48.7397],[2.739515,48.739685],[2.739327,48.739693],[2.739252,48.739712],[2.739007,48.739811],[2.738223,48.740234],[2.737166,48.740704],[2.736372,48.741009],[2.736225,48.741085],[2.736115,48.741188],[2.735561,48.741753],[2.73532,48.742004],[2.735234,48.742104],[2.735083,48.742229],[2.735109,48.742256],[2.735121,48.742287],[2.735118,48.742321],[2.7351,48.742348],[2.735068,48.742374],[2.735027,48.74239],[2.73498,48.742397],[2.734933,48.742393],[2.734905,48.7425],[2.734551,48.743149],[2.734479,48.743267],[2.73443,48.743332],[2.734338,48.743416],[2.734246,48.743465],[2.734152,48.743507],[2.734053,48.743538],[2.733933,48.743568],[2.731822,48.74387],[2.731658,48.743904],[2.731537,48.743938],[2.731401,48.743992],[2.731304,48.744038],[2.731106,48.744167],[2.72933,48.745514],[2.72933,48.745514],[2.724987,48.748806],[2.724745,48.749073],[2.723266,48.751682],[2.722835,48.752045],[2.722383,48.752243],[2.720459,48.752895],[2.719068,48.753334],[2.717726,48.753689],[2.712161,48.754753],[2.710146,48.755219],[2.707256,48.755936],[2.706507,48.756142],[2.705584,48.756439],[2.705031,48.756561],[2.704891,48.755882],[2.704697,48.75581],[2.704525,48.755772],[2.704346,48.755817],[2.703517,48.756256],[2.703247,48.756374],[2.703005,48.756458],[2.702612,48.756557],[2.701976,48.756695],[2.700262,48.757008],[2.70009,48.75703],[2.700102,48.757084],[2.700087,48.757137],[2.700047,48.757187],[2.699986,48.757221],[2.699911,48.757244],[2.699984,48.757435],[2.700334,48.758186],[2.700358,48.758259],[2.700369,48.758331],[2.700365,48.758411],[2.700339,48.758503],[2.70032,48.758541],[2.700249,48.758633],[2.699819,48.759014],[2.698749,48.759987],[2.697847,48.760914],[2.697523,48.761204],[2.696952,48.761776],[2.696342,48.762329],[2.696177,48.762466],[2.695996,48.762592],[2.695374,48.763004],[2.695163,48.763103],[2.695013,48.76321],[2.694984,48.763252],[2.694893,48.763424],[2.694817,48.763519],[2.694624,48.763699],[2.693777,48.764431],[2.693577,48.764561],[2.692616,48.765064],[2.692355,48.765232],[2.692109,48.76545],[2.692002,48.765575],[2.69189,48.765728],[2.690955,48.767208],[2.690894,48.767303],[2.690778,48.767448],[2.690651,48.767586],[2.690391,48.767826],[2.690073,48.768055],[2.689841,48.768192],[2.689772,48.768223],[2.689533,48.768322],[2.689428,48.76836],[2.689442,48.768391],[2.689445,48.768421],[2.689435,48.768452],[2.689413,48.768482],[2.689379,48.768505],[2.689251,48.76878],[2.68883,48.769581],[2.688818,48.769627],[2.688821,48.769669],[2.688831,48.769703],[2.68885,48.769733],[2.689224,48.770184],[2.689252,48.770226],[2.689258,48.77026],[2.689258,48.77026],[2.689254,48.770302],[2.689231,48.770367],[2.689019,48.770836],[2.688994,48.770874],[2.688946,48.770916],[2.688518,48.77108],[2.688458,48.771114],[2.688051,48.77153],[2.687374,48.772167],[2.687145,48.77235],[2.686823,48.772652],[2.686624,48.772873],[2.686101,48.773365],[2.685998,48.773453],[2.686033,48.773476],[2.686055,48.77351],[2.686061,48.77354],[2.68605,48.773575],[2.686025,48.773605],[2.685987,48.773628],[2.685941,48.773643],[2.685889,48.773647],[2.685838,48.773643],[2.685792,48.773628],[2.685516,48.77388],[2.685411,48.773983],[2.685283,48.774128],[2.683985,48.775345],[2.683999,48.775375],[2.684007,48.775414],[2.683987,48.775478],[2.683966,48.775501],[2.683901,48.775509],[2.683861,48.775497],[2.683832,48.775471],[2.683693,48.775589],[2.683326,48.77594],[2.683097,48.776165],[2.682937,48.776337],[2.682574,48.77668],[2.682605,48.776703],[2.682623,48.77673],[2.682626,48.77676],[2.682614,48.776791],[2.682589,48.776814],[2.682551,48.776833],[2.682506,48.77684],[2.682459,48.77684],[2.682416,48.776829],[2.682328,48.776878],[2.680903,48.778214],[2.680342,48.778755],[2.680373,48.778782],[2.680392,48.778812],[2.680397,48.778843],[2.680389,48.778873],[2.680371,48.778896],[2.680308,48.778934],[2.680585,48.77935],[2.681452,48.780602],[2.682075,48.781387],[2.682953,48.78244],[2.683303,48.782845],[2.683705,48.783356],[2.68417,48.784031],[2.684395,48.784401],[2.684855,48.785248],[2.685132,48.785728],[2.685594,48.786572],[2.68588,48.787022],[2.687631,48.789604],[2.687665,48.789726],[2.687665,48.789822],[2.687723,48.789818],[2.687775,48.789829],[2.687813,48.789845],[2.687845,48.789875],[2.687859,48.789906],[2.687858,48.78994],[2.687849,48.789959],[2.687798,48.790005],[2.687715,48.790024],[2.68766,48.79002],[2.687609,48.790005],[2.687572,48.789978],[2.68755,48.789944],[2.687408,48.789951],[2.687262,48.789951],[2.686818,48.789932],[2.686443,48.789932],[2.683017,48.789993],[2.681848,48.790001],[2.678927,48.790001],[2.678503,48.790012],[2.67803,48.790039],[2.677466,48.790085],[2.674512,48.790321],[2.674066,48.790363],[2.67204,48.790531],[2.671746,48.790588],[2.671417,48.790581],[2.66908,48.790783],[2.667311,48.79092],[2.665402,48.791084],[2.665292,48.791161],[2.665015,48.79137],[2.664698,48.791599],[2.664369,48.791821],[2.663983,48.792057],[2.663826,48.792171],[2.663665,48.792305],[2.663538,48.792431],[2.663485,48.7925],[2.663439,48.792595],[2.663414,48.79269],[2.663357,48.793385],[2.663331,48.793488],[2.663252,48.793587],[2.663135,48.793674],[2.663022,48.793732],[2.660455,48.794575],[2.660336,48.794628],[2.65989,48.794773],[2.659821,48.794807],[2.659781,48.794849],[2.659788,48.794884],[2.659775,48.794926],[2.659757,48.794949],[2.659706,48.794987],[2.659657,48.795002],[2.65957,48.79501],[2.659505,48.794994],[2.659473,48.794983],[2.659428,48.794949],[2.659406,48.794914],[2.6594,48.794872],[2.659415,48.79483],[2.659385,48.794765],[2.659348,48.794727],[2.659294,48.794689],[2.658989,48.794617],[2.656393,48.794064],[2.656296,48.79406],[2.656178,48.794079],[2.655661,48.794254],[2.655553,48.794273],[2.655461,48.794273],[2.655387,48.794258],[2.655296,48.794205],[2.65526,48.794174],[2.655129,48.794006],[2.655063,48.793934],[2.655017,48.793945],[2.654972,48.793949],[2.654929,48.793938],[2.654899,48.793926],[2.654872,48.793903],[2.654858,48.793873],[2.654643,48.793911],[2.65451,48.793964],[2.654333,48.79406],[2.654012,48.794216],[2.653853,48.794281],[2.65322,48.794514],[2.653073,48.794556],[2.652921,48.794579],[2.652777,48.79459],[2.652626,48.794586],[2.651037,48.794411],[2.649532,48.794258],[2.649368,48.794247],[2.649182,48.794247],[2.648959,48.794266],[2.64881,48.794292],[2.648658,48.794346],[2.64852,48.794437],[2.648558,48.794472],[2.648569,48.794514],[2.648565,48.794537],[2.648536,48.794575],[2.648899,48.794842],[2.649077,48.794945],[2.649352,48.79501],[2.649613,48.795094],[2.649865,48.795197],[2.649865,48.795197],[2.649934,48.795238],[2.649932,48.795284],[2.649898,48.795326],[2.649814,48.795338],[2.649729,48.795322],[2.649407,48.795162],[2.649282,48.795094],[2.649077,48.794945],[2.648899,48.794842],[2.648536,48.794575],[2.648484,48.794601],[2.648453,48.794609],[2.648386,48.794613],[2.648324,48.794598],[2.64828,48.794567],[2.648258,48.794529],[2.64826,48.794487],[2.64795,48.794373],[2.647859,48.794312],[2.647691,48.79414],[2.647652,48.79409],[2.64761,48.794014],[2.647589,48.793934],[2.647281,48.793602],[2.647073,48.793655],[2.646754,48.79377],[2.64666,48.793812],[2.646568,48.793896],[2.646582,48.793957],[2.646569,48.794018],[2.646531,48.794075],[2.646451,48.794136],[2.646346,48.794174],[2.646251,48.794186],[2.646154,48.794178],[2.646064,48.794155],[2.645988,48.794113],[2.645831,48.794102],[2.645771,48.794106],[2.645453,48.794178],[2.644248,48.794594],[2.643816,48.794758],[2.643669,48.794823],[2.643503,48.794937],[2.643365,48.79509],[2.643192,48.795349],[2.64315,48.795437],[2.643072,48.795662],[2.64288,48.796169],[2.642747,48.796436],[2.642675,48.796551],[2.642569,48.79668],[2.642441,48.796787],[2.642308,48.796867],[2.642179,48.796932],[2.642059,48.796986],[2.640575,48.797527],[2.640429,48.797596],[2.640286,48.797676],[2.64014,48.797787],[2.63988,48.798065],[2.63957,48.798416],[2.639423,48.798664],[2.639289,48.798843],[2.639211,48.79892],[2.63889,48.799118],[2.63841,48.799301],[2.637715,48.799534],[2.637277,48.799648],[2.637222,48.799683],[2.637147,48.799694],[2.637034,48.799728],[2.636731,48.799858],[2.636249,48.800018],[2.635552,48.800228],[2.634647,48.800514],[2.634509,48.800552],[2.634314,48.800591],[2.634057,48.800663],[2.633977,48.80069],[2.633885,48.800739],[2.633859,48.800766],[2.633805,48.800797],[2.633747,48.800812],[2.633647,48.800812],[2.633591,48.8008],[2.63351,48.800762],[2.633486,48.800732],[2.633315,48.800751],[2.633258,48.80077],[2.633212,48.800797],[2.633123,48.800865],[2.633019,48.800983],[2.63297,48.801018],[2.632848,48.801067],[2.630646,48.801792],[2.630123,48.801945],[2.629624,48.802124],[2.629532,48.802151],[2.62914,48.802212],[2.629069,48.802238],[2.629053,48.802284],[2.629024,48.80233],[2.628983,48.802368],[2.628932,48.802406],[2.628872,48.802433],[2.628805,48.802456],[2.62866,48.802475],[2.628558,48.802513],[2.62823,48.802681],[2.627853,48.802814],[2.627519,48.802902],[2.62646,48.803253],[2.625865,48.803421],[2.625671,48.803459],[2.625379,48.803532],[2.625274,48.803547],[2.625185,48.803574],[2.625129,48.803638],[2.625068,48.803677],[2.62495,48.803715],[2.624816,48.80373],[2.624661,48.80378],[2.624272,48.803967],[2.623937,48.804104],[2.6235,48.804253],[2.622671,48.804527],[2.622251,48.804653],[2.622049,48.804695],[2.621802,48.804707],[2.621638,48.804749],[2.621595,48.804798],[2.621528,48.804836],[2.621446,48.804855],[2.621402,48.804855],[2.621316,48.804848],[2.621251,48.804825],[2.62118,48.804768],[2.621161,48.804737],[2.621153,48.804703],[2.621154,48.804672],[2.621182,48.804615],[2.621238,48.804569],[2.621278,48.804405],[2.621332,48.804302],[2.621511,48.804001],[2.621609,48.804031],[2.621443,48.804317],[2.621443,48.804317],[2.621388,48.804413],[2.621399,48.804493],[2.621418,48.804527],[2.621506,48.804543],[2.621546,48.804558],[2.6216,48.804592],[2.621626,48.804619],[2.621644,48.804649],[2.621652,48.804684],[2.62165,48.804714],[2.621638,48.804749],[2.621595,48.804798],[2.621528,48.804836],[2.621446,48.804855],[2.621402,48.804855],[2.621316,48.804848],[2.621002,48.80497],[2.620519,48.805149],[2.620144,48.805244],[2.618953,48.805634],[2.618451,48.805782],[2.618085,48.805916],[2.617764,48.806046],[2.617557,48.806114],[2.617439,48.806198],[2.617385,48.806305],[2.617377,48.806454],[2.617423,48.806622],[2.617536,48.806759],[2.617709,48.806889],[2.617871,48.806995],[2.619436,48.807751],[2.619623,48.807781],[2.619673,48.8078],[2.619781,48.807793],[2.619887,48.807812],[2.619933,48.807831],[2.619972,48.807858],[2.620001,48.807888],[2.620027,48.807949],[2.620225,48.808102],[2.620329,48.808147],[2.62043,48.80822],[2.620577,48.808372],[2.620644,48.808491],[2.620681,48.808571],[2.620899,48.809212],[2.621209,48.8102],[2.621231,48.810314],[2.621286,48.810318],[2.62131,48.810326],[2.621337,48.81036],[2.621331,48.810394],[2.621316,48.81041],[2.621268,48.810429],[2.62139,48.81073],[2.62145,48.810844],[2.621519,48.810947],[2.621782,48.811268],[2.621986,48.811485],[2.622153,48.811626],[2.622509,48.811882],[2.622779,48.812119],[2.622916,48.81229],[2.622963,48.812405],[2.622977,48.812469],[2.622981,48.812576],[2.622963,48.812664],[2.622947,48.812698],[2.6229,48.812752],[2.622797,48.812851],[2.621809,48.81353],[2.621608,48.813732],[2.620938,48.814548],[2.620904,48.814617],[2.620891,48.814713],[2.620896,48.814762],[2.620931,48.814877],[2.621003,48.815002],[2.621142,48.815186],[2.620175,48.815525],[2.618116,48.816204],[2.617913,48.816284],[2.617735,48.816372],[2.617632,48.816437],[2.61715,48.816799],[2.616549,48.817253],[2.615755,48.817867],[2.615586,48.818031],[2.615245,48.81831],[2.615112,48.818459],[2.614968,48.818661],[2.614918,48.818771],[2.614881,48.818878],[2.614445,48.820423],[2.614395,48.820629],[2.61444,48.820648],[2.614476,48.820679],[2.614501,48.820709],[2.614515,48.820755],[2.614508,48.820801],[2.614481,48.820843],[2.614445,48.820873],[2.614399,48.820896],[2.614345,48.820911],[2.61428,48.820919],[2.614216,48.820911],[2.614156,48.820892],[2.614117,48.820873],[2.614085,48.820847],[2.614063,48.82082],[2.613903,48.820778],[2.613828,48.820766],[2.613719,48.820759],[2.613629,48.820766],[2.61352,48.820789],[2.613433,48.820835],[2.613373,48.820908],[2.613348,48.820988],[2.613338,48.821083],[2.613383,48.821182],[2.613421,48.821308],[2.613435,48.821373],[2.613431,48.821487],[2.613103,48.822609],[2.613025,48.823032],[2.612979,48.823551],[2.612946,48.823761],[2.612888,48.823948],[2.612811,48.824127],[2.6125,48.824539],[2.612052,48.825035],[2.610944,48.826366],[2.610735,48.826595],[2.609632,48.827896],[2.608869,48.828762],[2.60866,48.828949],[2.608407,48.82914],[2.608118,48.829319],[2.607817,48.829472],[2.607513,48.82959],[2.607162,48.829708],[2.606835,48.829788],[2.606453,48.829857],[2.602906,48.830418],[2.597826,48.831234],[2.597502,48.83131],[2.597132,48.831429],[2.596911,48.831512],[2.59678,48.831573],[2.595559,48.832199],[2.59531,48.832302],[2.595002,48.832413],[2.594574,48.832527],[2.594248,48.832592],[2.593988,48.83263],[2.593739,48.832653],[2.59337,48.832676],[2.593054,48.832672],[2.592758,48.832657],[2.592388,48.832615],[2.592069,48.832565],[2.59168,48.832474],[2.591431,48.832401],[2.591046,48.832256],[2.59086,48.832172],[2.590556,48.832016],[2.589313,48.831299],[2.589221,48.831352],[2.589107,48.831379],[2.588985,48.831375],[2.588908,48.831356],[2.588797,48.831299],[2.588747,48.831242],[2.588727,48.831177],[2.588738,48.831108],[2.58878,48.831047],[2.588347,48.830917],[2.58818,48.830875],[2.587918,48.830826],[2.587623,48.830784],[2.587349,48.830765],[2.586611,48.830753],[2.586418,48.830738],[2.586315,48.830719],[2.586177,48.830677],[2.585723,48.830467],[2.585538,48.830444],[2.58529,48.830391],[2.583473,48.830196],[2.583253,48.830139],[2.58131,48.829971],[2.581239,48.829502],[2.581253,48.82943],[2.581298,48.82935],[2.581419,48.829216],[2.581552,48.829029],[2.581625,48.828941],[2.581711,48.828861],[2.58193,48.828693],[2.583503,48.827099],[2.583745,48.826794],[2.584785,48.825748],[2.584933,48.825634],[2.585018,48.825554],[2.585169,48.825405],[2.585183,48.825356],[2.585172,48.825321],[2.585102,48.825283],[2.584692,48.825115],[2.584281,48.824932],[2.584014,48.824795],[2.583689,48.8246],[2.583363,48.824364],[2.583055,48.824123],[2.582935,48.82407],[2.582789,48.824028],[2.582594,48.824009],[2.582244,48.823952],[2.58189,48.823883],[2.58189,48.823883],[2.581723,48.823849],[2.581632,48.823845],[2.58122,48.823753],[2.579589,48.823456],[2.579527,48.823456],[2.57949,48.823467],[2.578874,48.823795],[2.577603,48.825054],[2.577472,48.825134],[2.577386,48.825176],[2.577231,48.82523],[2.575254,48.82605],[2.574658,48.826283],[2.574317,48.826431],[2.573978,48.826561],[2.572457,48.827198],[2.568791,48.828709],[2.56861,48.828773],[2.568523,48.828796],[2.568396,48.828873],[2.568411,48.829041],[2.5684,48.829128],[2.568141,48.829105],[2.567905,48.829109],[2.56664,48.829235],[2.566225,48.829285],[2.565403,48.829399],[2.564619,48.829517],[2.562278,48.829918],[2.56148,48.83007],[2.561232,48.830105],[2.560913,48.830116],[2.55882,48.830074],[2.558517,48.830067],[2.558147,48.830036],[2.556947,48.829685],[2.556321,48.829472],[2.556077,48.829372],[2.554471,48.828606],[2.551467,48.827335],[2.550618,48.826969],[2.550445,48.826939],[2.550237,48.826942],[2.550179,48.826958],[2.550116,48.826962],[2.550055,48.82695],[2.550002,48.826927],[2.549964,48.826893],[2.549783,48.82682],[2.549584,48.826782],[2.548958,48.826801],[2.547784,48.826847],[2.547513,48.826881],[2.547133,48.826962],[2.546959,48.827003],[2.545905,48.827312],[2.545822,48.827091],[2.545764,48.826984],[2.545672,48.826752],[2.545429,48.826485],[2.545351,48.826366],[2.545276,48.826267],[2.544899,48.825966],[2.544742,48.825893],[2.54368,48.825665],[2.542968,48.825397],[2.542857,48.825378],[2.542834,48.825367],[2.542813,48.825283],[2.542741,48.825275],[2.54271,48.82526],[2.542688,48.825241],[2.542675,48.825218],[2.542674,48.825191],[2.542685,48.825165],[2.542709,48.825146],[2.542742,48.82513],[2.54278,48.825123],[2.542854,48.82513],[2.542884,48.825146],[2.542905,48.825169],[2.54299,48.825172],[2.543052,48.82515],[2.54337,48.824928],[2.54396,48.824467],[2.54405,48.824409],[2.54402,48.824394],[2.544,48.824371],[2.543989,48.824348],[2.543989,48.824318],[2.544005,48.824287],[2.544033,48.824265],[2.544108,48.824242],[2.544189,48.824253],[2.544222,48.824268],[2.544462,48.824081],[2.544492,48.824062],[2.544586,48.824039],[2.544576,48.824028],[2.544414,48.823997],[2.544067,48.823914],[2.544067,48.823914],[2.543319,48.82373],[2.543199,48.823708],[2.542896,48.823669],[2.542564,48.823597],[2.542112,48.823448],[2.541477,48.823303],[2.541433,48.823303],[2.541333,48.82333],[2.541283,48.823357],[2.54125,48.823364],[2.541208,48.823467],[2.541185,48.823505],[2.54113,48.823566],[2.541134,48.823727],[2.541112,48.823879],[2.541069,48.82402],[2.540648,48.825203],[2.540511,48.825661],[2.540408,48.82605],[2.540312,48.826538],[2.540322,48.826591],[2.540384,48.826595],[2.540439,48.826614],[2.540478,48.826645],[2.54049,48.826679],[2.540482,48.826717],[2.540456,48.826748],[2.540417,48.826771],[2.540319,48.826778],[2.540274,48.826767],[2.54024,48.826752],[2.540215,48.826725],[2.540127,48.826714],[2.540027,48.826672],[2.539781,48.826626],[2.539486,48.826611],[2.538658,48.826694],[2.537615,48.826714],[2.537135,48.826736],[2.536899,48.826756],[2.536506,48.826817],[2.535319,48.827034],[2.534982,48.827076],[2.533473,48.827217],[2.529568,48.827274],[2.529346,48.827316],[2.528212,48.827316],[2.528084,48.827335],[2.528049,48.827412],[2.527997,48.827457],[2.527945,48.827488],[2.527884,48.827507],[2.527817,48.827522],[2.527749,48.827526],[2.527692,48.827518],[2.527609,48.827499],[2.527541,48.827465],[2.527472,48.827408],[2.527349,48.827358],[2.527121,48.827301],[2.52619,48.827251],[2.525896,48.827225],[2.525641,48.82719],[2.525457,48.827141],[2.524004,48.826649],[2.52262,48.826267],[2.522126,48.82616],[2.521745,48.826099],[2.521337,48.826057],[2.521256,48.826061],[2.521184,48.826084],[2.521133,48.826126],[2.521109,48.826176],[2.521008,48.826824],[2.521038,48.826881],[2.521061,48.826908],[2.521146,48.826954],[2.521904,48.827038],[2.522021,48.827068],[2.522121,48.827118],[2.522184,48.827168],[2.52223,48.827217],[2.522217,48.827301],[2.522201,48.827343],[2.52218,48.82737],[2.522141,48.8274],[2.520123,48.827187],[2.519959,48.82719],[2.519248,48.827129],[2.518738,48.827099],[2.518409,48.827095],[2.517952,48.82711],[2.517125,48.827194],[2.517045,48.827187],[2.516625,48.827225],[2.516336,48.827229],[2.515785,48.827221],[2.514893,48.827187],[2.514666,48.827183],[2.51169,48.82732],[2.5113,48.827362],[2.510618,48.827518],[2.510525,48.827549],[2.51042,48.827564],[2.510132,48.827583],[2.509074,48.827377],[2.508921,48.827209],[2.508913,48.827164],[2.508967,48.827003],[2.509167,48.826965],[2.508906,48.826366],[2.508515,48.825439],[2.509877,48.825294],[2.509877,48.825294],[2.509848,48.825443],[2.509616,48.826447],[2.509683,48.826603],[2.509732,48.826664],[2.509851,48.826752],[2.510108,48.826916],[2.510588,48.827145],[2.51069,48.827286],[2.510709,48.827362],[2.510673,48.827442],[2.510618,48.827518],[2.510525,48.827549],[2.51042,48.827564],[2.510132,48.827583],[2.50956,48.827473],[2.507378,48.827728],[2.506984,48.827759],[2.505783,48.827896],[2.505133,48.827999],[2.504887,48.827957],[2.504158,48.828106],[2.502809,48.828407],[2.501204,48.828815],[2.498944,48.829491],[2.498279,48.829674],[2.497327,48.829895],[2.496986,48.830044],[2.496284,48.830196],[2.495014,48.830448],[2.494136,48.83057],[2.493655,48.830608],[2.493394,48.830673],[2.493291,48.830734],[2.493233,48.830791],[2.493206,48.830948],[2.493046,48.832703],[2.493046,48.833065],[2.493132,48.833553],[2.493255,48.833874],[2.49352,48.834404],[2.494142,48.835514],[2.494242,48.835819],[2.494318,48.836128],[2.49432,48.836514],[2.494292,48.836555],[2.494284,48.836643],[2.494086,48.837585],[2.49397,48.838116],[2.493936,48.838219],[2.493936,48.838219],[2.49385,48.838486],[2.49365,48.839035],[2.493428,48.839703],[2.493286,48.840206],[2.493065,48.841118],[2.492944,48.841995],[2.492966,48.842258],[2.493057,48.842499],[2.493122,48.843086],[2.493148,48.843487],[2.49316,48.843849],[2.49312,48.844143],[2.493063,48.844395],[2.492999,48.84462],[2.492872,48.844955],[2.492751,48.84523],[2.492508,48.845695],[2.492323,48.846088],[2.492221,48.846367],[2.491552,48.8484],[2.491391,48.848927],[2.49117,48.849575],[2.491219,48.849712],[2.49106,48.850185],[2.491073,48.850395],[2.491153,48.850571],[2.491305,48.850704],[2.491593,48.850842],[2.492122,48.851028],[2.492351,48.851086],[2.492562,48.851086],[2.492822,48.851032],[2.492991,48.850956],[2.493394,48.850716],[2.49355,48.850666],[2.494528,48.850098],[2.494571,48.850067],[2.495438,48.849537],[2.495575,48.849556],[2.495655,48.849594],[2.495724,48.84967],[2.495204,48.850666],[2.49493,48.851212],[2.494431,48.85215],[2.493961,48.85305],[2.49362,48.853676],[2.493526,48.853806],[2.493381,48.853935],[2.493324,48.853977],[2.493274,48.853992],[2.493203,48.853996],[2.493078,48.853981],[2.493045,48.85392],[2.492969,48.853832],[2.492856,48.853748],[2.490844,48.85289],[2.49077,48.852848],[2.49068,48.852745],[2.490624,48.852749],[2.49057,48.852741],[2.489569,48.852562],[2.489173,48.852501],[2.488939,48.852478],[2.488601,48.852463],[2.488094,48.852463],[2.486684,48.852489],[2.486527,48.852516],[2.486284,48.852581],[2.486259,48.852608],[2.486156,48.852676],[2.486461,48.852871],[2.486825,48.853085],[2.486825,48.853085],[2.486906,48.853134],[2.486925,48.853138],[2.486954,48.85313],[2.487043,48.853065],[2.487037,48.85305],[2.486259,48.852608],[2.486156,48.852676],[2.486044,48.852715],[2.485921,48.85273],[2.485781,48.852718],[2.485669,48.852688],[2.48562,48.852661],[2.48555,48.852615],[2.485499,48.852558],[2.485475,48.852512],[2.485464,48.852463],[2.485465,48.852409],[2.485482,48.85236],[2.485538,48.85228],[2.485578,48.852245],[2.485649,48.852207],[2.485732,48.852177],[2.485822,48.852158],[2.485916,48.852154],[2.48601,48.852161],[2.486097,48.852184],[2.486176,48.852219],[2.486242,48.852264],[2.486292,48.852314],[2.486327,48.852375],[2.486618,48.852402],[2.488948,48.85236],[2.489192,48.852367],[2.489368,48.852371],[2.490262,48.852512],[2.490351,48.85252],[2.490534,48.852505],[2.490623,48.852486],[2.490691,48.852489],[2.490764,48.852516],[2.490803,48.852543],[2.490828,48.852577],[2.490838,48.852615],[2.490831,48.85265],[2.490866,48.852772],[2.490996,48.852879],[2.491227,48.852989],[2.492795,48.853657],[2.492882,48.853676],[2.493053,48.853703],[2.493359,48.853706],[2.493412,48.853722],[2.493455,48.853745],[2.493526,48.853806],[2.49342,48.854027],[2.493291,48.854137],[2.493261,48.854206],[2.49326,48.85434],[2.493237,48.854424],[2.492964,48.854923],[2.492143,48.856518],[2.490835,48.859032],[2.49082,48.859184],[2.4907,48.859428],[2.490557,48.859676],[2.490525,48.859756],[2.490304,48.860199],[2.490147,48.860447],[2.489885,48.860912],[2.489822,48.861046],[2.489498,48.861649],[2.488128,48.864292],[2.487702,48.865147],[2.487358,48.86581],[2.48702,48.866425],[2.486013,48.868382],[2.485993,48.868515],[2.486002,48.868637],[2.48646,48.870724],[2.48646,48.870724],[2.486525,48.871033],[2.486516,48.87114],[2.48642,48.871418],[2.486397,48.871555],[2.486385,48.871853],[2.486424,48.872143],[2.486622,48.872929],[2.486728,48.873478],[2.486733,48.87405],[2.486718,48.874325],[2.486589,48.87495],[2.486579,48.875034],[2.486232,48.876389],[2.48623,48.87648],[2.486233,48.876545],[2.486251,48.876617],[2.486302,48.876686],[2.48638,48.876762],[2.486593,48.876884],[2.48667,48.876953],[2.486701,48.877026],[2.486688,48.877106],[2.486458,48.877563],[2.486426,48.877609],[2.48631,48.877708],[2.486093,48.877682],[2.485982,48.877655],[2.485868,48.877895],[2.485851,48.878021],[2.485651,48.878025],[2.485619,48.878017],[2.485478,48.878048],[2.485383,48.878113],[2.484916,48.878815],[2.484417,48.879353],[2.48274,48.881248],[2.482322,48.881706],[2.481766,48.882332],[2.481713,48.882427],[2.481736,48.8825]],[[2.481736,48.8825],[2.481713,48.882427],[2.481766,48.882332],[2.482322,48.881706],[2.48274,48.881248],[2.484417,48.879353],[2.484916,48.878815],[2.485383,48.878113],[2.485478,48.878048],[2.485619,48.878017],[2.485637,48.877995],[2.485703,48.877945],[2.485754,48.877865],[2.485758,48.877785],[2.485695,48.87759],[2.485368,48.87751],[2.485087,48.877453],[2.484918,48.877434],[2.484712,48.877434],[2.484231,48.877468],[2.484138,48.877445],[2.484131,48.877411],[2.484762,48.877361],[2.485107,48.877361],[2.485272,48.877384],[2.485416,48.877415],[2.485796,48.877522],[2.486115,48.87672],[2.486124,48.876629],[2.486096,48.876453],[2.486099,48.876389],[2.486479,48.875008],[2.486492,48.874855],[2.486553,48.874584],[2.486589,48.874374],[2.486604,48.874222],[2.486613,48.874046],[2.486612,48.873859],[2.48658,48.873524],[2.486548,48.873325],[2.486471,48.872955],[2.486438,48.872753],[2.486306,48.872158],[2.486278,48.871861],[2.486274,48.8717],[2.486304,48.871387],[2.486479,48.87125],[2.486516,48.87114],[2.486525,48.871033],[2.48646,48.870724],[2.48646,48.870724],[2.486002,48.868637],[2.485993,48.868515],[2.486013,48.868382],[2.48702,48.866425],[2.487358,48.86581],[2.487702,48.865147],[2.488128,48.864292],[2.489498,48.861649],[2.489822,48.861046],[2.489885,48.860912],[2.490147,48.860447],[2.490192,48.860142],[2.490169,48.859917],[2.490158,48.85973],[2.490225,48.859516],[2.490397,48.859364],[2.490512,48.859241],[2.490629,48.859081],[2.490849,48.858715],[2.491094,48.858242],[2.491212,48.857998],[2.491731,48.85701],[2.492111,48.856213],[2.492741,48.855068],[2.492802,48.854942],[2.493074,48.854237],[2.493093,48.854168],[2.493102,48.854107],[2.493098,48.85405],[2.493078,48.853981],[2.493045,48.85392],[2.492969,48.853832],[2.492856,48.853748],[2.490844,48.85289],[2.49077,48.852848],[2.49068,48.852745],[2.490624,48.852749],[2.49057,48.852741],[2.489569,48.852562],[2.489173,48.852501],[2.488939,48.852478],[2.488601,48.852463],[2.488094,48.852463],[2.486684,48.852489],[2.486527,48.852516],[2.486284,48.852581],[2.486259,48.852608],[2.486156,48.852676],[2.486461,48.852871],[2.486825,48.853085],[2.486825,48.853085],[2.486906,48.853134],[2.486925,48.853138],[2.486954,48.85313],[2.487043,48.853065],[2.487037,48.85305],[2.486259,48.852608],[2.486156,48.852676],[2.486044,48.852715],[2.485921,48.85273],[2.485781,48.852718],[2.485669,48.852688],[2.48562,48.852661],[2.48555,48.852615],[2.485499,48.852558],[2.485475,48.852512],[2.485464,48.852463],[2.485465,48.852409],[2.485482,48.85236],[2.485538,48.85228],[2.485578,48.852245],[2.485649,48.852207],[2.485732,48.852177],[2.485822,48.852158],[2.485916,48.852154],[2.48601,48.852161],[2.486097,48.852184],[2.486176,48.852219],[2.486242,48.852264],[2.486292,48.852314],[2.486327,48.852375],[2.486618,48.852402],[2.488948,48.85236],[2.489087,48.852322],[2.489175,48.852291],[2.489332,48.852219],[2.489396,48.852165],[2.489476,48.852081],[2.489924,48.850964],[2.490347,48.850006],[2.490429,48.849953],[2.491258,48.847664],[2.491583,48.846573],[2.491887,48.84547],[2.492534,48.843746],[2.492647,48.843262],[2.492723,48.842686],[2.492774,48.842411],[2.492777,48.84227],[2.492755,48.842003],[2.492794,48.841667],[2.492876,48.841095],[2.493089,48.840199],[2.493325,48.839417],[2.493462,48.839008],[2.493676,48.83844],[2.493772,48.838112],[2.493772,48.838112],[2.494025,48.837006],[2.494064,48.836632],[2.494002,48.836212],[2.493876,48.835835],[2.493742,48.835567],[2.493565,48.835255],[2.493192,48.83469],[2.493046,48.834435],[2.492987,48.834312],[2.492932,48.834133],[2.492824,48.833862],[2.492731,48.833378],[2.492729,48.833199],[2.492736,48.832996],[2.492805,48.83276],[2.492923,48.832539],[2.49296,48.832409],[2.493003,48.832027],[2.493084,48.830952],[2.493115,48.830624],[2.493078,48.830566],[2.493059,48.830448],[2.49305,48.830254],[2.493064,48.82999],[2.493058,48.82991],[2.493037,48.829819],[2.493001,48.829735],[2.492937,48.829662],[2.492886,48.829617],[2.492815,48.829575],[2.492714,48.829536],[2.492556,48.829514],[2.492473,48.829514],[2.492373,48.829521],[2.492287,48.829544],[2.49221,48.829575],[2.492161,48.829601],[2.492119,48.829632],[2.492078,48.829681],[2.49202,48.829777],[2.492014,48.829811],[2.492019,48.829933],[2.492099,48.830036],[2.492129,48.830063],[2.492225,48.830124],[2.492446,48.830196],[2.492513,48.830208],[2.492626,48.830215],[2.493332,48.830219],[2.493408,48.830227],[2.493505,48.830261],[2.494146,48.830231],[2.494607,48.830185],[2.495873,48.830021],[2.496939,48.829796],[2.497963,48.829563],[2.499516,48.829136],[2.500235,48.828907],[2.501104,48.828659],[2.502604,48.828266],[2.50325,48.828114],[2.503642,48.827984],[2.504241,48.827816],[2.505393,48.827515],[2.506041,48.82737],[2.506463,48.827293],[2.506841,48.827244],[2.507306,48.827206],[2.50819,48.827148],[2.508374,48.82711],[2.509543,48.826897],[2.509616,48.826447],[2.509848,48.825443],[2.509877,48.825294],[2.510065,48.82452],[2.510065,48.82452],[2.510305,48.823544],[2.511,48.823612],[2.511242,48.823608],[2.512161,48.82349],[2.512423,48.823444],[2.512529,48.823521],[2.512526,48.823708],[2.513221,48.82378],[2.513397,48.823776],[2.513569,48.823742],[2.514782,48.823437],[2.515735,48.823181],[2.516121,48.82309],[2.515958,48.824398],[2.515937,48.824512],[2.51589,48.824646],[2.515775,48.824928],[2.515729,48.825005],[2.515534,48.825188],[2.515485,48.825272],[2.515483,48.825329],[2.515512,48.825405],[2.515588,48.825478],[2.515669,48.82552],[2.515754,48.825539],[2.516779,48.825527],[2.516921,48.82555],[2.516974,48.825581],[2.516996,48.825603],[2.517022,48.825653],[2.51721,48.826115],[2.517266,48.826172],[2.517312,48.826206],[2.517389,48.826225],[2.519991,48.82605],[2.520812,48.826015],[2.521028,48.826035],[2.521184,48.826084],[2.521256,48.826061],[2.521337,48.826057],[2.521745,48.826099],[2.522126,48.82616],[2.52262,48.826267],[2.524004,48.826649],[2.525457,48.827141],[2.525641,48.82719],[2.525896,48.827225],[2.52619,48.827251],[2.527121,48.827301],[2.527379,48.827267],[2.527456,48.827244],[2.527504,48.827183],[2.527592,48.827129],[2.527643,48.827114],[2.527754,48.827099],[2.527865,48.82711],[2.527964,48.827145],[2.528039,48.827202],[2.528064,48.827232],[2.528215,48.827259],[2.529416,48.827259],[2.529568,48.827274],[2.533473,48.827217],[2.534982,48.827076],[2.535319,48.827034],[2.536506,48.826817],[2.536899,48.826756],[2.537135,48.826736],[2.537615,48.826714],[2.538658,48.826694],[2.539486,48.826611],[2.539781,48.826626],[2.540027,48.826672],[2.540217,48.826641],[2.540243,48.826618],[2.540279,48.826599],[2.540322,48.826591],[2.540312,48.826538],[2.540408,48.82605],[2.540511,48.825661],[2.540648,48.825203],[2.541069,48.82402],[2.541112,48.823879],[2.541134,48.823727],[2.54113,48.823566],[2.541096,48.823505],[2.541108,48.823452],[2.541154,48.823338],[2.54114,48.823326],[2.541128,48.823292],[2.541133,48.823269],[2.541151,48.823246],[2.54121,48.823219],[2.541246,48.823219],[2.541296,48.823231],[2.541333,48.823254],[2.541446,48.823242],[2.541493,48.82325],[2.542274,48.823437],[2.542679,48.82354],[2.543234,48.823639],[2.54411,48.82386],[2.54411,48.82386],[2.544448,48.823948],[2.54457,48.823967],[2.544594,48.823944],[2.54463,48.823929],[2.544672,48.823921],[2.544714,48.823929],[2.544755,48.823952],[2.544771,48.823971],[2.544776,48.823997],[2.544763,48.824028],[2.544729,48.824051],[2.544662,48.824062],[2.544613,48.824055],[2.544576,48.824028],[2.544414,48.823997],[2.543319,48.82373],[2.543199,48.823708],[2.542896,48.823669],[2.542564,48.823597],[2.542112,48.823448],[2.541477,48.823303],[2.541433,48.823303],[2.541333,48.82333],[2.541283,48.823357],[2.54125,48.823364],[2.541208,48.823467],[2.541185,48.823505],[2.54113,48.823566],[2.541134,48.823727],[2.541112,48.823879],[2.541069,48.82402],[2.540648,48.825203],[2.540511,48.825661],[2.540408,48.82605],[2.540312,48.826538],[2.540322,48.826591],[2.540384,48.826595],[2.540439,48.826614],[2.540478,48.826645],[2.54049,48.826679],[2.540482,48.826717],[2.540456,48.826748],[2.540417,48.826771],[2.540319,48.826778],[2.540274,48.826767],[2.54024,48.826752],[2.540215,48.826725],[2.540127,48.826714],[2.540027,48.826672],[2.539781,48.826626],[2.539486,48.826611],[2.538658,48.826694],[2.53837,48.827465],[2.538243,48.827766],[2.537668,48.82922],[2.537597,48.829433],[2.537675,48.829414],[2.539334,48.829128],[2.53942,48.829197],[2.539299,48.829464],[2.539464,48.829769],[2.539648,48.830067],[2.539826,48.830315],[2.540495,48.831005],[2.540843,48.831276],[2.541215,48.831528],[2.54166,48.831776],[2.541884,48.831882],[2.543422,48.832535],[2.543689,48.832642],[2.543926,48.832714],[2.544266,48.832779],[2.544382,48.832817],[2.544969,48.833076],[2.545565,48.833321],[2.545786,48.833424],[2.546033,48.833549],[2.546414,48.833797],[2.546741,48.834084],[2.546845,48.83419],[2.547027,48.834412],[2.547093,48.834511],[2.547344,48.834995],[2.547412,48.835258],[2.547437,48.835403],[2.547447,48.835529],[2.547426,48.835701],[2.547429,48.835777],[2.547481,48.8358],[2.547523,48.835835],[2.547553,48.835869],[2.547568,48.835911],[2.547568,48.835953],[2.547553,48.835995],[2.54752,48.836037],[2.547471,48.836071],[2.547427,48.836128],[2.547417,48.836166],[2.547451,48.836403],[2.547439,48.836777],[2.54744,48.836906],[2.547453,48.836964],[2.547495,48.837025],[2.547582,48.837051],[2.547654,48.837093],[2.547705,48.837147],[2.547729,48.837212],[2.547725,48.837276],[2.547691,48.837337],[2.54763,48.837391],[2.547691,48.837498],[2.547785,48.83762],[2.547908,48.837738],[2.548736,48.838474],[2.549403,48.839081],[2.549964,48.839619],[2.550682,48.840252],[2.550793,48.84026],[2.550857,48.840279],[2.55091,48.840309],[2.550949,48.840347],[2.550972,48.840393],[2.550974,48.840443],[2.550956,48.840488],[2.550928,48.840523],[2.550889,48.840553],[2.550813,48.840584],[2.550829,48.840668],[2.550922,48.840836],[2.550937,48.840858],[2.550997,48.840904],[2.551032,48.840912],[2.551611,48.840916],[2.552298,48.840851],[2.552538,48.840851]],[[2.552574,48.840633],[2.551105,48.840626],[2.550889,48.840553],[2.550813,48.840584],[2.550738,48.840595],[2.550658,48.840591],[2.550584,48.840572],[2.550522,48.840538],[2.550478,48.840496],[2.550458,48.84045],[2.550458,48.840401],[2.550479,48.840351],[2.550182,48.840057],[2.549779,48.839695],[2.549592,48.839516],[2.548755,48.838787],[2.548204,48.83828],[2.547642,48.837746],[2.547499,48.837551],[2.547401,48.837452],[2.5473,48.83744],[2.547208,48.837414],[2.547134,48.837364],[2.547084,48.837303],[2.547067,48.837231],[2.547086,48.837162],[2.547122,48.837112],[2.547174,48.837074],[2.54724,48.83704],[2.547259,48.836941],[2.547301,48.836243],[2.547295,48.836178],[2.547262,48.83614],[2.547215,48.836102],[2.547156,48.836082],[2.547105,48.836056],[2.547066,48.836021],[2.547041,48.835979],[2.547032,48.835938],[2.547038,48.835896],[2.547064,48.83585],[2.547106,48.835812],[2.547163,48.835781],[2.54723,48.835762],[2.5473,48.835659],[2.547322,48.835567],[2.547323,48.835468],[2.547257,48.835098],[2.547174,48.834911],[2.546985,48.834522],[2.546798,48.83427],[2.546706,48.834175],[2.546543,48.834023],[2.546228,48.833771],[2.545946,48.833595],[2.545707,48.833466],[2.545469,48.833355],[2.543962,48.832779],[2.543689,48.832642],[2.541884,48.831882],[2.54166,48.831776],[2.541215,48.831528],[2.540843,48.831276],[2.540495,48.831005],[2.539826,48.830315],[2.539648,48.830067],[2.539464,48.829769],[2.53924,48.829357],[2.540237,48.826836],[2.540274,48.826767],[2.54024,48.826752],[2.540215,48.826725],[2.540202,48.826687],[2.540217,48.826641],[2.540243,48.826618],[2.540279,48.826599],[2.540322,48.826591],[2.540312,48.826538],[2.540408,48.82605],[2.540511,48.825661],[2.540648,48.825203],[2.541069,48.82402],[2.541112,48.823879],[2.541134,48.823727],[2.54113,48.823566],[2.541096,48.823505],[2.541108,48.823452],[2.541154,48.823338],[2.54114,48.823326],[2.541128,48.823292],[2.541133,48.823269],[2.541151,48.823246],[2.54121,48.823219],[2.541246,48.823219],[2.541296,48.823231],[2.541333,48.823254],[2.541446,48.823242],[2.541493,48.82325],[2.542274,48.823437],[2.542679,48.82354],[2.543234,48.823639],[2.54411,48.82386],[2.54411,48.82386],[2.544448,48.823948],[2.54457,48.823967],[2.544594,48.823944],[2.54463,48.823929],[2.544672,48.823921],[2.544714,48.823929],[2.544755,48.823952],[2.544771,48.823971],[2.544776,48.823997],[2.545056,48.824059],[2.546328,48.824455],[2.546453,48.824501],[2.546492,48.824535],[2.546544,48.824654],[2.546515,48.824692],[2.546512,48.824741],[2.54661,48.825085],[2.546762,48.825165],[2.546959,48.825218],[2.547284,48.825264],[2.547336,48.825275],[2.547606,48.825378],[2.547648,48.825699],[2.548143,48.825649],[2.54821,48.825645],[2.548266,48.825653],[2.548315,48.825668],[2.54834,48.825695],[2.548518,48.82613],[2.548647,48.8265],[2.548667,48.82658],[2.548685,48.826809],[2.549584,48.826782],[2.549886,48.826782],[2.549976,48.826763],[2.550013,48.826736],[2.55006,48.826717],[2.550113,48.82671],[2.550168,48.82671],[2.550223,48.826721],[2.55027,48.826744],[2.550306,48.826775],[2.550324,48.826805],[2.550618,48.826969],[2.551467,48.827335],[2.554471,48.828606],[2.556077,48.829372],[2.556321,48.829472],[2.556947,48.829685],[2.5581,48.830025],[2.558147,48.830036],[2.558517,48.830067],[2.560913,48.830116],[2.561232,48.830105],[2.56148,48.83007],[2.562278,48.829918],[2.564619,48.829517],[2.565403,48.829399],[2.566225,48.829285],[2.56664,48.829235],[2.567905,48.829109],[2.568141,48.829105],[2.5684,48.829128],[2.568411,48.829041],[2.568396,48.828873],[2.568523,48.828796],[2.56861,48.828773],[2.568791,48.828709],[2.572457,48.827198],[2.573978,48.826561],[2.574317,48.826431],[2.574658,48.826283],[2.575254,48.82605],[2.577231,48.82523],[2.577386,48.825176],[2.577472,48.825134],[2.577603,48.825054],[2.578874,48.823795],[2.57949,48.823467],[2.579527,48.823456],[2.579589,48.823456],[2.58122,48.823753],[2.581311,48.823746],[2.581413,48.823711],[2.581436,48.823673],[2.581503,48.82362],[2.581611,48.823601],[2.582086,48.823784],[2.582086,48.823784],[2.582217,48.823841],[2.582789,48.824028],[2.582935,48.82407],[2.583055,48.824123],[2.583363,48.824364],[2.583689,48.8246],[2.584014,48.824795],[2.584281,48.824932],[2.584692,48.825115],[2.585102,48.825283],[2.585172,48.825321],[2.585183,48.825356],[2.585169,48.825405],[2.584933,48.825634],[2.584842,48.825779],[2.583821,48.826805],[2.583503,48.827099],[2.58193,48.828693],[2.581778,48.828884],[2.581613,48.829052],[2.581419,48.829216],[2.581298,48.82935],[2.581253,48.82943],[2.581239,48.829502],[2.58131,48.829971],[2.583253,48.830139],[2.583485,48.830135],[2.584968,48.830273],[2.584808,48.830601],[2.584733,48.830673],[2.584641,48.830746],[2.58428,48.83139],[2.584223,48.831512],[2.584061,48.831886],[2.583972,48.832115],[2.58353,48.833488],[2.58347,48.833721],[2.583466,48.833778],[2.583477,48.833832],[2.583498,48.83387],[2.583532,48.833897],[2.583593,48.833931],[2.583639,48.833969],[2.583669,48.834019],[2.58374,48.834091],[2.58382,48.834129],[2.583927,48.834145],[2.586694,48.834122],[2.587302,48.83411],[2.588113,48.834064],[2.588459,48.834023],[2.588682,48.834061],[2.590484,48.83379],[2.592002,48.83353],[2.598172,48.832329],[2.602323,48.831535],[2.60315,48.831383],[2.606197,48.830849],[2.607798,48.830612],[2.607881,48.830544],[2.609373,48.830315],[2.610774,48.830147],[2.611881,48.830032],[2.613444,48.829895],[2.613782,48.829857],[2.614044,48.829811],[2.614323,48.829735],[2.614616,48.829636],[2.614883,48.829521],[2.615843,48.829018],[2.615965,48.828922],[2.616169,48.828804],[2.616285,48.828724],[2.616429,48.828606],[2.616577,48.828472],[2.616674,48.828358],[2.616806,48.828148],[2.616914,48.827881],[2.616947,48.827763],[2.616964,48.827644],[2.616965,48.827526],[2.616935,48.827312],[2.616882,48.827114],[2.616836,48.827007],[2.616717,48.826797],[2.616277,48.826145],[2.615809,48.825481],[2.615543,48.825176],[2.615369,48.824997],[2.614972,48.824551],[2.614676,48.824123],[2.614496,48.823685],[2.614449,48.823425],[2.614457,48.823086],[2.614488,48.822906],[2.614534,48.822712],[2.614604,48.822495],[2.615171,48.821018],[2.615278,48.820763],[2.615556,48.820206],[2.615808,48.819836],[2.615925,48.819679],[2.616188,48.819363],[2.616554,48.818985],[2.616838,48.818733],[2.617109,48.81852],[2.617795,48.818066],[2.617942,48.818005],[2.618524,48.817665],[2.618973,48.81744],[2.619579,48.817165],[2.621018,48.816589],[2.621886,48.816288],[2.624718,48.815216],[2.625141,48.815037],[2.625808,48.814728],[2.626348,48.814438],[2.626893,48.814114],[2.62718,48.813911],[2.627808,48.813431],[2.628149,48.813122],[2.628407,48.812874],[2.628651,48.812611],[2.628878,48.81234],[2.629089,48.812065],[2.629266,48.81181],[2.629429,48.811539],[2.629597,48.811234],[2.62975,48.81089],[2.629884,48.810532],[2.629989,48.810173],[2.630068,48.809837],[2.630116,48.809502],[2.630141,48.809227],[2.63015,48.808949],[2.630135,48.80862],[2.630103,48.808296],[2.630054,48.80801],[2.629997,48.807739],[2.629912,48.807438],[2.6298,48.807129],[2.629657,48.806801],[2.629495,48.806484],[2.629294,48.806145],[2.629061,48.805801],[2.628906,48.805756],[2.628385,48.805206],[2.62769,48.804573],[2.627057,48.803825],[2.626158,48.802597],[2.626065,48.802486],[2.625954,48.80238],[2.625852,48.802315],[2.625671,48.802242],[2.625572,48.802219],[2.625352,48.802208],[2.625262,48.802212],[2.625154,48.802231],[2.625077,48.802258],[2.62499,48.802288],[2.624908,48.80233],[2.624831,48.802387],[2.624762,48.80246],[2.624709,48.80254],[2.624666,48.80262],[2.624611,48.802753],[2.624592,48.802834],[2.624582,48.802925],[2.624585,48.802982],[2.624604,48.803074],[2.62465,48.803143],[2.624827,48.803246],[2.624895,48.803249],[2.625024,48.80328],[2.625077,48.803303],[2.625149,48.803356],[2.625175,48.803391],[2.625199,48.803448],[2.625203,48.80352],[2.625185,48.803574],[2.625129,48.803638],[2.625068,48.803677],[2.62495,48.803715],[2.624816,48.80373],[2.624661,48.80378],[2.624272,48.803967],[2.623937,48.804104],[2.6235,48.804253],[2.622671,48.804527],[2.622251,48.804653],[2.622049,48.804695],[2.621802,48.804707],[2.621638,48.804749],[2.621595,48.804798],[2.621528,48.804836],[2.621446,48.804855],[2.621402,48.804855],[2.621316,48.804848],[2.621251,48.804825],[2.62118,48.804768],[2.621161,48.804737],[2.621153,48.804703],[2.621154,48.804672],[2.621182,48.804615],[2.621238,48.804569],[2.621278,48.804405],[2.621332,48.804302],[2.621332,48.804302],[2.621511,48.804001],[2.621609,48.804031],[2.621388,48.804413],[2.621399,48.804493],[2.621418,48.804527],[2.621506,48.804543],[2.621726,48.804649],[2.621802,48.804668],[2.622049,48.804695],[2.622251,48.804653],[2.622463,48.804482],[2.623366,48.804192],[2.623929,48.804031],[2.624307,48.803864],[2.624366,48.803825],[2.624402,48.803795],[2.624475,48.803699],[2.624496,48.803577],[2.624473,48.803497],[2.624489,48.803421],[2.624508,48.803383],[2.624537,48.803349],[2.624632,48.803288],[2.624699,48.803265],[2.624827,48.803246],[2.624895,48.803249],[2.625024,48.80328],[2.625077,48.803303],[2.625149,48.803356],[2.625379,48.803436],[2.625671,48.803459],[2.625865,48.803421],[2.62646,48.803253],[2.627519,48.802902],[2.628017,48.8027],[2.628155,48.802631],[2.628268,48.802544],[2.628302,48.802498],[2.628344,48.80238],[2.628299,48.802338],[2.628267,48.802292],[2.628248,48.802242],[2.628243,48.802193],[2.628256,48.802132],[2.628287,48.802078],[2.628337,48.802025],[2.628402,48.801983],[2.628475,48.801956],[2.628555,48.801933],[2.628634,48.801926],[2.628713,48.801929],[2.62879,48.801941],[2.628863,48.80196],[2.628953,48.802006],[2.629191,48.802074],[2.629389,48.802086],[2.629542,48.802082],[2.629634,48.802071],[2.630123,48.801945],[2.630646,48.801792],[2.632848,48.801067],[2.63297,48.801018],[2.633019,48.800983],[2.633123,48.800865],[2.633201,48.800751],[2.633246,48.800716],[2.633327,48.800674],[2.633486,48.800621],[2.633513,48.800591],[2.633608,48.800549],[2.63365,48.800541],[2.633749,48.800537],[2.633848,48.800579],[2.634039,48.800594],[2.634156,48.800587],[2.634314,48.800591],[2.634509,48.800552],[2.634647,48.800514],[2.635552,48.800228],[2.63622,48.799969],[2.636834,48.799763],[2.636904,48.799728],[2.636947,48.799686],[2.637009,48.799603],[2.637016,48.799572],[2.637038,48.799545],[2.637071,48.799522],[2.637112,48.799511],[2.637158,48.799507],[2.637203,48.799515],[2.637243,48.79953],[2.637286,48.799568],[2.637497,48.799545],[2.637684,48.799496],[2.638239,48.799282],[2.638637,48.799141],[2.638822,48.799053],[2.639036,48.798927],[2.639169,48.798817],[2.63957,48.798416],[2.63988,48.798065],[2.64014,48.797787],[2.640286,48.797676],[2.640429,48.797596],[2.640575,48.797527],[2.642059,48.796986],[2.642179,48.796932],[2.642308,48.796867],[2.642441,48.796787],[2.642569,48.79668],[2.642675,48.796551],[2.642747,48.796436],[2.64288,48.796169],[2.643072,48.795662],[2.64315,48.795437],[2.643192,48.795349],[2.643365,48.79509],[2.643503,48.794937],[2.643669,48.794823],[2.643816,48.794758],[2.644248,48.794594],[2.645453,48.794178],[2.645625,48.794094],[2.645822,48.794014],[2.645891,48.793961],[2.645903,48.7939],[2.64594,48.793839],[2.646001,48.793793],[2.646078,48.793755],[2.646168,48.793736],[2.646262,48.793732],[2.646362,48.793747],[2.646451,48.793777],[2.646604,48.793755],[2.647005,48.793613],[2.647237,48.793552],[2.647589,48.793934],[2.647766,48.794106],[2.647987,48.794353],[2.648056,48.794403],[2.648131,48.794441],[2.64826,48.794487],[2.648285,48.794453],[2.648355,48.794415],[2.648442,48.794411],[2.64852,48.794437],[2.648558,48.794472],[2.648569,48.794514],[2.648565,48.794537],[2.648536,48.794575],[2.648899,48.794842],[2.649077,48.794945],[2.649352,48.79501],[2.649613,48.795094],[2.649865,48.795197],[2.649865,48.795197],[2.649934,48.795238],[2.649932,48.795284],[2.649898,48.795326],[2.649814,48.795338],[2.649729,48.795322],[2.649407,48.795162],[2.649282,48.795094],[2.649077,48.794945],[2.648899,48.794842],[2.648536,48.794575],[2.648484,48.794601],[2.648453,48.794609],[2.648386,48.794613],[2.648324,48.794598],[2.64828,48.794567],[2.648258,48.794529],[2.64826,48.794487],[2.64795,48.794373],[2.647859,48.794312],[2.647691,48.79414],[2.647652,48.79409],[2.64761,48.794014],[2.647589,48.793934],[2.647281,48.793602],[2.647131,48.793423],[2.647029,48.793274],[2.646976,48.793152],[2.64694,48.79303],[2.646929,48.792904],[2.64693,48.792789],[2.646971,48.792412],[2.646989,48.792313],[2.647033,48.79224],[2.647084,48.792187],[2.647148,48.792141],[2.64729,48.79208],[2.647431,48.792057],[2.648652,48.792076],[2.648743,48.792065],[2.648785,48.792049],[2.648816,48.792027],[2.648861,48.791969],[2.649054,48.791687],[2.649103,48.791626],[2.64917,48.791553],[2.649261,48.791489],[2.649299,48.791477],[2.649386,48.79147],[2.649974,48.791462],[2.65015,48.791447],[2.650197,48.791416],[2.650219,48.791389],[2.650237,48.791355],[2.650316,48.791065],[2.650027,48.791019],[2.649971,48.791004],[2.649917,48.790981],[2.649864,48.790947],[2.649815,48.790905],[2.649761,48.790844],[2.649735,48.790791],[2.649723,48.790741],[2.649767,48.790352],[2.649715,48.790245],[2.649654,48.790176],[2.64958,48.790165],[2.649523,48.790146],[2.649479,48.790112],[2.649454,48.79007],[2.649449,48.790039],[2.649457,48.790005],[2.649477,48.789974],[2.649513,48.789944],[2.649562,48.789921],[2.649619,48.789909],[2.649678,48.789909],[2.649735,48.789917],[2.649815,48.789883],[2.649908,48.789864],[2.650063,48.789875],[2.650995,48.789928],[2.651193,48.789951],[2.651962,48.7901],[2.652241,48.790131],[2.652349,48.790131],[2.652579,48.790108],[2.652806,48.790054],[2.653226,48.789936],[2.653271,48.789932],[2.653333,48.789955],[2.653389,48.789963],[2.656331,48.790176],[2.656433,48.790138],[2.656469,48.790104],[2.656569,48.789978],[2.656483,48.789589],[2.656424,48.789131],[2.656429,48.788971],[2.65638,48.788357],[2.656352,48.788265],[2.656335,48.78817],[2.656328,48.787952],[2.656353,48.787781],[2.656358,48.787205],[2.656333,48.786968],[2.656354,48.786861],[2.656373,48.786156],[2.65642,48.78582],[2.656443,48.785694],[2.656471,48.785599],[2.656527,48.785286],[2.656562,48.785034],[2.656558,48.784904],[2.656538,48.78484],[2.656538,48.784782],[2.656551,48.784748],[2.656655,48.784592],[2.656937,48.784058],[2.657515,48.783104],[2.657648,48.782879],[2.657729,48.782726],[2.657767,48.782619],[2.657807,48.78244],[2.657739,48.782425],[2.657691,48.782398],[2.657662,48.782356],[2.657661,48.782307],[2.657692,48.782265],[2.657747,48.782234],[2.657817,48.782223],[2.657897,48.782238],[2.658719,48.781105],[2.65894,48.780754],[2.659055,48.780602],[2.659194,48.780449],[2.659753,48.779957],[2.662273,48.777798],[2.662574,48.777534],[2.662806,48.77729],[2.663115,48.776897],[2.664033,48.775463],[2.664284,48.775108],[2.664463,48.774899],[2.66474,48.774689],[2.664878,48.774597],[2.666073,48.773891],[2.666311,48.773762],[2.666589,48.773548],[2.666732,48.773411],[2.666877,48.773232],[2.666956,48.773106],[2.667052,48.772919],[2.667228,48.772465],[2.667537,48.771523],[2.667714,48.770958],[2.668856,48.771076],[2.674762,48.77174],[2.674808,48.771744],[2.674966,48.771736],[2.675007,48.771702],[2.675285,48.771885],[2.675336,48.771889],[2.675461,48.771854],[2.676057,48.772732],[2.676181,48.7729],[2.676225,48.772892],[2.676315,48.7729],[2.67638,48.772938],[2.676398,48.772961],[2.676407,48.772987],[2.677209,48.773029],[2.677506,48.772987],[2.677776,48.772964],[2.677836,48.77298],[2.677887,48.773003],[2.677922,48.773041],[2.677938,48.773079],[2.679919,48.77319],[2.679937,48.773151],[2.679957,48.773136],[2.680011,48.773117],[2.680042,48.773117],[2.680105,48.773132],[2.68013,48.773148],[2.680146,48.773167],[2.680154,48.77319],[2.680151,48.773209],[2.680247,48.773209],[2.682381,48.773331],[2.682383,48.773312],[2.682393,48.773293],[2.682437,48.773266],[2.682488,48.773258],[2.682514,48.773266],[2.682754,48.772903],[2.682872,48.772774],[2.682998,48.772655],[2.68317,48.772511],[2.683338,48.772408],[2.683767,48.772182],[2.6842,48.771988],[2.684823,48.771782],[2.684998,48.771732],[2.68558,48.771591],[2.685849,48.77158],[2.68612,48.771542],[2.686296,48.771526],[2.686831,48.771515],[2.687123,48.771519],[2.68738,48.771538],[2.687969,48.771603],[2.688051,48.77153],[2.688458,48.771114],[2.688518,48.77108],[2.688946,48.770916],[2.688994,48.770874],[2.689019,48.770836],[2.689231,48.770367],[2.689254,48.770302],[2.689258,48.77026],[2.689258,48.77026],[2.689252,48.770226],[2.689224,48.770184],[2.68885,48.769733],[2.688831,48.769703],[2.688821,48.769669],[2.688818,48.769627],[2.68883,48.769581],[2.689251,48.76878],[2.689277,48.768719],[2.689234,48.768616],[2.689154,48.768517],[2.689101,48.768482],[2.689071,48.76844],[2.689066,48.768398],[2.689082,48.76836],[2.689116,48.768326],[2.689165,48.768299],[2.689224,48.768288],[2.689286,48.768288],[2.689344,48.768299],[2.689394,48.768326],[2.689428,48.76836],[2.689533,48.768322],[2.689841,48.768192],[2.690073,48.768055],[2.690391,48.767826],[2.690651,48.767586],[2.690778,48.767448],[2.690894,48.767303],[2.69189,48.765728],[2.692002,48.765575],[2.692109,48.76545],[2.692355,48.765232],[2.692616,48.765064],[2.693577,48.764561],[2.693777,48.764431],[2.694624,48.763699],[2.694817,48.763519],[2.694893,48.763424],[2.694984,48.763252],[2.695013,48.76321],[2.695163,48.763103],[2.695374,48.763004],[2.695996,48.762592],[2.696177,48.762466],[2.696342,48.762329],[2.696952,48.761776],[2.697523,48.761204],[2.697847,48.760914],[2.698749,48.759987],[2.699819,48.759014],[2.700249,48.758633],[2.70032,48.758541],[2.700339,48.758503],[2.700365,48.758411],[2.700369,48.758331],[2.700358,48.758259],[2.700334,48.758186],[2.699984,48.757435],[2.699911,48.757244],[2.699834,48.757252],[2.699758,48.75724],[2.69969,48.757217],[2.699636,48.757183],[2.6996,48.757137],[2.699586,48.757088],[2.699593,48.757038],[2.699621,48.756996],[2.699676,48.75695],[2.699749,48.756924],[2.699831,48.756912],[2.699916,48.756916],[2.699992,48.756943],[2.700053,48.756981],[2.70009,48.75703],[2.700262,48.757008],[2.701976,48.756695],[2.702612,48.756557],[2.703005,48.756458],[2.703247,48.756374],[2.703517,48.756256],[2.704346,48.755817],[2.704654,48.755623],[2.704779,48.755623],[2.704855,48.75565],[2.705013,48.75563],[2.705067,48.755867],[2.705154,48.756313],[2.70529,48.756382],[2.705365,48.756405],[2.705584,48.756439],[2.706507,48.756142],[2.707256,48.755936],[2.710146,48.755219],[2.712161,48.754753],[2.717726,48.753689],[2.719068,48.753334],[2.720459,48.752895],[2.722383,48.752243],[2.722835,48.752045],[2.723266,48.751682],[2.724745,48.749073],[2.724987,48.748806],[2.72933,48.745514],[2.72933,48.745514],[2.731106,48.744167],[2.731304,48.744038],[2.731401,48.743992],[2.731537,48.743938],[2.731658,48.743904],[2.731822,48.74387],[2.733933,48.743568],[2.734053,48.743538],[2.734152,48.743507],[2.734246,48.743465],[2.734338,48.743416],[2.73443,48.743332],[2.734479,48.743267],[2.734551,48.743149],[2.734905,48.7425],[2.734933,48.742393],[2.73489,48.742378],[2.734856,48.742359],[2.734833,48.742332],[2.734823,48.742302],[2.734829,48.742271],[2.734849,48.742241],[2.734879,48.742222],[2.734918,48.742207],[2.734962,48.742199],[2.735007,48.742203],[2.735048,48.742214],[2.735083,48.742229],[2.735234,48.742104],[2.73532,48.742004],[2.735561,48.741753],[2.736115,48.741188],[2.736225,48.741085],[2.736372,48.741009],[2.737166,48.740704],[2.737797,48.740425],[2.738223,48.740234],[2.739007,48.739811],[2.739252,48.739712],[2.739327,48.739693],[2.739515,48.739685],[2.73961,48.7397],[2.73969,48.739723],[2.740529,48.740227],[2.74068,48.740269],[2.7421,48.74041],[2.742383,48.740406],[2.742522,48.740379],[2.742703,48.74033],[2.742864,48.740261],[2.742964,48.740192],[2.743054,48.740108],[2.74313,48.740021],[2.743229,48.739857],[2.743415,48.739594],[2.743499,48.739502],[2.743596,48.739422],[2.743882,48.739254],[2.743977,48.739212],[2.74416,48.739155],[2.744358,48.739109],[2.744701,48.739067],[2.746844,48.739006],[2.750815,48.738937],[2.754394,48.738853],[2.754934,48.73885],[2.755297,48.738838],[2.758917,48.738758],[2.759181,48.738735],[2.759323,48.738701],[2.759464,48.738651],[2.759531,48.738579],[2.760333,48.738113],[2.760533,48.738228],[2.760715,48.738312],[2.76093,48.738457],[2.761495,48.738735],[2.761151,48.738926],[2.760392,48.739292],[2.760084,48.739418],[2.759528,48.739601]],[[2.759181,48.738735],[2.758917,48.738758],[2.755297,48.738838],[2.754934,48.73885],[2.754394,48.738853],[2.750815,48.738937],[2.746844,48.739006],[2.744701,48.739067],[2.744358,48.739109],[2.74416,48.739155],[2.743977,48.739212],[2.743882,48.739254],[2.743596,48.739422],[2.743499,48.739502],[2.743415,48.739594],[2.743229,48.739857],[2.74313,48.740021],[2.743054,48.740108],[2.742964,48.740192],[2.742864,48.740261],[2.742703,48.74033],[2.742522,48.740379],[2.742383,48.740406],[2.7421,48.74041],[2.74068,48.740269],[2.740529,48.740227],[2.73969,48.739723],[2.73961,48.7397],[2.739515,48.739685],[2.739327,48.739693],[2.739252,48.739712],[2.739007,48.739811],[2.738223,48.740234],[2.737166,48.740704],[2.736372,48.741009],[2.736225,48.741085],[2.736115,48.741188],[2.735561,48.741753],[2.73532,48.742004],[2.735234,48.742104],[2.735083,48.742229],[2.735109,48.742256],[2.735121,48.742287],[2.735118,48.742321],[2.7351,48.742348],[2.735068,48.742374],[2.735027,48.74239],[2.73498,48.742397],[2.734933,48.742393],[2.734905,48.7425],[2.734551,48.743149],[2.734479,48.743267],[2.73443,48.743332],[2.734338,48.743416],[2.734246,48.743465],[2.734152,48.743507],[2.734053,48.743538],[2.733933,48.743568],[2.731822,48.74387],[2.731658,48.743904],[2.731537,48.743938],[2.731401,48.743992],[2.731304,48.744038],[2.731106,48.744167],[2.72933,48.745514],[2.72933,48.745514],[2.724987,48.748806],[2.724745,48.749073],[2.723266,48.751682],[2.722835,48.752045],[2.722383,48.752243],[2.720459,48.752895],[2.719068,48.753334],[2.717726,48.753689],[2.712161,48.754753],[2.710146,48.755219],[2.707256,48.755936],[2.706507,48.756142],[2.705584,48.756439],[2.705031,48.756561],[2.704891,48.755882],[2.704697,48.75581],[2.704525,48.755772],[2.704346,48.755817],[2.703517,48.756256],[2.703247,48.756374],[2.703005,48.756458],[2.702612,48.756557],[2.701976,48.756695],[2.700262,48.757008],[2.70009,48.75703],[2.700102,48.757084],[2.700087,48.757137],[2.700047,48.757187],[2.699986,48.757221],[2.699911,48.757244],[2.699984,48.757435],[2.700334,48.758186],[2.700358,48.758259],[2.700369,48.758331],[2.700365,48.758411],[2.700339,48.758503],[2.70032,48.758541],[2.700249,48.758633],[2.699819,48.759014],[2.698749,48.759987],[2.697847,48.760914],[2.697523,48.761204],[2.696952,48.761776],[2.696342,48.762329],[2.696177,48.762466],[2.695996,48.762592],[2.695374,48.763004],[2.695163,48.763103],[2.695013,48.76321],[2.694984,48.763252],[2.694893,48.763424],[2.694817,48.763519],[2.694624,48.763699],[2.693777,48.764431],[2.693577,48.764561],[2.692616,48.765064],[2.692355,48.765232],[2.692109,48.76545],[2.692002,48.765575],[2.69189,48.765728],[2.690955,48.767208],[2.690894,48.767303],[2.690778,48.767448],[2.690651,48.767586],[2.690391,48.767826],[2.690073,48.768055],[2.689841,48.768192],[2.689772,48.768223],[2.689533,48.768322],[2.689428,48.76836],[2.689442,48.768391],[2.689445,48.768421],[2.689435,48.768452],[2.689413,48.768482],[2.689379,48.768505],[2.689251,48.76878],[2.68883,48.769581],[2.688818,48.769627],[2.688821,48.769669],[2.688831,48.769703],[2.68885,48.769733],[2.689224,48.770184],[2.689252,48.770226],[2.689258,48.77026],[2.689258,48.77026],[2.689254,48.770302],[2.689231,48.770367],[2.689019,48.770836],[2.688994,48.770874],[2.688946,48.770916],[2.688518,48.77108],[2.688458,48.771114],[2.688051,48.77153],[2.687374,48.772167],[2.687145,48.77235],[2.686823,48.772652],[2.686624,48.772873],[2.686101,48.773365],[2.685998,48.773453],[2.686033,48.773476],[2.686055,48.77351],[2.686061,48.77354],[2.68605,48.773575],[2.686025,48.773605],[2.685987,48.773628],[2.685941,48.773643],[2.685889,48.773647],[2.685838,48.773643],[2.685792,48.773628],[2.685516,48.77388],[2.685411,48.773983],[2.685283,48.774128],[2.683985,48.775345],[2.683999,48.775375],[2.684007,48.775414],[2.683987,48.775478],[2.683966,48.775501],[2.683901,48.775509],[2.683861,48.775497],[2.683832,48.775471],[2.683693,48.775589],[2.683326,48.77594],[2.683097,48.776165],[2.682937,48.776337],[2.682574,48.77668],[2.682605,48.776703],[2.682623,48.77673],[2.682626,48.77676],[2.682614,48.776791],[2.682589,48.776814],[2.682551,48.776833],[2.682506,48.77684],[2.682459,48.77684],[2.682416,48.776829],[2.682328,48.776878],[2.680903,48.778214],[2.680342,48.778755],[2.680373,48.778782],[2.680392,48.778812],[2.680397,48.778843],[2.680389,48.778873],[2.680371,48.778896],[2.680308,48.778934],[2.680585,48.77935],[2.681452,48.780602],[2.682075,48.781387],[2.682953,48.78244],[2.683303,48.782845],[2.683705,48.783356],[2.68417,48.784031],[2.684395,48.784401],[2.684855,48.785248],[2.685132,48.785728],[2.685594,48.786572],[2.68588,48.787022],[2.687631,48.789604],[2.687665,48.789726],[2.687665,48.789822],[2.687723,48.789818],[2.687775,48.789829],[2.687813,48.789845],[2.687845,48.789875],[2.687859,48.789906],[2.687858,48.78994],[2.687849,48.789959],[2.687798,48.790005],[2.687715,48.790024],[2.68766,48.79002],[2.687609,48.790005],[2.687572,48.789978],[2.68755,48.789944],[2.687408,48.789951],[2.687262,48.789951],[2.686818,48.789932],[2.686443,48.789932],[2.683017,48.789993],[2.681848,48.790001],[2.678927,48.790001],[2.678503,48.790012],[2.67803,48.790039],[2.677466,48.790085],[2.674512,48.790321],[2.674066,48.790363],[2.67204,48.790531],[2.671746,48.790588],[2.671417,48.790581],[2.66908,48.790783],[2.667311,48.79092],[2.665402,48.791084],[2.665292,48.791161],[2.665015,48.79137],[2.664698,48.791599],[2.664369,48.791821],[2.663983,48.792057],[2.663826,48.792171],[2.663665,48.792305],[2.663538,48.792431],[2.663485,48.7925],[2.663439,48.792595],[2.663414,48.79269],[2.663357,48.793385],[2.663331,48.793488],[2.663252,48.793587],[2.663135,48.793674],[2.663022,48.793732],[2.660455,48.794575],[2.660336,48.794628],[2.65989,48.794773],[2.659821,48.794807],[2.659781,48.794849],[2.659788,48.794884],[2.659775,48.794926],[2.659757,48.794949],[2.659706,48.794987],[2.659657,48.795002],[2.65957,48.79501],[2.659505,48.794994],[2.659473,48.794983],[2.659428,48.794949],[2.659406,48.794914],[2.6594,48.794872],[2.659415,48.79483],[2.659385,48.794765],[2.659348,48.794727],[2.659294,48.794689],[2.658989,48.794617],[2.656393,48.794064],[2.656296,48.79406],[2.656178,48.794079],[2.655661,48.794254],[2.655553,48.794273],[2.655461,48.794273],[2.655387,48.794258],[2.655296,48.794205],[2.65526,48.794174],[2.655129,48.794006],[2.655063,48.793934],[2.655017,48.793945],[2.654972,48.793949],[2.654929,48.793938],[2.654899,48.793926],[2.654872,48.793903],[2.654858,48.793873],[2.654643,48.793911],[2.65451,48.793964],[2.654333,48.79406],[2.654012,48.794216],[2.653853,48.794281],[2.65322,48.794514],[2.653073,48.794556],[2.652921,48.794579],[2.652777,48.79459],[2.652626,48.794586],[2.651037,48.794411],[2.649532,48.794258],[2.649368,48.794247],[2.649182,48.794247],[2.648959,48.794266],[2.64881,48.794292],[2.648658,48.794346],[2.64852,48.794437],[2.648558,48.794472],[2.648569,48.794514],[2.648565,48.794537],[2.648536,48.794575],[2.648899,48.794842],[2.649077,48.794945],[2.649352,48.79501],[2.649613,48.795094],[2.649865,48.795197],[2.649865,48.795197],[2.649934,48.795238],[2.649932,48.795284],[2.649898,48.795326],[2.649814,48.795338],[2.649729,48.795322],[2.649407,48.795162],[2.649282,48.795094],[2.649077,48.794945],[2.648899,48.794842],[2.648536,48.794575],[2.648484,48.794601],[2.648453,48.794609],[2.648386,48.794613],[2.648324,48.794598],[2.64828,48.794567],[2.648258,48.794529],[2.64826,48.794487],[2.64795,48.794373],[2.647859,48.794312],[2.647691,48.79414],[2.647652,48.79409],[2.64761,48.794014],[2.647589,48.793934],[2.647281,48.793602],[2.647073,48.793655],[2.646754,48.79377],[2.64666,48.793812],[2.646568,48.793896],[2.646582,48.793957],[2.646569,48.794018],[2.646531,48.794075],[2.646451,48.794136],[2.646346,48.794174],[2.646251,48.794186],[2.646154,48.794178],[2.646064,48.794155],[2.645988,48.794113],[2.645831,48.794102],[2.645771,48.794106],[2.645453,48.794178],[2.644248,48.794594],[2.643816,48.794758],[2.643669,48.794823],[2.643503,48.794937],[2.643365,48.79509],[2.643192,48.795349],[2.64315,48.795437],[2.643072,48.795662],[2.64288,48.796169],[2.642747,48.796436],[2.642675,48.796551],[2.642569,48.79668],[2.642441,48.796787],[2.642308,48.796867],[2.642179,48.796932],[2.642059,48.796986],[2.640575,48.797527],[2.640429,48.797596],[2.640286,48.797676],[2.64014,48.797787],[2.63988,48.798065],[2.63957,48.798416],[2.639423,48.798664],[2.639289,48.798843],[2.639211,48.79892],[2.63889,48.799118],[2.63841,48.799301],[2.637715,48.799534],[2.637277,48.799648],[2.637222,48.799683],[2.637147,48.799694],[2.637034,48.799728],[2.636731,48.799858],[2.636249,48.800018],[2.635552,48.800228],[2.634647,48.800514],[2.634509,48.800552],[2.634314,48.800591],[2.634057,48.800663],[2.633977,48.80069],[2.633885,48.800739],[2.633859,48.800766],[2.633805,48.800797],[2.633747,48.800812],[2.633647,48.800812],[2.633591,48.8008],[2.63351,48.800762],[2.633486,48.800732],[2.633315,48.800751],[2.633258,48.80077],[2.633212,48.800797],[2.633123,48.800865],[2.633019,48.800983],[2.63297,48.801018],[2.632848,48.801067],[2.630646,48.801792],[2.630123,48.801945],[2.629624,48.802124],[2.629532,48.802151],[2.62914,48.802212],[2.629069,48.802238],[2.629053,48.802284],[2.629024,48.80233],[2.628983,48.802368],[2.628932,48.802406],[2.628872,48.802433],[2.628805,48.802456],[2.62866,48.802475],[2.628558,48.802513],[2.62823,48.802681],[2.627853,48.802814],[2.627519,48.802902],[2.62646,48.803253],[2.625865,48.803421],[2.625671,48.803459],[2.625379,48.803532],[2.625274,48.803547],[2.625185,48.803574],[2.625129,48.803638],[2.625068,48.803677],[2.62495,48.803715],[2.624816,48.80373],[2.624661,48.80378],[2.624272,48.803967],[2.623937,48.804104],[2.6235,48.804253],[2.622671,48.804527],[2.622251,48.804653],[2.622049,48.804695],[2.621802,48.804707],[2.621638,48.804749],[2.621595,48.804798],[2.621528,48.804836],[2.621446,48.804855],[2.621402,48.804855],[2.621316,48.804848],[2.621251,48.804825],[2.62118,48.804768],[2.621161,48.804737],[2.621153,48.804703],[2.621154,48.804672],[2.621182,48.804615],[2.621238,48.804569],[2.621278,48.804405],[2.621332,48.804302],[2.621511,48.804001],[2.621609,48.804031],[2.621443,48.804317],[2.621443,48.804317],[2.621388,48.804413],[2.621399,48.804493],[2.621418,48.804527],[2.621506,48.804543],[2.621546,48.804558],[2.6216,48.804592],[2.621626,48.804619],[2.621644,48.804649],[2.621652,48.804684],[2.62165,48.804714],[2.621638,48.804749],[2.621595,48.804798],[2.621528,48.804836],[2.621446,48.804855],[2.621402,48.804855],[2.621316,48.804848],[2.621002,48.80497],[2.620519,48.805149],[2.620144,48.805244],[2.618953,48.805634],[2.618451,48.805782],[2.618085,48.805916],[2.617764,48.806046],[2.617557,48.806114],[2.617439,48.806198],[2.617385,48.806305],[2.617377,48.806454],[2.617423,48.806622],[2.617536,48.806759],[2.617709,48.806889],[2.617871,48.806995],[2.619436,48.807751],[2.619623,48.807781],[2.619673,48.8078],[2.619781,48.807793],[2.619887,48.807812],[2.619933,48.807831],[2.619972,48.807858],[2.620001,48.807888],[2.620027,48.807949],[2.620225,48.808102],[2.620329,48.808147],[2.62043,48.80822],[2.620577,48.808372],[2.620644,48.808491],[2.620681,48.808571],[2.620899,48.809212],[2.621209,48.8102],[2.621231,48.810314],[2.621286,48.810318],[2.62131,48.810326],[2.621337,48.81036],[2.621331,48.810394],[2.621316,48.81041],[2.621268,48.810429],[2.62139,48.81073],[2.62145,48.810844],[2.621519,48.810947],[2.621782,48.811268],[2.621986,48.811485],[2.622153,48.811626],[2.622509,48.811882],[2.622779,48.812119],[2.622916,48.81229],[2.622963,48.812405],[2.622977,48.812469],[2.622981,48.812576],[2.622963,48.812664],[2.622947,48.812698],[2.6229,48.812752],[2.622797,48.812851],[2.621809,48.81353],[2.621608,48.813732],[2.620938,48.814548],[2.620904,48.814617],[2.620891,48.814713],[2.620896,48.814762],[2.620931,48.814877],[2.621003,48.815002],[2.621142,48.815186],[2.620175,48.815525],[2.618116,48.816204],[2.617913,48.816284],[2.617735,48.816372],[2.617632,48.816437],[2.61715,48.816799],[2.616549,48.817253],[2.615755,48.817867],[2.615586,48.818031],[2.615245,48.81831],[2.615112,48.818459],[2.614968,48.818661],[2.614918,48.818771],[2.614881,48.818878],[2.614445,48.820423],[2.614395,48.820629],[2.61444,48.820648],[2.614476,48.820679],[2.614501,48.820709],[2.614515,48.820755],[2.614508,48.820801],[2.614481,48.820843],[2.614445,48.820873],[2.614399,48.820896],[2.614345,48.820911],[2.61428,48.820919],[2.614216,48.820911],[2.614156,48.820892],[2.614117,48.820873],[2.614085,48.820847],[2.614063,48.82082],[2.613903,48.820778],[2.613828,48.820766],[2.613719,48.820759],[2.613629,48.820766],[2.61352,48.820789],[2.613433,48.820835],[2.613373,48.820908],[2.613348,48.820988],[2.613338,48.821083],[2.613383,48.821182],[2.613421,48.821308],[2.613435,48.821373],[2.613431,48.821487],[2.613103,48.822609],[2.613025,48.823032],[2.612979,48.823551],[2.612946,48.823761],[2.612888,48.823948],[2.612811,48.824127],[2.6125,48.824539],[2.612052,48.825035],[2.610944,48.826366],[2.610735,48.826595],[2.609632,48.827896],[2.608869,48.828762],[2.60866,48.828949],[2.608407,48.82914],[2.608118,48.829319],[2.607817,48.829472],[2.607513,48.82959],[2.607162,48.829708],[2.606835,48.829788],[2.606453,48.829857],[2.602906,48.830418],[2.597826,48.831234],[2.597502,48.83131],[2.597132,48.831429],[2.596911,48.831512],[2.59678,48.831573],[2.595559,48.832199],[2.59531,48.832302],[2.595002,48.832413],[2.594574,48.832527],[2.594248,48.832592],[2.593988,48.83263],[2.593739,48.832653],[2.59337,48.832676],[2.593054,48.832672],[2.592758,48.832657],[2.592388,48.832615],[2.592069,48.832565],[2.59168,48.832474],[2.591431,48.832401],[2.591046,48.832256],[2.59086,48.832172],[2.590556,48.832016],[2.589313,48.831299],[2.589221,48.831352],[2.589107,48.831379],[2.588985,48.831375],[2.588908,48.831356],[2.588797,48.831299],[2.588747,48.831242],[2.588727,48.831177],[2.588738,48.831108],[2.58878,48.831047],[2.588347,48.830917],[2.58818,48.830875],[2.587918,48.830826],[2.587623,48.830784],[2.587349,48.830765],[2.586611,48.830753],[2.586418,48.830738],[2.586315,48.830719],[2.586177,48.830677],[2.585723,48.830467],[2.585538,48.830444],[2.58529,48.830391],[2.583473,48.830196],[2.583253,48.830139],[2.58131,48.829971],[2.581239,48.829502],[2.581253,48.82943],[2.581298,48.82935],[2.581419,48.829216],[2.581552,48.829029],[2.581625,48.828941],[2.581711,48.828861],[2.58193,48.828693],[2.583503,48.827099],[2.583745,48.826794],[2.584785,48.825748],[2.584933,48.825634],[2.585018,48.825554],[2.585169,48.825405],[2.585183,48.825356],[2.585172,48.825321],[2.585102,48.825283],[2.584692,48.825115],[2.584281,48.824932],[2.584014,48.824795],[2.583689,48.8246],[2.583363,48.824364],[2.583055,48.824123],[2.582935,48.82407],[2.582789,48.824028],[2.582594,48.824009],[2.582244,48.823952],[2.58189,48.823883],[2.58189,48.823883],[2.581723,48.823849],[2.581632,48.823845],[2.58122,48.823753],[2.579589,48.823456],[2.579527,48.823456],[2.57949,48.823467],[2.578874,48.823795],[2.577603,48.825054],[2.577472,48.825134],[2.577386,48.825176],[2.577231,48.82523],[2.575254,48.82605],[2.574658,48.826283],[2.574317,48.826431],[2.573978,48.826561],[2.572457,48.827198],[2.568791,48.828709],[2.56861,48.828773],[2.568523,48.828796],[2.568396,48.828873],[2.568411,48.829041],[2.5684,48.829128],[2.568141,48.829105],[2.567905,48.829109],[2.56664,48.829235],[2.566225,48.829285],[2.565403,48.829399],[2.564619,48.829517],[2.562278,48.829918],[2.56148,48.83007],[2.561232,48.830105],[2.560913,48.830116],[2.55882,48.830074],[2.558517,48.830067],[2.558147,48.830036],[2.556947,48.829685],[2.556321,48.829472],[2.556077,48.829372],[2.554471,48.828606],[2.551467,48.827335],[2.550618,48.826969],[2.550445,48.826939],[2.550237,48.826942],[2.550179,48.826958],[2.550116,48.826962],[2.550055,48.82695],[2.550002,48.826927],[2.549964,48.826893],[2.549783,48.82682],[2.549584,48.826782],[2.548958,48.826801],[2.547784,48.826847],[2.547513,48.826881],[2.547133,48.826962],[2.546959,48.827003],[2.545905,48.827312],[2.545822,48.827091],[2.545764,48.826984],[2.545672,48.826752],[2.545429,48.826485],[2.545351,48.826366],[2.545276,48.826267],[2.544899,48.825966],[2.544742,48.825893],[2.54368,48.825665],[2.542968,48.825397],[2.542857,48.825378],[2.542834,48.825367],[2.542813,48.825283],[2.542741,48.825275],[2.54271,48.82526],[2.542688,48.825241],[2.542675,48.825218],[2.542674,48.825191],[2.542685,48.825165],[2.542709,48.825146],[2.542742,48.82513],[2.54278,48.825123],[2.542854,48.82513],[2.542884,48.825146],[2.542905,48.825169],[2.54299,48.825172],[2.543052,48.82515],[2.54337,48.824928],[2.54396,48.824467],[2.54405,48.824409],[2.54402,48.824394],[2.544,48.824371],[2.543989,48.824348],[2.543989,48.824318],[2.544005,48.824287],[2.544033,48.824265],[2.544108,48.824242],[2.544189,48.824253],[2.544222,48.824268],[2.544462,48.824081],[2.544492,48.824062],[2.544586,48.824039],[2.544576,48.824028],[2.544414,48.823997],[2.544067,48.823914],[2.544067,48.823914],[2.543319,48.82373],[2.543199,48.823708],[2.542896,48.823669],[2.542564,48.823597],[2.542112,48.823448],[2.541477,48.823303],[2.541433,48.823303],[2.541333,48.82333],[2.541283,48.823357],[2.54125,48.823364],[2.541208,48.823467],[2.541185,48.823505],[2.54113,48.823566],[2.541134,48.823727],[2.541112,48.823879],[2.541069,48.82402],[2.540648,48.825203],[2.540511,48.825661],[2.540408,48.82605],[2.540312,48.826538],[2.540322,48.826591],[2.540384,48.826595],[2.540439,48.826614],[2.540478,48.826645],[2.54049,48.826679],[2.540482,48.826717],[2.540456,48.826748],[2.540417,48.826771],[2.540319,48.826778],[2.540274,48.826767],[2.54024,48.826752],[2.540215,48.826725],[2.540127,48.826714],[2.540027,48.826672],[2.539781,48.826626],[2.539486,48.826611],[2.538658,48.826694],[2.537615,48.826714],[2.537135,48.826736],[2.536899,48.826756],[2.536506,48.826817],[2.535319,48.827034],[2.534982,48.827076],[2.533473,48.827217],[2.529568,48.827274],[2.529346,48.827316],[2.528212,48.827316],[2.528084,48.827335],[2.528049,48.827412],[2.527997,48.827457],[2.527945,48.827488],[2.527884,48.827507],[2.527817,48.827522],[2.527749,48.827526],[2.527692,48.827518],[2.527609,48.827499],[2.527541,48.827465],[2.527472,48.827408],[2.527349,48.827358],[2.527121,48.827301],[2.52619,48.827251],[2.525896,48.827225],[2.525641,48.82719],[2.525457,48.827141],[2.524004,48.826649],[2.52262,48.826267],[2.522126,48.82616],[2.521745,48.826099],[2.521337,48.826057],[2.521256,48.826061],[2.521184,48.826084],[2.521133,48.826126],[2.521109,48.826176],[2.521008,48.826824],[2.521038,48.826881],[2.521061,48.826908],[2.521146,48.826954],[2.521904,48.827038],[2.522021,48.827068],[2.522121,48.827118],[2.522184,48.827168],[2.52223,48.827217],[2.522217,48.827301],[2.522201,48.827343],[2.52218,48.82737],[2.522141,48.8274],[2.520123,48.827187],[2.519959,48.82719],[2.519248,48.827129],[2.518738,48.827099],[2.518409,48.827095],[2.517952,48.82711],[2.517125,48.827194],[2.517045,48.827187],[2.516625,48.827225],[2.516336,48.827229],[2.515785,48.827221],[2.514893,48.827187],[2.514666,48.827183],[2.51169,48.82732],[2.5113,48.827362],[2.510618,48.827518],[2.510525,48.827549],[2.51042,48.827564],[2.510132,48.827583],[2.509074,48.827377],[2.508921,48.827209],[2.508913,48.827164],[2.508967,48.827003],[2.509167,48.826965],[2.508906,48.826366],[2.508515,48.825439],[2.509877,48.825294],[2.509877,48.825294],[2.509848,48.825443],[2.509616,48.826447],[2.509683,48.826603],[2.509732,48.826664],[2.509851,48.826752],[2.510108,48.826916],[2.510588,48.827145],[2.51069,48.827286],[2.510709,48.827362],[2.510673,48.827442],[2.510618,48.827518],[2.510525,48.827549],[2.51042,48.827564],[2.510132,48.827583],[2.50956,48.827473],[2.507378,48.827728],[2.506984,48.827759],[2.505783,48.827896],[2.505133,48.827999],[2.504887,48.827957],[2.504158,48.828106],[2.502809,48.828407],[2.501204,48.828815],[2.498944,48.829491],[2.498279,48.829674],[2.497327,48.829895],[2.496986,48.830044],[2.496284,48.830196],[2.495014,48.830448],[2.494136,48.83057],[2.493655,48.830608],[2.493394,48.830673],[2.493291,48.830734],[2.493233,48.830791],[2.493206,48.830948],[2.493046,48.832703],[2.493046,48.833065],[2.493132,48.833553],[2.493255,48.833874],[2.49352,48.834404],[2.494142,48.835514],[2.494242,48.835819],[2.494318,48.836128],[2.49432,48.836514],[2.494292,48.836555],[2.494284,48.836643],[2.494086,48.837585],[2.49397,48.838116],[2.493936,48.838219],[2.493936,48.838219],[2.49385,48.838486],[2.49365,48.839035],[2.493428,48.839703],[2.493286,48.840206],[2.493065,48.841118],[2.492944,48.841995],[2.492966,48.842258],[2.493057,48.842499],[2.493122,48.843086],[2.493148,48.843487],[2.49316,48.843849],[2.49312,48.844143],[2.493063,48.844395],[2.492999,48.84462],[2.492872,48.844955],[2.492751,48.84523],[2.492508,48.845695],[2.492323,48.846088],[2.492221,48.846367],[2.491552,48.8484],[2.491391,48.848927],[2.49117,48.849575],[2.491219,48.849712],[2.49106,48.850185],[2.491073,48.850395],[2.491153,48.850571],[2.491305,48.850704],[2.491593,48.850842],[2.492122,48.851028],[2.492351,48.851086],[2.492562,48.851086],[2.492822,48.851032],[2.492991,48.850956],[2.493394,48.850716],[2.49355,48.850666],[2.494528,48.850098],[2.494571,48.850067],[2.495438,48.849537],[2.495575,48.849556],[2.495655,48.849594],[2.495724,48.84967],[2.495204,48.850666],[2.49493,48.851212],[2.494431,48.85215],[2.493961,48.85305],[2.49362,48.853676],[2.493526,48.853806],[2.493381,48.853935],[2.493324,48.853977],[2.493274,48.853992],[2.493203,48.853996],[2.493078,48.853981],[2.493045,48.85392],[2.492969,48.853832],[2.492856,48.853748],[2.490844,48.85289],[2.49077,48.852848],[2.49068,48.852745],[2.490624,48.852749],[2.49057,48.852741],[2.489569,48.852562],[2.489173,48.852501],[2.488939,48.852478],[2.488601,48.852463],[2.488094,48.852463],[2.486684,48.852489],[2.486527,48.852516],[2.486284,48.852581],[2.486259,48.852608],[2.486156,48.852676],[2.486461,48.852871],[2.486825,48.853085],[2.486825,48.853085],[2.486906,48.853134],[2.486925,48.853138],[2.486954,48.85313],[2.487043,48.853065],[2.487037,48.85305],[2.486259,48.852608],[2.486156,48.852676],[2.486044,48.852715],[2.485921,48.85273],[2.485781,48.852718],[2.485669,48.852688],[2.48562,48.852661],[2.48555,48.852615],[2.485499,48.852558],[2.485475,48.852512],[2.485464,48.852463],[2.485465,48.852409],[2.485482,48.85236],[2.485538,48.85228],[2.485578,48.852245],[2.485649,48.852207],[2.485732,48.852177],[2.485822,48.852158],[2.485916,48.852154],[2.48601,48.852161],[2.486097,48.852184],[2.486176,48.852219],[2.486242,48.852264],[2.486292,48.852314],[2.486327,48.852375],[2.486618,48.852402],[2.488948,48.85236],[2.489192,48.852367],[2.489368,48.852371],[2.490262,48.852512],[2.490351,48.85252],[2.490534,48.852505],[2.490623,48.852486],[2.490691,48.852489],[2.490764,48.852516],[2.490803,48.852543],[2.490828,48.852577],[2.490838,48.852615],[2.490831,48.85265],[2.490866,48.852772],[2.490996,48.852879],[2.491227,48.852989],[2.492795,48.853657],[2.492882,48.853676],[2.493053,48.853703],[2.493359,48.853706],[2.493412,48.853722],[2.493455,48.853745],[2.493526,48.853806],[2.49342,48.854027],[2.493291,48.854137],[2.493261,48.854206],[2.49326,48.85434],[2.493237,48.854424],[2.492964,48.854923],[2.492143,48.856518],[2.490835,48.859032],[2.49082,48.859184],[2.4907,48.859428],[2.490557,48.859676],[2.490525,48.859756],[2.490304,48.860199],[2.490147,48.860447],[2.489885,48.860912],[2.489822,48.861046],[2.489498,48.861649],[2.488128,48.864292],[2.487702,48.865147],[2.487358,48.86581],[2.48702,48.866425],[2.486013,48.868382],[2.485993,48.868515],[2.486002,48.868637],[2.48646,48.870724],[2.48646,48.870724],[2.486525,48.871033],[2.486516,48.87114],[2.48642,48.871418],[2.486397,48.871555],[2.486385,48.871853],[2.486424,48.872143],[2.486622,48.872929],[2.486728,48.873478],[2.486733,48.87405],[2.486718,48.874325],[2.486589,48.87495],[2.486579,48.875034],[2.486232,48.876389],[2.48623,48.87648],[2.486233,48.876545],[2.486251,48.876617],[2.486302,48.876686],[2.48638,48.876762],[2.486593,48.876884],[2.48667,48.876953],[2.486701,48.877026],[2.486688,48.877106],[2.486458,48.877563],[2.486426,48.877609],[2.48631,48.877708],[2.486093,48.877682],[2.485982,48.877655],[2.485868,48.877895],[2.485851,48.878021],[2.485651,48.878025],[2.485619,48.878017],[2.485478,48.878048],[2.485383,48.878113],[2.484916,48.878815],[2.484417,48.879353],[2.48274,48.881248],[2.482322,48.881706],[2.481766,48.882332],[2.481713,48.882427],[2.481736,48.8825],[2.481736,48.8825],[2.481766,48.882599],[2.481768,48.882641],[2.481735,48.88269],[2.481611,48.882813],[2.481581,48.882885],[2.481589,48.882912],[2.481611,48.882938],[2.481649,48.882957],[2.481678,48.883003],[2.481698,48.883137],[2.481326,48.88319],[2.481112,48.883236],[2.48104,48.883274],[2.481018,48.883343],[2.481064,48.883533],[2.481249,48.884048],[2.481481,48.884727],[2.481552,48.884777],[2.481585,48.884815],[2.481601,48.88485],[2.481607,48.884903],[2.481642,48.884998],[2.481197,48.885067],[2.480123,48.885208],[2.479949,48.885201],[2.477892,48.885513],[2.477743,48.88554],[2.476337,48.886009],[2.476033,48.886089],[2.475907,48.886131],[2.4753,48.886299],[2.47495,48.886379],[2.474368,48.886421],[2.473404,48.886547],[2.473142,48.886597],[2.472641,48.886639],[2.472405,48.886616],[2.472198,48.886635],[2.47204,48.886642],[2.471983,48.886627],[2.47195,48.886703],[2.471936,48.886818],[2.471823,48.88718],[2.471452,48.888561],[2.471364,48.888844],[2.471329,48.889034],[2.471327,48.889149],[2.471248,48.889164],[2.471191,48.889221],[2.471051,48.88921],[2.470936,48.889313],[2.47049,48.889637],[2.46986,48.890129],[2.467417,48.891975],[2.467448,48.892002],[2.467467,48.892029],[2.467472,48.892059],[2.467462,48.89209],[2.467439,48.89212],[2.467404,48.892139],[2.467356,48.892155],[2.467302,48.892159],[2.46725,48.892151],[2.467205,48.892132],[2.465072,48.893448],[2.464605,48.893723],[2.46365,48.894325],[2.462897,48.894775],[2.462426,48.895073],[2.462302,48.895138],[2.461369,48.895714],[2.46126,48.895798],[2.460876,48.89603],[2.460876,48.89603],[2.460834,48.896057],[2.460787,48.896126],[2.460586,48.89603],[2.45953,48.895245],[2.459306,48.895115],[2.458801,48.895412],[2.458635,48.895527],[2.458493,48.895664],[2.458386,48.895897],[2.45838,48.895966],[2.458326,48.896149],[2.458322,48.896202],[2.457421,48.896202],[2.45728,48.896175],[2.456344,48.895771],[2.456232,48.895691],[2.456087,48.895611],[2.455579,48.895283],[2.454832,48.894783],[2.454614,48.894669],[2.453766,48.894337],[2.451432,48.893661],[2.451235,48.893597],[2.451122,48.893566],[2.450958,48.893585],[2.450039,48.893799],[2.449838,48.893822],[2.448719,48.89407],[2.445877,48.894855],[2.443665,48.895451],[2.443483,48.895458],[2.443211,48.896038],[2.442503,48.897846],[2.442272,48.898319],[2.442221,48.898449],[2.442157,48.89859],[2.439557,48.898117],[2.438629,48.897926],[2.432861,48.896881],[2.432642,48.896851],[2.43223,48.896778],[2.432089,48.89674],[2.430702,48.896484],[2.42781,48.895992],[2.426792,48.895802],[2.425835,48.895603],[2.425314,48.895512],[2.423486,48.895161],[2.422457,48.894989],[2.422058,48.894913],[2.421491,48.894787],[2.421197,48.894711],[2.419806,48.894455],[2.417999,48.894135],[2.417902,48.894108],[2.415877,48.893734],[2.415442,48.893673],[2.414822,48.893559],[2.41394,48.893391],[2.413721,48.893356],[2.413511,48.893314],[2.412579,48.893085],[2.412291,48.893028],[2.412162,48.892998],[2.409713,48.892529],[2.409695,48.892597],[2.409637,48.892715],[2.409617,48.892776],[2.409607,48.892841],[2.40964,48.893341],[2.409713,48.895012],[2.409764,48.895866],[2.409756,48.895924],[2.409734,48.895969],[2.40967,48.89603],[2.408188,48.897137],[2.4079,48.897343],[2.407547,48.897625],[2.406938,48.898071],[2.406731,48.898247],[2.406599,48.898247],[2.406256,48.898193],[2.406025,48.89814],[2.405575,48.897949],[2.405004,48.897686],[2.403477,48.896973],[2.403328,48.896915],[2.403154,48.896873],[2.402874,48.896824],[2.401306,48.896561],[2.401186,48.896534],[2.401135,48.896515],[2.400678,48.89669],[2.400548,48.896725],[2.4004,48.896805],[2.400234,48.896912],[2.39984,48.897186],[2.399614,48.897346],[2.399574,48.897388],[2.399574,48.897388],[2.399404,48.897545],[2.399015,48.897823],[2.398875,48.897892],[2.398966,48.897728],[2.397915,48.897671],[2.396719,48.897583],[2.39593,48.897541],[2.395685,48.897556],[2.392842,48.897392],[2.392717,48.897373],[2.392601,48.897327],[2.391549,48.897457],[2.389581,48.897587],[2.389056,48.897614],[2.386764,48.89764],[2.385987,48.897614],[2.385725,48.897614],[2.385468,48.897629],[2.383974,48.896255],[2.383662,48.895939],[2.383587,48.895817],[2.382741,48.895142],[2.382273,48.894737],[2.381615,48.894489],[2.381464,48.894436],[2.379267,48.895687],[2.37936,48.895771],[2.3794,48.895786],[2.379431,48.895809],[2.379453,48.895836],[2.379462,48.895885],[2.379454,48.895908],[2.379429,48.895939],[2.37939,48.895966],[2.379341,48.895981],[2.379288,48.895985],[2.378753,48.896152],[2.378532,48.896156],[2.37803,48.896301],[2.377121,48.8965],[2.376932,48.896523],[2.376776,48.896519],[2.375148,48.896206],[2.374132,48.896004],[2.373704,48.895874],[2.373704,48.895874],[2.372249,48.895344],[2.371945,48.895279],[2.372016,48.895168],[2.372159,48.895],[2.373144,48.893936],[2.37323,48.893833],[2.373327,48.893738],[2.374273,48.892891],[2.374478,48.892719],[2.375077,48.892155],[2.376668,48.890717],[2.374038,48.888615],[2.373755,48.888359],[2.37302,48.887779],[2.372133,48.887047],[2.371554,48.886547],[2.370642,48.885807],[2.369216,48.884674],[2.368975,48.884472],[2.368383,48.883999],[2.368598,48.88385],[2.368487,48.883778],[2.366928,48.882526],[2.366545,48.882233],[2.366017,48.881783],[2.36563,48.881496],[2.365539,48.881416],[2.365072,48.881046],[2.362902,48.87925],[2.362573,48.878986],[2.362087,48.878563],[2.361677,48.877953],[2.361157,48.87701],[2.360905,48.876591]],[[2.584121,48.87442],[2.584272,48.874771],[2.582582,48.875103],[2.581251,48.874161],[2.581126,48.874062],[2.581098,48.874065],[2.581044,48.874054],[2.581012,48.874023],[2.581009,48.874004],[2.581016,48.873985],[2.58089,48.873913],[2.580401,48.873573],[2.579105,48.872646],[2.576991,48.87117],[2.576615,48.870895],[2.575416,48.870056],[2.574804,48.869656],[2.574739,48.869602],[2.574726,48.869549],[2.57474,48.869503],[2.574467,48.869415],[2.574248,48.869278],[2.573821,48.868977],[2.573473,48.868752],[2.573184,48.868538],[2.57131,48.86721],[2.571051,48.867039],[2.570794,48.86689],[2.570536,48.866753],[2.570114,48.866562],[2.569656,48.866375],[2.569161,48.866219],[2.56885,48.866135],[2.568107,48.865978],[2.567731,48.865921],[2.567407,48.865887],[2.56497,48.865669],[2.564379,48.865627],[2.563842,48.865776],[2.563449,48.865864],[2.563218,48.865921],[2.560532,48.866631],[2.559292,48.86705],[2.558722,48.867264],[2.558274,48.867458],[2.558059,48.867569],[2.556798,48.868385],[2.556646,48.868507],[2.555484,48.869492],[2.555327,48.869652],[2.555253,48.869736],[2.555165,48.869858],[2.555138,48.869938],[2.554914,48.870331],[2.554756,48.870647],[2.554696,48.87075],[2.554641,48.870804],[2.554241,48.871529],[2.553313,48.873131],[2.552821,48.873775],[2.552664,48.87392],[2.550034,48.875927],[2.550037,48.87595],[2.549981,48.875996],[2.549675,48.876301],[2.549524,48.876492],[2.549524,48.876492],[2.549381,48.876698],[2.549238,48.876934],[2.549187,48.877045],[2.549045,48.877304],[2.548644,48.878017],[2.548557,48.878128],[2.548467,48.878231],[2.548259,48.878407],[2.547808,48.878662],[2.545564,48.879803],[2.544966,48.880077],[2.54391,48.880516],[2.543462,48.880692],[2.54229,48.881088],[2.541956,48.881191],[2.541198,48.881397],[2.540673,48.881519],[2.538432,48.881973],[2.537935,48.882069],[2.537352,48.882206],[2.535064,48.882816],[2.534347,48.882965],[2.533844,48.88308],[2.533514,48.883179],[2.532746,48.883457],[2.531698,48.88385],[2.531442,48.883896],[2.531233,48.883904],[2.530981,48.883884],[2.530771,48.883858],[2.530119,48.883717],[2.529976,48.883656],[2.529126,48.883453],[2.52538,48.882629],[2.52538,48.882629],[2.525021,48.882553],[2.524532,48.882435],[2.522115,48.881905],[2.522077,48.881912],[2.521952,48.881905],[2.521872,48.881912],[2.521747,48.881893],[2.52165,48.881897],[2.521605,48.881882],[2.520737,48.881931],[2.520577,48.881954],[2.520013,48.882069],[2.519789,48.882126],[2.519664,48.882175],[2.519133,48.882446],[2.519037,48.882484],[2.518898,48.882519],[2.51877,48.882542],[2.518204,48.882584],[2.516043,48.882717],[2.515955,48.88274],[2.515724,48.882771],[2.51535,48.882771],[2.515273,48.882763],[2.514684,48.882797],[2.513378,48.882889],[2.513034,48.882942],[2.512892,48.882977],[2.512774,48.883022],[2.512232,48.883175],[2.512061,48.883209],[2.51197,48.883301],[2.511154,48.883785],[2.510918,48.883892],[2.510415,48.884087],[2.510205,48.884121],[2.510279,48.884209],[2.510789,48.884918],[2.510828,48.885006],[2.510895,48.886013],[2.510935,48.88699],[2.510999,48.887894],[2.511032,48.888252],[2.511062,48.88903],[2.511056,48.889111],[2.511135,48.889118],[2.51117,48.889137],[2.511299,48.889236],[2.51154,48.889526],[2.511645,48.889606],[2.512182,48.88945],[2.512182,48.88945],[2.512504,48.889359],[2.512594,48.889359],[2.512621,48.889378],[2.51264,48.889404],[2.512645,48.88945],[2.512601,48.889473],[2.511785,48.889702],[2.51196,48.890049],[2.511953,48.890167],[2.511883,48.890076],[2.511794,48.889889],[2.51169,48.889744],[2.511605,48.88969],[2.511502,48.889652],[2.511423,48.889641],[2.511343,48.889622],[2.511285,48.889587],[2.511106,48.889351],[2.511026,48.889278],[2.510975,48.889256],[2.510957,48.889236],[2.510944,48.88921],[2.510759,48.889053],[2.50954,48.887444],[2.508922,48.886642],[2.507746,48.886932],[2.504754,48.887638],[2.503149,48.888004],[2.500805,48.888515],[2.497277,48.889317],[2.495899,48.889622],[2.49578,48.889656],[2.495722,48.889591],[2.494901,48.889488],[2.494802,48.889519],[2.491885,48.890278],[2.491055,48.890907],[2.490854,48.891045],[2.49078,48.891106],[2.48997,48.891712],[2.489885,48.891758],[2.489483,48.891891],[2.488364,48.892147],[2.48619,48.892685],[2.485894,48.892746],[2.485781,48.892784],[2.484837,48.892948],[2.484691,48.892948],[2.48391,48.893066],[2.48081,48.89349],[2.478597,48.89381],[2.478597,48.89381],[2.477632,48.893951],[2.477419,48.89397],[2.476613,48.893948],[2.476088,48.893902],[2.476073,48.893925],[2.476017,48.893951],[2.475949,48.893948],[2.475898,48.893917],[2.475887,48.893898],[2.475886,48.893875],[2.475898,48.893852],[2.475919,48.893833],[2.475832,48.893791],[2.475582,48.893707],[2.474293,48.893364],[2.47372,48.893219],[2.47351,48.893177],[2.473222,48.893147],[2.472855,48.893089],[2.472254,48.89307],[2.472116,48.893112],[2.471993,48.893196],[2.471898,48.89333],[2.471712,48.893734],[2.471608,48.893837],[2.47148,48.893909],[2.471281,48.893982],[2.471005,48.894058],[2.470618,48.89415],[2.470611,48.894287],[2.470528,48.895187],[2.470514,48.895626],[2.470522,48.895927],[2.470543,48.896095],[2.470584,48.896301],[2.470653,48.897301],[2.462879,48.897774],[2.462762,48.897793],[2.462679,48.897816],[2.462442,48.897659],[2.462138,48.897408],[2.461789,48.897095],[2.460982,48.896404],[2.460834,48.896187],[2.460818,48.896152],[2.460818,48.896152],[2.460787,48.896126],[2.460586,48.89603],[2.45953,48.895245],[2.459306,48.895115],[2.458801,48.895412],[2.458635,48.895527],[2.458493,48.895664],[2.458386,48.895897],[2.45838,48.895966],[2.458326,48.896149],[2.458322,48.896202],[2.457421,48.896202],[2.45728,48.896175],[2.456344,48.895771],[2.456232,48.895691],[2.456087,48.895611],[2.455579,48.895283],[2.454832,48.894783],[2.454614,48.894669],[2.453766,48.894337],[2.451432,48.893661],[2.451235,48.893597],[2.451122,48.893566],[2.450958,48.893585],[2.450039,48.893799],[2.449838,48.893822],[2.448719,48.89407],[2.445877,48.894855],[2.443665,48.895451],[2.443483,48.895458],[2.443211,48.896038],[2.442503,48.897846],[2.442272,48.898319],[2.442221,48.898449],[2.442157,48.89859],[2.439557,48.898117],[2.438629,48.897926],[2.432861,48.896881],[2.432642,48.896851],[2.43223,48.896778],[2.432089,48.89674],[2.430702,48.896484],[2.42781,48.895992],[2.426792,48.895802],[2.425835,48.895603],[2.425314,48.895512],[2.423486,48.895161],[2.422457,48.894989],[2.422058,48.894913],[2.421491,48.894787],[2.421197,48.894711],[2.419806,48.894455],[2.417999,48.894135],[2.417902,48.894108],[2.415877,48.893734],[2.415442,48.893673],[2.414822,48.893559],[2.41394,48.893391],[2.413721,48.893356],[2.413511,48.893314],[2.412579,48.893085],[2.412291,48.893028],[2.412162,48.892998],[2.409713,48.892529],[2.409695,48.892597],[2.409637,48.892715],[2.409617,48.892776],[2.409607,48.892841],[2.40964,48.893341],[2.409713,48.895012],[2.409764,48.895866],[2.409756,48.895924],[2.409734,48.895969],[2.40967,48.89603],[2.408188,48.897137],[2.4079,48.897343],[2.407547,48.897625],[2.406938,48.898071],[2.406731,48.898247],[2.406599,48.898247],[2.406256,48.898193],[2.406025,48.89814],[2.405575,48.897949],[2.405004,48.897686],[2.403477,48.896973],[2.403328,48.896915],[2.403154,48.896873],[2.402874,48.896824],[2.401306,48.896561],[2.401186,48.896534],[2.401135,48.896515],[2.400678,48.89669],[2.400548,48.896725],[2.4004,48.896805],[2.400234,48.896912],[2.39984,48.897186],[2.399614,48.897346],[2.399574,48.897388],[2.399574,48.897388],[2.399404,48.897545],[2.399015,48.897823],[2.398875,48.897892],[2.398966,48.897728],[2.397915,48.897671],[2.396719,48.897583],[2.39593,48.897541],[2.395685,48.897556],[2.392842,48.897392],[2.392717,48.897373],[2.392601,48.897327],[2.391549,48.897457],[2.389581,48.897587],[2.389056,48.897614],[2.386764,48.89764],[2.385987,48.897614],[2.385725,48.897614],[2.385468,48.897629],[2.383974,48.896255],[2.383662,48.895939],[2.383587,48.895817],[2.382741,48.895142],[2.382273,48.894737],[2.381615,48.894489],[2.381464,48.894436],[2.379267,48.895687],[2.37936,48.895771],[2.3794,48.895786],[2.379431,48.895809],[2.379453,48.895836],[2.379462,48.895885],[2.379454,48.895908],[2.379429,48.895939],[2.37939,48.895966],[2.379341,48.895981],[2.379288,48.895985],[2.378753,48.896152],[2.378532,48.896156],[2.37803,48.896301],[2.377121,48.8965],[2.376932,48.896523],[2.376776,48.896519],[2.375148,48.896206],[2.374132,48.896004],[2.373704,48.895874],[2.373704,48.895874],[2.372249,48.895344],[2.371945,48.895279],[2.372016,48.895168],[2.372159,48.895],[2.373144,48.893936],[2.37323,48.893833],[2.373327,48.893738],[2.374273,48.892891],[2.374478,48.892719],[2.375077,48.892155],[2.376668,48.890717],[2.374038,48.888615],[2.373755,48.888359],[2.37302,48.887779],[2.372133,48.887047],[2.371554,48.886547],[2.370642,48.885807],[2.369216,48.884674],[2.368975,48.884472],[2.368383,48.883999],[2.368598,48.88385],[2.368487,48.883778],[2.366928,48.882526],[2.366545,48.882233],[2.366017,48.881783],[2.36563,48.881496],[2.365539,48.881416],[2.365072,48.881046],[2.362902,48.87925],[2.362573,48.878986],[2.362087,48.878563],[2.361677,48.877953],[2.361157,48.87701],[2.360905,48.876591]],[[2.449525,48.907475],[2.449786,48.907471],[2.449899,48.90744],[2.449972,48.907406],[2.450029,48.907352],[2.450054,48.907207],[2.450054,48.906609],[2.45183,48.906605],[2.452361,48.906616],[2.452512,48.906673],[2.45252,48.906815],[2.45254,48.906952],[2.452598,48.907158],[2.452623,48.907219],[2.452682,48.90728],[2.452755,48.907337],[2.452825,48.907375],[2.452923,48.907406],[2.453041,48.907417],[2.453126,48.907417],[2.453389,48.907372],[2.454662,48.90704],[2.457325,48.906315],[2.458445,48.905991],[2.458819,48.90591],[2.459128,48.905857],[2.459802,48.905777],[2.461137,48.90564],[2.462075,48.905491],[2.462921,48.905373],[2.463474,48.905396],[2.46434,48.90551],[2.4654,48.905628],[2.466185,48.905643],[2.466325,48.905617],[2.467026,48.905613],[2.467733,48.905624],[2.468493,48.905613],[2.469581,48.905609],[2.469696,48.905533],[2.469845,48.905396],[2.469916,48.905277],[2.470552,48.903946],[2.470545,48.903847],[2.469407,48.903633],[2.468325,48.903419],[2.468389,48.9034],[2.468427,48.903374],[2.468456,48.903328],[2.468466,48.903286],[2.468454,48.903233],[2.468432,48.903194],[2.467597,48.902435],[2.466423,48.901382],[2.46636,48.901371],[2.466315,48.901344],[2.466293,48.90131],[2.466292,48.901287],[2.466301,48.901264],[2.465861,48.900875],[2.465742,48.900784],[2.465068,48.900181],[2.46496,48.900078],[2.464891,48.899998],[2.464032,48.89922],[2.462508,48.897861],[2.462436,48.897705],[2.462442,48.897659],[2.462138,48.897408],[2.461789,48.897095],[2.460982,48.896404],[2.460834,48.896187],[2.460818,48.896152],[2.460787,48.896126],[2.460685,48.89608],[2.461043,48.89587],[2.461043,48.89587],[2.461172,48.89579],[2.461369,48.895714],[2.462302,48.895138],[2.462426,48.895073],[2.462897,48.894775],[2.46365,48.894325],[2.464714,48.893658],[2.464789,48.893799],[2.466056,48.893646],[2.466106,48.894039],[2.46905,48.893661],[2.469522,48.893951],[2.469635,48.893894],[2.47019,48.893574],[2.470769,48.893208],[2.470826,48.89299],[2.470823,48.892895],[2.470859,48.892723],[2.47089,48.892704],[2.470908,48.892727],[2.470899,48.892788],[2.470872,48.892902],[2.470826,48.89299],[2.470769,48.893208],[2.470667,48.893711],[2.470618,48.89415],[2.471005,48.894058],[2.471281,48.893982],[2.47148,48.893909],[2.471608,48.893837],[2.471712,48.893734],[2.471898,48.89333],[2.471993,48.893196],[2.472116,48.893112],[2.472254,48.89307],[2.472855,48.893089],[2.473222,48.893147],[2.47351,48.893177],[2.47372,48.893219],[2.474293,48.893364],[2.475582,48.893707],[2.475832,48.893791],[2.475919,48.893833],[2.475945,48.893822],[2.476003,48.893818],[2.476057,48.893833],[2.476088,48.893867],[2.476088,48.893902],[2.476613,48.893948],[2.477419,48.89397],[2.477632,48.893951],[2.479814,48.893635],[2.479814,48.893635],[2.48081,48.89349],[2.48391,48.893066],[2.484691,48.892948],[2.484817,48.892902],[2.485739,48.892742],[2.485894,48.892746],[2.48619,48.892685],[2.488364,48.892147],[2.489483,48.891891],[2.489885,48.891758],[2.48997,48.891712],[2.49078,48.891106],[2.490854,48.891045],[2.491022,48.891106],[2.491079,48.89109],[2.492464,48.890923],[2.493645,48.89077],[2.495928,48.890438],[2.495901,48.890518],[2.495892,48.890568],[2.495922,48.890678],[2.49597,48.890755],[2.496895,48.891724],[2.496972,48.891788],[2.497053,48.891842],[2.497165,48.891895],[2.497507,48.89204],[2.497562,48.892017],[2.49787,48.891968],[2.497945,48.892002],[2.498649,48.892189],[2.498728,48.892223],[2.499417,48.892391],[2.501343,48.892876],[2.50242,48.893139],[2.50244,48.893181],[2.50259,48.893307],[2.503612,48.892876],[2.506473,48.891689],[2.507145,48.891407],[2.507218,48.891354],[2.51052,48.88998],[2.511203,48.88969],[2.511343,48.889622],[2.511452,48.889591],[2.51154,48.889584],[2.511645,48.889606],[2.512182,48.88945],[2.512182,48.88945],[2.512504,48.889359],[2.512594,48.889359],[2.512621,48.889378],[2.51264,48.889404],[2.512645,48.88945],[2.512601,48.889473],[2.511785,48.889702],[2.51196,48.890049],[2.511953,48.890167],[2.511883,48.890076],[2.511794,48.889889],[2.51169,48.889744],[2.511605,48.88969],[2.511502,48.889652],[2.511423,48.889641],[2.511343,48.889622],[2.511285,48.889587],[2.511106,48.889351],[2.511026,48.889278],[2.510975,48.889256],[2.510957,48.889236],[2.510944,48.88921],[2.510759,48.889053],[2.50954,48.887444],[2.508437,48.886005],[2.508352,48.885933],[2.507593,48.884899],[2.5075,48.88472],[2.507493,48.88467],[2.507516,48.884609],[2.507577,48.884529],[2.50862,48.884323],[2.508741,48.884289],[2.510057,48.884026],[2.510448,48.883995],[2.510572,48.883968],[2.510979,48.883789],[2.511711,48.883354],[2.511947,48.883236],[2.512061,48.883209],[2.512183,48.883141],[2.512749,48.882992],[2.512892,48.882977],[2.513034,48.882942],[2.513378,48.882889],[2.514684,48.882797],[2.515273,48.882763],[2.515345,48.882744],[2.51597,48.882706],[2.516043,48.882717],[2.518204,48.882584],[2.51877,48.882542],[2.518898,48.882519],[2.519037,48.882484],[2.519133,48.882446],[2.519664,48.882175],[2.519789,48.882126],[2.520013,48.882069],[2.520577,48.881954],[2.520737,48.881931],[2.521605,48.881882],[2.521647,48.881866],[2.521706,48.881859],[2.521802,48.881828],[2.521841,48.881809],[2.521866,48.881805],[2.521902,48.881813],[2.521937,48.881832],[2.522093,48.881878],[2.522115,48.881905],[2.524532,48.882435],[2.525021,48.882553],[2.525718,48.882706],[2.525718,48.882706],[2.527592,48.88311],[2.529126,48.883453],[2.529976,48.883656],[2.530138,48.883671],[2.530337,48.883705],[2.531062,48.883785],[2.531299,48.883793],[2.531439,48.883789],[2.531609,48.883762],[2.533434,48.883118],[2.533646,48.883053],[2.536397,48.882374],[2.53731,48.882137],[2.53793,48.882],[2.540399,48.8815],[2.541101,48.881332],[2.542113,48.881058],[2.543023,48.88076],[2.54361,48.880547],[2.544644,48.880131],[2.544946,48.879997],[2.545857,48.879555],[2.546902,48.878983],[2.547914,48.878502],[2.548147,48.878365],[2.548363,48.878185],[2.548573,48.877972],[2.548665,48.877831],[2.548946,48.877316],[2.549069,48.877056],[2.549119,48.876934],[2.549273,48.876625],[2.54932,48.876556],[2.54946,48.876396],[2.54946,48.876396],[2.549615,48.876228],[2.549842,48.876041],[2.55,48.875931],[2.550034,48.875927],[2.552664,48.87392],[2.552821,48.873775],[2.553313,48.873131],[2.553402,48.872982],[2.554241,48.871529],[2.554519,48.871033],[2.554641,48.870804],[2.554649,48.87075],[2.554898,48.87022],[2.555089,48.86993],[2.555165,48.869858],[2.555253,48.869736],[2.555327,48.869652],[2.555484,48.869492],[2.556646,48.868507],[2.556798,48.868385],[2.558059,48.867569],[2.558274,48.867458],[2.558722,48.867264],[2.559292,48.86705],[2.560532,48.866631],[2.563449,48.865864],[2.563648,48.865757],[2.56369,48.865692],[2.563708,48.865574],[2.56374,48.865494],[2.567302,48.86581],[2.567751,48.865864],[2.568057,48.865906],[2.568379,48.865963],[2.568957,48.866093],[2.569207,48.866165],[2.569629,48.866295],[2.570165,48.866505],[2.570451,48.866631],[2.570637,48.866722],[2.570988,48.866913],[2.571262,48.867085],[2.572365,48.867855],[2.573139,48.868382],[2.573735,48.868816],[2.574225,48.869156],[2.57441,48.86927],[2.57454,48.869331],[2.574746,48.869408],[2.574881,48.86945],[2.575086,48.869492],[2.575185,48.869556],[2.575218,48.869591],[2.575166,48.869755],[2.575161,48.869808],[2.575187,48.869907],[2.575416,48.870056],[2.576615,48.870895],[2.576991,48.87117],[2.579105,48.872646],[2.580401,48.873573],[2.58089,48.873913],[2.581016,48.873985],[2.58105,48.873962],[2.581074,48.873955],[2.581126,48.873959],[2.581149,48.873966],[2.581169,48.873981],[2.58118,48.873997],[2.58118,48.87402],[2.581152,48.874054],[2.581126,48.874062],[2.581251,48.874161],[2.58191,48.874634],[2.582205,48.874573],[2.58301,48.874454],[2.583216,48.87447],[2.583917,48.874432]],[[2.54411,48.82386],[2.544448,48.823948],[2.54457,48.823967],[2.544594,48.823944],[2.54463,48.823929],[2.544672,48.823921],[2.544714,48.823929],[2.544755,48.823952],[2.544771,48.823971],[2.544776,48.823997],[2.545056,48.824059],[2.546328,48.824455],[2.546453,48.824501],[2.546492,48.824535],[2.546544,48.824654],[2.546515,48.824692],[2.546512,48.824741],[2.54661,48.825085],[2.546762,48.825165],[2.546959,48.825218],[2.547284,48.825264],[2.547336,48.825275],[2.547606,48.825378],[2.547648,48.825699],[2.548143,48.825649],[2.54821,48.825645],[2.548266,48.825653],[2.548315,48.825668],[2.54834,48.825695],[2.548518,48.82613],[2.548647,48.8265],[2.548667,48.82658],[2.548685,48.826809],[2.549584,48.826782],[2.549886,48.826782],[2.549976,48.826763],[2.550013,48.826736],[2.55006,48.826717],[2.550113,48.82671],[2.550168,48.82671],[2.550223,48.826721],[2.55027,48.826744],[2.550306,48.826775],[2.550324,48.826805],[2.550618,48.826969],[2.551467,48.827335],[2.554471,48.828606],[2.556077,48.829372],[2.556321,48.829472],[2.556947,48.829685],[2.5581,48.830025],[2.558147,48.830036],[2.558517,48.830067],[2.560913,48.830116],[2.561232,48.830105],[2.56148,48.83007],[2.562278,48.829918],[2.563911,48.829636],[2.564619,48.829517],[2.565403,48.829399],[2.56664,48.829235],[2.567905,48.829109],[2.568141,48.829105],[2.569062,48.829182],[2.574041,48.829483],[2.574163,48.829395],[2.574184,48.829323],[2.574305,48.829178],[2.575472,48.827488],[2.576123,48.82653],[2.577389,48.825275],[2.5774,48.825214],[2.577386,48.825176],[2.577472,48.825134],[2.577603,48.825054],[2.578874,48.823795],[2.57949,48.823467],[2.579527,48.823456],[2.579589,48.823456],[2.58122,48.823753],[2.581311,48.823746],[2.581413,48.823711],[2.581436,48.823673],[2.581503,48.82362],[2.581611,48.823601],[2.582086,48.823784],[2.582086,48.823784],[2.582217,48.823841],[2.582789,48.824028],[2.582935,48.82407],[2.583055,48.824123],[2.583363,48.824364],[2.583689,48.8246],[2.584014,48.824795],[2.584281,48.824932],[2.584692,48.825115],[2.585102,48.825283],[2.585172,48.825321],[2.585183,48.825356],[2.585169,48.825405],[2.584933,48.825634],[2.584842,48.825779],[2.583821,48.826805],[2.583503,48.827099],[2.58193,48.828693],[2.581778,48.828884],[2.581613,48.829052],[2.581419,48.829216],[2.581298,48.82935],[2.581253,48.82943],[2.581239,48.829502],[2.58131,48.829971],[2.583253,48.830139],[2.583485,48.830135],[2.584968,48.830273],[2.584808,48.830601],[2.584733,48.830673],[2.584641,48.830746],[2.58428,48.83139],[2.584223,48.831512],[2.584061,48.831886],[2.583972,48.832115],[2.58353,48.833488],[2.58347,48.833721],[2.583466,48.833778],[2.583477,48.833832],[2.583498,48.83387],[2.583532,48.833897],[2.583593,48.833931],[2.583639,48.833969],[2.583669,48.834019],[2.58374,48.834091],[2.58382,48.834129],[2.583927,48.834145],[2.586694,48.834122],[2.587302,48.83411],[2.588113,48.834064],[2.588459,48.834023],[2.588682,48.834061],[2.590484,48.83379],[2.592002,48.83353],[2.598172,48.832329],[2.602323,48.831535],[2.60315,48.831383],[2.606197,48.830849],[2.607798,48.830612],[2.607881,48.830544],[2.609373,48.830315],[2.610774,48.830147],[2.611881,48.830032],[2.613444,48.829895],[2.613782,48.829857],[2.614044,48.829811],[2.614323,48.829735],[2.614616,48.829636],[2.614883,48.829521],[2.615843,48.829018],[2.615965,48.828922],[2.616169,48.828804],[2.616285,48.828724],[2.616429,48.828606],[2.616577,48.828472],[2.616674,48.828358],[2.616806,48.828148],[2.616914,48.827881],[2.616947,48.827763],[2.616964,48.827644],[2.616965,48.827526],[2.616935,48.827312],[2.616882,48.827114],[2.616836,48.827007],[2.616717,48.826797],[2.616277,48.826145],[2.615809,48.825481],[2.615543,48.825176],[2.615388,48.825115],[2.614871,48.824604],[2.614534,48.824257],[2.614341,48.82399],[2.614245,48.823833],[2.614172,48.823624],[2.614118,48.823345],[2.614121,48.823074],[2.614146,48.822704],[2.614141,48.822567],[2.614057,48.822327],[2.614055,48.822231],[2.61401,48.822128],[2.613978,48.821983],[2.613966,48.821808],[2.613971,48.821667],[2.613988,48.821548],[2.614156,48.820892],[2.614085,48.820847],[2.614063,48.82082],[2.614048,48.820766],[2.614058,48.820717],[2.614094,48.820671],[2.614133,48.820644],[2.614179,48.820625],[2.614232,48.820614],[2.614285,48.82045],[2.614694,48.818985],[2.614734,48.818874],[2.614816,48.81871],[2.614983,48.818474],[2.615075,48.818371],[2.615196,48.818264],[2.615385,48.818115],[2.615755,48.817867],[2.616549,48.817253],[2.61715,48.816799],[2.617632,48.816437],[2.617735,48.816372],[2.617913,48.816284],[2.618116,48.816204],[2.620175,48.815525],[2.621142,48.815186],[2.621003,48.815002],[2.620931,48.814877],[2.620896,48.814762],[2.620891,48.814713],[2.620904,48.814617],[2.620938,48.814548],[2.621608,48.813732],[2.621809,48.81353],[2.622797,48.812851],[2.6229,48.812752],[2.622947,48.812698],[2.622963,48.812664],[2.622981,48.812576],[2.622977,48.812469],[2.622963,48.812405],[2.622916,48.81229],[2.622779,48.812119],[2.622509,48.811882],[2.622153,48.811626],[2.621986,48.811485],[2.621782,48.811268],[2.621519,48.810947],[2.62145,48.810844],[2.62139,48.81073],[2.621268,48.810429],[2.621209,48.810425],[2.621168,48.810394],[2.62116,48.810375],[2.621162,48.810356],[2.621174,48.810337],[2.621231,48.810314],[2.621209,48.8102],[2.620899,48.809212],[2.620681,48.808571],[2.620644,48.808491],[2.620577,48.808372],[2.62043,48.80822],[2.620329,48.808147],[2.620225,48.808102],[2.620116,48.80809],[2.619904,48.808109],[2.619814,48.808132],[2.619717,48.808132],[2.619626,48.808109],[2.619588,48.80809],[2.619529,48.808041],[2.619503,48.807976],[2.619503,48.807949],[2.619525,48.807892],[2.619436,48.807751],[2.617871,48.806995],[2.617709,48.806889],[2.617536,48.806759],[2.617423,48.806622],[2.617377,48.806454],[2.617385,48.806305],[2.617439,48.806198],[2.617557,48.806114],[2.617764,48.806046],[2.618085,48.805916],[2.618451,48.805782],[2.618953,48.805634],[2.620144,48.805244],[2.620367,48.80513],[2.620824,48.804966],[2.620982,48.804901],[2.621095,48.80484],[2.621139,48.804798],[2.62118,48.804768],[2.621161,48.804737],[2.621153,48.804703],[2.621154,48.804672],[2.621182,48.804615],[2.621238,48.804569],[2.621278,48.804405],[2.621332,48.804302],[2.621332,48.804302],[2.621511,48.804001],[2.621609,48.804031],[2.621388,48.804413],[2.621399,48.804493],[2.621418,48.804527],[2.621506,48.804543],[2.621726,48.804649],[2.621802,48.804668],[2.622049,48.804695],[2.622251,48.804653],[2.622463,48.804482],[2.623366,48.804192],[2.623929,48.804031],[2.624307,48.803864],[2.624366,48.803825],[2.624402,48.803795],[2.624475,48.803699],[2.624496,48.803577],[2.624473,48.803497],[2.624489,48.803421],[2.624508,48.803383],[2.624537,48.803349],[2.624632,48.803288],[2.624699,48.803265],[2.624827,48.803246],[2.624895,48.803249],[2.625024,48.80328],[2.625077,48.803303],[2.625149,48.803356],[2.625379,48.803436],[2.625671,48.803459],[2.625865,48.803421],[2.62646,48.803253],[2.627519,48.802902],[2.628017,48.8027],[2.628155,48.802631],[2.628268,48.802544],[2.628302,48.802498],[2.628344,48.80238],[2.628299,48.802338],[2.628267,48.802292],[2.628248,48.802242],[2.628243,48.802193],[2.628256,48.802132],[2.628287,48.802078],[2.628337,48.802025],[2.628402,48.801983],[2.628475,48.801956],[2.628555,48.801933],[2.628634,48.801926],[2.628713,48.801929],[2.62879,48.801941],[2.628863,48.80196],[2.628953,48.802006],[2.629191,48.802074],[2.629389,48.802086],[2.629542,48.802082],[2.629634,48.802071],[2.630123,48.801945],[2.630646,48.801792],[2.632848,48.801067],[2.63297,48.801018],[2.633019,48.800983],[2.633123,48.800865],[2.633201,48.800751],[2.633246,48.800716],[2.633327,48.800674],[2.633486,48.800621],[2.633513,48.800591],[2.633608,48.800549],[2.63365,48.800541],[2.633749,48.800537],[2.633848,48.800579],[2.634039,48.800594],[2.634156,48.800587],[2.634314,48.800591],[2.634509,48.800552],[2.634647,48.800514],[2.635552,48.800228],[2.63622,48.799969],[2.636834,48.799763],[2.636904,48.799728],[2.636947,48.799686],[2.637009,48.799603],[2.637016,48.799572],[2.637038,48.799545],[2.637071,48.799522],[2.637112,48.799511],[2.637158,48.799507],[2.637203,48.799515],[2.637243,48.79953],[2.637273,48.799553],[2.637444,48.799503],[2.638148,48.799278],[2.638239,48.799282],[2.638637,48.799141],[2.638822,48.799053],[2.639036,48.798927],[2.639169,48.798817],[2.63957,48.798416],[2.63988,48.798065],[2.64014,48.797787],[2.640286,48.797676],[2.640429,48.797596],[2.640575,48.797527],[2.642059,48.796986],[2.642179,48.796932],[2.642308,48.796867],[2.642441,48.796787],[2.642569,48.79668],[2.642675,48.796551],[2.642747,48.796436],[2.64288,48.796169],[2.643072,48.795662],[2.64315,48.795437],[2.643192,48.795349],[2.643365,48.79509],[2.643503,48.794937],[2.643669,48.794823],[2.643816,48.794758],[2.644248,48.794594],[2.645453,48.794178],[2.645625,48.794094],[2.645822,48.794014],[2.645891,48.793961],[2.645903,48.7939],[2.64594,48.793839],[2.646001,48.793793],[2.646078,48.793755],[2.646168,48.793736],[2.646262,48.793732],[2.646362,48.793747],[2.646451,48.793777],[2.646604,48.793755],[2.647005,48.793613],[2.647237,48.793552],[2.647589,48.793934],[2.647766,48.794106],[2.647987,48.794353],[2.648056,48.794403],[2.648131,48.794441],[2.64826,48.794487],[2.648285,48.794453],[2.648355,48.794415],[2.648442,48.794411],[2.64852,48.794437],[2.648558,48.794472],[2.648569,48.794514],[2.648565,48.794537],[2.648536,48.794575],[2.648899,48.794842],[2.649077,48.794945],[2.649352,48.79501],[2.649613,48.795094],[2.649865,48.795197],[2.649865,48.795197],[2.649934,48.795238],[2.649932,48.795284],[2.649898,48.795326],[2.649814,48.795338],[2.649729,48.795322],[2.649407,48.795162],[2.649282,48.795094],[2.649077,48.794945],[2.648899,48.794842],[2.648536,48.794575],[2.648484,48.794601],[2.648453,48.794609],[2.648386,48.794613],[2.648324,48.794598],[2.64828,48.794567],[2.648258,48.794529],[2.64826,48.794487],[2.648285,48.794453],[2.648355,48.794415],[2.648442,48.794411],[2.64852,48.794437],[2.648658,48.794346],[2.64881,48.794292],[2.648959,48.794266],[2.649182,48.794247],[2.649368,48.794247],[2.649532,48.794258],[2.651037,48.794411],[2.652626,48.794586],[2.652777,48.79459],[2.652921,48.794579],[2.653073,48.794556],[2.65322,48.794514],[2.653853,48.794281],[2.654012,48.794216],[2.654333,48.79406],[2.65451,48.793964],[2.654643,48.793911],[2.654858,48.793873],[2.654869,48.793827],[2.654897,48.7938],[2.654935,48.793785],[2.654978,48.793777],[2.655049,48.793789],[2.655084,48.793808],[2.655108,48.793835],[2.655115,48.793865],[2.655099,48.793903],[2.655063,48.793934],[2.655129,48.794006],[2.65526,48.794174],[2.655296,48.794205],[2.655387,48.794258],[2.655461,48.794273],[2.655553,48.794273],[2.655661,48.794254],[2.656178,48.794079],[2.656296,48.79406],[2.656393,48.794064],[2.658989,48.794617],[2.65944,48.794724],[2.659544,48.794758],[2.659804,48.794758],[2.659874,48.794746],[2.660317,48.794601],[2.660455,48.794575],[2.662147,48.794025],[2.663022,48.793732],[2.663135,48.793674],[2.663252,48.793587],[2.663331,48.793488],[2.663357,48.793385],[2.663414,48.79269],[2.663439,48.792595],[2.663485,48.7925],[2.663538,48.792431],[2.663665,48.792305],[2.663826,48.792171],[2.663983,48.792057],[2.664369,48.791821],[2.664698,48.791599],[2.665015,48.79137],[2.665292,48.791161],[2.665402,48.791084],[2.667311,48.79092],[2.66908,48.790783],[2.671417,48.790581],[2.671603,48.790543],[2.671721,48.790531],[2.671876,48.790524],[2.67204,48.790531],[2.674066,48.790363],[2.674512,48.790321],[2.677466,48.790085],[2.67803,48.790039],[2.678503,48.790012],[2.678927,48.790001],[2.681848,48.790001],[2.683017,48.789993],[2.686443,48.789932],[2.686818,48.789932],[2.687262,48.789951],[2.687408,48.789951],[2.68755,48.789944],[2.687552,48.78989],[2.687576,48.78986],[2.687615,48.789833],[2.687665,48.789822],[2.687665,48.789726],[2.687631,48.789604],[2.68588,48.787022],[2.685594,48.786572],[2.685132,48.785728],[2.684855,48.785248],[2.684395,48.784401],[2.68417,48.784031],[2.683705,48.783356],[2.683303,48.782845],[2.682953,48.78244],[2.682075,48.781387],[2.681452,48.780602],[2.680585,48.77935],[2.680308,48.778934],[2.680263,48.778946],[2.680215,48.77895],[2.680168,48.778942],[2.680126,48.778927],[2.680078,48.778889],[2.680059,48.778843],[2.680061,48.778816],[2.680074,48.77879],[2.680098,48.778767],[2.680168,48.778732],[2.68026,48.778728],[2.680304,48.77874],[2.680342,48.778755],[2.680903,48.778214],[2.682328,48.776878],[2.682416,48.776829],[2.682383,48.776806],[2.682361,48.776779],[2.682354,48.776752],[2.682362,48.776722],[2.682384,48.776695],[2.682415,48.776676],[2.682453,48.776665],[2.682537,48.776669],[2.682574,48.77668],[2.682937,48.776337],[2.683097,48.776165],[2.683326,48.77594],[2.683693,48.775589],[2.683832,48.775471],[2.683836,48.775402],[2.683848,48.77536],[2.683914,48.77533],[2.68395,48.775333],[2.683985,48.775345],[2.685283,48.774128],[2.685411,48.773983],[2.685792,48.773628],[2.685739,48.773582],[2.685726,48.773556],[2.685724,48.773529],[2.685737,48.773495],[2.685765,48.773464],[2.685806,48.773441],[2.685853,48.77343],[2.685904,48.773426],[2.685954,48.773434],[2.685998,48.773453],[2.686101,48.773365],[2.686624,48.772873],[2.686823,48.772652],[2.687145,48.77235],[2.687374,48.772167],[2.688051,48.77153],[2.688458,48.771114],[2.688518,48.77108],[2.688946,48.770916],[2.688994,48.770874],[2.689019,48.770836],[2.689231,48.770367],[2.689254,48.770302],[2.689258,48.77026],[2.689258,48.77026],[2.689252,48.770226],[2.689224,48.770184],[2.68885,48.769733],[2.688831,48.769703],[2.688821,48.769669],[2.688818,48.769627],[2.68883,48.769581],[2.689251,48.76878],[2.689277,48.768719],[2.689234,48.768616],[2.689154,48.768517],[2.689101,48.768482],[2.689071,48.76844],[2.689066,48.768398],[2.689082,48.76836],[2.689116,48.768326],[2.689165,48.768299],[2.689224,48.768288],[2.689286,48.768288],[2.689344,48.768299],[2.689394,48.768326],[2.689428,48.76836],[2.689533,48.768322],[2.689841,48.768192],[2.690073,48.768055],[2.690391,48.767826],[2.690651,48.767586],[2.690778,48.767448],[2.690894,48.767303],[2.69189,48.765728],[2.692002,48.765575],[2.692109,48.76545],[2.692355,48.765232],[2.692616,48.765064],[2.693577,48.764561],[2.693777,48.764431],[2.694624,48.763699],[2.694817,48.763519],[2.694893,48.763424],[2.694984,48.763252],[2.695013,48.76321],[2.695163,48.763103],[2.695374,48.763004],[2.695996,48.762592],[2.696177,48.762466],[2.696342,48.762329],[2.696952,48.761776],[2.697523,48.761204],[2.697847,48.760914],[2.698749,48.759987],[2.699819,48.759014],[2.700249,48.758633],[2.70032,48.758541],[2.700339,48.758503],[2.700365,48.758411],[2.700369,48.758331],[2.700358,48.758259],[2.700334,48.758186],[2.699984,48.757435],[2.699911,48.757244],[2.699834,48.757252],[2.699758,48.75724],[2.69969,48.757217],[2.699636,48.757183],[2.6996,48.757137],[2.699586,48.757088],[2.699593,48.757038],[2.699621,48.756996],[2.699676,48.75695],[2.699749,48.756924],[2.699831,48.756912],[2.699916,48.756916],[2.699992,48.756943],[2.700053,48.756981],[2.70009,48.75703],[2.700262,48.757008],[2.701976,48.756695],[2.702612,48.756557],[2.703005,48.756458],[2.703247,48.756374],[2.703517,48.756256],[2.704346,48.755817],[2.704654,48.755623],[2.704779,48.755623],[2.704855,48.75565],[2.705013,48.75563],[2.705067,48.755867],[2.705154,48.756313],[2.70529,48.756382],[2.705365,48.756405],[2.705584,48.756439],[2.706507,48.756142],[2.707256,48.755936],[2.710146,48.755219],[2.712161,48.754753],[2.717726,48.753689],[2.719068,48.753334],[2.720459,48.752895],[2.722383,48.752243],[2.722835,48.752045],[2.723266,48.751682],[2.724745,48.749073],[2.724987,48.748806],[2.72933,48.745514],[2.72933,48.745514],[2.731106,48.744167],[2.731304,48.744038],[2.731401,48.743992],[2.731537,48.743938],[2.731658,48.743904],[2.731822,48.74387],[2.733933,48.743568],[2.734053,48.743538],[2.734152,48.743507],[2.734246,48.743465],[2.734338,48.743416],[2.73443,48.743332],[2.734479,48.743267],[2.734551,48.743149],[2.734905,48.7425],[2.734933,48.742393],[2.73489,48.742378],[2.734856,48.742359],[2.734833,48.742332],[2.734823,48.742302],[2.734829,48.742271],[2.734849,48.742241],[2.734879,48.742222],[2.734918,48.742207],[2.734962,48.742199],[2.735007,48.742203],[2.735048,48.742214],[2.735083,48.742229],[2.735234,48.742104],[2.73532,48.742004],[2.735561,48.741753],[2.736115,48.741188],[2.736225,48.741085],[2.736372,48.741009],[2.737166,48.740704],[2.737797,48.740425],[2.738223,48.740234],[2.739007,48.739811],[2.739252,48.739712],[2.739327,48.739693],[2.739515,48.739685],[2.73961,48.7397],[2.73969,48.739723],[2.740529,48.740227],[2.74068,48.740269],[2.7421,48.74041],[2.742383,48.740406],[2.742522,48.740379],[2.742703,48.74033],[2.742864,48.740261],[2.742964,48.740192],[2.743054,48.740108],[2.74313,48.740021],[2.743229,48.739857],[2.743415,48.739594],[2.743499,48.739502],[2.743596,48.739422],[2.743882,48.739254],[2.743977,48.739212],[2.74416,48.739155],[2.744358,48.739109],[2.744701,48.739067],[2.746844,48.739006],[2.750815,48.738937],[2.754394,48.738853],[2.754934,48.73885],[2.755297,48.738838],[2.758917,48.738758],[2.759181,48.738735],[2.759323,48.738701],[2.759464,48.738651],[2.759531,48.738579],[2.760333,48.738113],[2.760533,48.738228],[2.760715,48.738312],[2.76093,48.738457],[2.761495,48.738735],[2.761151,48.738926],[2.760392,48.739292],[2.760084,48.739418],[2.759528,48.739601]],[[2.54411,48.82386],[2.544448,48.823948],[2.54457,48.823967],[2.544594,48.823944],[2.54463,48.823929],[2.544672,48.823921],[2.544714,48.823929],[2.544755,48.823952],[2.544771,48.823971],[2.544776,48.823997],[2.545056,48.824059],[2.546328,48.824455],[2.546453,48.824501],[2.546492,48.824535],[2.546544,48.824654],[2.546515,48.824692],[2.546512,48.824741],[2.54661,48.825085],[2.546762,48.825165],[2.546959,48.825218],[2.547284,48.825264],[2.547336,48.825275],[2.547606,48.825378],[2.547648,48.825699],[2.548143,48.825649],[2.54821,48.825645],[2.548266,48.825653],[2.548315,48.825668],[2.54834,48.825695],[2.548518,48.82613],[2.548647,48.8265],[2.548667,48.82658],[2.548685,48.826809],[2.549584,48.826782],[2.549886,48.826782],[2.549976,48.826763],[2.550013,48.826736],[2.55006,48.826717],[2.550113,48.82671],[2.550168,48.82671],[2.550223,48.826721],[2.55027,48.826744],[2.550306,48.826775],[2.550324,48.826805],[2.550618,48.826969],[2.551467,48.827335],[2.554471,48.828606],[2.556077,48.829372],[2.556321,48.829472],[2.556947,48.829685],[2.5581,48.830025],[2.558147,48.830036],[2.558517,48.830067],[2.560913,48.830116],[2.561232,48.830105],[2.56148,48.83007],[2.562278,48.829918],[2.563911,48.829636],[2.564619,48.829517],[2.565403,48.829399],[2.56664,48.829235],[2.567905,48.829109],[2.568141,48.829105],[2.569062,48.829182],[2.574041,48.829483],[2.574163,48.829395],[2.574184,48.829323],[2.574305,48.829178],[2.575472,48.827488],[2.576123,48.82653],[2.577389,48.825275],[2.5774,48.825214],[2.577386,48.825176],[2.577472,48.825134],[2.577603,48.825054],[2.578874,48.823795],[2.57949,48.823467],[2.579527,48.823456],[2.579589,48.823456],[2.58122,48.823753],[2.581311,48.823746],[2.581413,48.823711],[2.581436,48.823673],[2.581503,48.82362],[2.581611,48.823601],[2.582086,48.823784],[2.582086,48.823784],[2.582217,48.823841],[2.582789,48.824028],[2.582935,48.82407],[2.583055,48.824123],[2.583363,48.824364],[2.583689,48.8246],[2.584014,48.824795],[2.584281,48.824932],[2.584692,48.825115],[2.585102,48.825283],[2.585172,48.825321],[2.585183,48.825356],[2.585169,48.825405],[2.584933,48.825634],[2.584842,48.825779],[2.583821,48.826805],[2.583503,48.827099],[2.58193,48.828693],[2.581778,48.828884],[2.581613,48.829052],[2.581419,48.829216],[2.581298,48.82935],[2.581253,48.82943],[2.581239,48.829502],[2.58131,48.829971],[2.583253,48.830139],[2.583485,48.830135],[2.584968,48.830273],[2.584808,48.830601],[2.584733,48.830673],[2.584641,48.830746],[2.58428,48.83139],[2.584223,48.831512],[2.584061,48.831886],[2.583972,48.832115],[2.58353,48.833488],[2.58347,48.833721],[2.583466,48.833778],[2.583477,48.833832],[2.583498,48.83387],[2.583532,48.833897],[2.583593,48.833931],[2.583639,48.833969],[2.583669,48.834019],[2.58374,48.834091],[2.58382,48.834129],[2.583927,48.834145],[2.586694,48.834122],[2.587302,48.83411],[2.588113,48.834064],[2.588459,48.834023],[2.588682,48.834061],[2.590484,48.83379],[2.592002,48.83353],[2.598172,48.832329],[2.602323,48.831535],[2.60315,48.831383],[2.606197,48.830849],[2.607798,48.830612],[2.607881,48.830544],[2.609373,48.830315],[2.610774,48.830147],[2.611881,48.830032],[2.613444,48.829895],[2.613782,48.829857],[2.614044,48.829811],[2.614323,48.829735],[2.614616,48.829636],[2.614883,48.829521],[2.615843,48.829018],[2.615965,48.828922],[2.616169,48.828804],[2.616285,48.828724],[2.616429,48.828606],[2.616577,48.828472],[2.616674,48.828358],[2.616806,48.828148],[2.616914,48.827881],[2.616947,48.827763],[2.616964,48.827644],[2.616965,48.827526],[2.616935,48.827312],[2.616882,48.827114],[2.616836,48.827007],[2.616717,48.826797],[2.616277,48.826145],[2.615809,48.825481],[2.615543,48.825176],[2.615388,48.825115],[2.614871,48.824604],[2.614534,48.824257],[2.614341,48.82399],[2.614245,48.823833],[2.614172,48.823624],[2.614118,48.823345],[2.614121,48.823074],[2.614146,48.822704],[2.614141,48.822567],[2.614057,48.822327],[2.614055,48.822231],[2.61401,48.822128],[2.613978,48.821983],[2.613966,48.821808],[2.613971,48.821667],[2.613988,48.821548],[2.614156,48.820892],[2.614085,48.820847],[2.614063,48.82082],[2.614048,48.820766],[2.614058,48.820717],[2.614094,48.820671],[2.614133,48.820644],[2.614179,48.820625],[2.614232,48.820614],[2.614285,48.82045],[2.614694,48.818985],[2.614734,48.818874],[2.614816,48.81871],[2.614983,48.818474],[2.615075,48.818371],[2.615196,48.818264],[2.615385,48.818115],[2.615755,48.817867],[2.616549,48.817253],[2.61715,48.816799],[2.617632,48.816437],[2.617735,48.816372],[2.617913,48.816284],[2.618116,48.816204],[2.620175,48.815525],[2.621142,48.815186],[2.621003,48.815002],[2.620931,48.814877],[2.620896,48.814762],[2.620891,48.814713],[2.620904,48.814617],[2.620938,48.814548],[2.621608,48.813732],[2.621809,48.81353],[2.622797,48.812851],[2.6229,48.812752],[2.622947,48.812698],[2.622963,48.812664],[2.622981,48.812576],[2.622977,48.812469],[2.622963,48.812405],[2.622916,48.81229],[2.622779,48.812119],[2.622509,48.811882],[2.622153,48.811626],[2.621986,48.811485],[2.621782,48.811268],[2.621519,48.810947],[2.62145,48.810844],[2.62139,48.81073],[2.621268,48.810429],[2.621209,48.810425],[2.621168,48.810394],[2.62116,48.810375],[2.621162,48.810356],[2.621174,48.810337],[2.621231,48.810314],[2.621209,48.8102],[2.620899,48.809212],[2.620681,48.808571],[2.620644,48.808491],[2.620577,48.808372],[2.62043,48.80822],[2.620329,48.808147],[2.620225,48.808102],[2.620116,48.80809],[2.619904,48.808109],[2.619814,48.808132],[2.619717,48.808132],[2.619626,48.808109],[2.619588,48.80809],[2.619529,48.808041],[2.619503,48.807976],[2.619503,48.807949],[2.619525,48.807892],[2.619436,48.807751],[2.617871,48.806995],[2.617709,48.806889],[2.617536,48.806759],[2.617423,48.806622],[2.617377,48.806454],[2.617385,48.806305],[2.617439,48.806198],[2.617557,48.806114],[2.617764,48.806046],[2.618085,48.805916],[2.618451,48.805782],[2.618953,48.805634],[2.620144,48.805244],[2.620367,48.80513],[2.620824,48.804966],[2.620982,48.804901],[2.621095,48.80484],[2.621139,48.804798],[2.62118,48.804768],[2.621161,48.804737],[2.621153,48.804703],[2.621154,48.804672],[2.621182,48.804615],[2.621238,48.804569],[2.621278,48.804405],[2.621332,48.804302],[2.621332,48.804302],[2.621511,48.804001],[2.621609,48.804031],[2.621388,48.804413],[2.621399,48.804493],[2.621418,48.804527],[2.621506,48.804543],[2.621726,48.804649],[2.621802,48.804668],[2.622049,48.804695],[2.622251,48.804653],[2.622463,48.804482],[2.623366,48.804192],[2.623929,48.804031],[2.624307,48.803864],[2.624366,48.803825],[2.624402,48.803795],[2.624475,48.803699],[2.624496,48.803577],[2.624473,48.803497],[2.624489,48.803421],[2.624508,48.803383],[2.624537,48.803349],[2.624632,48.803288],[2.624699,48.803265],[2.624827,48.803246],[2.624895,48.803249],[2.625024,48.80328],[2.625077,48.803303],[2.625149,48.803356],[2.625379,48.803436],[2.625671,48.803459],[2.625865,48.803421],[2.62646,48.803253],[2.627519,48.802902],[2.628017,48.8027],[2.628155,48.802631],[2.628268,48.802544],[2.628302,48.802498],[2.628344,48.80238],[2.628299,48.802338],[2.628267,48.802292],[2.628248,48.802242],[2.628243,48.802193],[2.628256,48.802132],[2.628287,48.802078],[2.628337,48.802025],[2.628402,48.801983],[2.628475,48.801956],[2.628555,48.801933],[2.628634,48.801926],[2.628713,48.801929],[2.62879,48.801941],[2.628863,48.80196],[2.628953,48.802006],[2.629191,48.802074],[2.629389,48.802086],[2.629542,48.802082],[2.629634,48.802071],[2.630123,48.801945],[2.630646,48.801792],[2.632848,48.801067],[2.63297,48.801018],[2.633019,48.800983],[2.633123,48.800865],[2.633201,48.800751],[2.633246,48.800716],[2.633327,48.800674],[2.633486,48.800621],[2.633513,48.800591],[2.633608,48.800549],[2.63365,48.800541],[2.633749,48.800537],[2.633848,48.800579],[2.634039,48.800594],[2.634156,48.800587],[2.634314,48.800591],[2.634509,48.800552],[2.634647,48.800514],[2.635552,48.800228],[2.63622,48.799969],[2.636834,48.799763],[2.636904,48.799728],[2.636947,48.799686],[2.637009,48.799603],[2.637016,48.799572],[2.637038,48.799545],[2.637071,48.799522],[2.637112,48.799511],[2.637158,48.799507],[2.637203,48.799515],[2.637243,48.79953],[2.637273,48.799553],[2.637444,48.799503],[2.638148,48.799278],[2.638239,48.799282],[2.638637,48.799141],[2.638822,48.799053],[2.639036,48.798927],[2.639169,48.798817],[2.63957,48.798416],[2.63988,48.798065],[2.64014,48.797787],[2.640286,48.797676],[2.640429,48.797596],[2.640575,48.797527],[2.642059,48.796986],[2.642179,48.796932],[2.642308,48.796867],[2.642441,48.796787],[2.642569,48.79668],[2.642675,48.796551],[2.642747,48.796436],[2.64288,48.796169],[2.643072,48.795662],[2.64315,48.795437],[2.643192,48.795349],[2.643365,48.79509],[2.643503,48.794937],[2.643669,48.794823],[2.643816,48.794758],[2.644248,48.794594],[2.645453,48.794178],[2.645625,48.794094],[2.645822,48.794014],[2.645891,48.793961],[2.645903,48.7939],[2.64594,48.793839],[2.646001,48.793793],[2.646078,48.793755],[2.646168,48.793736],[2.646262,48.793732],[2.646362,48.793747],[2.646451,48.793777],[2.646604,48.793755],[2.647005,48.793613],[2.647237,48.793552],[2.647589,48.793934],[2.647766,48.794106],[2.647987,48.794353],[2.648056,48.794403],[2.648131,48.794441],[2.64826,48.794487],[2.648285,48.794453],[2.648355,48.794415],[2.648442,48.794411],[2.64852,48.794437],[2.648558,48.794472],[2.648569,48.794514],[2.648565,48.794537],[2.648536,48.794575],[2.648899,48.794842],[2.649077,48.794945],[2.649352,48.79501],[2.649613,48.795094],[2.649865,48.795197]],[[2.759181,48.738735],[2.758917,48.738758],[2.755297,48.738838],[2.754934,48.73885],[2.754394,48.738853],[2.750815,48.738937],[2.746844,48.739006],[2.744701,48.739067],[2.744358,48.739109],[2.74416,48.739155],[2.743977,48.739212],[2.743882,48.739254],[2.743596,48.739422],[2.743499,48.739502],[2.743415,48.739594],[2.743229,48.739857],[2.74313,48.740021],[2.743054,48.740108],[2.742964,48.740192],[2.742864,48.740261],[2.742703,48.74033],[2.742522,48.740379],[2.742383,48.740406],[2.7421,48.74041],[2.74068,48.740269],[2.740529,48.740227],[2.73969,48.739723],[2.73961,48.7397],[2.739515,48.739685],[2.739327,48.739693],[2.739252,48.739712],[2.739007,48.739811],[2.738223,48.740234],[2.737166,48.740704],[2.736372,48.741009],[2.736225,48.741085],[2.736115,48.741188],[2.735561,48.741753],[2.73532,48.742004],[2.735234,48.742104],[2.735083,48.742229],[2.735109,48.742256],[2.735121,48.742287],[2.735118,48.742321],[2.7351,48.742348],[2.735068,48.742374],[2.735027,48.74239],[2.73498,48.742397],[2.734933,48.742393],[2.734905,48.7425],[2.734551,48.743149],[2.734479,48.743267],[2.73443,48.743332],[2.734338,48.743416],[2.734246,48.743465],[2.734152,48.743507],[2.734053,48.743538],[2.733933,48.743568],[2.731822,48.74387],[2.731658,48.743904],[2.731537,48.743938],[2.731401,48.743992],[2.731304,48.744038],[2.731106,48.744167],[2.72933,48.745514],[2.72933,48.745514],[2.724987,48.748806],[2.724745,48.749073],[2.723266,48.751682],[2.722835,48.752045],[2.722383,48.752243],[2.720459,48.752895],[2.719068,48.753334],[2.717726,48.753689],[2.712161,48.754753],[2.710146,48.755219],[2.707256,48.755936],[2.706507,48.756142],[2.705584,48.756439],[2.705031,48.756561],[2.704891,48.755882],[2.704697,48.75581],[2.704525,48.755772],[2.704346,48.755817],[2.703517,48.756256],[2.703247,48.756374],[2.703005,48.756458],[2.702612,48.756557],[2.701976,48.756695],[2.700262,48.757008],[2.70009,48.75703],[2.700102,48.757084],[2.700087,48.757137],[2.700047,48.757187],[2.699986,48.757221],[2.699911,48.757244],[2.699984,48.757435],[2.700334,48.758186],[2.700358,48.758259],[2.700369,48.758331],[2.700365,48.758411],[2.700339,48.758503],[2.70032,48.758541],[2.700249,48.758633],[2.699819,48.759014],[2.698749,48.759987],[2.697847,48.760914],[2.697523,48.761204],[2.696952,48.761776],[2.696342,48.762329],[2.696177,48.762466],[2.695996,48.762592],[2.695374,48.763004],[2.695163,48.763103],[2.695013,48.76321],[2.694984,48.763252],[2.694893,48.763424],[2.694817,48.763519],[2.694624,48.763699],[2.693777,48.764431],[2.693577,48.764561],[2.692616,48.765064],[2.692355,48.765232],[2.692109,48.76545],[2.692002,48.765575],[2.69189,48.765728],[2.690955,48.767208],[2.690894,48.767303],[2.690778,48.767448],[2.690651,48.767586],[2.690391,48.767826],[2.690073,48.768055],[2.689841,48.768192],[2.689772,48.768223],[2.689533,48.768322],[2.689428,48.76836],[2.689442,48.768391],[2.689445,48.768421],[2.689435,48.768452],[2.689413,48.768482],[2.689379,48.768505],[2.689251,48.76878],[2.68883,48.769581],[2.688818,48.769627],[2.688821,48.769669],[2.688831,48.769703],[2.68885,48.769733],[2.689224,48.770184],[2.689252,48.770226],[2.689258,48.77026],[2.689258,48.77026],[2.689254,48.770302],[2.689231,48.770367],[2.689019,48.770836],[2.688994,48.770874],[2.688946,48.770916],[2.688518,48.77108],[2.688458,48.771114],[2.688051,48.77153],[2.687374,48.772167],[2.687145,48.77235],[2.686823,48.772652],[2.686624,48.772873],[2.686101,48.773365],[2.685998,48.773453],[2.686033,48.773476],[2.686055,48.77351],[2.686061,48.77354],[2.68605,48.773575],[2.686025,48.773605],[2.685987,48.773628],[2.685941,48.773643],[2.685889,48.773647],[2.685838,48.773643],[2.685792,48.773628],[2.685516,48.77388],[2.685411,48.773983],[2.685283,48.774128],[2.683985,48.775345],[2.683999,48.775375],[2.684007,48.775414],[2.683987,48.775478],[2.683966,48.775501],[2.683901,48.775509],[2.683861,48.775497],[2.683832,48.775471],[2.683693,48.775589],[2.683326,48.77594],[2.683097,48.776165],[2.682937,48.776337],[2.682574,48.77668],[2.682605,48.776703],[2.682623,48.77673],[2.682626,48.77676],[2.682614,48.776791],[2.682589,48.776814],[2.682551,48.776833],[2.682506,48.77684],[2.682459,48.77684],[2.682416,48.776829],[2.682328,48.776878],[2.680903,48.778214],[2.680342,48.778755],[2.680373,48.778782],[2.680392,48.778812],[2.680397,48.778843],[2.680389,48.778873],[2.680371,48.778896],[2.680308,48.778934],[2.680585,48.77935],[2.681452,48.780602],[2.682075,48.781387],[2.682953,48.78244],[2.683303,48.782845],[2.683705,48.783356],[2.68417,48.784031],[2.684395,48.784401],[2.684855,48.785248],[2.685132,48.785728],[2.685594,48.786572],[2.68588,48.787022],[2.687631,48.789604],[2.687665,48.789726],[2.687665,48.789822],[2.687723,48.789818],[2.687775,48.789829],[2.687813,48.789845],[2.687845,48.789875],[2.687859,48.789906],[2.687858,48.78994],[2.687849,48.789959],[2.687798,48.790005],[2.687715,48.790024],[2.68766,48.79002],[2.687609,48.790005],[2.687572,48.789978],[2.68755,48.789944],[2.687408,48.789951],[2.687262,48.789951],[2.686818,48.789932],[2.686443,48.789932],[2.683017,48.789993],[2.681848,48.790001],[2.678927,48.790001],[2.678503,48.790012],[2.67803,48.790039],[2.677466,48.790085],[2.674512,48.790321],[2.674066,48.790363],[2.67204,48.790531],[2.671746,48.790588],[2.671417,48.790581],[2.66908,48.790783],[2.667311,48.79092],[2.665402,48.791084],[2.665292,48.791161],[2.665015,48.79137],[2.664698,48.791599],[2.664369,48.791821],[2.663983,48.792057],[2.663826,48.792171],[2.663665,48.792305],[2.663538,48.792431],[2.663485,48.7925],[2.663439,48.792595],[2.663414,48.79269],[2.663357,48.793385],[2.663331,48.793488],[2.663252,48.793587],[2.663135,48.793674],[2.663022,48.793732],[2.660455,48.794575],[2.660336,48.794628],[2.65989,48.794773],[2.659821,48.794807],[2.659781,48.794849],[2.659788,48.794884],[2.659775,48.794926],[2.659757,48.794949],[2.659706,48.794987],[2.659657,48.795002],[2.65957,48.79501],[2.659505,48.794994],[2.659473,48.794983],[2.659428,48.794949],[2.659406,48.794914],[2.6594,48.794872],[2.659415,48.79483],[2.659385,48.794765],[2.659348,48.794727],[2.659294,48.794689],[2.658989,48.794617],[2.656393,48.794064],[2.656296,48.79406],[2.656178,48.794079],[2.655661,48.794254],[2.655553,48.794273],[2.655461,48.794273],[2.655387,48.794258],[2.655296,48.794205],[2.65526,48.794174],[2.655129,48.794006],[2.655063,48.793934],[2.655017,48.793945],[2.654972,48.793949],[2.654929,48.793938],[2.654899,48.793926],[2.654872,48.793903],[2.654858,48.793873],[2.654643,48.793911],[2.65451,48.793964],[2.654333,48.79406],[2.654012,48.794216],[2.653853,48.794281],[2.65322,48.794514],[2.653073,48.794556],[2.652921,48.794579],[2.652777,48.79459],[2.652626,48.794586],[2.651037,48.794411],[2.649532,48.794258],[2.649368,48.794247],[2.649182,48.794247],[2.648959,48.794266],[2.64881,48.794292],[2.648658,48.794346],[2.64852,48.794437],[2.648558,48.794472],[2.648569,48.794514],[2.648565,48.794537],[2.648536,48.794575],[2.648899,48.794842],[2.649077,48.794945],[2.649352,48.79501],[2.649613,48.795094],[2.649865,48.795197],[2.649865,48.795197],[2.649934,48.795238],[2.649932,48.795284],[2.649898,48.795326],[2.649814,48.795338],[2.649729,48.795322],[2.649407,48.795162],[2.649282,48.795094],[2.649077,48.794945],[2.648899,48.794842],[2.648536,48.794575],[2.648484,48.794601],[2.648453,48.794609],[2.648386,48.794613],[2.648324,48.794598],[2.64828,48.794567],[2.648258,48.794529],[2.64826,48.794487],[2.64795,48.794373],[2.647859,48.794312],[2.647691,48.79414],[2.647652,48.79409],[2.64761,48.794014],[2.647589,48.793934],[2.647281,48.793602],[2.647073,48.793655],[2.646754,48.79377],[2.64666,48.793812],[2.646568,48.793896],[2.646582,48.793957],[2.646569,48.794018],[2.646531,48.794075],[2.646451,48.794136],[2.646346,48.794174],[2.646251,48.794186],[2.646154,48.794178],[2.646064,48.794155],[2.645988,48.794113],[2.645831,48.794102],[2.645771,48.794106],[2.645453,48.794178],[2.644248,48.794594],[2.643816,48.794758],[2.643669,48.794823],[2.643503,48.794937],[2.643365,48.79509],[2.643192,48.795349],[2.64315,48.795437],[2.643072,48.795662],[2.64288,48.796169],[2.642747,48.796436],[2.642675,48.796551],[2.642569,48.79668],[2.642441,48.796787],[2.642308,48.796867],[2.642179,48.796932],[2.642059,48.796986],[2.640575,48.797527],[2.640429,48.797596],[2.640286,48.797676],[2.64014,48.797787],[2.63988,48.798065],[2.63957,48.798416],[2.639423,48.798664],[2.639289,48.798843],[2.639211,48.79892],[2.63889,48.799118],[2.63841,48.799301],[2.637715,48.799534],[2.637277,48.799648],[2.637222,48.799683],[2.637147,48.799694],[2.637034,48.799728],[2.636731,48.799858],[2.636249,48.800018],[2.635552,48.800228],[2.634647,48.800514],[2.634509,48.800552],[2.634314,48.800591],[2.634057,48.800663],[2.633977,48.80069],[2.633885,48.800739],[2.633859,48.800766],[2.633805,48.800797],[2.633747,48.800812],[2.633647,48.800812],[2.633591,48.8008],[2.63351,48.800762],[2.633486,48.800732],[2.633315,48.800751],[2.633258,48.80077],[2.633212,48.800797],[2.633123,48.800865],[2.633019,48.800983],[2.63297,48.801018],[2.632848,48.801067],[2.630646,48.801792],[2.630123,48.801945],[2.629624,48.802124],[2.629532,48.802151],[2.62914,48.802212],[2.629069,48.802238],[2.629053,48.802284],[2.629024,48.80233],[2.628983,48.802368],[2.628932,48.802406],[2.628872,48.802433],[2.628805,48.802456],[2.62866,48.802475],[2.628558,48.802513],[2.62823,48.802681],[2.627853,48.802814],[2.627519,48.802902],[2.62646,48.803253],[2.625865,48.803421],[2.625671,48.803459],[2.625379,48.803532],[2.625274,48.803547],[2.625185,48.803574],[2.625129,48.803638],[2.625068,48.803677],[2.62495,48.803715],[2.624816,48.80373],[2.624661,48.80378],[2.624272,48.803967],[2.623937,48.804104],[2.6235,48.804253],[2.622671,48.804527],[2.622251,48.804653],[2.622049,48.804695],[2.621802,48.804707],[2.621638,48.804749],[2.621595,48.804798],[2.621528,48.804836],[2.621446,48.804855],[2.621402,48.804855],[2.621316,48.804848],[2.621251,48.804825],[2.62118,48.804768],[2.621161,48.804737],[2.621153,48.804703],[2.621154,48.804672],[2.621182,48.804615],[2.621238,48.804569],[2.621278,48.804405],[2.621332,48.804302],[2.621511,48.804001],[2.621609,48.804031],[2.621443,48.804317],[2.621443,48.804317],[2.621388,48.804413],[2.621399,48.804493],[2.621418,48.804527],[2.621506,48.804543],[2.621546,48.804558],[2.6216,48.804592],[2.621626,48.804619],[2.621644,48.804649],[2.621652,48.804684],[2.62165,48.804714],[2.621638,48.804749],[2.621595,48.804798],[2.621528,48.804836],[2.621446,48.804855],[2.621402,48.804855],[2.621316,48.804848],[2.621002,48.80497],[2.620519,48.805149],[2.620144,48.805244],[2.618953,48.805634],[2.618451,48.805782],[2.618085,48.805916],[2.617764,48.806046],[2.617557,48.806114],[2.617439,48.806198],[2.617385,48.806305],[2.617377,48.806454],[2.617423,48.806622],[2.617536,48.806759],[2.617709,48.806889],[2.617871,48.806995],[2.619436,48.807751],[2.619623,48.807781],[2.619673,48.8078],[2.619781,48.807793],[2.619887,48.807812],[2.619933,48.807831],[2.619972,48.807858],[2.620001,48.807888],[2.620027,48.807949],[2.620225,48.808102],[2.620329,48.808147],[2.62043,48.80822],[2.620577,48.808372],[2.620644,48.808491],[2.620681,48.808571],[2.620899,48.809212],[2.621209,48.8102],[2.621231,48.810314],[2.621286,48.810318],[2.62131,48.810326],[2.621337,48.81036],[2.621331,48.810394],[2.621316,48.81041],[2.621268,48.810429],[2.62139,48.81073],[2.62145,48.810844],[2.621519,48.810947],[2.621782,48.811268],[2.621986,48.811485],[2.622153,48.811626],[2.622509,48.811882],[2.622779,48.812119],[2.622916,48.81229],[2.622963,48.812405],[2.622977,48.812469],[2.622981,48.812576],[2.622963,48.812664],[2.622947,48.812698],[2.6229,48.812752],[2.622797,48.812851],[2.621809,48.81353],[2.621608,48.813732],[2.620938,48.814548],[2.620904,48.814617],[2.620891,48.814713],[2.620896,48.814762],[2.620931,48.814877],[2.621003,48.815002],[2.621142,48.815186],[2.620175,48.815525],[2.618116,48.816204],[2.617913,48.816284],[2.617735,48.816372],[2.617632,48.816437],[2.61715,48.816799],[2.616549,48.817253],[2.615755,48.817867],[2.615586,48.818031],[2.615245,48.81831],[2.615112,48.818459],[2.614968,48.818661],[2.614918,48.818771],[2.614881,48.818878],[2.614445,48.820423],[2.614395,48.820629],[2.61444,48.820648],[2.614476,48.820679],[2.614501,48.820709],[2.614515,48.820755],[2.614508,48.820801],[2.614481,48.820843],[2.614445,48.820873],[2.614399,48.820896],[2.614345,48.820911],[2.61428,48.820919],[2.614216,48.820911],[2.614156,48.820892],[2.614117,48.820873],[2.614085,48.820847],[2.614063,48.82082],[2.613903,48.820778],[2.613828,48.820766],[2.613719,48.820759],[2.613629,48.820766],[2.61352,48.820789],[2.613433,48.820835],[2.613373,48.820908],[2.613348,48.820988],[2.613338,48.821083],[2.613383,48.821182],[2.613421,48.821308],[2.613435,48.821373],[2.613431,48.821487],[2.613103,48.822609],[2.613025,48.823032],[2.612979,48.823551],[2.612946,48.823761],[2.612888,48.823948],[2.612811,48.824127],[2.6125,48.824539],[2.612052,48.825035],[2.610944,48.826366],[2.610735,48.826595],[2.609632,48.827896],[2.608869,48.828762],[2.60866,48.828949],[2.608407,48.82914],[2.608118,48.829319],[2.607817,48.829472],[2.607513,48.82959],[2.607162,48.829708],[2.606835,48.829788],[2.606453,48.829857],[2.602906,48.830418],[2.597826,48.831234],[2.597502,48.83131],[2.597132,48.831429],[2.596911,48.831512],[2.59678,48.831573],[2.595559,48.832199],[2.59531,48.832302],[2.595002,48.832413],[2.594574,48.832527],[2.594248,48.832592],[2.593988,48.83263],[2.593739,48.832653],[2.59337,48.832676],[2.593054,48.832672],[2.592758,48.832657],[2.592388,48.832615],[2.592069,48.832565],[2.59168,48.832474],[2.591431,48.832401],[2.591046,48.832256],[2.59086,48.832172],[2.590556,48.832016],[2.589313,48.831299],[2.589221,48.831352],[2.589107,48.831379],[2.588985,48.831375],[2.588908,48.831356],[2.588797,48.831299],[2.588747,48.831242],[2.588727,48.831177],[2.588738,48.831108],[2.58878,48.831047],[2.588347,48.830917],[2.58818,48.830875],[2.587918,48.830826],[2.587623,48.830784],[2.587349,48.830765],[2.586611,48.830753],[2.586418,48.830738],[2.586315,48.830719],[2.586177,48.830677],[2.585723,48.830467],[2.585538,48.830444],[2.58529,48.830391],[2.583473,48.830196],[2.583253,48.830139],[2.58131,48.829971],[2.581239,48.829502],[2.581253,48.82943],[2.581298,48.82935],[2.581419,48.829216],[2.581552,48.829029],[2.581625,48.828941],[2.581711,48.828861],[2.58193,48.828693],[2.583503,48.827099],[2.583745,48.826794],[2.584785,48.825748],[2.584933,48.825634],[2.585018,48.825554],[2.585169,48.825405],[2.585183,48.825356],[2.585172,48.825321],[2.585102,48.825283],[2.584692,48.825115],[2.584281,48.824932],[2.584014,48.824795],[2.583689,48.8246],[2.583363,48.824364],[2.583055,48.824123],[2.582935,48.82407],[2.582789,48.824028],[2.582594,48.824009],[2.582244,48.823952],[2.58189,48.823883],[2.58189,48.823883],[2.581723,48.823849],[2.581632,48.823845],[2.58122,48.823753],[2.579589,48.823456],[2.579527,48.823456],[2.57949,48.823467],[2.578874,48.823795],[2.577603,48.825054],[2.577472,48.825134],[2.577386,48.825176],[2.577231,48.82523],[2.575254,48.82605],[2.574658,48.826283],[2.574317,48.826431],[2.573978,48.826561],[2.572457,48.827198],[2.568791,48.828709],[2.56861,48.828773],[2.568523,48.828796],[2.568396,48.828873],[2.568411,48.829041],[2.5684,48.829128],[2.568141,48.829105],[2.567905,48.829109],[2.56664,48.829235],[2.566225,48.829285],[2.565403,48.829399],[2.564619,48.829517],[2.562278,48.829918],[2.56148,48.83007],[2.561232,48.830105],[2.560913,48.830116],[2.55882,48.830074],[2.558517,48.830067],[2.558147,48.830036],[2.556947,48.829685],[2.556321,48.829472],[2.556077,48.829372],[2.554471,48.828606],[2.551467,48.827335],[2.550618,48.826969],[2.550445,48.826939],[2.550237,48.826942],[2.550179,48.826958],[2.550116,48.826962],[2.550055,48.82695],[2.550002,48.826927],[2.549964,48.826893],[2.549783,48.82682],[2.549584,48.826782],[2.548958,48.826801],[2.547784,48.826847],[2.547513,48.826881],[2.547133,48.826962],[2.546959,48.827003],[2.545905,48.827312],[2.545822,48.827091],[2.545764,48.826984],[2.545672,48.826752],[2.545429,48.826485],[2.545351,48.826366],[2.545276,48.826267],[2.544899,48.825966],[2.544742,48.825893],[2.54368,48.825665],[2.542968,48.825397],[2.542857,48.825378],[2.542834,48.825367],[2.542813,48.825283],[2.542741,48.825275],[2.54271,48.82526],[2.542688,48.825241],[2.542675,48.825218],[2.542674,48.825191],[2.542685,48.825165],[2.542709,48.825146],[2.542742,48.82513],[2.54278,48.825123],[2.542854,48.82513],[2.542884,48.825146],[2.542905,48.825169],[2.54299,48.825172],[2.543052,48.82515],[2.54337,48.824928],[2.54396,48.824467],[2.54405,48.824409],[2.54402,48.824394],[2.544,48.824371],[2.543989,48.824348],[2.543989,48.824318],[2.544005,48.824287],[2.544033,48.824265],[2.544108,48.824242],[2.544189,48.824253],[2.544222,48.824268],[2.544462,48.824081],[2.544492,48.824062],[2.544586,48.824039],[2.544576,48.824028],[2.544414,48.823997],[2.544067,48.823914]],[[2.649865,48.795197],[2.649934,48.795238],[2.649932,48.795284],[2.649898,48.795326],[2.649814,48.795338],[2.649729,48.795322],[2.649407,48.795162],[2.649282,48.795094],[2.649077,48.794945],[2.648899,48.794842],[2.648536,48.794575],[2.648484,48.794601],[2.648453,48.794609],[2.648386,48.794613],[2.648324,48.794598],[2.64828,48.794567],[2.648258,48.794529],[2.64826,48.794487],[2.64795,48.794373],[2.647859,48.794312],[2.647691,48.79414],[2.647652,48.79409],[2.64761,48.794014],[2.647589,48.793934],[2.647281,48.793602],[2.647073,48.793655],[2.646754,48.79377],[2.64666,48.793812],[2.646568,48.793896],[2.646582,48.793957],[2.646569,48.794018],[2.646531,48.794075],[2.646451,48.794136],[2.646346,48.794174],[2.646251,48.794186],[2.646154,48.794178],[2.646064,48.794155],[2.645988,48.794113],[2.645831,48.794102],[2.645771,48.794106],[2.645453,48.794178],[2.644248,48.794594],[2.643816,48.794758],[2.643669,48.794823],[2.643503,48.794937],[2.643365,48.79509],[2.643192,48.795349],[2.64315,48.795437],[2.643072,48.795662],[2.64288,48.796169],[2.642747,48.796436],[2.642675,48.796551],[2.642569,48.79668],[2.642441,48.796787],[2.642308,48.796867],[2.642179,48.796932],[2.642059,48.796986],[2.640575,48.797527],[2.640429,48.797596],[2.640286,48.797676],[2.64014,48.797787],[2.63988,48.798065],[2.63957,48.798416],[2.639423,48.798664],[2.639289,48.798843],[2.639211,48.79892],[2.63889,48.799118],[2.63841,48.799301],[2.637715,48.799534],[2.637277,48.799648],[2.637222,48.799683],[2.637147,48.799694],[2.637034,48.799728],[2.636731,48.799858],[2.636249,48.800018],[2.635552,48.800228],[2.634647,48.800514],[2.634509,48.800552],[2.634314,48.800591],[2.634057,48.800663],[2.633977,48.80069],[2.633885,48.800739],[2.633859,48.800766],[2.633805,48.800797],[2.633747,48.800812],[2.633647,48.800812],[2.633591,48.8008],[2.63351,48.800762],[2.633486,48.800732],[2.633315,48.800751],[2.633258,48.80077],[2.633212,48.800797],[2.633123,48.800865],[2.633019,48.800983],[2.63297,48.801018],[2.632848,48.801067],[2.630646,48.801792],[2.630123,48.801945],[2.629624,48.802124],[2.629532,48.802151],[2.62914,48.802212],[2.629069,48.802238],[2.629053,48.802284],[2.629024,48.80233],[2.628983,48.802368],[2.628932,48.802406],[2.628872,48.802433],[2.628805,48.802456],[2.62866,48.802475],[2.628558,48.802513],[2.62823,48.802681],[2.627853,48.802814],[2.627519,48.802902],[2.62646,48.803253],[2.625865,48.803421],[2.625671,48.803459],[2.625379,48.803532],[2.625274,48.803547],[2.625185,48.803574],[2.625129,48.803638],[2.625068,48.803677],[2.62495,48.803715],[2.624816,48.80373],[2.624661,48.80378],[2.624272,48.803967],[2.623937,48.804104],[2.6235,48.804253],[2.622671,48.804527],[2.622251,48.804653],[2.622049,48.804695],[2.621802,48.804707],[2.621638,48.804749],[2.621595,48.804798],[2.621528,48.804836],[2.621446,48.804855],[2.621402,48.804855],[2.621316,48.804848],[2.621251,48.804825],[2.62118,48.804768],[2.621161,48.804737],[2.621153,48.804703],[2.621154,48.804672],[2.621182,48.804615],[2.621238,48.804569],[2.621278,48.804405],[2.621332,48.804302],[2.621511,48.804001],[2.621609,48.804031],[2.621443,48.804317],[2.621443,48.804317],[2.621388,48.804413],[2.621399,48.804493],[2.621418,48.804527],[2.621506,48.804543],[2.621546,48.804558],[2.6216,48.804592],[2.621626,48.804619],[2.621644,48.804649],[2.621652,48.804684],[2.62165,48.804714],[2.621638,48.804749],[2.621595,48.804798],[2.621528,48.804836],[2.621446,48.804855],[2.621402,48.804855],[2.621316,48.804848],[2.621002,48.80497],[2.620519,48.805149],[2.620144,48.805244],[2.618953,48.805634],[2.618451,48.805782],[2.618085,48.805916],[2.617764,48.806046],[2.617557,48.806114],[2.617439,48.806198],[2.617385,48.806305],[2.617377,48.806454],[2.617423,48.806622],[2.617536,48.806759],[2.617709,48.806889],[2.617871,48.806995],[2.619436,48.807751],[2.619623,48.807781],[2.619673,48.8078],[2.619781,48.807793],[2.619887,48.807812],[2.619933,48.807831],[2.619972,48.807858],[2.620001,48.807888],[2.620027,48.807949],[2.620225,48.808102],[2.620329,48.808147],[2.62043,48.80822],[2.620577,48.808372],[2.620644,48.808491],[2.620681,48.808571],[2.620899,48.809212],[2.621209,48.8102],[2.621231,48.810314],[2.621286,48.810318],[2.62131,48.810326],[2.621337,48.81036],[2.621331,48.810394],[2.621316,48.81041],[2.621268,48.810429],[2.62139,48.81073],[2.62145,48.810844],[2.621519,48.810947],[2.621782,48.811268],[2.621986,48.811485],[2.622153,48.811626],[2.622509,48.811882],[2.622779,48.812119],[2.622916,48.81229],[2.622963,48.812405],[2.622977,48.812469],[2.622981,48.812576],[2.622963,48.812664],[2.622947,48.812698],[2.6229,48.812752],[2.622797,48.812851],[2.621809,48.81353],[2.621608,48.813732],[2.620938,48.814548],[2.620904,48.814617],[2.620891,48.814713],[2.620896,48.814762],[2.620931,48.814877],[2.621003,48.815002],[2.621142,48.815186],[2.620175,48.815525],[2.618116,48.816204],[2.617913,48.816284],[2.617735,48.816372],[2.617632,48.816437],[2.61715,48.816799],[2.616549,48.817253],[2.615755,48.817867],[2.615586,48.818031],[2.615245,48.81831],[2.615112,48.818459],[2.614968,48.818661],[2.614918,48.818771],[2.614881,48.818878],[2.614445,48.820423],[2.614395,48.820629],[2.61444,48.820648],[2.614476,48.820679],[2.614501,48.820709],[2.614515,48.820755],[2.614508,48.820801],[2.614481,48.820843],[2.614445,48.820873],[2.614399,48.820896],[2.614345,48.820911],[2.61428,48.820919],[2.614216,48.820911],[2.614156,48.820892],[2.614117,48.820873],[2.614085,48.820847],[2.614063,48.82082],[2.613903,48.820778],[2.613828,48.820766],[2.613719,48.820759],[2.613629,48.820766],[2.61352,48.820789],[2.613433,48.820835],[2.613373,48.820908],[2.613348,48.820988],[2.613338,48.821083],[2.613383,48.821182],[2.613421,48.821308],[2.613435,48.821373],[2.613431,48.821487],[2.613103,48.822609],[2.613025,48.823032],[2.612979,48.823551],[2.612946,48.823761],[2.612888,48.823948],[2.612811,48.824127],[2.6125,48.824539],[2.612052,48.825035],[2.610944,48.826366],[2.610735,48.826595],[2.609632,48.827896],[2.608869,48.828762],[2.60866,48.828949],[2.608407,48.82914],[2.608118,48.829319],[2.607817,48.829472],[2.607513,48.82959],[2.607162,48.829708],[2.606835,48.829788],[2.606453,48.829857],[2.602906,48.830418],[2.597826,48.831234],[2.597502,48.83131],[2.597132,48.831429],[2.596911,48.831512],[2.59678,48.831573],[2.595559,48.832199],[2.59531,48.832302],[2.595002,48.832413],[2.594574,48.832527],[2.594248,48.832592],[2.593988,48.83263],[2.593739,48.832653],[2.59337,48.832676],[2.593054,48.832672],[2.592758,48.832657],[2.592388,48.832615],[2.592069,48.832565],[2.59168,48.832474],[2.591431,48.832401],[2.591046,48.832256],[2.59086,48.832172],[2.590556,48.832016],[2.589313,48.831299],[2.589221,48.831352],[2.589107,48.831379],[2.588985,48.831375],[2.588908,48.831356],[2.588797,48.831299],[2.588747,48.831242],[2.588727,48.831177],[2.588738,48.831108],[2.58878,48.831047],[2.588347,48.830917],[2.58818,48.830875],[2.587918,48.830826],[2.587623,48.830784],[2.587349,48.830765],[2.586611,48.830753],[2.586418,48.830738],[2.586315,48.830719],[2.586177,48.830677],[2.585723,48.830467],[2.585538,48.830444],[2.58529,48.830391],[2.583473,48.830196],[2.583253,48.830139],[2.58131,48.829971],[2.581239,48.829502],[2.581253,48.82943],[2.581298,48.82935],[2.581419,48.829216],[2.581552,48.829029],[2.581625,48.828941],[2.581711,48.828861],[2.58193,48.828693],[2.583503,48.827099],[2.583745,48.826794],[2.584785,48.825748],[2.584933,48.825634],[2.585018,48.825554],[2.585169,48.825405],[2.585183,48.825356],[2.585172,48.825321],[2.585102,48.825283],[2.584692,48.825115],[2.584281,48.824932],[2.584014,48.824795],[2.583689,48.8246],[2.583363,48.824364],[2.583055,48.824123],[2.582935,48.82407],[2.582789,48.824028],[2.582594,48.824009],[2.582244,48.823952],[2.58189,48.823883],[2.58189,48.823883],[2.581723,48.823849],[2.581632,48.823845],[2.58122,48.823753],[2.579589,48.823456],[2.579527,48.823456],[2.57949,48.823467],[2.578874,48.823795],[2.577603,48.825054],[2.577472,48.825134],[2.577386,48.825176],[2.577231,48.82523],[2.575254,48.82605],[2.574658,48.826283],[2.574317,48.826431],[2.573978,48.826561],[2.572457,48.827198],[2.568791,48.828709],[2.56861,48.828773],[2.568523,48.828796],[2.568396,48.828873],[2.568411,48.829041],[2.5684,48.829128],[2.568141,48.829105],[2.567905,48.829109],[2.56664,48.829235],[2.566225,48.829285],[2.565403,48.829399],[2.564619,48.829517],[2.562278,48.829918],[2.56148,48.83007],[2.561232,48.830105],[2.560913,48.830116],[2.55882,48.830074],[2.558517,48.830067],[2.558147,48.830036],[2.556947,48.829685],[2.556321,48.829472],[2.556077,48.829372],[2.554471,48.828606],[2.551467,48.827335],[2.550618,48.826969],[2.550445,48.826939],[2.550237,48.826942],[2.550179,48.826958],[2.550116,48.826962],[2.550055,48.82695],[2.550002,48.826927],[2.549964,48.826893],[2.549783,48.82682],[2.549584,48.826782],[2.548958,48.826801],[2.547784,48.826847],[2.547513,48.826881],[2.547133,48.826962],[2.546959,48.827003],[2.545905,48.827312],[2.545822,48.827091],[2.545764,48.826984],[2.545672,48.826752],[2.545429,48.826485],[2.545351,48.826366],[2.545276,48.826267],[2.544899,48.825966],[2.544742,48.825893],[2.54368,48.825665],[2.542968,48.825397],[2.542857,48.825378],[2.542834,48.825367],[2.542813,48.825283],[2.542741,48.825275],[2.54271,48.82526],[2.542688,48.825241],[2.542675,48.825218],[2.542674,48.825191],[2.542685,48.825165],[2.542709,48.825146],[2.542742,48.82513],[2.54278,48.825123],[2.542854,48.82513],[2.542884,48.825146],[2.542905,48.825169],[2.54299,48.825172],[2.543052,48.82515],[2.54337,48.824928],[2.54396,48.824467],[2.54405,48.824409],[2.54402,48.824394],[2.544,48.824371],[2.543989,48.824348],[2.543989,48.824318],[2.544005,48.824287],[2.544033,48.824265],[2.544108,48.824242],[2.544189,48.824253],[2.544222,48.824268],[2.544462,48.824081],[2.544492,48.824062],[2.544586,48.824039],[2.544576,48.824028],[2.544414,48.823997],[2.544067,48.823914]],[[2.544067,48.823914],[2.543319,48.82373],[2.543199,48.823708],[2.542896,48.823669],[2.542564,48.823597],[2.542112,48.823448],[2.541477,48.823303],[2.541433,48.823303],[2.541333,48.82333],[2.541283,48.823357],[2.54125,48.823364],[2.541208,48.823467],[2.541185,48.823505],[2.54113,48.823566],[2.541134,48.823727],[2.541112,48.823879],[2.541069,48.82402],[2.540648,48.825203],[2.540511,48.825661],[2.540408,48.82605],[2.540312,48.826538],[2.540322,48.826591],[2.540384,48.826595],[2.540439,48.826614],[2.540478,48.826645],[2.54049,48.826679],[2.540482,48.826717],[2.540456,48.826748],[2.540417,48.826771],[2.540319,48.826778],[2.540274,48.826767],[2.54024,48.826752],[2.540215,48.826725],[2.540127,48.826714],[2.540027,48.826672],[2.539781,48.826626],[2.539486,48.826611],[2.538658,48.826694],[2.537615,48.826714],[2.537135,48.826736],[2.536899,48.826756],[2.536506,48.826817],[2.535319,48.827034],[2.534982,48.827076],[2.533473,48.827217],[2.529568,48.827274],[2.529346,48.827316],[2.528212,48.827316],[2.528084,48.827335],[2.528049,48.827412],[2.527997,48.827457],[2.527945,48.827488],[2.527884,48.827507],[2.527817,48.827522],[2.527749,48.827526],[2.527692,48.827518],[2.527609,48.827499],[2.527541,48.827465],[2.527472,48.827408],[2.527349,48.827358],[2.527121,48.827301],[2.52619,48.827251],[2.525896,48.827225],[2.525641,48.82719],[2.525457,48.827141],[2.524004,48.826649],[2.52262,48.826267],[2.522126,48.82616],[2.521745,48.826099],[2.521337,48.826057],[2.521256,48.826061],[2.521184,48.826084],[2.521133,48.826126],[2.521109,48.826176],[2.521008,48.826824],[2.521038,48.826881],[2.521061,48.826908],[2.521146,48.826954],[2.521904,48.827038],[2.522021,48.827068],[2.522121,48.827118],[2.522184,48.827168],[2.52223,48.827217],[2.522217,48.827301],[2.522201,48.827343],[2.52218,48.82737],[2.522141,48.8274],[2.520123,48.827187],[2.519959,48.82719],[2.519248,48.827129],[2.518738,48.827099],[2.518409,48.827095],[2.517952,48.82711],[2.517125,48.827194],[2.517045,48.827187],[2.516625,48.827225],[2.516336,48.827229],[2.515785,48.827221],[2.514893,48.827187],[2.514666,48.827183],[2.51169,48.82732],[2.5113,48.827362],[2.510618,48.827518],[2.510525,48.827549],[2.51042,48.827564],[2.510132,48.827583],[2.509074,48.827377],[2.508921,48.827209],[2.508913,48.827164],[2.508967,48.827003],[2.509167,48.826965],[2.508906,48.826366],[2.508515,48.825439],[2.509877,48.825294],[2.509877,48.825294],[2.509848,48.825443],[2.509616,48.826447],[2.509683,48.826603],[2.509732,48.826664],[2.509851,48.826752],[2.510108,48.826916],[2.510588,48.827145],[2.51069,48.827286],[2.510709,48.827362],[2.510673,48.827442],[2.510618,48.827518],[2.510525,48.827549],[2.51042,48.827564],[2.510132,48.827583],[2.50956,48.827473],[2.507378,48.827728],[2.506984,48.827759],[2.505783,48.827896],[2.505133,48.827999],[2.504887,48.827957],[2.504158,48.828106],[2.502809,48.828407],[2.501204,48.828815],[2.498944,48.829491],[2.498279,48.829674],[2.497327,48.829895],[2.496986,48.830044],[2.496284,48.830196],[2.495014,48.830448],[2.494136,48.83057],[2.493655,48.830608],[2.493394,48.830673],[2.493291,48.830734],[2.493233,48.830791],[2.493206,48.830948],[2.493046,48.832703],[2.493046,48.833065],[2.493132,48.833553],[2.493255,48.833874],[2.49352,48.834404],[2.494142,48.835514],[2.494242,48.835819],[2.494318,48.836128],[2.49432,48.836514],[2.494292,48.836555],[2.494284,48.836643],[2.494086,48.837585],[2.49397,48.838116],[2.493936,48.838219]],[[2.494619,48.838318],[2.494032,48.838295],[2.493905,48.838188],[2.493783,48.8381],[2.493816,48.838001],[2.493974,48.837341],[2.494014,48.837013],[2.494105,48.836605],[2.494119,48.836414],[2.494115,48.836231],[2.494035,48.835911],[2.493778,48.835392],[2.493665,48.835205],[2.49326,48.834572],[2.493095,48.834255],[2.49295,48.833759],[2.492857,48.83334],[2.492854,48.833065],[2.492867,48.832893],[2.492952,48.832592],[2.492923,48.832539],[2.49296,48.832409],[2.493003,48.832027],[2.493084,48.830952],[2.493115,48.830624],[2.493078,48.830566],[2.493059,48.830448],[2.49305,48.830254],[2.493064,48.82999],[2.493058,48.82991],[2.493037,48.829819],[2.493001,48.829735],[2.492937,48.829662],[2.492886,48.829617],[2.492815,48.829575],[2.492714,48.829536],[2.492556,48.829514],[2.492473,48.829514],[2.492373,48.829521],[2.492287,48.829544],[2.49221,48.829575],[2.492161,48.829601],[2.492119,48.829632],[2.492078,48.829681],[2.49202,48.829777],[2.492014,48.829811],[2.492019,48.829933],[2.492099,48.830036],[2.492129,48.830063],[2.492225,48.830124],[2.492446,48.830196],[2.492513,48.830208],[2.492626,48.830215],[2.493332,48.830219],[2.493408,48.830227],[2.493505,48.830261],[2.494146,48.830231],[2.494607,48.830185],[2.495873,48.830021],[2.496939,48.829796],[2.497963,48.829563],[2.499516,48.829136],[2.500235,48.828907],[2.501104,48.828659],[2.502604,48.828266],[2.50325,48.828114],[2.503642,48.827984],[2.504241,48.827816],[2.505393,48.827515],[2.506041,48.82737],[2.506463,48.827293],[2.506841,48.827244],[2.507306,48.827206],[2.50819,48.827148],[2.508374,48.82711],[2.509543,48.826897],[2.509616,48.826447],[2.509848,48.825443],[2.509877,48.825294],[2.510017,48.824722],[2.509835,48.824718],[2.508745,48.824833],[2.508526,48.824844],[2.50838,48.824814],[2.508285,48.823467],[2.508307,48.823418],[2.510305,48.823544],[2.510065,48.82452],[2.510065,48.82452],[2.509877,48.825294],[2.509848,48.825443],[2.509616,48.826447],[2.509683,48.826603],[2.509732,48.826664],[2.509851,48.826752],[2.510108,48.826916],[2.510588,48.827145],[2.510922,48.827251],[2.511255,48.82729],[2.51169,48.82732],[2.514666,48.827183],[2.514893,48.827187],[2.515785,48.827221],[2.516336,48.827229],[2.516625,48.827225],[2.517045,48.827187],[2.517116,48.82716],[2.517947,48.827065],[2.517955,48.826942],[2.518009,48.826874],[2.518085,48.82682],[2.518197,48.826782],[2.518355,48.826767],[2.519387,48.82679],[2.519782,48.826813],[2.520267,48.826855],[2.520797,48.826908],[2.520864,48.8269],[2.520918,48.826885],[2.521008,48.826824],[2.521109,48.826176],[2.521133,48.826126],[2.521184,48.826084],[2.521256,48.826061],[2.521337,48.826057],[2.521745,48.826099],[2.522126,48.82616],[2.52262,48.826267],[2.524004,48.826649],[2.525457,48.827141],[2.525641,48.82719],[2.525896,48.827225],[2.52619,48.827251],[2.527121,48.827301],[2.527379,48.827267],[2.527456,48.827244],[2.527504,48.827183],[2.527592,48.827129],[2.527643,48.827114],[2.527754,48.827099],[2.527865,48.82711],[2.527964,48.827145],[2.528039,48.827202],[2.528064,48.827232],[2.528215,48.827259],[2.529416,48.827259],[2.529568,48.827274],[2.533473,48.827217],[2.534982,48.827076],[2.535319,48.827034],[2.536506,48.826817],[2.536899,48.826756],[2.537135,48.826736],[2.537615,48.826714],[2.538658,48.826694],[2.539486,48.826611],[2.539781,48.826626],[2.540027,48.826672],[2.540217,48.826641],[2.540243,48.826618],[2.540279,48.826599],[2.540322,48.826591],[2.540312,48.826538],[2.540408,48.82605],[2.540511,48.825661],[2.540648,48.825203],[2.541069,48.82402],[2.541112,48.823879],[2.541134,48.823727],[2.54113,48.823566],[2.541096,48.823505],[2.541108,48.823452],[2.541154,48.823338],[2.54114,48.823326],[2.541128,48.823292],[2.541133,48.823269],[2.541151,48.823246],[2.54121,48.823219],[2.541246,48.823219],[2.541296,48.823231],[2.541333,48.823254],[2.541446,48.823242],[2.541493,48.82325],[2.542274,48.823437],[2.542679,48.82354],[2.543234,48.823639],[2.54411,48.82386]],[[2.649865,48.795197],[2.649934,48.795238],[2.649932,48.795284],[2.649898,48.795326],[2.649814,48.795338],[2.649729,48.795322],[2.649407,48.795162],[2.649282,48.795094],[2.649077,48.794945],[2.648899,48.794842],[2.648536,48.794575],[2.648484,48.794601],[2.648453,48.794609],[2.648386,48.794613],[2.648324,48.794598],[2.64828,48.794567],[2.648258,48.794529],[2.64826,48.794487],[2.64795,48.794373],[2.647859,48.794312],[2.647691,48.79414],[2.647652,48.79409],[2.64761,48.794014],[2.647589,48.793934],[2.647281,48.793602],[2.647073,48.793655],[2.646754,48.79377],[2.64666,48.793812],[2.646568,48.793896],[2.646582,48.793957],[2.646569,48.794018],[2.646531,48.794075],[2.646451,48.794136],[2.646346,48.794174],[2.646251,48.794186],[2.646154,48.794178],[2.646064,48.794155],[2.645988,48.794113],[2.645831,48.794102],[2.645771,48.794106],[2.645453,48.794178],[2.644248,48.794594],[2.643816,48.794758],[2.643669,48.794823],[2.643503,48.794937],[2.643365,48.79509],[2.643192,48.795349],[2.64315,48.795437],[2.643072,48.795662],[2.64288,48.796169],[2.642747,48.796436],[2.642675,48.796551],[2.642569,48.79668],[2.642441,48.796787],[2.642308,48.796867],[2.642179,48.796932],[2.642059,48.796986],[2.640575,48.797527],[2.640429,48.797596],[2.640286,48.797676],[2.64014,48.797787],[2.63988,48.798065],[2.63957,48.798416],[2.639423,48.798664],[2.639289,48.798843],[2.639211,48.79892],[2.63889,48.799118],[2.63841,48.799301],[2.637715,48.799534],[2.637277,48.799648],[2.637222,48.799683],[2.637147,48.799694],[2.637034,48.799728],[2.636731,48.799858],[2.636249,48.800018],[2.635552,48.800228],[2.634647,48.800514],[2.634509,48.800552],[2.634314,48.800591],[2.634057,48.800663],[2.633977,48.80069],[2.633885,48.800739],[2.633859,48.800766],[2.633805,48.800797],[2.633747,48.800812],[2.633647,48.800812],[2.633591,48.8008],[2.63351,48.800762],[2.633486,48.800732],[2.633315,48.800751],[2.633258,48.80077],[2.633212,48.800797],[2.633123,48.800865],[2.633019,48.800983],[2.63297,48.801018],[2.632848,48.801067],[2.630646,48.801792],[2.630123,48.801945],[2.629624,48.802124],[2.629532,48.802151],[2.62914,48.802212],[2.629069,48.802238],[2.629053,48.802284],[2.629024,48.80233],[2.628983,48.802368],[2.628932,48.802406],[2.628872,48.802433],[2.628805,48.802456],[2.62866,48.802475],[2.628558,48.802513],[2.62823,48.802681],[2.627853,48.802814],[2.627519,48.802902],[2.62646,48.803253],[2.625865,48.803421],[2.625671,48.803459],[2.625379,48.803532],[2.625274,48.803547],[2.625185,48.803574],[2.625129,48.803638],[2.625068,48.803677],[2.62495,48.803715],[2.624816,48.80373],[2.624661,48.80378],[2.624272,48.803967],[2.623937,48.804104],[2.6235,48.804253],[2.622671,48.804527],[2.622251,48.804653],[2.622049,48.804695],[2.621802,48.804707],[2.621638,48.804749],[2.621595,48.804798],[2.621528,48.804836],[2.621446,48.804855],[2.621402,48.804855],[2.621316,48.804848],[2.621251,48.804825],[2.62118,48.804768],[2.621161,48.804737],[2.621153,48.804703],[2.621154,48.804672],[2.621182,48.804615],[2.621238,48.804569],[2.621278,48.804405],[2.621332,48.804302],[2.621511,48.804001],[2.621609,48.804031],[2.621443,48.804317],[2.621443,48.804317],[2.621388,48.804413],[2.621399,48.804493],[2.621418,48.804527],[2.621506,48.804543],[2.621546,48.804558],[2.6216,48.804592],[2.621626,48.804619],[2.621644,48.804649],[2.621652,48.804684],[2.62165,48.804714],[2.621638,48.804749],[2.621595,48.804798],[2.621528,48.804836],[2.621446,48.804855],[2.621402,48.804855],[2.621316,48.804848],[2.621002,48.80497],[2.620519,48.805149],[2.620144,48.805244],[2.618953,48.805634],[2.618451,48.805782],[2.618085,48.805916],[2.617764,48.806046],[2.617557,48.806114],[2.617439,48.806198],[2.617385,48.806305],[2.617377,48.806454],[2.617423,48.806622],[2.617536,48.806759],[2.617709,48.806889],[2.617871,48.806995],[2.619436,48.807751],[2.619623,48.807781],[2.619673,48.8078],[2.619781,48.807793],[2.619887,48.807812],[2.619933,48.807831],[2.619972,48.807858],[2.620001,48.807888],[2.620027,48.807949],[2.620225,48.808102],[2.620329,48.808147],[2.62043,48.80822],[2.620577,48.808372],[2.620644,48.808491],[2.620681,48.808571],[2.620899,48.809212],[2.621209,48.8102],[2.621231,48.810314],[2.621286,48.810318],[2.62131,48.810326],[2.621337,48.81036],[2.621331,48.810394],[2.621316,48.81041],[2.621268,48.810429],[2.62139,48.81073],[2.62145,48.810844],[2.621519,48.810947],[2.621782,48.811268],[2.621986,48.811485],[2.622153,48.811626],[2.622509,48.811882],[2.622779,48.812119],[2.622916,48.81229],[2.622963,48.812405],[2.622977,48.812469],[2.622981,48.812576],[2.622963,48.812664],[2.622947,48.812698],[2.6229,48.812752],[2.622797,48.812851],[2.621809,48.81353],[2.621608,48.813732],[2.620938,48.814548],[2.620904,48.814617],[2.620891,48.814713],[2.620896,48.814762],[2.620931,48.814877],[2.621003,48.815002],[2.621142,48.815186],[2.620175,48.815525],[2.618116,48.816204],[2.617913,48.816284],[2.617735,48.816372],[2.617632,48.816437],[2.61715,48.816799],[2.616549,48.817253],[2.615755,48.817867],[2.615586,48.818031],[2.615245,48.81831],[2.615112,48.818459],[2.614968,48.818661],[2.614918,48.818771],[2.614881,48.818878],[2.614445,48.820423],[2.614395,48.820629],[2.61444,48.820648],[2.614476,48.820679],[2.614501,48.820709],[2.614515,48.820755],[2.614508,48.820801],[2.614481,48.820843],[2.614445,48.820873],[2.614399,48.820896],[2.614345,48.820911],[2.61428,48.820919],[2.614216,48.820911],[2.614156,48.820892],[2.614117,48.820873],[2.614085,48.820847],[2.614063,48.82082],[2.613903,48.820778],[2.613828,48.820766],[2.613719,48.820759],[2.613629,48.820766],[2.61352,48.820789],[2.613433,48.820835],[2.613373,48.820908],[2.613348,48.820988],[2.613338,48.821083],[2.613383,48.821182],[2.613421,48.821308],[2.613435,48.821373],[2.613431,48.821487],[2.613103,48.822609],[2.613025,48.823032],[2.612979,48.823551],[2.612946,48.823761],[2.612888,48.823948],[2.612811,48.824127],[2.6125,48.824539],[2.612052,48.825035],[2.610944,48.826366],[2.610735,48.826595],[2.609632,48.827896],[2.608869,48.828762],[2.60866,48.828949],[2.608407,48.82914],[2.608118,48.829319],[2.607817,48.829472],[2.607513,48.82959],[2.607162,48.829708],[2.606835,48.829788],[2.606453,48.829857],[2.602906,48.830418],[2.597826,48.831234],[2.597502,48.83131],[2.597132,48.831429],[2.596911,48.831512],[2.59678,48.831573],[2.595559,48.832199],[2.59531,48.832302],[2.595002,48.832413],[2.594574,48.832527],[2.594248,48.832592],[2.593988,48.83263],[2.593739,48.832653],[2.59337,48.832676],[2.593054,48.832672],[2.592758,48.832657],[2.592388,48.832615],[2.592069,48.832565],[2.59168,48.832474],[2.591431,48.832401],[2.591046,48.832256],[2.59086,48.832172],[2.590556,48.832016],[2.589313,48.831299],[2.589221,48.831352],[2.589107,48.831379],[2.588985,48.831375],[2.588908,48.831356],[2.588797,48.831299],[2.588747,48.831242],[2.588727,48.831177],[2.588738,48.831108],[2.58878,48.831047],[2.588347,48.830917],[2.58818,48.830875],[2.587918,48.830826],[2.587623,48.830784],[2.587349,48.830765],[2.586611,48.830753],[2.586418,48.830738],[2.586315,48.830719],[2.586177,48.830677],[2.585723,48.830467],[2.585538,48.830444],[2.58529,48.830391],[2.583473,48.830196],[2.583253,48.830139],[2.58131,48.829971],[2.581239,48.829502],[2.581253,48.82943],[2.581298,48.82935],[2.581419,48.829216],[2.581552,48.829029],[2.581625,48.828941],[2.581711,48.828861],[2.58193,48.828693],[2.583503,48.827099],[2.583745,48.826794],[2.584785,48.825748],[2.584933,48.825634],[2.585018,48.825554],[2.585169,48.825405],[2.585183,48.825356],[2.585172,48.825321],[2.585102,48.825283],[2.584692,48.825115],[2.584281,48.824932],[2.584014,48.824795],[2.583689,48.8246],[2.583363,48.824364],[2.583055,48.824123],[2.582935,48.82407],[2.582789,48.824028],[2.582594,48.824009],[2.582244,48.823952],[2.58189,48.823883],[2.58189,48.823883],[2.581723,48.823849],[2.581632,48.823845],[2.58122,48.823753],[2.579589,48.823456],[2.579527,48.823456],[2.57949,48.823467],[2.578874,48.823795],[2.577603,48.825054],[2.577472,48.825134],[2.577386,48.825176],[2.577231,48.82523],[2.575254,48.82605],[2.574658,48.826283],[2.574317,48.826431],[2.573978,48.826561],[2.572457,48.827198],[2.568791,48.828709],[2.56861,48.828773],[2.568523,48.828796],[2.568396,48.828873],[2.568411,48.829041],[2.5684,48.829128],[2.568141,48.829105],[2.567905,48.829109],[2.56664,48.829235],[2.566225,48.829285],[2.565403,48.829399],[2.564619,48.829517],[2.562278,48.829918],[2.56148,48.83007],[2.561232,48.830105],[2.560913,48.830116],[2.55882,48.830074],[2.558517,48.830067],[2.558147,48.830036],[2.556947,48.829685],[2.556321,48.829472],[2.556077,48.829372],[2.554471,48.828606],[2.551467,48.827335],[2.550618,48.826969],[2.550445,48.826939],[2.550237,48.826942],[2.550179,48.826958],[2.550116,48.826962],[2.550055,48.82695],[2.550002,48.826927],[2.549964,48.826893],[2.549783,48.82682],[2.549584,48.826782],[2.548958,48.826801],[2.547784,48.826847],[2.547513,48.826881],[2.547133,48.826962],[2.546959,48.827003],[2.545905,48.827312],[2.545822,48.827091],[2.545764,48.826984],[2.545672,48.826752],[2.545429,48.826485],[2.545351,48.826366],[2.545276,48.826267],[2.544899,48.825966],[2.544742,48.825893],[2.54368,48.825665],[2.542968,48.825397],[2.542857,48.825378],[2.542834,48.825367],[2.542813,48.825283],[2.542741,48.825275],[2.54271,48.82526],[2.542688,48.825241],[2.542675,48.825218],[2.542674,48.825191],[2.542685,48.825165],[2.542709,48.825146],[2.542742,48.82513],[2.54278,48.825123],[2.542854,48.82513],[2.542884,48.825146],[2.542905,48.825169],[2.54299,48.825172],[2.543052,48.82515],[2.54337,48.824928],[2.54396,48.824467],[2.54405,48.824409],[2.54402,48.824394],[2.544,48.824371],[2.543989,48.824348],[2.543989,48.824318],[2.544005,48.824287],[2.544033,48.824265],[2.544108,48.824242],[2.544189,48.824253],[2.544222,48.824268],[2.544462,48.824081],[2.544492,48.824062],[2.544586,48.824039],[2.544576,48.824028],[2.544414,48.823997],[2.544067,48.823914],[2.544067,48.823914],[2.543319,48.82373],[2.543199,48.823708],[2.542896,48.823669],[2.542564,48.823597],[2.542112,48.823448],[2.541477,48.823303],[2.541433,48.823303],[2.541333,48.82333],[2.541283,48.823357],[2.54125,48.823364],[2.541208,48.823467],[2.541185,48.823505],[2.54113,48.823566],[2.541134,48.823727],[2.541112,48.823879],[2.541069,48.82402],[2.540648,48.825203],[2.540511,48.825661],[2.540408,48.82605],[2.540312,48.826538],[2.540322,48.826591],[2.540384,48.826595],[2.540439,48.826614],[2.540478,48.826645],[2.54049,48.826679],[2.540482,48.826717],[2.540456,48.826748],[2.540417,48.826771],[2.540319,48.826778],[2.540274,48.826767],[2.54024,48.826752],[2.540215,48.826725],[2.540127,48.826714],[2.540027,48.826672],[2.539781,48.826626],[2.539486,48.826611],[2.538658,48.826694],[2.53837,48.827465],[2.538243,48.827766],[2.537668,48.82922],[2.537597,48.829433],[2.537675,48.829414],[2.539334,48.829128],[2.53942,48.829197],[2.539299,48.829464],[2.539464,48.829769],[2.539648,48.830067],[2.539826,48.830315],[2.540495,48.831005],[2.540843,48.831276],[2.541215,48.831528],[2.54166,48.831776],[2.541884,48.831882],[2.543422,48.832535],[2.543689,48.832642],[2.543926,48.832714],[2.544266,48.832779],[2.544382,48.832817],[2.544969,48.833076],[2.545565,48.833321],[2.545786,48.833424],[2.546033,48.833549],[2.546414,48.833797],[2.546741,48.834084],[2.546845,48.83419],[2.547027,48.834412],[2.547093,48.834511],[2.547344,48.834995],[2.547412,48.835258],[2.547437,48.835403],[2.547447,48.835529],[2.547426,48.835701],[2.547429,48.835777],[2.547481,48.8358],[2.547523,48.835835],[2.547553,48.835869],[2.547568,48.835911],[2.547568,48.835953],[2.547553,48.835995],[2.54752,48.836037],[2.547471,48.836071],[2.547427,48.836128],[2.547417,48.836166],[2.547451,48.836403],[2.547439,48.836777],[2.54744,48.836906],[2.547453,48.836964],[2.547495,48.837025],[2.547582,48.837051],[2.547654,48.837093],[2.547705,48.837147],[2.547729,48.837212],[2.547725,48.837276],[2.547691,48.837337],[2.54763,48.837391],[2.547691,48.837498],[2.547785,48.83762],[2.547908,48.837738],[2.548736,48.838474],[2.549403,48.839081],[2.549964,48.839619],[2.550682,48.840252],[2.550793,48.84026],[2.550857,48.840279],[2.55091,48.840309],[2.550949,48.840347],[2.550972,48.840393],[2.550974,48.840443],[2.550956,48.840488],[2.550928,48.840523],[2.550889,48.840553],[2.550813,48.840584],[2.550829,48.840668],[2.550922,48.840836],[2.550937,48.840858],[2.550997,48.840904],[2.551032,48.840912],[2.551611,48.840916],[2.552298,48.840851],[2.552538,48.840851]],[[2.552574,48.840633],[2.551105,48.840626],[2.550889,48.840553],[2.550813,48.840584],[2.550738,48.840595],[2.550658,48.840591],[2.550584,48.840572],[2.550522,48.840538],[2.550478,48.840496],[2.550458,48.84045],[2.550458,48.840401],[2.550479,48.840351],[2.550182,48.840057],[2.549779,48.839695],[2.549592,48.839516],[2.548755,48.838787],[2.548204,48.83828],[2.547642,48.837746],[2.547499,48.837551],[2.547401,48.837452],[2.5473,48.83744],[2.547208,48.837414],[2.547134,48.837364],[2.547084,48.837303],[2.547067,48.837231],[2.547086,48.837162],[2.547122,48.837112],[2.547174,48.837074],[2.54724,48.83704],[2.547259,48.836941],[2.547301,48.836243],[2.547295,48.836178],[2.547262,48.83614],[2.547215,48.836102],[2.547156,48.836082],[2.547105,48.836056],[2.547066,48.836021],[2.547041,48.835979],[2.547032,48.835938],[2.547038,48.835896],[2.547064,48.83585],[2.547106,48.835812],[2.547163,48.835781],[2.54723,48.835762],[2.5473,48.835659],[2.547322,48.835567],[2.547323,48.835468],[2.547257,48.835098],[2.547174,48.834911],[2.546985,48.834522],[2.546798,48.83427],[2.546706,48.834175],[2.546543,48.834023],[2.546228,48.833771],[2.545946,48.833595],[2.545707,48.833466],[2.545469,48.833355],[2.543962,48.832779],[2.543689,48.832642],[2.541884,48.831882],[2.54166,48.831776],[2.541215,48.831528],[2.540843,48.831276],[2.540495,48.831005],[2.539826,48.830315],[2.539648,48.830067],[2.539464,48.829769],[2.53924,48.829357],[2.540237,48.826836],[2.540274,48.826767],[2.54024,48.826752],[2.540215,48.826725],[2.540202,48.826687],[2.540217,48.826641],[2.540243,48.826618],[2.540279,48.826599],[2.540322,48.826591],[2.540312,48.826538],[2.540408,48.82605],[2.540511,48.825661],[2.540648,48.825203],[2.541069,48.82402],[2.541112,48.823879],[2.541134,48.823727],[2.54113,48.823566],[2.541096,48.823505],[2.541108,48.823452],[2.541154,48.823338],[2.54114,48.823326],[2.541128,48.823292],[2.541133,48.823269],[2.541151,48.823246],[2.54121,48.823219],[2.541246,48.823219],[2.541296,48.823231],[2.541333,48.823254],[2.541446,48.823242],[2.541493,48.82325],[2.542274,48.823437],[2.542679,48.82354],[2.543234,48.823639],[2.54411,48.82386],[2.54411,48.82386],[2.544448,48.823948],[2.54457,48.823967],[2.544594,48.823944],[2.54463,48.823929],[2.544672,48.823921],[2.544714,48.823929],[2.544755,48.823952],[2.544771,48.823971],[2.544776,48.823997],[2.545056,48.824059],[2.546328,48.824455],[2.546453,48.824501],[2.546492,48.824535],[2.546544,48.824654],[2.546515,48.824692],[2.546512,48.824741],[2.54661,48.825085],[2.546762,48.825165],[2.546959,48.825218],[2.547284,48.825264],[2.547336,48.825275],[2.547606,48.825378],[2.547648,48.825699],[2.548143,48.825649],[2.54821,48.825645],[2.548266,48.825653],[2.548315,48.825668],[2.54834,48.825695],[2.548518,48.82613],[2.548647,48.8265],[2.548667,48.82658],[2.548685,48.826809],[2.549584,48.826782],[2.549886,48.826782],[2.549976,48.826763],[2.550013,48.826736],[2.55006,48.826717],[2.550113,48.82671],[2.550168,48.82671],[2.550223,48.826721],[2.55027,48.826744],[2.550306,48.826775],[2.550324,48.826805],[2.550618,48.826969],[2.551467,48.827335],[2.554471,48.828606],[2.556077,48.829372],[2.556321,48.829472],[2.556947,48.829685],[2.5581,48.830025],[2.558147,48.830036],[2.558517,48.830067],[2.560913,48.830116],[2.561232,48.830105],[2.56148,48.83007],[2.562278,48.829918],[2.564619,48.829517],[2.565403,48.829399],[2.566225,48.829285],[2.56664,48.829235],[2.567905,48.829109],[2.568141,48.829105],[2.5684,48.829128],[2.568411,48.829041],[2.568396,48.828873],[2.568523,48.828796],[2.56861,48.828773],[2.568791,48.828709],[2.572457,48.827198],[2.573978,48.826561],[2.574317,48.826431],[2.574658,48.826283],[2.575254,48.82605],[2.577231,48.82523],[2.577386,48.825176],[2.577472,48.825134],[2.577603,48.825054],[2.578874,48.823795],[2.57949,48.823467],[2.579527,48.823456],[2.579589,48.823456],[2.58122,48.823753],[2.581311,48.823746],[2.581413,48.823711],[2.581436,48.823673],[2.581503,48.82362],[2.581611,48.823601],[2.582086,48.823784],[2.582086,48.823784],[2.582217,48.823841],[2.582789,48.824028],[2.582935,48.82407],[2.583055,48.824123],[2.583363,48.824364],[2.583689,48.8246],[2.584014,48.824795],[2.584281,48.824932],[2.584692,48.825115],[2.585102,48.825283],[2.585172,48.825321],[2.585183,48.825356],[2.585169,48.825405],[2.584933,48.825634],[2.584842,48.825779],[2.583821,48.826805],[2.583503,48.827099],[2.58193,48.828693],[2.581778,48.828884],[2.581613,48.829052],[2.581419,48.829216],[2.581298,48.82935],[2.581253,48.82943],[2.581239,48.829502],[2.58131,48.829971],[2.583253,48.830139],[2.583485,48.830135],[2.584968,48.830273],[2.584808,48.830601],[2.584733,48.830673],[2.584641,48.830746],[2.58428,48.83139],[2.584223,48.831512],[2.584061,48.831886],[2.583972,48.832115],[2.58353,48.833488],[2.58347,48.833721],[2.583466,48.833778],[2.583477,48.833832],[2.583498,48.83387],[2.583532,48.833897],[2.583593,48.833931],[2.583639,48.833969],[2.583669,48.834019],[2.58374,48.834091],[2.58382,48.834129],[2.583927,48.834145],[2.586694,48.834122],[2.587302,48.83411],[2.588113,48.834064],[2.588459,48.834023],[2.588682,48.834061],[2.590484,48.83379],[2.592002,48.83353],[2.598172,48.832329],[2.602323,48.831535],[2.60315,48.831383],[2.606197,48.830849],[2.607798,48.830612],[2.607881,48.830544],[2.609373,48.830315],[2.610774,48.830147],[2.611881,48.830032],[2.613444,48.829895],[2.613782,48.829857],[2.614044,48.829811],[2.614323,48.829735],[2.614616,48.829636],[2.614883,48.829521],[2.615843,48.829018],[2.615965,48.828922],[2.616169,48.828804],[2.616285,48.828724],[2.616429,48.828606],[2.616577,48.828472],[2.616674,48.828358],[2.616806,48.828148],[2.616914,48.827881],[2.616947,48.827763],[2.616964,48.827644],[2.616965,48.827526],[2.616935,48.827312],[2.616882,48.827114],[2.616836,48.827007],[2.616717,48.826797],[2.616277,48.826145],[2.615809,48.825481],[2.615543,48.825176],[2.615369,48.824997],[2.614972,48.824551],[2.614676,48.824123],[2.614496,48.823685],[2.614449,48.823425],[2.614457,48.823086],[2.614488,48.822906],[2.614534,48.822712],[2.614604,48.822495],[2.615171,48.821018],[2.615278,48.820763],[2.615556,48.820206],[2.615808,48.819836],[2.615925,48.819679],[2.616188,48.819363],[2.616554,48.818985],[2.616838,48.818733],[2.617109,48.81852],[2.617795,48.818066],[2.617942,48.818005],[2.618524,48.817665],[2.618973,48.81744],[2.619579,48.817165],[2.621018,48.816589],[2.621886,48.816288],[2.624718,48.815216],[2.625141,48.815037],[2.625808,48.814728],[2.626348,48.814438],[2.626893,48.814114],[2.62718,48.813911],[2.627808,48.813431],[2.628149,48.813122],[2.628407,48.812874],[2.628651,48.812611],[2.628878,48.81234],[2.629089,48.812065],[2.629266,48.81181],[2.629429,48.811539],[2.629597,48.811234],[2.62975,48.81089],[2.629884,48.810532],[2.629989,48.810173],[2.630068,48.809837],[2.630116,48.809502],[2.630141,48.809227],[2.63015,48.808949],[2.630135,48.80862],[2.630103,48.808296],[2.630054,48.80801],[2.629997,48.807739],[2.629912,48.807438],[2.6298,48.807129],[2.629657,48.806801],[2.629495,48.806484],[2.629294,48.806145],[2.629061,48.805801],[2.628906,48.805756],[2.628385,48.805206],[2.62769,48.804573],[2.627057,48.803825],[2.626158,48.802597],[2.626065,48.802486],[2.625954,48.80238],[2.625852,48.802315],[2.625671,48.802242],[2.625572,48.802219],[2.625352,48.802208],[2.625262,48.802212],[2.625154,48.802231],[2.625077,48.802258],[2.62499,48.802288],[2.624908,48.80233],[2.624831,48.802387],[2.624762,48.80246],[2.624709,48.80254],[2.624666,48.80262],[2.624611,48.802753],[2.624592,48.802834],[2.624582,48.802925],[2.624585,48.802982],[2.624604,48.803074],[2.62465,48.803143],[2.624827,48.803246],[2.624895,48.803249],[2.625024,48.80328],[2.625077,48.803303],[2.625149,48.803356],[2.625175,48.803391],[2.625199,48.803448],[2.625203,48.80352],[2.625185,48.803574],[2.625129,48.803638],[2.625068,48.803677],[2.62495,48.803715],[2.624816,48.80373],[2.624661,48.80378],[2.624272,48.803967],[2.623937,48.804104],[2.6235,48.804253],[2.622671,48.804527],[2.622251,48.804653],[2.622049,48.804695],[2.621802,48.804707],[2.621638,48.804749],[2.621595,48.804798],[2.621528,48.804836],[2.621446,48.804855],[2.621402,48.804855],[2.621316,48.804848],[2.621251,48.804825],[2.62118,48.804768],[2.621161,48.804737],[2.621153,48.804703],[2.621154,48.804672],[2.621182,48.804615],[2.621238,48.804569],[2.621278,48.804405],[2.621332,48.804302],[2.621332,48.804302],[2.621511,48.804001],[2.621609,48.804031],[2.621388,48.804413],[2.621399,48.804493],[2.621418,48.804527],[2.621506,48.804543],[2.621726,48.804649],[2.621802,48.804668],[2.622049,48.804695],[2.622251,48.804653],[2.622463,48.804482],[2.623366,48.804192],[2.623929,48.804031],[2.624307,48.803864],[2.624366,48.803825],[2.624402,48.803795],[2.624475,48.803699],[2.624496,48.803577],[2.624473,48.803497],[2.624489,48.803421],[2.624508,48.803383],[2.624537,48.803349],[2.624632,48.803288],[2.624699,48.803265],[2.624827,48.803246],[2.624895,48.803249],[2.625024,48.80328],[2.625077,48.803303],[2.625149,48.803356],[2.625379,48.803436],[2.625671,48.803459],[2.625865,48.803421],[2.62646,48.803253],[2.627519,48.802902],[2.628017,48.8027],[2.628155,48.802631],[2.628268,48.802544],[2.628302,48.802498],[2.628344,48.80238],[2.628299,48.802338],[2.628267,48.802292],[2.628248,48.802242],[2.628243,48.802193],[2.628256,48.802132],[2.628287,48.802078],[2.628337,48.802025],[2.628402,48.801983],[2.628475,48.801956],[2.628555,48.801933],[2.628634,48.801926],[2.628713,48.801929],[2.62879,48.801941],[2.628863,48.80196],[2.628953,48.802006],[2.629191,48.802074],[2.629389,48.802086],[2.629542,48.802082],[2.629634,48.802071],[2.630123,48.801945],[2.630646,48.801792],[2.632848,48.801067],[2.63297,48.801018],[2.633019,48.800983],[2.633123,48.800865],[2.633201,48.800751],[2.633246,48.800716],[2.633327,48.800674],[2.633486,48.800621],[2.633513,48.800591],[2.633608,48.800549],[2.63365,48.800541],[2.633749,48.800537],[2.633848,48.800579],[2.634039,48.800594],[2.634156,48.800587],[2.634314,48.800591],[2.634509,48.800552],[2.634647,48.800514],[2.635552,48.800228],[2.63622,48.799969],[2.636834,48.799763],[2.636904,48.799728],[2.636947,48.799686],[2.637009,48.799603],[2.637016,48.799572],[2.637038,48.799545],[2.637071,48.799522],[2.637112,48.799511],[2.637158,48.799507],[2.637203,48.799515],[2.637243,48.79953],[2.637286,48.799568],[2.637497,48.799545],[2.637684,48.799496],[2.638239,48.799282],[2.638637,48.799141],[2.638822,48.799053],[2.639036,48.798927],[2.639169,48.798817],[2.63957,48.798416],[2.63988,48.798065],[2.64014,48.797787],[2.640286,48.797676],[2.640429,48.797596],[2.640575,48.797527],[2.642059,48.796986],[2.642179,48.796932],[2.642308,48.796867],[2.642441,48.796787],[2.642569,48.79668],[2.642675,48.796551],[2.642747,48.796436],[2.64288,48.796169],[2.643072,48.795662],[2.64315,48.795437],[2.643192,48.795349],[2.643365,48.79509],[2.643503,48.794937],[2.643669,48.794823],[2.643816,48.794758],[2.644248,48.794594],[2.645453,48.794178],[2.645625,48.794094],[2.645822,48.794014],[2.645891,48.793961],[2.645903,48.7939],[2.64594,48.793839],[2.646001,48.793793],[2.646078,48.793755],[2.646168,48.793736],[2.646262,48.793732],[2.646362,48.793747],[2.646451,48.793777],[2.646604,48.793755],[2.647005,48.793613],[2.647237,48.793552],[2.647589,48.793934],[2.647766,48.794106],[2.647987,48.794353],[2.648056,48.794403],[2.648131,48.794441],[2.64826,48.794487],[2.648285,48.794453],[2.648355,48.794415],[2.648442,48.794411],[2.64852,48.794437],[2.648558,48.794472],[2.648569,48.794514],[2.648565,48.794537],[2.648536,48.794575],[2.648899,48.794842],[2.649077,48.794945],[2.649352,48.79501],[2.649613,48.795094],[2.649865,48.795197]],[[2.759181,48.738735],[2.758917,48.738758],[2.755297,48.738838],[2.754934,48.73885],[2.754394,48.738853],[2.750815,48.738937],[2.746844,48.739006],[2.744701,48.739067],[2.744358,48.739109],[2.74416,48.739155],[2.743977,48.739212],[2.743882,48.739254],[2.743596,48.739422],[2.743499,48.739502],[2.743415,48.739594],[2.743229,48.739857],[2.74313,48.740021],[2.743054,48.740108],[2.742964,48.740192],[2.742864,48.740261],[2.742703,48.74033],[2.742522,48.740379],[2.742383,48.740406],[2.7421,48.74041],[2.74068,48.740269],[2.740529,48.740227],[2.73969,48.739723],[2.73961,48.7397],[2.739515,48.739685],[2.739327,48.739693],[2.739252,48.739712],[2.739007,48.739811],[2.738223,48.740234],[2.737166,48.740704],[2.736372,48.741009],[2.736225,48.741085],[2.736115,48.741188],[2.735561,48.741753],[2.73532,48.742004],[2.735234,48.742104],[2.735083,48.742229],[2.735109,48.742256],[2.735121,48.742287],[2.735118,48.742321],[2.7351,48.742348],[2.735068,48.742374],[2.735027,48.74239],[2.73498,48.742397],[2.734933,48.742393],[2.734905,48.7425],[2.734551,48.743149],[2.734479,48.743267],[2.73443,48.743332],[2.734338,48.743416],[2.734246,48.743465],[2.734152,48.743507],[2.734053,48.743538],[2.733933,48.743568],[2.731822,48.74387],[2.731658,48.743904],[2.731537,48.743938],[2.731401,48.743992],[2.731304,48.744038],[2.731106,48.744167],[2.72933,48.745514],[2.72933,48.745514],[2.724987,48.748806],[2.724745,48.749073],[2.723266,48.751682],[2.722835,48.752045],[2.722383,48.752243],[2.720459,48.752895],[2.719068,48.753334],[2.717726,48.753689],[2.712161,48.754753],[2.710146,48.755219],[2.707256,48.755936],[2.706507,48.756142],[2.705584,48.756439],[2.705031,48.756561],[2.704891,48.755882],[2.704697,48.75581],[2.704525,48.755772],[2.704346,48.755817],[2.703517,48.756256],[2.703247,48.756374],[2.703005,48.756458],[2.702612,48.756557],[2.701976,48.756695],[2.700262,48.757008],[2.70009,48.75703],[2.700102,48.757084],[2.700087,48.757137],[2.700047,48.757187],[2.699986,48.757221],[2.699911,48.757244],[2.699984,48.757435],[2.700334,48.758186],[2.700358,48.758259],[2.700369,48.758331],[2.700365,48.758411],[2.700339,48.758503],[2.70032,48.758541],[2.700249,48.758633],[2.699819,48.759014],[2.698749,48.759987],[2.697847,48.760914],[2.697523,48.761204],[2.696952,48.761776],[2.696342,48.762329],[2.696177,48.762466],[2.695996,48.762592],[2.695374,48.763004],[2.695163,48.763103],[2.695013,48.76321],[2.694984,48.763252],[2.694893,48.763424],[2.694817,48.763519],[2.694624,48.763699],[2.693777,48.764431],[2.693577,48.764561],[2.692616,48.765064],[2.692355,48.765232],[2.692109,48.76545],[2.692002,48.765575],[2.69189,48.765728],[2.690955,48.767208],[2.690894,48.767303],[2.690778,48.767448],[2.690651,48.767586],[2.690391,48.767826],[2.690073,48.768055],[2.689841,48.768192],[2.689772,48.768223],[2.689533,48.768322],[2.689428,48.76836],[2.689442,48.768391],[2.689445,48.768421],[2.689435,48.768452],[2.689413,48.768482],[2.689379,48.768505],[2.689251,48.76878],[2.68883,48.769581],[2.688818,48.769627],[2.688821,48.769669],[2.688831,48.769703],[2.68885,48.769733],[2.689224,48.770184],[2.689252,48.770226],[2.689258,48.77026],[2.689258,48.77026],[2.689254,48.770302],[2.689231,48.770367],[2.689019,48.770836],[2.688994,48.770874],[2.688946,48.770916],[2.688518,48.77108],[2.688458,48.771114],[2.688051,48.77153],[2.687374,48.772167],[2.687145,48.77235],[2.686823,48.772652],[2.686624,48.772873],[2.686101,48.773365],[2.685998,48.773453],[2.686033,48.773476],[2.686055,48.77351],[2.686061,48.77354],[2.68605,48.773575],[2.686025,48.773605],[2.685987,48.773628],[2.685941,48.773643],[2.685889,48.773647],[2.685838,48.773643],[2.685792,48.773628],[2.685516,48.77388],[2.685411,48.773983],[2.685283,48.774128],[2.683985,48.775345],[2.683999,48.775375],[2.684007,48.775414],[2.683987,48.775478],[2.683966,48.775501],[2.683901,48.775509],[2.683861,48.775497],[2.683832,48.775471],[2.683693,48.775589],[2.683326,48.77594],[2.683097,48.776165],[2.682937,48.776337],[2.682574,48.77668],[2.682605,48.776703],[2.682623,48.77673],[2.682626,48.77676],[2.682614,48.776791],[2.682589,48.776814],[2.682551,48.776833],[2.682506,48.77684],[2.682459,48.77684],[2.682416,48.776829],[2.682328,48.776878],[2.680903,48.778214],[2.680342,48.778755],[2.680373,48.778782],[2.680392,48.778812],[2.680397,48.778843],[2.680389,48.778873],[2.680371,48.778896],[2.680308,48.778934],[2.680585,48.77935],[2.681452,48.780602],[2.682075,48.781387],[2.682953,48.78244],[2.683303,48.782845],[2.683705,48.783356],[2.68417,48.784031],[2.684395,48.784401],[2.684855,48.785248],[2.685132,48.785728],[2.685594,48.786572],[2.68588,48.787022],[2.687631,48.789604],[2.687665,48.789726],[2.687665,48.789822],[2.687723,48.789818],[2.687775,48.789829],[2.687813,48.789845],[2.687845,48.789875],[2.687859,48.789906],[2.687858,48.78994],[2.687849,48.789959],[2.687798,48.790005],[2.687715,48.790024],[2.68766,48.79002],[2.687609,48.790005],[2.687572,48.789978],[2.68755,48.789944],[2.687408,48.789951],[2.687262,48.789951],[2.686818,48.789932],[2.686443,48.789932],[2.683017,48.789993],[2.681848,48.790001],[2.678927,48.790001],[2.678503,48.790012],[2.67803,48.790039],[2.677466,48.790085],[2.674512,48.790321],[2.674066,48.790363],[2.67204,48.790531],[2.671746,48.790588],[2.671417,48.790581],[2.66908,48.790783],[2.667311,48.79092],[2.665402,48.791084],[2.665292,48.791161],[2.665015,48.79137],[2.664698,48.791599],[2.664369,48.791821],[2.663983,48.792057],[2.663826,48.792171],[2.663665,48.792305],[2.663538,48.792431],[2.663485,48.7925],[2.663439,48.792595],[2.663414,48.79269],[2.663357,48.793385],[2.663331,48.793488],[2.663252,48.793587],[2.663135,48.793674],[2.663022,48.793732],[2.660455,48.794575],[2.660336,48.794628],[2.65989,48.794773],[2.659821,48.794807],[2.659781,48.794849],[2.659788,48.794884],[2.659775,48.794926],[2.659757,48.794949],[2.659706,48.794987],[2.659657,48.795002],[2.65957,48.79501],[2.659505,48.794994],[2.659473,48.794983],[2.659428,48.794949],[2.659406,48.794914],[2.6594,48.794872],[2.659415,48.79483],[2.659385,48.794765],[2.659348,48.794727],[2.659294,48.794689],[2.658989,48.794617],[2.656393,48.794064],[2.656296,48.79406],[2.656178,48.794079],[2.655661,48.794254],[2.655553,48.794273],[2.655461,48.794273],[2.655387,48.794258],[2.655296,48.794205],[2.65526,48.794174],[2.655129,48.794006],[2.655063,48.793934],[2.655017,48.793945],[2.654972,48.793949],[2.654929,48.793938],[2.654899,48.793926],[2.654872,48.793903],[2.654858,48.793873],[2.654643,48.793911],[2.65451,48.793964],[2.654333,48.79406],[2.654012,48.794216],[2.653853,48.794281],[2.65322,48.794514],[2.653073,48.794556],[2.652921,48.794579],[2.652777,48.79459],[2.652626,48.794586],[2.651037,48.794411],[2.649532,48.794258],[2.649368,48.794247],[2.649182,48.794247],[2.648959,48.794266],[2.64881,48.794292],[2.648658,48.794346],[2.64852,48.794437],[2.648558,48.794472],[2.648569,48.794514],[2.648565,48.794537],[2.648536,48.794575],[2.648899,48.794842],[2.649077,48.794945],[2.649352,48.79501],[2.649613,48.795094],[2.649865,48.795197],[2.649865,48.795197],[2.649934,48.795238],[2.649932,48.795284],[2.649898,48.795326],[2.649814,48.795338],[2.649729,48.795322],[2.649407,48.795162],[2.649282,48.795094],[2.649077,48.794945],[2.648899,48.794842],[2.648536,48.794575],[2.648484,48.794601],[2.648453,48.794609],[2.648386,48.794613],[2.648324,48.794598],[2.64828,48.794567],[2.648258,48.794529],[2.64826,48.794487],[2.64795,48.794373],[2.647859,48.794312],[2.647691,48.79414],[2.647652,48.79409],[2.64761,48.794014],[2.647589,48.793934],[2.647281,48.793602],[2.647073,48.793655],[2.646754,48.79377],[2.64666,48.793812],[2.646568,48.793896],[2.646582,48.793957],[2.646569,48.794018],[2.646531,48.794075],[2.646451,48.794136],[2.646346,48.794174],[2.646251,48.794186],[2.646154,48.794178],[2.646064,48.794155],[2.645988,48.794113],[2.645831,48.794102],[2.645771,48.794106],[2.645453,48.794178],[2.644248,48.794594],[2.643816,48.794758],[2.643669,48.794823],[2.643503,48.794937],[2.643365,48.79509],[2.643192,48.795349],[2.64315,48.795437],[2.643072,48.795662],[2.64288,48.796169],[2.642747,48.796436],[2.642675,48.796551],[2.642569,48.79668],[2.642441,48.796787],[2.642308,48.796867],[2.642179,48.796932],[2.642059,48.796986],[2.640575,48.797527],[2.640429,48.797596],[2.640286,48.797676],[2.64014,48.797787],[2.63988,48.798065],[2.63957,48.798416],[2.639423,48.798664],[2.639289,48.798843],[2.639211,48.79892],[2.63889,48.799118],[2.63841,48.799301],[2.637715,48.799534],[2.637277,48.799648],[2.637222,48.799683],[2.637147,48.799694],[2.637034,48.799728],[2.636731,48.799858],[2.636249,48.800018],[2.635552,48.800228],[2.634647,48.800514],[2.634509,48.800552],[2.634314,48.800591],[2.634057,48.800663],[2.633977,48.80069],[2.633885,48.800739],[2.633859,48.800766],[2.633805,48.800797],[2.633747,48.800812],[2.633647,48.800812],[2.633591,48.8008],[2.63351,48.800762],[2.633486,48.800732],[2.633315,48.800751],[2.633258,48.80077],[2.633212,48.800797],[2.633123,48.800865],[2.633019,48.800983],[2.63297,48.801018],[2.632848,48.801067],[2.630646,48.801792],[2.630123,48.801945],[2.629624,48.802124],[2.629532,48.802151],[2.62914,48.802212],[2.629069,48.802238],[2.629053,48.802284],[2.629024,48.80233],[2.628983,48.802368],[2.628932,48.802406],[2.628872,48.802433],[2.628805,48.802456],[2.62866,48.802475],[2.628558,48.802513],[2.62823,48.802681],[2.627853,48.802814],[2.627519,48.802902],[2.62646,48.803253],[2.625865,48.803421],[2.625671,48.803459],[2.625379,48.803532],[2.625274,48.803547],[2.625185,48.803574],[2.625129,48.803638],[2.625068,48.803677],[2.62495,48.803715],[2.624816,48.80373],[2.624661,48.80378],[2.624272,48.803967],[2.623937,48.804104],[2.6235,48.804253],[2.622671,48.804527],[2.622251,48.804653],[2.622049,48.804695],[2.621802,48.804707],[2.621638,48.804749],[2.621595,48.804798],[2.621528,48.804836],[2.621446,48.804855],[2.621402,48.804855],[2.621316,48.804848],[2.621251,48.804825],[2.62118,48.804768],[2.621161,48.804737],[2.621153,48.804703],[2.621154,48.804672],[2.621182,48.804615],[2.621238,48.804569],[2.621278,48.804405],[2.621332,48.804302],[2.621511,48.804001],[2.621609,48.804031],[2.621443,48.804317],[2.621443,48.804317],[2.621388,48.804413],[2.621399,48.804493],[2.621418,48.804527],[2.621506,48.804543],[2.621546,48.804558],[2.6216,48.804592],[2.621626,48.804619],[2.621644,48.804649],[2.621652,48.804684],[2.62165,48.804714],[2.621638,48.804749],[2.621595,48.804798],[2.621528,48.804836],[2.621446,48.804855],[2.621402,48.804855],[2.621316,48.804848],[2.621002,48.80497],[2.620519,48.805149],[2.620144,48.805244],[2.618953,48.805634],[2.618451,48.805782],[2.618085,48.805916],[2.617764,48.806046],[2.617557,48.806114],[2.617439,48.806198],[2.617385,48.806305],[2.617377,48.806454],[2.617423,48.806622],[2.617536,48.806759],[2.617709,48.806889],[2.617871,48.806995],[2.619436,48.807751],[2.619623,48.807781],[2.619673,48.8078],[2.619781,48.807793],[2.619887,48.807812],[2.619933,48.807831],[2.619972,48.807858],[2.620001,48.807888],[2.620027,48.807949],[2.620225,48.808102],[2.620329,48.808147],[2.62043,48.80822],[2.620577,48.808372],[2.620644,48.808491],[2.620681,48.808571],[2.620899,48.809212],[2.621209,48.8102],[2.621231,48.810314],[2.621286,48.810318],[2.62131,48.810326],[2.621337,48.81036],[2.621331,48.810394],[2.621316,48.81041],[2.621268,48.810429],[2.62139,48.81073],[2.62145,48.810844],[2.621519,48.810947],[2.621782,48.811268],[2.621986,48.811485],[2.622153,48.811626],[2.622509,48.811882],[2.622779,48.812119],[2.622916,48.81229],[2.622963,48.812405],[2.622977,48.812469],[2.622981,48.812576],[2.622963,48.812664],[2.622947,48.812698],[2.6229,48.812752],[2.622797,48.812851],[2.621809,48.81353],[2.621608,48.813732],[2.620938,48.814548],[2.620904,48.814617],[2.620891,48.814713],[2.620896,48.814762],[2.620931,48.814877],[2.621003,48.815002],[2.621142,48.815186],[2.620175,48.815525],[2.618116,48.816204],[2.617913,48.816284],[2.617735,48.816372],[2.617632,48.816437],[2.61715,48.816799],[2.616549,48.817253],[2.615755,48.817867],[2.615586,48.818031],[2.615245,48.81831],[2.615112,48.818459],[2.614968,48.818661],[2.614918,48.818771],[2.614881,48.818878],[2.614445,48.820423],[2.614395,48.820629],[2.61444,48.820648],[2.614476,48.820679],[2.614501,48.820709],[2.614515,48.820755],[2.614508,48.820801],[2.614481,48.820843],[2.614445,48.820873],[2.614399,48.820896],[2.614345,48.820911],[2.61428,48.820919],[2.614216,48.820911],[2.614156,48.820892],[2.614117,48.820873],[2.614085,48.820847],[2.614063,48.82082],[2.613903,48.820778],[2.613828,48.820766],[2.613719,48.820759],[2.613629,48.820766],[2.61352,48.820789],[2.613433,48.820835],[2.613373,48.820908],[2.613348,48.820988],[2.613338,48.821083],[2.613383,48.821182],[2.613421,48.821308],[2.613435,48.821373],[2.613431,48.821487],[2.613103,48.822609],[2.613025,48.823032],[2.612979,48.823551],[2.612946,48.823761],[2.612888,48.823948],[2.612811,48.824127],[2.6125,48.824539],[2.612052,48.825035],[2.610944,48.826366],[2.610735,48.826595],[2.609632,48.827896],[2.608869,48.828762],[2.60866,48.828949],[2.608407,48.82914],[2.608118,48.829319],[2.607817,48.829472],[2.607513,48.82959],[2.607162,48.829708],[2.606835,48.829788],[2.606453,48.829857],[2.602906,48.830418],[2.597826,48.831234],[2.597502,48.83131],[2.597132,48.831429],[2.596911,48.831512],[2.59678,48.831573],[2.595559,48.832199],[2.59531,48.832302],[2.595002,48.832413],[2.594574,48.832527],[2.594248,48.832592],[2.593988,48.83263],[2.593739,48.832653],[2.59337,48.832676],[2.593054,48.832672],[2.592758,48.832657],[2.592388,48.832615],[2.592069,48.832565],[2.59168,48.832474],[2.591431,48.832401],[2.591046,48.832256],[2.59086,48.832172],[2.590556,48.832016],[2.589313,48.831299],[2.589221,48.831352],[2.589107,48.831379],[2.588985,48.831375],[2.588908,48.831356],[2.588797,48.831299],[2.588747,48.831242],[2.588727,48.831177],[2.588738,48.831108],[2.58878,48.831047],[2.588347,48.830917],[2.58818,48.830875],[2.587918,48.830826],[2.587623,48.830784],[2.587349,48.830765],[2.586611,48.830753],[2.586418,48.830738],[2.586315,48.830719],[2.586177,48.830677],[2.585723,48.830467],[2.585538,48.830444],[2.58529,48.830391],[2.583473,48.830196],[2.583253,48.830139],[2.58131,48.829971],[2.581239,48.829502],[2.581253,48.82943],[2.581298,48.82935],[2.581419,48.829216],[2.581552,48.829029],[2.581625,48.828941],[2.581711,48.828861],[2.58193,48.828693],[2.583503,48.827099],[2.583745,48.826794],[2.584785,48.825748],[2.584933,48.825634],[2.585018,48.825554],[2.585169,48.825405],[2.585183,48.825356],[2.585172,48.825321],[2.585102,48.825283],[2.584692,48.825115],[2.584281,48.824932],[2.584014,48.824795],[2.583689,48.8246],[2.583363,48.824364],[2.583055,48.824123],[2.582935,48.82407],[2.582789,48.824028],[2.582594,48.824009],[2.582244,48.823952],[2.58189,48.823883],[2.58189,48.823883],[2.581723,48.823849],[2.581632,48.823845],[2.58122,48.823753],[2.579589,48.823456],[2.579527,48.823456],[2.57949,48.823467],[2.578874,48.823795],[2.577603,48.825054],[2.577472,48.825134],[2.577386,48.825176],[2.577231,48.82523],[2.575254,48.82605],[2.574658,48.826283],[2.574317,48.826431],[2.573978,48.826561],[2.572457,48.827198],[2.568791,48.828709],[2.56861,48.828773],[2.568523,48.828796],[2.568396,48.828873],[2.568411,48.829041],[2.5684,48.829128],[2.568141,48.829105],[2.567905,48.829109],[2.56664,48.829235],[2.566225,48.829285],[2.565403,48.829399],[2.564619,48.829517],[2.562278,48.829918],[2.56148,48.83007],[2.561232,48.830105],[2.560913,48.830116],[2.55882,48.830074],[2.558517,48.830067],[2.558147,48.830036],[2.556947,48.829685],[2.556321,48.829472],[2.556077,48.829372],[2.554471,48.828606],[2.551467,48.827335],[2.550618,48.826969],[2.550445,48.826939],[2.550237,48.826942],[2.550179,48.826958],[2.550116,48.826962],[2.550055,48.82695],[2.550002,48.826927],[2.549964,48.826893],[2.549783,48.82682],[2.549584,48.826782],[2.548958,48.826801],[2.547784,48.826847],[2.547513,48.826881],[2.547133,48.826962],[2.546959,48.827003],[2.545905,48.827312],[2.545822,48.827091],[2.545764,48.826984],[2.545672,48.826752],[2.545429,48.826485],[2.545351,48.826366],[2.545276,48.826267],[2.544899,48.825966],[2.544742,48.825893],[2.54368,48.825665],[2.542968,48.825397],[2.542857,48.825378],[2.542834,48.825367],[2.542813,48.825283],[2.542741,48.825275],[2.54271,48.82526],[2.542688,48.825241],[2.542675,48.825218],[2.542674,48.825191],[2.542685,48.825165],[2.542709,48.825146],[2.542742,48.82513],[2.54278,48.825123],[2.542854,48.82513],[2.542884,48.825146],[2.542905,48.825169],[2.54299,48.825172],[2.543052,48.82515],[2.54337,48.824928],[2.54396,48.824467],[2.54405,48.824409],[2.54402,48.824394],[2.544,48.824371],[2.543989,48.824348],[2.543989,48.824318],[2.544005,48.824287],[2.544033,48.824265],[2.544108,48.824242],[2.544189,48.824253],[2.544222,48.824268],[2.544462,48.824081],[2.544492,48.824062],[2.544586,48.824039],[2.544576,48.824028],[2.544414,48.823997],[2.544067,48.823914],[2.544067,48.823914],[2.543319,48.82373],[2.543199,48.823708],[2.542896,48.823669],[2.542564,48.823597],[2.542112,48.823448],[2.541477,48.823303],[2.541433,48.823303],[2.541333,48.82333],[2.541283,48.823357],[2.54125,48.823364],[2.541208,48.823467],[2.541185,48.823505],[2.54113,48.823566],[2.541134,48.823727],[2.541112,48.823879],[2.541069,48.82402],[2.540648,48.825203],[2.540511,48.825661],[2.540408,48.82605],[2.540312,48.826538],[2.540322,48.826591],[2.540384,48.826595],[2.540439,48.826614],[2.540478,48.826645],[2.54049,48.826679],[2.540482,48.826717],[2.540456,48.826748],[2.540417,48.826771],[2.540319,48.826778],[2.540274,48.826767],[2.54024,48.826752],[2.540215,48.826725],[2.540127,48.826714],[2.540027,48.826672],[2.539781,48.826626],[2.539486,48.826611],[2.538658,48.826694],[2.53837,48.827465],[2.538243,48.827766],[2.537668,48.82922],[2.537597,48.829433],[2.537675,48.829414],[2.539334,48.829128],[2.53942,48.829197],[2.539299,48.829464],[2.539464,48.829769],[2.539648,48.830067],[2.539826,48.830315],[2.540495,48.831005],[2.540843,48.831276],[2.541215,48.831528],[2.54166,48.831776],[2.541884,48.831882],[2.543422,48.832535],[2.543689,48.832642],[2.543926,48.832714],[2.544266,48.832779],[2.544382,48.832817],[2.544969,48.833076],[2.545565,48.833321],[2.545786,48.833424],[2.546033,48.833549],[2.546414,48.833797],[2.546741,48.834084],[2.546845,48.83419],[2.547027,48.834412],[2.547093,48.834511],[2.547344,48.834995],[2.547412,48.835258],[2.547437,48.835403],[2.547447,48.835529],[2.547426,48.835701],[2.547429,48.835777],[2.547481,48.8358],[2.547523,48.835835],[2.547553,48.835869],[2.547568,48.835911],[2.547568,48.835953],[2.547553,48.835995],[2.54752,48.836037],[2.547471,48.836071],[2.547427,48.836128],[2.547417,48.836166],[2.547451,48.836403],[2.547439,48.836777],[2.54744,48.836906],[2.547453,48.836964],[2.547495,48.837025],[2.547582,48.837051],[2.547654,48.837093],[2.547705,48.837147],[2.547729,48.837212],[2.547725,48.837276],[2.547691,48.837337],[2.54763,48.837391],[2.547691,48.837498],[2.547785,48.83762],[2.547908,48.837738],[2.548736,48.838474],[2.549403,48.839081],[2.549964,48.839619],[2.550682,48.840252],[2.550793,48.84026],[2.550857,48.840279],[2.55091,48.840309],[2.550949,48.840347],[2.550972,48.840393],[2.550974,48.840443],[2.550956,48.840488],[2.550928,48.840523],[2.550889,48.840553],[2.550813,48.840584],[2.550829,48.840668],[2.550922,48.840836],[2.550937,48.840858],[2.550997,48.840904],[2.551032,48.840912],[2.551611,48.840916],[2.552298,48.840851],[2.552538,48.840851]]],"type":"MultiLineString"},"properties":{"route_id":"IDFM:C01853","route_short_name":"E","route_long_name":"Remplacement RER E","route_type":"Bus","route_color":"B94E9A","route_url":null,"id_ilico":"C01853","operatorname":"SNCF","networkname":"RER","id_bus_contrat":null,"url":null,"type":null,"long_name_first":"R","geo_point_2d":{"lon":2.583038901155846,"lat":48.82210966203534}}},{"type":"Feature","geometry":{"coordinates":[[[2.531302,48.856808],[2.53144,48.856369],[2.531552,48.855865],[2.53183,48.855057],[2.531893,48.854897],[2.532173,48.854385],[2.532483,48.853947],[2.532914,48.85323],[2.53377,48.851776],[2.533854,48.851646],[2.53398,48.851505],[2.53412,48.851379],[2.534996,48.850758],[2.535178,48.850639],[2.535178,48.850639],[2.53816,48.848587],[2.538889,48.848076],[2.539538,48.847645],[2.539825,48.847473],[2.539989,48.847401],[2.540293,48.84729],[2.540435,48.847252],[2.540707,48.847202],[2.540707,48.847202],[2.540874,48.847183],[2.541233,48.847164],[2.542722,48.847244],[2.542966,48.847244],[2.543129,48.847237],[2.543687,48.84716],[2.544008,48.84716],[2.544086,48.847172],[2.545321,48.847454],[2.54634,48.847698],[2.546556,48.847744],[2.547481,48.8479],[2.547955,48.848],[2.548021,48.847885],[2.548323,48.847469],[2.548323,48.847469],[2.548397,48.847366],[2.548582,48.847168],[2.548803,48.846889],[2.548955,48.846661],[2.550312,48.846992],[2.550694,48.847126],[2.550965,48.847233],[2.552166,48.847633],[2.552166,48.847633],[2.552398,48.84771],[2.552775,48.84779],[2.553072,48.846668],[2.553165,48.846283],[2.552678,48.84623],[2.552678,48.84623],[2.552441,48.846214],[2.552331,48.846203],[2.550529,48.845905],[2.549438,48.845695],[2.549464,48.845535],[2.549466,48.845432],[2.54946,48.845387],[2.549419,48.845249],[2.549419,48.845249],[2.549319,48.844994],[2.54924,48.844891],[2.549074,48.8447],[2.548161,48.843525],[2.548134,48.84343],[2.548026,48.843426],[2.547927,48.843395],[2.547851,48.843346],[2.547809,48.843281],[2.547808,48.843204],[2.54785,48.843136],[2.547911,48.84309],[2.547989,48.84306],[2.548078,48.843048],[2.548167,48.843056],[2.548371,48.84285],[2.548864,48.842289],[2.55007,48.840977],[2.550204,48.840824],[2.550458,48.84045],[2.550458,48.840401],[2.550479,48.840351],[2.550525,48.840305],[2.550592,48.840275],[2.550682,48.840252],[2.550793,48.84026],[2.550857,48.840279],[2.55091,48.840309],[2.550949,48.840347],[2.550972,48.840393],[2.550974,48.840443],[2.550956,48.840488],[2.550928,48.840523],[2.550889,48.840553],[2.550813,48.840584],[2.550829,48.840668],[2.550922,48.840836],[2.550937,48.840858],[2.550997,48.840904],[2.551032,48.840912],[2.551611,48.840916]],[[2.471821,48.904015],[2.47235,48.904129],[2.472818,48.904213],[2.473112,48.90424],[2.473485,48.904179],[2.473901,48.904099],[2.473901,48.904099],[2.474078,48.904079],[2.475478,48.903816],[2.476101,48.903748],[2.476407,48.903725],[2.477432,48.90358],[2.477883,48.903534],[2.478213,48.903492],[2.479323,48.90329],[2.479323,48.90329],[2.47978,48.90321],[2.480047,48.903202],[2.48005,48.903187],[2.479951,48.903111],[2.479848,48.902954],[2.478782,48.901058],[2.478635,48.900764],[2.478625,48.9006],[2.478625,48.9006],[2.478618,48.900475],[2.478603,48.900375],[2.47859,48.900143],[2.478526,48.899933],[2.478375,48.89954],[2.478076,48.898853],[2.478032,48.898781],[2.477808,48.898476],[2.47762,48.89819],[2.47762,48.89819],[2.477327,48.897709],[2.477287,48.897526],[2.477117,48.89661],[2.477109,48.896343],[2.477236,48.895802],[2.477378,48.8955],[2.477494,48.895279],[2.477452,48.895248],[2.477425,48.895206],[2.477417,48.895164],[2.477427,48.895123],[2.476369,48.894901],[2.476181,48.89484],[2.476109,48.894802],[2.476051,48.894756],[2.476004,48.894695],[2.475922,48.894531],[2.475875,48.894398],[2.475859,48.894264],[2.475868,48.894112],[2.475949,48.893948],[2.475898,48.893917],[2.475887,48.893898],[2.475886,48.893875],[2.475898,48.893852],[2.475919,48.893833],[2.475945,48.893822],[2.476003,48.893818],[2.476057,48.893833],[2.476088,48.893867],[2.476088,48.893902],[2.476613,48.893948],[2.477419,48.89397],[2.477632,48.893951],[2.479814,48.893635],[2.479814,48.893635],[2.48081,48.89349],[2.48391,48.893066],[2.484691,48.892948],[2.484817,48.892902],[2.485652,48.892757],[2.485652,48.892757],[2.485739,48.892742],[2.485894,48.892746],[2.48619,48.892685],[2.488364,48.892147],[2.489483,48.891891],[2.489885,48.891758],[2.48997,48.891712],[2.49051,48.891304],[2.49051,48.891304],[2.491142,48.890839],[2.489827,48.888088],[2.489827,48.888088],[2.489094,48.886581],[2.49113,48.886219],[2.492074,48.886036],[2.492729,48.885887],[2.494581,48.885414],[2.494581,48.885414],[2.495375,48.885216],[2.495449,48.885094],[2.495353,48.88483],[2.495314,48.8848],[2.495284,48.884789],[2.495243,48.884781],[2.494865,48.884819],[2.494767,48.884796],[2.494695,48.884758],[2.494654,48.884705],[2.494632,48.884613],[2.494935,48.884064],[2.495068,48.88385],[2.49513,48.883728],[2.495454,48.88306],[2.495497,48.882904],[2.49547,48.882858],[2.495399,48.882816],[2.495234,48.882786],[2.494534,48.882702],[2.494458,48.882683],[2.494365,48.882629],[2.494287,48.882568],[2.494249,48.882523],[2.494229,48.882462],[2.494267,48.882275],[2.494809,48.881683],[2.494903,48.881638],[2.495001,48.881554],[2.49507,48.881519],[2.495171,48.881485],[2.495344,48.881454],[2.495491,48.881454],[2.495715,48.881508],[2.496003,48.881634],[2.496192,48.881702],[2.497189,48.882191],[2.497759,48.882435],[2.498872,48.882996],[2.498872,48.882996],[2.499499,48.883335],[2.499928,48.883587],[2.500429,48.88393],[2.500444,48.883972],[2.500655,48.884102],[2.500655,48.884102],[2.500789,48.884178],[2.50123,48.884457],[2.501297,48.884491],[2.501514,48.884579],[2.502767,48.885056],[2.502832,48.885048],[2.503035,48.885109],[2.503201,48.885147],[2.503453,48.885181],[2.503687,48.885193],[2.503977,48.885189],[2.504493,48.885136],[2.504567,48.885151],[2.505759,48.884926],[2.506567,48.884769],[2.506646,48.884724],[2.507643,48.884514],[2.507643,48.884514],[2.50862,48.884323],[2.508741,48.884289],[2.510057,48.884026],[2.510123,48.883976],[2.510458,48.883938],[2.510504,48.883926],[2.510695,48.883846],[2.510695,48.883846],[2.51077,48.883812],[2.511076,48.883728],[2.511711,48.883354],[2.511947,48.883236],[2.512061,48.883209],[2.512183,48.883141],[2.512749,48.882992],[2.512892,48.882977],[2.513034,48.882942],[2.513378,48.882889],[2.514684,48.882797],[2.514684,48.882797],[2.515273,48.882763],[2.515345,48.882744],[2.51597,48.882706],[2.516043,48.882717],[2.518204,48.882584],[2.51877,48.882542],[2.518898,48.882519],[2.519037,48.882484],[2.519133,48.882446],[2.519664,48.882175],[2.519789,48.882126],[2.520013,48.882069],[2.520577,48.881954],[2.520737,48.881931],[2.521395,48.881893],[2.521395,48.881893],[2.521605,48.881882],[2.521647,48.881866],[2.521706,48.881859],[2.521802,48.881828],[2.521841,48.881809],[2.521902,48.881813],[2.521937,48.881832],[2.522093,48.881878],[2.522115,48.881905],[2.524532,48.882435],[2.524532,48.882435],[2.524879,48.882515],[2.525039,48.882366],[2.525671,48.881721],[2.525776,48.881634],[2.525984,48.881435],[2.52624,48.881161],[2.526531,48.880867],[2.527461,48.879955],[2.526548,48.879269],[2.523925,48.877274],[2.524228,48.877174],[2.524363,48.87711],[2.524383,48.877083],[2.524557,48.876991],[2.524557,48.876991],[2.524755,48.876888],[2.525146,48.876644],[2.52523,48.876614],[2.525342,48.876476],[2.525928,48.87553],[2.526017,48.875404],[2.526493,48.875187],[2.529358,48.874001],[2.529358,48.874001],[2.529696,48.873852],[2.529677,48.873749],[2.529686,48.873505],[2.529677,48.873363],[2.529786,48.873318],[2.529903,48.873299],[2.530477,48.873581],[2.531328,48.873852],[2.531472,48.873863],[2.531634,48.873833],[2.531772,48.873775],[2.532054,48.873501],[2.53273,48.872814],[2.532753,48.872761],[2.532983,48.872459],[2.532983,48.872459],[2.533608,48.871647],[2.533613,48.871571],[2.533579,48.871319],[2.533518,48.871262],[2.533511,48.871243],[2.533523,48.871189],[2.533555,48.871159],[2.533602,48.871136],[2.533657,48.871128],[2.533708,48.871128],[2.533756,48.871143],[2.533985,48.871254],[2.534221,48.871288],[2.53449,48.871296],[2.534692,48.871273],[2.534932,48.871216],[2.535235,48.871078],[2.53546,48.870903],[2.535559,48.87077],[2.535712,48.870605],[2.535758,48.870522],[2.536047,48.87022],[2.536192,48.870029],[2.53652,48.869526],[2.53652,48.869526],[2.536993,48.868851],[2.53619,48.86853],[2.535949,48.868443],[2.535253,48.868244],[2.533116,48.867611],[2.533116,48.867611],[2.532597,48.867462],[2.530675,48.866882],[2.530287,48.866783],[2.52985,48.866703],[2.528864,48.866573],[2.528891,48.866512],[2.528992,48.866108],[2.528992,48.866108],[2.52917,48.865463],[2.529247,48.865265],[2.52972,48.864441],[2.529854,48.864166],[2.529908,48.863903],[2.529962,48.8633],[2.530004,48.862648],[2.530096,48.862259],[2.530096,48.862259],[2.530134,48.86208],[2.530192,48.861912],[2.530322,48.861282],[2.53033,48.861153],[2.53038,48.86092],[2.53038,48.86092],[2.530401,48.860821],[2.530442,48.860687],[2.530505,48.860374],[2.53069,48.859589],[2.53071,48.859447],[2.53085,48.858887],[2.53089,48.858692],[2.531039,48.858059],[2.53108,48.857746],[2.531092,48.857571],[2.531148,48.8573],[2.531223,48.85704],[2.531302,48.856808],[2.531302,48.856808],[2.53144,48.856369],[2.531552,48.855865],[2.53183,48.855057],[2.531893,48.854897],[2.532173,48.854385],[2.532483,48.853947],[2.532914,48.85323],[2.53377,48.851776],[2.533854,48.851646],[2.53398,48.851505],[2.53412,48.851379],[2.534996,48.850758],[2.535178,48.850639],[2.535178,48.850639],[2.53816,48.848587],[2.538889,48.848076],[2.539538,48.847645],[2.539825,48.847473],[2.539989,48.847401],[2.540293,48.84729],[2.540435,48.847252],[2.540707,48.847202],[2.540707,48.847202],[2.540874,48.847183],[2.541233,48.847164],[2.542722,48.847244],[2.542966,48.847244],[2.543129,48.847237],[2.543687,48.84716],[2.544008,48.84716],[2.544086,48.847172],[2.545321,48.847454],[2.54634,48.847698],[2.546556,48.847744],[2.547481,48.8479],[2.547955,48.848],[2.548021,48.847885],[2.548323,48.847469],[2.548323,48.847469],[2.548397,48.847366],[2.548582,48.847168],[2.548803,48.846889],[2.548955,48.846661],[2.550312,48.846992],[2.550694,48.847126],[2.550965,48.847233],[2.552166,48.847633],[2.552166,48.847633],[2.552398,48.84771],[2.552775,48.84779],[2.553072,48.846668],[2.553165,48.846283],[2.552678,48.84623],[2.552678,48.84623],[2.552441,48.846214],[2.552331,48.846203],[2.550529,48.845905],[2.549438,48.845695],[2.549464,48.845535],[2.549466,48.845432],[2.54946,48.845387],[2.549419,48.845249],[2.549419,48.845249],[2.549319,48.844994],[2.54924,48.844891],[2.549074,48.8447],[2.548161,48.843525],[2.548134,48.84343],[2.548026,48.843426],[2.547927,48.843395],[2.547851,48.843346],[2.547809,48.843281],[2.547808,48.843204],[2.54785,48.843136],[2.547911,48.84309],[2.547989,48.84306],[2.548078,48.843048],[2.548167,48.843056],[2.548371,48.84285],[2.548864,48.842289],[2.55007,48.840977],[2.550204,48.840824],[2.550458,48.84045],[2.550458,48.840401],[2.550479,48.840351],[2.550525,48.840305],[2.550592,48.840275],[2.550682,48.840252],[2.550793,48.84026],[2.550857,48.840279],[2.55091,48.840309],[2.550949,48.840347],[2.550972,48.840393],[2.550974,48.840443],[2.550956,48.840488],[2.550928,48.840523],[2.550889,48.840553],[2.550813,48.840584],[2.550829,48.840668],[2.550922,48.840836],[2.550937,48.840858],[2.550997,48.840904],[2.551032,48.840912],[2.551611,48.840916]],[[2.471821,48.904015],[2.47235,48.904129],[2.472818,48.904213],[2.473112,48.90424],[2.473485,48.904179],[2.473901,48.904099],[2.473901,48.904099],[2.474078,48.904079],[2.475478,48.903816],[2.476101,48.903748],[2.476407,48.903725],[2.477432,48.90358],[2.477883,48.903534],[2.478213,48.903492],[2.479323,48.90329],[2.479323,48.90329],[2.47978,48.90321],[2.480047,48.903202],[2.48005,48.903187],[2.479951,48.903111],[2.479848,48.902954],[2.478782,48.901058],[2.478635,48.900764],[2.478625,48.9006],[2.478625,48.9006],[2.478618,48.900475],[2.478603,48.900375],[2.47859,48.900143],[2.478526,48.899933],[2.478375,48.89954],[2.478076,48.898853],[2.478032,48.898781],[2.477808,48.898476],[2.47762,48.89819],[2.47762,48.89819],[2.477327,48.897709],[2.477287,48.897526],[2.477117,48.89661],[2.477109,48.896343],[2.477236,48.895802],[2.477378,48.8955],[2.477494,48.895279],[2.477452,48.895248],[2.477425,48.895206],[2.477417,48.895164],[2.477427,48.895123],[2.476369,48.894901],[2.476181,48.89484],[2.476109,48.894802],[2.476051,48.894756],[2.476004,48.894695],[2.475922,48.894531],[2.475875,48.894398],[2.475859,48.894264],[2.475868,48.894112],[2.475949,48.893948],[2.475898,48.893917],[2.475887,48.893898],[2.475886,48.893875],[2.475898,48.893852],[2.475919,48.893833],[2.475945,48.893822],[2.476003,48.893818],[2.476057,48.893833],[2.476088,48.893867],[2.476088,48.893902],[2.476613,48.893948],[2.477419,48.89397],[2.477632,48.893951],[2.479814,48.893635],[2.479814,48.893635],[2.48081,48.89349],[2.48391,48.893066],[2.484691,48.892948],[2.484817,48.892902],[2.485652,48.892757],[2.485652,48.892757],[2.485739,48.892742],[2.485894,48.892746],[2.48619,48.892685],[2.488364,48.892147],[2.489483,48.891891],[2.489885,48.891758],[2.48997,48.891712],[2.49051,48.891304],[2.49051,48.891304],[2.491142,48.890839],[2.489827,48.888088],[2.489827,48.888088],[2.489094,48.886581],[2.49113,48.886219],[2.491183,48.886322],[2.491598,48.886833],[2.491598,48.886833],[2.491734,48.886993],[2.491871,48.88718],[2.491951,48.887238],[2.492059,48.887272],[2.492617,48.887417],[2.492917,48.887486],[2.49329,48.887589],[2.493474,48.88765],[2.493565,48.887688],[2.493919,48.887897],[2.494351,48.888184],[2.494595,48.888355],[2.494702,48.888401],[2.494964,48.888691],[2.495502,48.889324],[2.495662,48.889244],[2.495797,48.88916],[2.495797,48.88916],[2.496977,48.888397],[2.499042,48.8871],[2.499894,48.886551],[2.499852,48.886517],[2.499823,48.886471],[2.499818,48.886417],[2.499829,48.886387],[2.499881,48.88633],[2.499946,48.886299],[2.500063,48.88628],[2.500142,48.886295],[2.50022,48.88633],[2.500254,48.88636],[2.500282,48.88641],[2.500275,48.886482],[2.50069,48.886566],[2.50069,48.886566],[2.505178,48.887459],[2.505178,48.887459],[2.505293,48.887482],[2.505321,48.887501],[2.507746,48.886932],[2.508922,48.886642],[2.5091,48.886585],[2.5091,48.886585],[2.509541,48.886444],[2.510679,48.886093],[2.510895,48.886013],[2.512057,48.885647],[2.512057,48.885647],[2.513003,48.885338],[2.513091,48.885319],[2.516421,48.884251],[2.51646,48.884224],[2.516577,48.884178],[2.516583,48.884148],[2.516602,48.884129],[2.516662,48.884113],[2.516689,48.88401],[2.516851,48.88377],[2.516851,48.88377],[2.517004,48.883553],[2.517248,48.883278],[2.517666,48.882866],[2.517818,48.882748],[2.517865,48.88269],[2.517922,48.882603],[2.51877,48.882542],[2.518898,48.882519],[2.519037,48.882484],[2.519133,48.882446],[2.519664,48.882175],[2.519789,48.882126],[2.520013,48.882069],[2.520577,48.881954],[2.520737,48.881931],[2.521395,48.881893],[2.521395,48.881893],[2.521605,48.881882],[2.521647,48.881866],[2.521706,48.881859],[2.521802,48.881828],[2.521841,48.881809],[2.521902,48.881813],[2.521937,48.881832],[2.522093,48.881878],[2.522115,48.881905],[2.524532,48.882435],[2.524532,48.882435],[2.524879,48.882515],[2.525039,48.882366],[2.525671,48.881721],[2.525776,48.881634],[2.525984,48.881435],[2.52624,48.881161],[2.526531,48.880867],[2.527461,48.879955],[2.526548,48.879269],[2.523925,48.877274],[2.524228,48.877174],[2.524363,48.87711],[2.524383,48.877083],[2.524557,48.876991],[2.524557,48.876991],[2.524755,48.876888],[2.525146,48.876644],[2.52523,48.876614],[2.525342,48.876476],[2.525928,48.87553],[2.526017,48.875404],[2.526493,48.875187],[2.529358,48.874001],[2.529358,48.874001],[2.529696,48.873852],[2.529677,48.873749],[2.529686,48.873505],[2.529677,48.873363],[2.529786,48.873318],[2.529903,48.873299],[2.530477,48.873581],[2.531328,48.873852],[2.531472,48.873863],[2.531634,48.873833],[2.531772,48.873775],[2.532054,48.873501],[2.53273,48.872814],[2.532753,48.872761],[2.532983,48.872459],[2.532983,48.872459],[2.533608,48.871647],[2.533613,48.871571],[2.533579,48.871319],[2.533518,48.871262],[2.533511,48.871243],[2.533523,48.871189],[2.533555,48.871159],[2.533602,48.871136],[2.533657,48.871128],[2.533708,48.871128],[2.533756,48.871143],[2.533985,48.871254],[2.534221,48.871288],[2.53449,48.871296],[2.534692,48.871273],[2.534932,48.871216],[2.535235,48.871078],[2.53546,48.870903],[2.535559,48.87077],[2.535712,48.870605],[2.535758,48.870522],[2.536047,48.87022],[2.536192,48.870029],[2.53652,48.869526],[2.53652,48.869526],[2.536993,48.868851],[2.53619,48.86853],[2.535949,48.868443],[2.535253,48.868244],[2.533116,48.867611],[2.533116,48.867611],[2.532597,48.867462],[2.530675,48.866882],[2.530287,48.866783],[2.52985,48.866703],[2.528864,48.866573],[2.528891,48.866512],[2.528992,48.866108],[2.528992,48.866108],[2.52917,48.865463],[2.529247,48.865265],[2.52972,48.864441],[2.529854,48.864166],[2.529908,48.863903],[2.529962,48.8633],[2.530004,48.862648],[2.530096,48.862259],[2.530096,48.862259],[2.530134,48.86208],[2.530192,48.861912],[2.530322,48.861282],[2.53033,48.861153],[2.53038,48.86092],[2.53038,48.86092],[2.530401,48.860821],[2.530442,48.860687],[2.530505,48.860374],[2.53069,48.859589],[2.53071,48.859447],[2.53085,48.858887],[2.53089,48.858692],[2.531039,48.858059],[2.53108,48.857746],[2.531092,48.857571],[2.531148,48.8573],[2.531223,48.85704],[2.531302,48.856808],[2.531302,48.856808],[2.53144,48.856369],[2.531552,48.855865],[2.53183,48.855057],[2.531893,48.854897],[2.532173,48.854385],[2.532483,48.853947],[2.532914,48.85323],[2.53377,48.851776],[2.533854,48.851646],[2.53398,48.851505],[2.53412,48.851379],[2.534996,48.850758],[2.535178,48.850639],[2.535178,48.850639],[2.53816,48.848587],[2.538889,48.848076],[2.539538,48.847645],[2.539825,48.847473],[2.539989,48.847401],[2.540293,48.84729],[2.540435,48.847252],[2.540707,48.847202],[2.540707,48.847202],[2.540874,48.847183],[2.541233,48.847164],[2.542722,48.847244],[2.542966,48.847244],[2.543129,48.847237],[2.543687,48.84716],[2.544008,48.84716],[2.544086,48.847172],[2.545321,48.847454],[2.54634,48.847698],[2.546556,48.847744],[2.547481,48.8479],[2.547955,48.848],[2.548021,48.847885],[2.548323,48.847469],[2.548323,48.847469],[2.548397,48.847366],[2.548582,48.847168],[2.548803,48.846889],[2.548955,48.846661],[2.550312,48.846992],[2.550694,48.847126],[2.550965,48.847233],[2.552166,48.847633],[2.552166,48.847633],[2.552398,48.84771],[2.552775,48.84779],[2.553072,48.846668],[2.553165,48.846283],[2.552678,48.84623],[2.552678,48.84623],[2.552441,48.846214],[2.552331,48.846203],[2.550529,48.845905],[2.549438,48.845695],[2.549464,48.845535],[2.549466,48.845432],[2.54946,48.845387],[2.549419,48.845249],[2.549419,48.845249],[2.549319,48.844994],[2.54924,48.844891],[2.549074,48.8447],[2.548161,48.843525],[2.548134,48.84343],[2.548026,48.843426],[2.547927,48.843395],[2.547851,48.843346],[2.547809,48.843281],[2.547808,48.843204],[2.54785,48.843136],[2.547911,48.84309],[2.547989,48.84306],[2.548078,48.843048],[2.548167,48.843056],[2.548371,48.84285],[2.548864,48.842289],[2.55007,48.840977],[2.550204,48.840824],[2.550458,48.84045],[2.550458,48.840401],[2.550479,48.840351],[2.550525,48.840305],[2.550592,48.840275],[2.550682,48.840252],[2.550793,48.84026],[2.550857,48.840279],[2.55091,48.840309],[2.550949,48.840347],[2.550972,48.840393],[2.550974,48.840443],[2.550956,48.840488],[2.550928,48.840523],[2.550889,48.840553],[2.550813,48.840584],[2.550829,48.840668],[2.550922,48.840836],[2.550937,48.840858],[2.550997,48.840904],[2.551032,48.840912],[2.551611,48.840916]],[[2.5091,48.886585],[2.509541,48.886444],[2.510679,48.886093],[2.510895,48.886013],[2.512057,48.885647],[2.512057,48.885647],[2.513003,48.885338],[2.513091,48.885319],[2.516421,48.884251],[2.51646,48.884224],[2.516577,48.884178],[2.516583,48.884148],[2.516602,48.884129],[2.516662,48.884113],[2.516689,48.88401],[2.516851,48.88377],[2.516851,48.88377],[2.517004,48.883553],[2.517248,48.883278],[2.517666,48.882866],[2.517818,48.882748],[2.517865,48.88269],[2.517922,48.882603],[2.51877,48.882542],[2.518898,48.882519],[2.519037,48.882484],[2.519133,48.882446],[2.519664,48.882175],[2.519789,48.882126],[2.520013,48.882069],[2.520577,48.881954],[2.520737,48.881931],[2.521395,48.881893],[2.521395,48.881893],[2.521605,48.881882],[2.521647,48.881866],[2.521706,48.881859],[2.521802,48.881828],[2.521841,48.881809],[2.521902,48.881813],[2.521937,48.881832],[2.522093,48.881878],[2.522115,48.881905],[2.524532,48.882435],[2.524532,48.882435],[2.524879,48.882515],[2.525039,48.882366],[2.525671,48.881721],[2.525776,48.881634],[2.525984,48.881435],[2.52624,48.881161],[2.526531,48.880867],[2.527461,48.879955],[2.526548,48.879269],[2.523925,48.877274],[2.524228,48.877174],[2.524363,48.87711],[2.524383,48.877083],[2.524557,48.876991],[2.524557,48.876991],[2.524755,48.876888],[2.525146,48.876644],[2.52523,48.876614],[2.525342,48.876476],[2.525928,48.87553],[2.526017,48.875404],[2.526493,48.875187],[2.529358,48.874001],[2.529358,48.874001],[2.529696,48.873852],[2.529677,48.873749],[2.529686,48.873505],[2.529677,48.873363],[2.529786,48.873318],[2.529903,48.873299],[2.530477,48.873581],[2.531328,48.873852],[2.531472,48.873863],[2.531634,48.873833],[2.531772,48.873775],[2.532054,48.873501],[2.53273,48.872814],[2.532753,48.872761],[2.532983,48.872459],[2.532983,48.872459],[2.533608,48.871647],[2.533613,48.871571],[2.533579,48.871319],[2.533518,48.871262],[2.533511,48.871243],[2.533523,48.871189],[2.533555,48.871159],[2.533602,48.871136],[2.533657,48.871128],[2.533708,48.871128],[2.533756,48.871143],[2.533985,48.871254],[2.534221,48.871288],[2.53449,48.871296],[2.534692,48.871273],[2.534932,48.871216],[2.535235,48.871078],[2.53546,48.870903],[2.535559,48.87077],[2.535712,48.870605],[2.535758,48.870522],[2.536047,48.87022],[2.536192,48.870029],[2.53652,48.869526],[2.53652,48.869526],[2.536993,48.868851],[2.53619,48.86853],[2.535949,48.868443],[2.535253,48.868244],[2.533116,48.867611],[2.533116,48.867611],[2.532597,48.867462],[2.530675,48.866882],[2.530287,48.866783],[2.52985,48.866703],[2.528864,48.866573],[2.528891,48.866512],[2.528992,48.866108],[2.528992,48.866108],[2.52917,48.865463],[2.529247,48.865265],[2.52972,48.864441],[2.529854,48.864166],[2.529908,48.863903],[2.529962,48.8633],[2.530004,48.862648],[2.530096,48.862259],[2.530096,48.862259],[2.530134,48.86208],[2.530192,48.861912],[2.530322,48.861282],[2.53033,48.861153],[2.53038,48.86092],[2.53038,48.86092],[2.530401,48.860821],[2.530442,48.860687],[2.530505,48.860374],[2.53069,48.859589],[2.53071,48.859447],[2.53085,48.858887],[2.53089,48.858692],[2.531039,48.858059],[2.53108,48.857746],[2.531092,48.857571],[2.531148,48.8573],[2.531223,48.85704],[2.531302,48.856808],[2.531302,48.856808],[2.53144,48.856369],[2.531552,48.855865],[2.53183,48.855057],[2.531893,48.854897],[2.532173,48.854385],[2.532483,48.853947],[2.532914,48.85323],[2.53377,48.851776],[2.533854,48.851646],[2.53398,48.851505],[2.53412,48.851379],[2.534996,48.850758],[2.535178,48.850639],[2.535178,48.850639],[2.53816,48.848587],[2.538889,48.848076],[2.539538,48.847645],[2.539825,48.847473],[2.539989,48.847401],[2.540293,48.84729],[2.540435,48.847252],[2.540707,48.847202],[2.540707,48.847202],[2.540874,48.847183],[2.541233,48.847164],[2.542722,48.847244],[2.542966,48.847244],[2.543129,48.847237],[2.543687,48.84716],[2.544008,48.84716],[2.544086,48.847172],[2.545321,48.847454],[2.54634,48.847698],[2.546556,48.847744],[2.547481,48.8479],[2.547955,48.848],[2.548021,48.847885],[2.548323,48.847469],[2.548323,48.847469],[2.548397,48.847366],[2.548582,48.847168],[2.548803,48.846889],[2.548955,48.846661],[2.550312,48.846992],[2.550694,48.847126],[2.550965,48.847233],[2.552166,48.847633],[2.552166,48.847633],[2.552398,48.84771],[2.552775,48.84779],[2.553072,48.846668],[2.553165,48.846283],[2.552678,48.84623],[2.552678,48.84623],[2.552441,48.846214],[2.552331,48.846203],[2.550529,48.845905],[2.549438,48.845695],[2.549464,48.845535],[2.549466,48.845432],[2.54946,48.845387],[2.549419,48.845249],[2.549419,48.845249],[2.549319,48.844994],[2.54924,48.844891],[2.549074,48.8447],[2.548161,48.843525],[2.548134,48.84343],[2.548026,48.843426],[2.547927,48.843395],[2.547851,48.843346],[2.547809,48.843281],[2.547808,48.843204],[2.54785,48.843136],[2.547911,48.84309],[2.547989,48.84306],[2.548078,48.843048],[2.548167,48.843056],[2.548371,48.84285],[2.548864,48.842289],[2.55007,48.840977],[2.550204,48.840824],[2.550458,48.84045],[2.550458,48.840401],[2.550479,48.840351],[2.550525,48.840305],[2.550592,48.840275],[2.550682,48.840252],[2.550793,48.84026],[2.550857,48.840279],[2.55091,48.840309],[2.550949,48.840347],[2.550972,48.840393],[2.550974,48.840443],[2.550956,48.840488],[2.550928,48.840523],[2.550889,48.840553],[2.550813,48.840584],[2.550829,48.840668],[2.550922,48.840836],[2.550937,48.840858],[2.550997,48.840904],[2.551032,48.840912],[2.551611,48.840916]],[[2.552574,48.840633],[2.551105,48.840626],[2.550889,48.840553],[2.550813,48.840584],[2.550738,48.840595],[2.549949,48.841438],[2.54958,48.841846],[2.549103,48.842403],[2.548609,48.842949],[2.548369,48.843182],[2.548383,48.843246],[2.548362,48.843311],[2.548309,48.843369],[2.54823,48.843407],[2.548134,48.84343],[2.548161,48.843525],[2.549074,48.8447],[2.549074,48.8447],[2.54924,48.844891],[2.549319,48.844994],[2.549419,48.845249],[2.54946,48.845387],[2.549466,48.845432],[2.549464,48.845535],[2.549438,48.845695],[2.550529,48.845905],[2.552331,48.846203],[2.552331,48.846203],[2.552441,48.846214],[2.552678,48.84623],[2.553165,48.846283],[2.553072,48.846668],[2.552775,48.84779],[2.552666,48.848263],[2.552548,48.848732],[2.552479,48.848885],[2.552433,48.849041],[2.552402,48.849072],[2.552368,48.849087],[2.552213,48.84911],[2.551974,48.849163],[2.551974,48.849163],[2.551885,48.849194],[2.551764,48.849251],[2.551661,48.849312],[2.551605,48.849361],[2.551528,48.849457],[2.55149,48.849522],[2.551467,48.849586],[2.5513,48.850151],[2.551291,48.85022],[2.550104,48.850113],[2.549628,48.85006],[2.549225,48.850002],[2.548945,48.849953],[2.548217,48.849785],[2.547607,48.849609],[2.547319,48.849518],[2.546952,48.84938],[2.546952,48.84938],[2.545443,48.848858],[2.545171,48.848778],[2.544663,48.848648],[2.544272,48.848576],[2.543879,48.848507],[2.543615,48.848473],[2.54023,48.84819],[2.54023,48.84819],[2.538889,48.848076],[2.53816,48.848587],[2.535352,48.850521],[2.535352,48.850521],[2.534996,48.850758],[2.53412,48.851379],[2.53398,48.851505],[2.533854,48.851646],[2.53377,48.851776],[2.532914,48.85323],[2.532483,48.853947],[2.532367,48.854111],[2.531954,48.855057],[2.531703,48.855766],[2.531651,48.855938],[2.53147,48.856689],[2.53138,48.85696],[2.531323,48.857216],[2.5313,48.857349],[2.531344,48.857399],[2.531312,48.857555],[2.531312,48.857555],[2.531305,48.85759],[2.531225,48.857685],[2.531138,48.858044],[2.530951,48.858898],[2.530845,48.859432],[2.530523,48.860741],[2.530465,48.860935],[2.530465,48.860935],[2.530374,48.861191],[2.530322,48.861282],[2.530192,48.861912],[2.530195,48.862038],[2.530147,48.86277],[2.530118,48.862915],[2.530029,48.86372],[2.530029,48.86372],[2.530008,48.863888],[2.529884,48.864273],[2.529412,48.865253],[2.529261,48.865536],[2.529128,48.866032],[2.529011,48.866528],[2.529212,48.866558],[2.529664,48.866646],[2.529664,48.866646],[2.52985,48.866703],[2.530287,48.866783],[2.530675,48.866882],[2.532597,48.867462],[2.533116,48.867611],[2.533116,48.867611],[2.535253,48.868244],[2.535949,48.868443],[2.53619,48.86853],[2.537041,48.86887],[2.536691,48.869354],[2.536691,48.869354],[2.536235,48.870045],[2.536036,48.870285],[2.535804,48.870541],[2.535712,48.870605],[2.535559,48.87077],[2.53546,48.870903],[2.53517,48.871231],[2.535048,48.871288],[2.534688,48.871376],[2.534365,48.871429],[2.533985,48.871254],[2.533814,48.871277],[2.533746,48.871319],[2.533695,48.871487],[2.533698,48.871548],[2.533659,48.871605],[2.533608,48.871647],[2.533223,48.872147],[2.533223,48.872147],[2.532753,48.872761],[2.53273,48.872814],[2.532054,48.873501],[2.531772,48.873775],[2.531634,48.873833],[2.531472,48.873863],[2.531328,48.873852],[2.530477,48.873581],[2.529929,48.873432],[2.529799,48.873459],[2.529686,48.873505],[2.529677,48.873749],[2.529696,48.873852],[2.529358,48.874001],[2.529358,48.874001],[2.526493,48.875187],[2.526017,48.875404],[2.525928,48.87553],[2.525342,48.876476],[2.52523,48.876614],[2.525197,48.876675],[2.524801,48.876919],[2.524884,48.876972],[2.524897,48.877235],[2.524897,48.877235],[2.524988,48.879669],[2.524988,48.879669],[2.52502,48.880894],[2.524951,48.882206],[2.524951,48.882206],[2.524947,48.88229],[2.525039,48.882366],[2.524879,48.882515],[2.522115,48.881905],[2.522077,48.881912],[2.521952,48.881905],[2.521872,48.881912],[2.521747,48.881893],[2.52165,48.881897],[2.521605,48.881882],[2.521114,48.881908],[2.521114,48.881908],[2.520737,48.881931],[2.520577,48.881954],[2.520013,48.882069],[2.519789,48.882126],[2.519664,48.882175],[2.519133,48.882446],[2.519037,48.882484],[2.518898,48.882519],[2.51877,48.882542],[2.518204,48.882584],[2.516043,48.882717],[2.515955,48.88274],[2.515724,48.882771],[2.51535,48.882771],[2.515273,48.882763],[2.5151,48.882774],[2.5151,48.882774],[2.514684,48.882797],[2.513378,48.882889],[2.513034,48.882942],[2.512892,48.882977],[2.512774,48.883022],[2.512232,48.883175],[2.512061,48.883209],[2.51197,48.883301],[2.511154,48.883785],[2.510994,48.883862],[2.510718,48.883972],[2.510718,48.883972],[2.510415,48.884087],[2.510092,48.884136],[2.509753,48.884209],[2.508666,48.884422],[2.507769,48.88456],[2.506671,48.884781],[2.506567,48.884769],[2.505552,48.884968],[2.505552,48.884968],[2.504567,48.885151],[2.504493,48.885189],[2.504044,48.885262],[2.503882,48.885273],[2.503603,48.885277],[2.503289,48.88525],[2.503176,48.885223],[2.502977,48.885159],[2.502793,48.88509],[2.502767,48.885056],[2.501855,48.884708],[2.501855,48.884708],[2.501297,48.884491],[2.50123,48.884457],[2.500789,48.884178],[2.500655,48.884102],[2.500444,48.883972],[2.500391,48.883957],[2.500285,48.883904],[2.500174,48.883865],[2.499538,48.883717],[2.497829,48.883339],[2.497829,48.883339],[2.497137,48.883186],[2.497102,48.883259],[2.496191,48.884197],[2.495821,48.884602],[2.495714,48.884659],[2.495397,48.884762],[2.495372,48.884789],[2.495353,48.88483],[2.495468,48.885136],[2.495444,48.885181],[2.495375,48.885216],[2.494581,48.885414],[2.494581,48.885414],[2.492729,48.885887],[2.492074,48.886036],[2.49113,48.886219],[2.489094,48.886581],[2.489661,48.887745],[2.489661,48.887745],[2.491142,48.890839],[2.491055,48.890907],[2.490854,48.891045],[2.49078,48.891106],[2.48997,48.891712],[2.489885,48.891758],[2.489483,48.891891],[2.489241,48.891949],[2.489241,48.891949],[2.488364,48.892147],[2.48619,48.892685],[2.485894,48.892746],[2.485781,48.892784],[2.484984,48.892921],[2.484984,48.892921],[2.484837,48.892948],[2.484691,48.892948],[2.48391,48.893066],[2.48081,48.89349],[2.479814,48.893635],[2.479814,48.893635],[2.477632,48.893951],[2.477419,48.89397],[2.476613,48.893948],[2.476088,48.893902],[2.476073,48.893925],[2.476017,48.893951],[2.475949,48.893948],[2.475868,48.894112],[2.475859,48.894264],[2.475864,48.894325],[2.475875,48.894398],[2.475922,48.894531],[2.476004,48.894695],[2.476051,48.894756],[2.476109,48.894802],[2.476181,48.89484],[2.476369,48.894901],[2.477427,48.895123],[2.477457,48.895081],[2.477504,48.895046],[2.477563,48.895027],[2.477631,48.895016],[2.477699,48.89502],[2.477759,48.895035],[2.477811,48.895061],[2.477849,48.895092],[2.477872,48.895134],[2.478258,48.895084],[2.478347,48.895058],[2.478347,48.895058],[2.47842,48.895035],[2.478769,48.894882],[2.478929,48.89484],[2.478991,48.894863],[2.47906,48.894958],[2.479747,48.896152],[2.479818,48.896252],[2.480095,48.896851],[2.480095,48.896851],[2.480535,48.897808],[2.481087,48.898972],[2.481731,48.90036],[2.481731,48.90036],[2.482541,48.902084],[2.482594,48.902161],[2.482625,48.902279],[2.482415,48.902374],[2.481871,48.902657],[2.481768,48.902668],[2.481589,48.902748],[2.481176,48.902981],[2.480912,48.903084],[2.480628,48.903141],[2.480628,48.903141],[2.480431,48.903179],[2.480302,48.903225],[2.480271,48.903267],[2.480244,48.903278],[2.480176,48.903294],[2.480106,48.903278],[2.480057,48.903244],[2.479833,48.903271],[2.47903,48.9034],[2.478651,48.903412],[2.478213,48.903492],[2.477883,48.903534],[2.477432,48.90358],[2.476407,48.903725],[2.476101,48.903748],[2.475849,48.903778],[2.475637,48.903835],[2.47345,48.904263],[2.47345,48.904263],[2.473022,48.904339],[2.472121,48.904396],[2.471847,48.904442],[2.471684,48.9044]],[[2.552574,48.840633],[2.551105,48.840626],[2.550889,48.840553],[2.550813,48.840584],[2.550738,48.840595],[2.549949,48.841438],[2.54958,48.841846],[2.549103,48.842403],[2.548609,48.842949],[2.548369,48.843182],[2.548383,48.843246],[2.548362,48.843311],[2.548309,48.843369],[2.54823,48.843407],[2.548134,48.84343],[2.548161,48.843525],[2.549074,48.8447],[2.549074,48.8447],[2.54924,48.844891],[2.549319,48.844994],[2.549419,48.845249],[2.54946,48.845387],[2.549466,48.845432],[2.549464,48.845535],[2.549438,48.845695],[2.550529,48.845905],[2.552331,48.846203],[2.552331,48.846203],[2.552441,48.846214],[2.552678,48.84623],[2.553165,48.846283],[2.553072,48.846668],[2.552775,48.84779],[2.552666,48.848263],[2.552548,48.848732],[2.552479,48.848885],[2.552433,48.849041],[2.552402,48.849072],[2.552368,48.849087],[2.552213,48.84911],[2.551974,48.849163],[2.551974,48.849163],[2.551885,48.849194],[2.551764,48.849251],[2.551661,48.849312],[2.551605,48.849361],[2.551528,48.849457],[2.55149,48.849522],[2.551467,48.849586],[2.5513,48.850151],[2.551291,48.85022],[2.550104,48.850113],[2.549628,48.85006],[2.549225,48.850002],[2.548945,48.849953],[2.548217,48.849785],[2.547607,48.849609],[2.547319,48.849518],[2.546952,48.84938],[2.546952,48.84938],[2.545443,48.848858],[2.545171,48.848778],[2.544663,48.848648],[2.544272,48.848576],[2.543879,48.848507],[2.543615,48.848473],[2.54023,48.84819],[2.54023,48.84819],[2.538889,48.848076],[2.53816,48.848587],[2.535352,48.850521],[2.535352,48.850521],[2.534996,48.850758],[2.53412,48.851379],[2.53398,48.851505],[2.533854,48.851646],[2.53377,48.851776],[2.532914,48.85323],[2.532483,48.853947],[2.532367,48.854111],[2.531954,48.855057],[2.531703,48.855766],[2.531651,48.855938],[2.53147,48.856689],[2.53138,48.85696],[2.531323,48.857216],[2.5313,48.857349],[2.531344,48.857399],[2.531312,48.857555],[2.531312,48.857555],[2.531305,48.85759],[2.531225,48.857685],[2.531138,48.858044],[2.530951,48.858898],[2.530845,48.859432],[2.530523,48.860741],[2.530465,48.860935],[2.530465,48.860935],[2.530374,48.861191],[2.530322,48.861282],[2.530192,48.861912],[2.530195,48.862038],[2.530147,48.86277],[2.530118,48.862915],[2.530029,48.86372],[2.530029,48.86372],[2.530008,48.863888],[2.529884,48.864273],[2.529412,48.865253],[2.529261,48.865536],[2.529128,48.866032],[2.529011,48.866528],[2.529212,48.866558],[2.529664,48.866646],[2.529664,48.866646],[2.52985,48.866703],[2.530287,48.866783],[2.530675,48.866882],[2.532597,48.867462],[2.533116,48.867611],[2.533116,48.867611],[2.535253,48.868244],[2.535949,48.868443],[2.53619,48.86853],[2.537041,48.86887],[2.536691,48.869354],[2.536691,48.869354],[2.536235,48.870045],[2.536036,48.870285],[2.535804,48.870541],[2.535712,48.870605],[2.535559,48.87077],[2.53546,48.870903],[2.53517,48.871231],[2.535048,48.871288],[2.534688,48.871376],[2.534365,48.871429],[2.533985,48.871254],[2.533814,48.871277],[2.533746,48.871319],[2.533695,48.871487],[2.533698,48.871548],[2.533659,48.871605],[2.533608,48.871647],[2.533223,48.872147],[2.533223,48.872147],[2.532753,48.872761],[2.53273,48.872814],[2.532054,48.873501],[2.531772,48.873775],[2.531634,48.873833],[2.531472,48.873863],[2.531328,48.873852],[2.530477,48.873581],[2.529929,48.873432],[2.529799,48.873459],[2.529686,48.873505],[2.529677,48.873749],[2.529696,48.873852],[2.529358,48.874001],[2.529358,48.874001],[2.526493,48.875187],[2.526017,48.875404],[2.525928,48.87553],[2.525342,48.876476],[2.52523,48.876614],[2.525197,48.876675],[2.524801,48.876919],[2.524884,48.876972],[2.524897,48.877235],[2.524897,48.877235],[2.524988,48.879669],[2.524988,48.879669],[2.52502,48.880894],[2.524975,48.881668],[2.524947,48.88229],[2.525039,48.882366],[2.524879,48.882515],[2.524837,48.882576],[2.524786,48.882626],[2.524446,48.88279],[2.524446,48.88279],[2.520389,48.88475],[2.520312,48.884766],[2.520204,48.884773],[2.519917,48.884846],[2.519524,48.88493],[2.519358,48.884789],[2.519014,48.88467],[2.518625,48.884613],[2.518134,48.884579],[2.517751,48.884533],[2.517543,48.884499],[2.517148,48.884396],[2.516951,48.884323],[2.516727,48.884209],[2.516689,48.884224],[2.516644,48.884228],[2.516605,48.884212],[2.516535,48.884289],[2.516462,48.884384],[2.516287,48.884651],[2.516142,48.884838],[2.515962,48.885017],[2.515962,48.885017],[2.515897,48.885105],[2.515808,48.885193],[2.515304,48.885357],[2.514518,48.88559],[2.514347,48.885685],[2.514286,48.88586],[2.514304,48.885864],[2.514331,48.88588],[2.514331,48.885906],[2.51432,48.885914],[2.514297,48.885925],[2.514271,48.885925],[2.514249,48.885914],[2.514092,48.885994],[2.513187,48.886288],[2.512596,48.88649],[2.512609,48.886528],[2.512603,48.886566],[2.512578,48.8866],[2.512536,48.886631],[2.512447,48.886646],[2.512383,48.886642],[2.512315,48.886608],[2.512285,48.88657],[2.511834,48.886711],[2.511834,48.886711],[2.510935,48.88699],[2.50954,48.887444],[2.508922,48.886642],[2.508579,48.886726],[2.508579,48.886726],[2.507746,48.886932],[2.504754,48.887638],[2.504754,48.887638],[2.503149,48.888004],[2.501987,48.888252],[2.500502,48.888588],[2.500502,48.888588],[2.495899,48.889622],[2.49578,48.889656],[2.495236,48.889015],[2.495236,48.889015],[2.494964,48.888691],[2.494702,48.888401],[2.494595,48.888355],[2.494351,48.888184],[2.493919,48.887897],[2.493565,48.887688],[2.493474,48.88765],[2.49329,48.887589],[2.492917,48.887486],[2.492617,48.887417],[2.492059,48.887272],[2.491951,48.887238],[2.491871,48.88718],[2.491734,48.886993],[2.491284,48.886448],[2.491284,48.886448],[2.491183,48.886322],[2.49113,48.886219],[2.489094,48.886581],[2.489661,48.887745],[2.489661,48.887745],[2.491142,48.890839],[2.491055,48.890907],[2.490854,48.891045],[2.49078,48.891106],[2.48997,48.891712],[2.489885,48.891758],[2.489483,48.891891],[2.489241,48.891949],[2.489241,48.891949],[2.488364,48.892147],[2.48619,48.892685],[2.485894,48.892746],[2.485781,48.892784],[2.484984,48.892921],[2.484984,48.892921],[2.484837,48.892948],[2.484691,48.892948],[2.48391,48.893066],[2.48081,48.89349],[2.479814,48.893635],[2.479814,48.893635],[2.477632,48.893951],[2.477419,48.89397],[2.476613,48.893948],[2.476088,48.893902],[2.476073,48.893925],[2.476017,48.893951],[2.475949,48.893948],[2.475868,48.894112],[2.475859,48.894264],[2.475864,48.894325],[2.475875,48.894398],[2.475922,48.894531],[2.476004,48.894695],[2.476051,48.894756],[2.476109,48.894802],[2.476181,48.89484],[2.476369,48.894901],[2.477427,48.895123],[2.477457,48.895081],[2.477504,48.895046],[2.477563,48.895027],[2.477631,48.895016],[2.477699,48.89502],[2.477759,48.895035],[2.477811,48.895061],[2.477849,48.895092],[2.477872,48.895134],[2.478258,48.895084],[2.478347,48.895058],[2.478347,48.895058],[2.47842,48.895035],[2.478769,48.894882],[2.478929,48.89484],[2.478991,48.894863],[2.47906,48.894958],[2.479747,48.896152],[2.479818,48.896252],[2.480095,48.896851],[2.480095,48.896851],[2.480535,48.897808],[2.481087,48.898972],[2.481731,48.90036],[2.481731,48.90036],[2.482541,48.902084],[2.482594,48.902161],[2.482625,48.902279],[2.482415,48.902374],[2.481871,48.902657],[2.481768,48.902668],[2.481589,48.902748],[2.481176,48.902981],[2.480912,48.903084],[2.480628,48.903141],[2.480628,48.903141],[2.480431,48.903179],[2.480302,48.903225],[2.480271,48.903267],[2.480244,48.903278],[2.480176,48.903294],[2.480106,48.903278],[2.480057,48.903244],[2.479833,48.903271],[2.47903,48.9034],[2.478651,48.903412],[2.478213,48.903492],[2.477883,48.903534],[2.477432,48.90358],[2.476407,48.903725],[2.476101,48.903748],[2.475849,48.903778],[2.475637,48.903835],[2.47345,48.904263],[2.47345,48.904263],[2.473022,48.904339],[2.472121,48.904396],[2.471847,48.904442],[2.471684,48.9044]],[[2.552574,48.840633],[2.551105,48.840626],[2.550889,48.840553],[2.550813,48.840584],[2.550738,48.840595],[2.549949,48.841438],[2.54958,48.841846],[2.549103,48.842403],[2.548609,48.842949],[2.548369,48.843182],[2.548383,48.843246],[2.548362,48.843311],[2.548309,48.843369],[2.54823,48.843407],[2.548134,48.84343],[2.548161,48.843525],[2.549074,48.8447],[2.549074,48.8447],[2.54924,48.844891],[2.549319,48.844994],[2.549419,48.845249],[2.54946,48.845387],[2.549466,48.845432],[2.549464,48.845535],[2.549438,48.845695],[2.550529,48.845905],[2.552331,48.846203],[2.552331,48.846203],[2.552441,48.846214],[2.552678,48.84623],[2.553165,48.846283],[2.553072,48.846668],[2.552775,48.84779],[2.552666,48.848263],[2.552548,48.848732],[2.552479,48.848885],[2.552433,48.849041],[2.552402,48.849072],[2.552368,48.849087],[2.552213,48.84911],[2.551974,48.849163],[2.551974,48.849163],[2.551885,48.849194],[2.551764,48.849251],[2.551661,48.849312],[2.551605,48.849361],[2.551528,48.849457],[2.55149,48.849522],[2.551467,48.849586],[2.5513,48.850151],[2.551291,48.85022],[2.550104,48.850113],[2.549628,48.85006],[2.549225,48.850002],[2.548945,48.849953],[2.548217,48.849785],[2.547607,48.849609],[2.547319,48.849518],[2.546952,48.84938],[2.546952,48.84938],[2.545443,48.848858],[2.545171,48.848778],[2.544663,48.848648],[2.544272,48.848576],[2.543879,48.848507],[2.543615,48.848473],[2.54023,48.84819],[2.54023,48.84819],[2.538889,48.848076],[2.53816,48.848587],[2.535352,48.850521],[2.535352,48.850521],[2.534996,48.850758],[2.53412,48.851379],[2.53398,48.851505],[2.533854,48.851646],[2.53377,48.851776],[2.532914,48.85323],[2.532483,48.853947],[2.532367,48.854111],[2.531954,48.855057],[2.531703,48.855766],[2.531651,48.855938],[2.53147,48.856689],[2.53138,48.85696],[2.531323,48.857216],[2.5313,48.857349],[2.531344,48.857399],[2.531312,48.857555],[2.531312,48.857555],[2.531305,48.85759],[2.531225,48.857685],[2.531138,48.858044],[2.530951,48.858898],[2.530845,48.859432],[2.530523,48.860741],[2.530465,48.860935],[2.530465,48.860935],[2.530374,48.861191],[2.530322,48.861282],[2.530192,48.861912],[2.530195,48.862038],[2.530147,48.86277],[2.530118,48.862915],[2.530029,48.86372],[2.530029,48.86372],[2.530008,48.863888],[2.529884,48.864273],[2.529412,48.865253],[2.529261,48.865536],[2.529128,48.866032],[2.529011,48.866528],[2.529212,48.866558],[2.529664,48.866646],[2.529664,48.866646],[2.52985,48.866703],[2.530287,48.866783],[2.530675,48.866882],[2.532597,48.867462],[2.533116,48.867611],[2.533116,48.867611],[2.535253,48.868244],[2.535949,48.868443],[2.53619,48.86853],[2.537041,48.86887],[2.536691,48.869354],[2.536691,48.869354],[2.536235,48.870045],[2.536036,48.870285],[2.535804,48.870541],[2.535712,48.870605],[2.535559,48.87077],[2.53546,48.870903],[2.53517,48.871231],[2.535048,48.871288],[2.534688,48.871376],[2.534365,48.871429],[2.533985,48.871254],[2.533814,48.871277],[2.533746,48.871319],[2.533695,48.871487],[2.533698,48.871548],[2.533659,48.871605],[2.533608,48.871647],[2.533223,48.872147],[2.533223,48.872147],[2.532753,48.872761],[2.53273,48.872814],[2.532054,48.873501],[2.531772,48.873775],[2.531634,48.873833],[2.531472,48.873863],[2.531328,48.873852],[2.530477,48.873581],[2.529929,48.873432],[2.529799,48.873459],[2.529686,48.873505],[2.529677,48.873749],[2.529696,48.873852],[2.529358,48.874001],[2.529358,48.874001],[2.526493,48.875187],[2.526017,48.875404],[2.525928,48.87553],[2.525342,48.876476],[2.52523,48.876614],[2.525197,48.876675],[2.524801,48.876919],[2.524884,48.876972],[2.524897,48.877235],[2.524897,48.877235],[2.524988,48.879669],[2.524988,48.879669],[2.52502,48.880894],[2.524975,48.881668],[2.524947,48.88229],[2.525039,48.882366],[2.524879,48.882515],[2.524837,48.882576],[2.524786,48.882626],[2.524446,48.88279],[2.524446,48.88279],[2.520389,48.88475],[2.520312,48.884766],[2.520204,48.884773],[2.519917,48.884846],[2.519524,48.88493],[2.519358,48.884789],[2.519014,48.88467],[2.518625,48.884613],[2.518134,48.884579],[2.517751,48.884533],[2.517543,48.884499],[2.517148,48.884396],[2.516951,48.884323],[2.516727,48.884209],[2.516689,48.884224],[2.516644,48.884228],[2.516605,48.884212],[2.516535,48.884289],[2.516462,48.884384],[2.516287,48.884651],[2.516142,48.884838],[2.515962,48.885017],[2.515962,48.885017],[2.515897,48.885105],[2.515808,48.885193],[2.515304,48.885357],[2.514518,48.88559],[2.514347,48.885685],[2.514286,48.88586],[2.514304,48.885864],[2.514331,48.88588],[2.514331,48.885906],[2.51432,48.885914],[2.514297,48.885925],[2.514271,48.885925],[2.514249,48.885914],[2.514092,48.885994],[2.513187,48.886288],[2.512596,48.88649],[2.512609,48.886528],[2.512603,48.886566],[2.512578,48.8866],[2.512536,48.886631],[2.512447,48.886646],[2.512383,48.886642],[2.512315,48.886608],[2.512285,48.88657],[2.511834,48.886711]],[[2.531312,48.857555],[2.531305,48.85759],[2.531225,48.857685],[2.531138,48.858044],[2.530951,48.858898],[2.530845,48.859432],[2.530523,48.860741],[2.530465,48.860935],[2.530465,48.860935],[2.530374,48.861191],[2.530322,48.861282],[2.530192,48.861912],[2.530195,48.862038],[2.530147,48.86277],[2.530118,48.862915],[2.530029,48.86372],[2.530029,48.86372],[2.530008,48.863888],[2.529884,48.864273],[2.529412,48.865253],[2.529261,48.865536],[2.529128,48.866032],[2.529011,48.866528],[2.529212,48.866558],[2.529664,48.866646],[2.529664,48.866646],[2.52985,48.866703],[2.530287,48.866783],[2.530675,48.866882],[2.532597,48.867462],[2.533116,48.867611],[2.533116,48.867611],[2.535253,48.868244],[2.535949,48.868443],[2.53619,48.86853],[2.537041,48.86887],[2.536691,48.869354],[2.536691,48.869354],[2.536235,48.870045],[2.536036,48.870285],[2.535804,48.870541],[2.535712,48.870605],[2.535559,48.87077],[2.53546,48.870903],[2.53517,48.871231],[2.535048,48.871288],[2.534688,48.871376],[2.534365,48.871429],[2.533985,48.871254],[2.533814,48.871277],[2.533746,48.871319],[2.533695,48.871487],[2.533698,48.871548],[2.533659,48.871605],[2.533608,48.871647],[2.533223,48.872147],[2.533223,48.872147],[2.532753,48.872761],[2.53273,48.872814],[2.532054,48.873501],[2.531772,48.873775],[2.531634,48.873833],[2.531472,48.873863],[2.531328,48.873852],[2.530477,48.873581],[2.529929,48.873432],[2.529799,48.873459],[2.529686,48.873505],[2.529677,48.873749],[2.529696,48.873852],[2.529358,48.874001],[2.529358,48.874001],[2.526493,48.875187],[2.526017,48.875404],[2.525928,48.87553],[2.525342,48.876476],[2.52523,48.876614],[2.525197,48.876675],[2.524801,48.876919],[2.524884,48.876972],[2.524897,48.877235],[2.524897,48.877235],[2.524988,48.879669],[2.524988,48.879669],[2.52502,48.880894],[2.524975,48.881668],[2.524947,48.88229],[2.525039,48.882366],[2.524879,48.882515],[2.524837,48.882576],[2.524786,48.882626],[2.524446,48.88279],[2.524446,48.88279],[2.520389,48.88475],[2.520312,48.884766],[2.520204,48.884773],[2.519917,48.884846],[2.519524,48.88493],[2.519358,48.884789],[2.519014,48.88467],[2.518625,48.884613],[2.518134,48.884579],[2.517751,48.884533],[2.517543,48.884499],[2.517148,48.884396],[2.516951,48.884323],[2.516727,48.884209],[2.516689,48.884224],[2.516644,48.884228],[2.516605,48.884212],[2.516535,48.884289],[2.516462,48.884384],[2.516287,48.884651],[2.516142,48.884838],[2.515962,48.885017],[2.515962,48.885017],[2.515897,48.885105],[2.515808,48.885193],[2.515304,48.885357],[2.514518,48.88559],[2.514347,48.885685],[2.514286,48.88586],[2.514304,48.885864],[2.514331,48.88588],[2.514331,48.885906],[2.51432,48.885914],[2.514297,48.885925],[2.514271,48.885925],[2.514249,48.885914],[2.514092,48.885994],[2.513187,48.886288],[2.512596,48.88649],[2.512609,48.886528],[2.512603,48.886566],[2.512578,48.8866],[2.512536,48.886631],[2.512447,48.886646],[2.512383,48.886642],[2.512315,48.886608],[2.512285,48.88657],[2.511834,48.886711],[2.511834,48.886711],[2.510935,48.88699],[2.50954,48.887444],[2.508922,48.886642],[2.508579,48.886726],[2.508579,48.886726],[2.507746,48.886932],[2.504754,48.887638],[2.504754,48.887638],[2.503149,48.888004],[2.501987,48.888252],[2.500502,48.888588],[2.500502,48.888588],[2.495899,48.889622],[2.49578,48.889656],[2.495236,48.889015],[2.495236,48.889015],[2.494964,48.888691],[2.494702,48.888401],[2.494595,48.888355],[2.494351,48.888184],[2.493919,48.887897],[2.493565,48.887688],[2.493474,48.88765],[2.49329,48.887589],[2.492917,48.887486],[2.492617,48.887417],[2.492059,48.887272],[2.491951,48.887238],[2.491871,48.88718],[2.491734,48.886993],[2.491284,48.886448],[2.491284,48.886448],[2.491183,48.886322],[2.49113,48.886219],[2.489094,48.886581],[2.489661,48.887745],[2.489661,48.887745],[2.491142,48.890839],[2.491055,48.890907],[2.490854,48.891045],[2.49078,48.891106],[2.48997,48.891712],[2.489885,48.891758],[2.489483,48.891891],[2.489241,48.891949],[2.489241,48.891949],[2.488364,48.892147],[2.48619,48.892685],[2.485894,48.892746],[2.485781,48.892784],[2.484984,48.892921],[2.484984,48.892921],[2.484837,48.892948],[2.484691,48.892948],[2.48391,48.893066],[2.48081,48.89349],[2.479814,48.893635],[2.479814,48.893635],[2.477632,48.893951],[2.477419,48.89397],[2.476613,48.893948],[2.476088,48.893902],[2.476073,48.893925],[2.476017,48.893951],[2.475949,48.893948],[2.475868,48.894112],[2.475859,48.894264],[2.475864,48.894325],[2.475875,48.894398],[2.475922,48.894531],[2.476004,48.894695],[2.476051,48.894756],[2.476109,48.894802],[2.476181,48.89484],[2.476369,48.894901],[2.477427,48.895123],[2.477457,48.895081],[2.477504,48.895046],[2.477563,48.895027],[2.477631,48.895016],[2.477699,48.89502],[2.477759,48.895035],[2.477811,48.895061],[2.477849,48.895092],[2.477872,48.895134],[2.478258,48.895084],[2.478347,48.895058],[2.478347,48.895058],[2.47842,48.895035],[2.478769,48.894882],[2.478929,48.89484],[2.478991,48.894863],[2.47906,48.894958],[2.479747,48.896152],[2.479818,48.896252],[2.480095,48.896851],[2.480095,48.896851],[2.480535,48.897808],[2.481087,48.898972],[2.481731,48.90036],[2.481731,48.90036],[2.482541,48.902084],[2.482594,48.902161],[2.482625,48.902279],[2.482415,48.902374],[2.481871,48.902657],[2.481768,48.902668],[2.481589,48.902748],[2.481176,48.902981],[2.480912,48.903084],[2.480628,48.903141],[2.480628,48.903141],[2.480431,48.903179],[2.480302,48.903225],[2.480271,48.903267],[2.480244,48.903278],[2.480176,48.903294],[2.480106,48.903278],[2.480057,48.903244],[2.479833,48.903271],[2.47903,48.9034],[2.478651,48.903412],[2.478213,48.903492],[2.477883,48.903534],[2.477432,48.90358],[2.476407,48.903725],[2.476101,48.903748],[2.475849,48.903778],[2.475637,48.903835],[2.47345,48.904263],[2.47345,48.904263],[2.473022,48.904339],[2.472121,48.904396],[2.471847,48.904442],[2.471684,48.9044]],[[2.552574,48.840633],[2.551105,48.840626],[2.550889,48.840553],[2.550813,48.840584],[2.550738,48.840595],[2.549949,48.841438],[2.54958,48.841846],[2.549103,48.842403],[2.548609,48.842949],[2.548369,48.843182],[2.548383,48.843246],[2.548362,48.843311],[2.548309,48.843369],[2.54823,48.843407],[2.548134,48.84343],[2.548161,48.843525],[2.549074,48.8447],[2.549074,48.8447],[2.54924,48.844891],[2.549319,48.844994],[2.549419,48.845249],[2.54946,48.845387],[2.549466,48.845432],[2.549464,48.845535],[2.549438,48.845695],[2.550529,48.845905],[2.552331,48.846203],[2.552331,48.846203],[2.552441,48.846214],[2.552678,48.84623],[2.553165,48.846283],[2.553072,48.846668],[2.552775,48.84779],[2.552666,48.848263],[2.552548,48.848732],[2.552479,48.848885],[2.552433,48.849041],[2.552402,48.849072],[2.552368,48.849087],[2.552213,48.84911],[2.551974,48.849163],[2.551974,48.849163],[2.551885,48.849194],[2.551764,48.849251],[2.551661,48.849312],[2.551605,48.849361],[2.551528,48.849457],[2.55149,48.849522],[2.551467,48.849586],[2.5513,48.850151],[2.551291,48.85022],[2.550104,48.850113],[2.549628,48.85006],[2.549225,48.850002],[2.548945,48.849953],[2.548217,48.849785],[2.547607,48.849609],[2.547319,48.849518],[2.546952,48.84938],[2.546952,48.84938],[2.545443,48.848858],[2.545171,48.848778],[2.544663,48.848648],[2.544272,48.848576],[2.543879,48.848507],[2.543615,48.848473],[2.54023,48.84819],[2.54023,48.84819],[2.538889,48.848076],[2.53816,48.848587],[2.535352,48.850521],[2.535352,48.850521],[2.534996,48.850758],[2.53412,48.851379],[2.53398,48.851505],[2.533854,48.851646],[2.53377,48.851776],[2.532914,48.85323],[2.532483,48.853947],[2.532367,48.854111],[2.531954,48.855057],[2.531703,48.855766],[2.531651,48.855938],[2.53147,48.856689],[2.53138,48.85696],[2.531323,48.857216],[2.530662,48.85696],[2.53028,48.856808]],[[2.471821,48.904015],[2.47235,48.904129],[2.472818,48.904213],[2.473112,48.90424],[2.473485,48.904179],[2.473901,48.904099],[2.473901,48.904099],[2.474078,48.904079],[2.475478,48.903816],[2.476101,48.903748],[2.476407,48.903725],[2.477432,48.90358],[2.477883,48.903534],[2.478213,48.903492],[2.479323,48.90329],[2.479323,48.90329],[2.47978,48.90321],[2.480047,48.903202],[2.48005,48.903187],[2.479951,48.903111],[2.479848,48.902954],[2.478782,48.901058],[2.478635,48.900764],[2.478625,48.9006],[2.478625,48.9006],[2.478618,48.900475],[2.478603,48.900375],[2.47859,48.900143],[2.478526,48.899933],[2.478375,48.89954],[2.478076,48.898853],[2.478032,48.898781],[2.477808,48.898476],[2.47762,48.89819],[2.47762,48.89819],[2.477327,48.897709],[2.477287,48.897526],[2.477117,48.89661],[2.477109,48.896343],[2.477236,48.895802],[2.477378,48.8955],[2.477494,48.895279],[2.477452,48.895248],[2.477425,48.895206],[2.477417,48.895164],[2.477427,48.895123],[2.476369,48.894901],[2.476181,48.89484],[2.476109,48.894802],[2.476051,48.894756],[2.476004,48.894695],[2.475922,48.894531],[2.475875,48.894398],[2.475859,48.894264],[2.475868,48.894112],[2.475949,48.893948],[2.475898,48.893917],[2.475887,48.893898],[2.475886,48.893875],[2.475898,48.893852],[2.475919,48.893833],[2.475945,48.893822],[2.476003,48.893818],[2.476057,48.893833],[2.476088,48.893867],[2.476088,48.893902],[2.476613,48.893948],[2.477419,48.89397],[2.477632,48.893951],[2.479814,48.893635],[2.479814,48.893635],[2.48081,48.89349],[2.48391,48.893066],[2.484691,48.892948],[2.484817,48.892902],[2.485652,48.892757],[2.485652,48.892757],[2.485739,48.892742],[2.485894,48.892746],[2.48619,48.892685],[2.488364,48.892147],[2.489483,48.891891],[2.489885,48.891758],[2.48997,48.891712],[2.49051,48.891304],[2.49051,48.891304],[2.491142,48.890839],[2.489827,48.888088],[2.489827,48.888088],[2.489094,48.886581],[2.49113,48.886219],[2.491183,48.886322],[2.491598,48.886833],[2.491598,48.886833],[2.491734,48.886993],[2.491871,48.88718],[2.491951,48.887238],[2.492059,48.887272],[2.492617,48.887417],[2.492917,48.887486],[2.49329,48.887589],[2.493474,48.88765],[2.493565,48.887688],[2.493919,48.887897],[2.494351,48.888184],[2.494595,48.888355],[2.494702,48.888401],[2.494964,48.888691],[2.495502,48.889324],[2.495662,48.889244],[2.495797,48.88916],[2.495797,48.88916],[2.496977,48.888397],[2.499042,48.8871],[2.499894,48.886551],[2.499852,48.886517],[2.499823,48.886471],[2.499818,48.886417],[2.499829,48.886387],[2.499881,48.88633],[2.499946,48.886299],[2.500063,48.88628],[2.500142,48.886295],[2.50022,48.88633],[2.500254,48.88636],[2.500282,48.88641],[2.500275,48.886482],[2.50069,48.886566],[2.50069,48.886566],[2.505178,48.887459],[2.505178,48.887459],[2.505293,48.887482],[2.505321,48.887501],[2.507746,48.886932],[2.508922,48.886642],[2.5091,48.886585],[2.5091,48.886585],[2.509541,48.886444],[2.510679,48.886093],[2.510895,48.886013],[2.512057,48.885647],[2.512057,48.885647],[2.513003,48.885338],[2.513091,48.885319],[2.516421,48.884251],[2.51646,48.884224],[2.516577,48.884178],[2.516583,48.884148],[2.516602,48.884129],[2.516662,48.884113],[2.516689,48.88401],[2.516851,48.88377],[2.516851,48.88377],[2.517004,48.883553],[2.517248,48.883278],[2.517666,48.882866],[2.517818,48.882748],[2.517865,48.88269],[2.517922,48.882603],[2.51877,48.882542],[2.518898,48.882519],[2.519037,48.882484],[2.519133,48.882446],[2.519664,48.882175],[2.519789,48.882126],[2.520013,48.882069],[2.520577,48.881954],[2.520737,48.881931],[2.521395,48.881893],[2.521395,48.881893],[2.521605,48.881882],[2.521647,48.881866],[2.521706,48.881859],[2.521802,48.881828],[2.521841,48.881809],[2.521902,48.881813],[2.521937,48.881832],[2.522093,48.881878],[2.522115,48.881905],[2.524532,48.882435],[2.524532,48.882435],[2.524879,48.882515],[2.525039,48.882366],[2.525671,48.881721],[2.525776,48.881634],[2.525984,48.881435],[2.52624,48.881161],[2.526531,48.880867],[2.527461,48.879955],[2.526548,48.879269],[2.523925,48.877274],[2.524228,48.877174],[2.524363,48.87711],[2.524383,48.877083],[2.524557,48.876991],[2.524557,48.876991],[2.524755,48.876888],[2.525146,48.876644],[2.52523,48.876614],[2.525342,48.876476],[2.525928,48.87553],[2.526017,48.875404],[2.526493,48.875187],[2.529358,48.874001],[2.529358,48.874001],[2.529696,48.873852],[2.529677,48.873749],[2.529686,48.873505],[2.529677,48.873363],[2.529786,48.873318],[2.529903,48.873299],[2.530477,48.873581],[2.531328,48.873852],[2.531472,48.873863],[2.531634,48.873833],[2.531772,48.873775],[2.532054,48.873501],[2.53273,48.872814],[2.532753,48.872761],[2.532983,48.872459],[2.532983,48.872459],[2.533608,48.871647],[2.533613,48.871571],[2.533579,48.871319],[2.533518,48.871262],[2.533511,48.871243],[2.533523,48.871189],[2.533555,48.871159],[2.533602,48.871136],[2.533657,48.871128],[2.533708,48.871128],[2.533756,48.871143],[2.533985,48.871254],[2.534221,48.871288],[2.53449,48.871296],[2.534692,48.871273],[2.534932,48.871216],[2.535235,48.871078],[2.53546,48.870903],[2.535559,48.87077],[2.535712,48.870605],[2.535758,48.870522],[2.536047,48.87022],[2.536192,48.870029],[2.53652,48.869526],[2.53652,48.869526],[2.536993,48.868851],[2.53619,48.86853],[2.535949,48.868443],[2.535253,48.868244],[2.533116,48.867611],[2.533116,48.867611],[2.532597,48.867462],[2.530675,48.866882],[2.530287,48.866783],[2.52985,48.866703],[2.528864,48.866573],[2.528891,48.866512],[2.528992,48.866108],[2.528992,48.866108],[2.52917,48.865463],[2.529247,48.865265],[2.52972,48.864441],[2.529854,48.864166],[2.529908,48.863903],[2.529962,48.8633],[2.530004,48.862648],[2.530096,48.862259],[2.530096,48.862259],[2.530134,48.86208],[2.530192,48.861912],[2.530322,48.861282],[2.53033,48.861153],[2.53038,48.86092],[2.53038,48.86092],[2.530401,48.860821],[2.530442,48.860687],[2.530505,48.860374],[2.53069,48.859589],[2.53071,48.859447],[2.53085,48.858887],[2.53089,48.858692],[2.531039,48.858059],[2.53108,48.857746],[2.531092,48.857571],[2.531039,48.85746],[2.531022,48.857372],[2.530962,48.857243],[2.530907,48.85717],[2.530662,48.85696],[2.53028,48.856808]],[[2.471821,48.904015],[2.47235,48.904129],[2.472818,48.904213],[2.473112,48.90424],[2.473485,48.904179],[2.473901,48.904099],[2.473901,48.904099],[2.474078,48.904079],[2.475478,48.903816],[2.476101,48.903748],[2.476407,48.903725],[2.477432,48.90358],[2.477883,48.903534],[2.478213,48.903492],[2.479323,48.90329],[2.479323,48.90329],[2.47978,48.90321],[2.480047,48.903202],[2.48005,48.903187],[2.479951,48.903111],[2.479848,48.902954],[2.478782,48.901058],[2.478635,48.900764],[2.478625,48.9006],[2.478625,48.9006],[2.478618,48.900475],[2.478603,48.900375],[2.47859,48.900143],[2.478526,48.899933],[2.478375,48.89954],[2.478076,48.898853],[2.478032,48.898781],[2.477808,48.898476],[2.47762,48.89819],[2.47762,48.89819],[2.477327,48.897709],[2.477287,48.897526],[2.477117,48.89661],[2.477109,48.896343],[2.477236,48.895802],[2.477378,48.8955],[2.477494,48.895279],[2.477452,48.895248],[2.477425,48.895206],[2.477417,48.895164],[2.477427,48.895123],[2.476369,48.894901],[2.476181,48.89484],[2.476109,48.894802],[2.476051,48.894756],[2.476004,48.894695],[2.475922,48.894531],[2.475875,48.894398],[2.475859,48.894264],[2.475868,48.894112],[2.475949,48.893948],[2.475898,48.893917],[2.475887,48.893898],[2.475886,48.893875],[2.475898,48.893852],[2.475919,48.893833],[2.475945,48.893822],[2.476003,48.893818],[2.476057,48.893833],[2.476088,48.893867],[2.476088,48.893902],[2.476613,48.893948],[2.477419,48.89397],[2.477632,48.893951],[2.479814,48.893635],[2.479814,48.893635],[2.48081,48.89349],[2.48391,48.893066],[2.484691,48.892948],[2.484817,48.892902],[2.485652,48.892757],[2.485652,48.892757],[2.485739,48.892742],[2.485894,48.892746],[2.48619,48.892685],[2.488364,48.892147],[2.489483,48.891891],[2.489885,48.891758],[2.48997,48.891712],[2.49051,48.891304],[2.49051,48.891304],[2.491142,48.890839],[2.489827,48.888088],[2.489827,48.888088],[2.489094,48.886581],[2.49113,48.886219],[2.492074,48.886036],[2.492729,48.885887],[2.494581,48.885414],[2.494581,48.885414],[2.495375,48.885216],[2.495449,48.885094],[2.495353,48.88483],[2.495314,48.8848],[2.495284,48.884789],[2.495243,48.884781],[2.494865,48.884819],[2.494767,48.884796],[2.494695,48.884758],[2.494654,48.884705],[2.494632,48.884613],[2.494935,48.884064],[2.495068,48.88385],[2.49513,48.883728],[2.495454,48.88306],[2.495497,48.882904],[2.49547,48.882858],[2.495399,48.882816],[2.495234,48.882786],[2.494534,48.882702],[2.494458,48.882683],[2.494365,48.882629],[2.494287,48.882568],[2.494249,48.882523],[2.494229,48.882462],[2.494267,48.882275],[2.494809,48.881683],[2.494903,48.881638],[2.495001,48.881554],[2.49507,48.881519],[2.495171,48.881485],[2.495344,48.881454],[2.495491,48.881454],[2.495715,48.881508],[2.496003,48.881634],[2.496192,48.881702],[2.497189,48.882191],[2.497759,48.882435],[2.498872,48.882996],[2.498872,48.882996],[2.499499,48.883335],[2.499928,48.883587],[2.500429,48.88393],[2.500444,48.883972],[2.500655,48.884102],[2.500655,48.884102],[2.500789,48.884178],[2.50123,48.884457],[2.501297,48.884491],[2.501514,48.884579],[2.502767,48.885056],[2.502832,48.885048],[2.503035,48.885109],[2.503201,48.885147],[2.503453,48.885181],[2.503687,48.885193],[2.503977,48.885189],[2.504493,48.885136],[2.504567,48.885151],[2.505759,48.884926],[2.506567,48.884769],[2.506646,48.884724],[2.507643,48.884514],[2.507643,48.884514],[2.50862,48.884323],[2.508741,48.884289],[2.510057,48.884026],[2.510123,48.883976],[2.510458,48.883938],[2.510504,48.883926],[2.510695,48.883846],[2.510695,48.883846],[2.51077,48.883812],[2.511076,48.883728],[2.511711,48.883354],[2.511947,48.883236],[2.512061,48.883209],[2.512183,48.883141],[2.512749,48.882992],[2.512892,48.882977],[2.513034,48.882942],[2.513378,48.882889],[2.514684,48.882797],[2.514684,48.882797],[2.515273,48.882763],[2.515345,48.882744],[2.51597,48.882706],[2.516043,48.882717],[2.518204,48.882584],[2.51877,48.882542],[2.518898,48.882519],[2.519037,48.882484],[2.519133,48.882446],[2.519664,48.882175],[2.519789,48.882126],[2.520013,48.882069],[2.520577,48.881954],[2.520737,48.881931],[2.521395,48.881893],[2.521395,48.881893],[2.521605,48.881882],[2.521647,48.881866],[2.521706,48.881859],[2.521802,48.881828],[2.521841,48.881809],[2.521902,48.881813],[2.521937,48.881832],[2.522093,48.881878],[2.522115,48.881905],[2.524532,48.882435],[2.524532,48.882435],[2.524879,48.882515],[2.525039,48.882366],[2.525671,48.881721],[2.525776,48.881634],[2.525984,48.881435],[2.52624,48.881161],[2.526531,48.880867],[2.527461,48.879955],[2.526548,48.879269],[2.523925,48.877274],[2.524228,48.877174],[2.524363,48.87711],[2.524383,48.877083],[2.524557,48.876991],[2.524557,48.876991],[2.524755,48.876888],[2.525146,48.876644],[2.52523,48.876614],[2.525342,48.876476],[2.525928,48.87553],[2.526017,48.875404],[2.526493,48.875187],[2.529358,48.874001],[2.529358,48.874001],[2.529696,48.873852],[2.529677,48.873749],[2.529686,48.873505],[2.529677,48.873363],[2.529786,48.873318],[2.529903,48.873299],[2.530477,48.873581],[2.531328,48.873852],[2.531472,48.873863],[2.531634,48.873833],[2.531772,48.873775],[2.532054,48.873501],[2.53273,48.872814],[2.532753,48.872761],[2.532983,48.872459],[2.532983,48.872459],[2.533608,48.871647],[2.533613,48.871571],[2.533579,48.871319],[2.533518,48.871262],[2.533511,48.871243],[2.533523,48.871189],[2.533555,48.871159],[2.533602,48.871136],[2.533657,48.871128],[2.533708,48.871128],[2.533756,48.871143],[2.533985,48.871254],[2.534221,48.871288],[2.53449,48.871296],[2.534692,48.871273],[2.534932,48.871216],[2.535235,48.871078],[2.53546,48.870903],[2.535559,48.87077],[2.535712,48.870605],[2.535758,48.870522],[2.536047,48.87022],[2.536192,48.870029],[2.53652,48.869526],[2.53652,48.869526],[2.536993,48.868851],[2.53619,48.86853],[2.535949,48.868443],[2.535253,48.868244],[2.533116,48.867611],[2.533116,48.867611],[2.532597,48.867462],[2.530675,48.866882],[2.530287,48.866783],[2.52985,48.866703],[2.528864,48.866573],[2.528891,48.866512],[2.528992,48.866108],[2.528992,48.866108],[2.52917,48.865463],[2.529247,48.865265],[2.52972,48.864441],[2.529854,48.864166],[2.529908,48.863903],[2.529962,48.8633],[2.530004,48.862648],[2.530096,48.862259],[2.530096,48.862259],[2.530134,48.86208],[2.530192,48.861912],[2.530322,48.861282],[2.53033,48.861153],[2.53038,48.86092],[2.53038,48.86092],[2.530401,48.860821],[2.530442,48.860687],[2.530505,48.860374],[2.53069,48.859589],[2.53071,48.859447],[2.53085,48.858887],[2.53089,48.858692],[2.531039,48.858059],[2.53108,48.857746],[2.531092,48.857571],[2.531039,48.85746],[2.531022,48.857372],[2.530962,48.857243],[2.530907,48.85717],[2.530662,48.85696],[2.53028,48.856808]]],"type":"MultiLineString"},"properties":{"route_id":"IDFM:C01274","route_short_name":"303","route_long_name":"303","route_type":"Bus","route_color":"6E6E00","route_url":null,"id_ilico":"C01274","operatorname":"RATP Cap Boucles de Marne","networkname":"Bord de Marne","id_bus_contrat":45,"url":"https:\/\/ilico.iledefrance-mobilites.fr\/uploads\/plans\/20260403T152754Z-e384d780-e26e-4bdb-a3e4-a6d68389a6d8.pdf","type":"HORAIRE|PLAN","long_name_first":"3","geo_point_2d":{"lon":2.517504139416696,"lat":48.873981775416915}}},{"type":"Feature","geometry":{"coordinates":[[[2.487793,48.853661],[2.487835,48.853703],[2.487854,48.853756],[2.487861,48.853828],[2.487878,48.853882],[2.487899,48.853916],[2.487938,48.853943],[2.488043,48.853981],[2.488131,48.854004],[2.488211,48.854023],[2.488387,48.85405],[2.488479,48.854076],[2.488482,48.854156],[2.488322,48.854675],[2.488266,48.85482],[2.488188,48.855072],[2.488136,48.855129],[2.488079,48.855167],[2.488029,48.855186],[2.487911,48.855221],[2.487846,48.855232],[2.486755,48.855255],[2.486755,48.855255],[2.486579,48.855259],[2.486369,48.855316],[2.486371,48.855339],[2.486362,48.855362],[2.486345,48.855381],[2.48632,48.8554],[2.486255,48.855415],[2.486212,48.855412],[2.486173,48.855396],[2.486143,48.855377],[2.486126,48.85535],[2.486124,48.855324],[2.485785,48.85527],[2.482167,48.855331],[2.48216,48.855373],[2.482138,48.855412],[2.482102,48.855446],[2.482054,48.855473],[2.481948,48.855652],[2.481915,48.855732],[2.48192,48.855766],[2.48192,48.855766],[2.481948,48.856655],[2.481927,48.856987],[2.48191,48.857086],[2.481821,48.857384],[2.481598,48.857765],[2.481228,48.858372],[2.480847,48.858334],[2.480847,48.858334],[2.480524,48.858307],[2.480332,48.85828],[2.480301,48.858376],[2.480284,48.85849],[2.480323,48.858788],[2.480361,48.858921],[2.480555,48.859371],[2.480539,48.859661],[2.480495,48.859768],[2.480645,48.859886],[2.480757,48.860001],[2.480757,48.860001],[2.480814,48.860058],[2.480896,48.860161],[2.481014,48.860336],[2.481435,48.861179],[2.481491,48.86124],[2.481736,48.861336],[2.481797,48.861324],[2.481862,48.86132],[2.481924,48.861332],[2.481986,48.861359],[2.48203,48.861401],[2.482052,48.861446],[2.482047,48.861496],[2.482018,48.861542],[2.481972,48.861576],[2.481914,48.861595],[2.481848,48.861607],[2.481781,48.861603],[2.481758,48.861713],[2.481758,48.861752],[2.481785,48.861866],[2.481978,48.862267],[2.481978,48.862267],[2.482129,48.862587],[2.482252,48.862816],[2.482413,48.863155],[2.482612,48.863514],[2.482666,48.863632],[2.482012,48.863735],[2.481446,48.863873],[2.481247,48.863899],[2.481057,48.863884],[2.480947,48.863895],[2.480873,48.863911],[2.480796,48.863941],[2.480662,48.864029],[2.479817,48.86422],[2.479637,48.864285],[2.479393,48.864342],[2.479318,48.864357],[2.479235,48.864357],[2.479171,48.864372],[2.479111,48.864407],[2.478985,48.864437],[2.478655,48.864502],[2.478488,48.864521],[2.478256,48.864574],[2.478256,48.864574],[2.47806,48.86462],[2.477932,48.864666],[2.477123,48.864845],[2.476971,48.864876],[2.477099,48.865292],[2.477365,48.866005],[2.477412,48.866062],[2.477506,48.866325],[2.477531,48.866421],[2.477396,48.866421],[2.477186,48.866467],[2.477186,48.866467],[2.474958,48.866928],[2.474859,48.866959],[2.474781,48.867031],[2.474747,48.867081],[2.474727,48.867149],[2.474767,48.867191],[2.474797,48.86726],[2.474797,48.86726],[2.474794,48.86729],[2.474765,48.86734],[2.474723,48.867374],[2.474654,48.867401],[2.474585,48.867405],[2.474504,48.867397],[2.474084,48.867332],[2.472215,48.867466],[2.470667,48.86771],[2.470475,48.867783],[2.470296,48.867809],[2.470662,48.868912],[2.470662,48.868912],[2.471028,48.870098],[2.471035,48.870293],[2.470891,48.871025],[2.470854,48.871155],[2.470115,48.871052],[2.470115,48.871052],[2.469585,48.871006],[2.469243,48.870949],[2.468994,48.870876],[2.468431,48.870789],[2.467994,48.870701],[2.466643,48.870319],[2.466532,48.870277],[2.466509,48.870304],[2.466475,48.870323],[2.466434,48.870335],[2.46639,48.870335],[2.466347,48.870327],[2.466309,48.870312],[2.466282,48.870289],[2.466269,48.870258],[2.46627,48.870228],[2.466286,48.870201],[2.46545,48.869972],[2.46545,48.869972],[2.464949,48.869835],[2.463366,48.869377],[2.463015,48.869293],[2.462582,48.869171],[2.462404,48.869087],[2.462365,48.869087],[2.462295,48.869064],[2.462271,48.869045],[2.462257,48.869022],[2.462073,48.868992],[2.461905,48.868954],[2.461112,48.868687],[2.460643,48.868534],[2.460643,48.868534],[2.460006,48.86834],[2.459579,48.868198],[2.457877,48.867607],[2.457705,48.867508],[2.457577,48.867455],[2.45697,48.867287],[2.456737,48.867184],[2.456737,48.867184],[2.456498,48.867081],[2.45582,48.86676],[2.455232,48.86639],[2.454856,48.866081],[2.454433,48.865704],[2.453866,48.865181],[2.453639,48.865013],[2.453287,48.864799],[2.452847,48.864571],[2.452847,48.864571],[2.452121,48.864178],[2.45194,48.864101],[2.451764,48.86404],[2.450177,48.863632],[2.449495,48.863422],[2.449098,48.86327],[2.449098,48.86327],[2.448995,48.863224],[2.448945,48.863194],[2.44881,48.863094],[2.448316,48.86277],[2.448106,48.862644],[2.44734,48.86224],[2.447011,48.862076],[2.44656,48.861832],[2.445191,48.861149],[2.444849,48.861012],[2.444576,48.860928],[2.444049,48.86079],[2.444049,48.86079],[2.443847,48.860737],[2.443491,48.860619],[2.443482,48.860699],[2.443614,48.86174],[2.443667,48.862228],[2.443716,48.862347],[2.443638,48.862377],[2.443544,48.862396],[2.441619,48.862648],[2.441475,48.862141],[2.441418,48.862053],[2.4412,48.861881],[2.440893,48.861622],[2.440893,48.861622],[2.43972,48.86063],[2.439647,48.860592],[2.439351,48.860352],[2.439312,48.860287],[2.438912,48.859951],[2.438912,48.859951],[2.438337,48.859467],[2.438259,48.859413],[2.438133,48.859356],[2.437189,48.858547],[2.437189,48.858547],[2.436956,48.858345],[2.436928,48.858227],[2.43693,48.858185],[2.436968,48.858097],[2.436757,48.858116],[2.436665,48.858139],[2.436298,48.858097],[2.435801,48.858017],[2.435703,48.857983],[2.435673,48.858097],[2.435649,48.858135],[2.43562,48.858166],[2.43558,48.858189],[2.435383,48.858227],[2.434083,48.858376],[2.434083,48.858376],[2.433808,48.858398],[2.432882,48.858456],[2.430598,48.858559],[2.42792,48.858658],[2.42792,48.858658],[2.427546,48.858673],[2.427385,48.858696],[2.423706,48.859615],[2.422927,48.859791],[2.422927,48.859791],[2.419932,48.860535],[2.419932,48.860535],[2.418645,48.860855],[2.418585,48.860882],[2.416813,48.861916],[2.416497,48.862106],[2.416386,48.862213],[2.416168,48.862343],[2.415966,48.862457],[2.415804,48.862514],[2.415583,48.862644],[2.415583,48.862644],[2.415387,48.862759],[2.415317,48.862843],[2.415009,48.863079],[2.413886,48.863747],[2.413842,48.863781],[2.413804,48.863838],[2.413776,48.863972],[2.41371,48.86496],[2.413735,48.865101],[2.413729,48.865826],[2.413805,48.866051],[2.413727,48.866894],[2.413632,48.866966],[2.413563,48.866993],[2.413466,48.866997],[2.413356,48.866978],[2.413229,48.866936],[2.412636,48.866447],[2.412457,48.866421],[2.411836,48.865784],[2.411453,48.865349],[2.411239,48.865143],[2.411189,48.865112],[2.409443,48.864719],[2.409443,48.864719],[2.408936,48.864609],[2.408872,48.864651],[2.408782,48.86467],[2.408724,48.86467],[2.408636,48.864655],[2.408598,48.864643],[2.408538,48.864609],[2.4085,48.864563],[2.408274,48.86454],[2.408123,48.86454],[2.404659,48.864674],[2.404158,48.864689],[2.403553,48.864716],[2.403553,48.864716],[2.402717,48.864754],[2.400897,48.864822],[2.400897,48.864822],[2.39887,48.864906],[2.398657,48.864933],[2.398638,48.864964],[2.398607,48.864986],[2.398567,48.865005],[2.398516,48.865017],[2.398463,48.865017],[2.398409,48.865002],[2.39837,48.864983],[2.398339,48.864956],[2.398321,48.864925],[2.39832,48.864887],[2.398083,48.864929],[2.397612,48.864941],[2.397612,48.864941],[2.396122,48.86499],[2.395802,48.864994],[2.395658,48.864986],[2.395547,48.864967],[2.395319,48.864891],[2.3949,48.864784],[2.3949,48.864784],[2.392465,48.864166],[2.392465,48.864166],[2.389031,48.863285],[2.388583,48.863174],[2.388302,48.863121],[2.388302,48.863121],[2.387903,48.863037],[2.387477,48.862972],[2.38704,48.862885],[2.387022,48.862835],[2.387,48.862804],[2.386979,48.862789],[2.386838,48.862736],[2.385955,48.862492],[2.385221,48.862301],[2.385386,48.861973],[2.385386,48.861973],[2.386513,48.859947],[2.386513,48.859947],[2.386846,48.859348],[2.386732,48.859337],[2.384984,48.858879],[2.384984,48.858879],[2.384633,48.858784],[2.381565,48.85799],[2.381168,48.857891],[2.380835,48.857822],[2.380835,48.857822],[2.380648,48.857792],[2.380528,48.857815],[2.380508,48.857861],[2.380468,48.857903],[2.380377,48.857944],[2.380304,48.85796],[2.38023,48.857956],[2.380162,48.857937],[2.380103,48.85791],[2.380061,48.857868],[2.380047,48.857845],[2.380034,48.857796],[2.380048,48.857742],[2.380064,48.857719],[2.380113,48.857677],[2.379754,48.857533],[2.379677,48.857418],[2.379553,48.857189],[2.378932,48.856121],[2.378932,48.856121],[2.378706,48.855705],[2.378491,48.855358],[2.377855,48.854248],[2.377111,48.852974],[2.377111,48.852974],[2.376144,48.851307],[2.376049,48.851181],[2.375964,48.851128],[2.375769,48.85096],[2.375769,48.85096],[2.375665,48.85088],[2.37541,48.850616],[2.374411,48.849709],[2.374287,48.849613],[2.372887,48.848827],[2.372887,48.848827],[2.371446,48.848],[2.371587,48.847599],[2.371965,48.846745],[2.372001,48.846645],[2.372313,48.845955],[2.372327,48.845913],[2.372308,48.845814],[2.372289,48.845779],[2.372252,48.845737],[2.372226,48.845718],[2.372172,48.845703],[2.371492,48.845631],[2.371492,48.845631],[2.37138,48.845612],[2.371203,48.845566],[2.371042,48.845493],[2.371132,48.845406],[2.37129,48.845284],[2.371535,48.845135],[2.372231,48.844498],[2.372447,48.84433],[2.373236,48.843853],[2.374066,48.843353],[2.374275,48.843235]],[[2.487821,48.853485],[2.487317,48.853195],[2.486919,48.852985],[2.486259,48.852608],[2.486156,48.852676],[2.486044,48.852715],[2.485921,48.85273],[2.485781,48.852718],[2.485669,48.852688],[2.48562,48.852661],[2.48555,48.852615],[2.485499,48.852558],[2.485475,48.852512],[2.485464,48.852463],[2.485465,48.852409],[2.485482,48.85236],[2.485538,48.85228],[2.485578,48.852245],[2.485649,48.852207],[2.485732,48.852177],[2.485822,48.852158],[2.485916,48.852154],[2.48601,48.852161],[2.486097,48.852184],[2.486176,48.852219],[2.486242,48.852264],[2.486292,48.852314],[2.486327,48.852375],[2.486618,48.852402],[2.488948,48.85236],[2.489368,48.852371],[2.489751,48.852432],[2.489751,48.852432],[2.490262,48.852512],[2.490351,48.85252],[2.490534,48.852505],[2.490623,48.852486],[2.490691,48.852489],[2.491095,48.85218],[2.491629,48.851841],[2.49227,48.851467],[2.492969,48.85104],[2.493159,48.850952],[2.493478,48.850769],[2.49355,48.850666],[2.493611,48.850628],[2.493824,48.85051],[2.494528,48.850098],[2.494571,48.850067],[2.495438,48.849537],[2.495652,48.849388],[2.495818,48.849243],[2.495939,48.849117],[2.496271,48.849239],[2.49761,48.849514],[2.498442,48.849705],[2.499526,48.84993],[2.499526,48.84993],[2.50381,48.850807],[2.504716,48.850975],[2.505128,48.851078],[2.505128,48.851078],[2.506133,48.851292],[2.507992,48.851665],[2.507992,48.851665],[2.511389,48.852364],[2.511572,48.852406],[2.512017,48.852478],[2.51238,48.852551],[2.513258,48.852737],[2.513558,48.852791],[2.514087,48.852905],[2.514172,48.852879],[2.514413,48.852928],[2.514413,48.852928],[2.516924,48.853455],[2.516924,48.853455],[2.517037,48.853477],[2.517136,48.853542],[2.519008,48.853916],[2.519417,48.853989],[2.520495,48.854202],[2.521014,48.854321],[2.521014,48.854321],[2.521589,48.854454],[2.52204,48.854546],[2.522716,48.854675],[2.524709,48.855083],[2.524709,48.855083],[2.525993,48.855358],[2.526706,48.855518],[2.526871,48.855556],[2.527217,48.855659],[2.527217,48.855659],[2.527832,48.855843],[2.530612,48.856827],[2.530803,48.856812],[2.531148,48.85675],[2.531148,48.85675],[2.531334,48.85672],[2.53144,48.856369],[2.531552,48.855865],[2.53183,48.855057],[2.531893,48.854897],[2.532173,48.854385],[2.532483,48.853947],[2.532914,48.85323],[2.53377,48.851776],[2.533854,48.851646],[2.53398,48.851505],[2.53412,48.851379],[2.534996,48.850758],[2.535178,48.850639],[2.535178,48.850639],[2.53816,48.848587],[2.538889,48.848076],[2.539538,48.847645],[2.539825,48.847473],[2.539825,48.847473],[2.539989,48.847401],[2.540167,48.847336],[2.540265,48.847061],[2.540334,48.846989],[2.540375,48.846874],[2.540532,48.846317],[2.541132,48.845154],[2.541164,48.84502],[2.541243,48.844891],[2.541314,48.84481],[2.541405,48.844723],[2.541529,48.844643],[2.54165,48.844589],[2.543319,48.843536],[2.543492,48.843414],[2.54359,48.8433],[2.543633,48.843193],[2.543634,48.843136],[2.543655,48.843082],[2.543715,48.843021],[2.543802,48.842972],[2.543907,48.842949],[2.544013,48.842945],[2.544114,48.842964],[2.544201,48.843006],[2.544266,48.84306],[2.544398,48.843102],[2.545649,48.843124],[2.54785,48.843136],[2.547911,48.84309],[2.547989,48.84306],[2.548078,48.843048],[2.548167,48.843056],[2.548371,48.84285],[2.548864,48.842289],[2.55007,48.840977],[2.550204,48.840824],[2.550458,48.84045],[2.550458,48.840401],[2.550479,48.840351],[2.550525,48.840305],[2.550592,48.840275],[2.550682,48.840252],[2.550793,48.84026],[2.550857,48.840279],[2.55091,48.840309],[2.550949,48.840347],[2.550972,48.840393],[2.550974,48.840443],[2.550956,48.840488],[2.550928,48.840523],[2.550889,48.840553],[2.550813,48.840584],[2.550829,48.840668],[2.550922,48.840836],[2.550937,48.840858],[2.550997,48.840904],[2.551032,48.840912],[2.551611,48.840916],[2.552298,48.840851],[2.552298,48.840851],[2.553179,48.840858],[2.553197,48.840855],[2.553229,48.840836],[2.553241,48.840633],[2.551105,48.840626],[2.550889,48.840553],[2.550813,48.840584],[2.550738,48.840595],[2.549949,48.841438],[2.54958,48.841846],[2.549103,48.842403],[2.548609,48.842949],[2.548369,48.843182],[2.548383,48.843246],[2.548362,48.843311],[2.548309,48.843369],[2.54823,48.843407],[2.548134,48.84343],[2.548161,48.843525],[2.549074,48.8447],[2.549074,48.8447],[2.54924,48.844891],[2.549319,48.844994],[2.549419,48.845249],[2.54946,48.845387],[2.549466,48.845432],[2.549464,48.845535],[2.549438,48.845695],[2.550529,48.845905],[2.552331,48.846203],[2.552331,48.846203],[2.552441,48.846214],[2.552678,48.84623],[2.553165,48.846283],[2.553072,48.846668],[2.552775,48.84779],[2.552666,48.848263],[2.552548,48.848732],[2.55251,48.848816],[2.553488,48.848888],[2.554209,48.848854],[2.555553,48.848808],[2.555553,48.848808],[2.556864,48.848766],[2.557682,48.848846],[2.557902,48.848846],[2.557997,48.848858],[2.557991,48.848839],[2.558003,48.848804],[2.558025,48.848785],[2.558054,48.848774],[2.558123,48.84877],[2.558176,48.848789],[2.558203,48.848824],[2.558203,48.848846],[2.558194,48.848866],[2.558176,48.848885],[2.558229,48.848907],[2.558676,48.848965],[2.558676,48.848965],[2.56072,48.849209],[2.560773,48.849197],[2.560937,48.849232],[2.561175,48.849247],[2.561428,48.849277],[2.56165,48.849331],[2.56195,48.849346],[2.562299,48.849346],[2.564378,48.849319],[2.564378,48.849319],[2.565109,48.849316],[2.566108,48.849373],[2.566561,48.849392],[2.56678,48.849426],[2.56697,48.849472],[2.567,48.849499],[2.567004,48.849529],[2.566992,48.84956],[2.566914,48.849678],[2.566874,48.849716],[2.56682,48.849743],[2.566939,48.849777],[2.569212,48.850334],[2.569341,48.850376],[2.569724,48.850529],[2.570108,48.850723],[2.570788,48.85117],[2.571386,48.851536],[2.57254,48.852177],[2.573027,48.852486],[2.57319,48.852596],[2.573389,48.852776],[2.573494,48.852894],[2.573765,48.853268],[2.573765,48.853268],[2.573927,48.853523],[2.574075,48.853714],[2.574541,48.854252],[2.574921,48.854622],[2.575199,48.854877],[2.575498,48.855125],[2.576768,48.856041],[2.576954,48.856163],[2.576954,48.856163],[2.577611,48.856606],[2.577739,48.856686],[2.580059,48.85796],[2.58138,48.85854],[2.58138,48.85854],[2.581594,48.858631],[2.582908,48.855675],[2.582909,48.855568],[2.582896,48.855522],[2.582856,48.855495],[2.582828,48.855465],[2.582812,48.855431],[2.582811,48.855381],[2.582835,48.855335],[2.582867,48.855305],[2.582948,48.855267],[2.583029,48.855259],[2.583102,48.855267],[2.583168,48.855289],[2.58321,48.855316],[2.583238,48.85535],[2.583252,48.855389],[2.583251,48.855427],[2.583854,48.855484],[2.583854,48.855484],[2.589967,48.856064],[2.589998,48.856014],[2.590065,48.855976],[2.590125,48.855965],[2.590188,48.855965],[2.590238,48.85598],[2.59028,48.855999],[2.59031,48.85603],[2.590676,48.855915],[2.590676,48.855915],[2.591574,48.855633],[2.592155,48.855507],[2.593179,48.855339],[2.594007,48.855209],[2.594007,48.855209],[2.595303,48.855007],[2.595605,48.854843],[2.59568,48.85482],[2.595748,48.854805],[2.595771,48.854782],[2.595803,48.854763],[2.595843,48.854752],[2.595886,48.854752],[2.595927,48.854763],[2.59596,48.854778],[2.595984,48.854801],[2.596111,48.854828],[2.596175,48.854832],[2.596319,48.854824],[2.596562,48.854794],[2.596743,48.854748],[2.596852,48.854706],[2.597056,48.854599],[2.597177,48.854549],[2.597323,48.854462],[2.597323,48.854462],[2.599403,48.85326],[2.59955,48.853165],[2.599644,48.853092],[2.599836,48.852909],[2.599902,48.852833],[2.600006,48.852688],[2.600075,48.852558],[2.600159,48.852318],[2.600199,48.852169],[2.601571,48.852329],[2.601571,48.852329],[2.6022,48.852322],[2.602836,48.852306],[2.603565,48.852337],[2.609394,48.852528],[2.609394,48.852528],[2.611617,48.852604],[2.612631,48.852631],[2.613645,48.852642],[2.613791,48.852631],[2.613789,48.852604],[2.613801,48.852577],[2.613826,48.852551],[2.613904,48.852524],[2.61398,48.852535],[2.614014,48.852547],[2.614039,48.85257],[2.614203,48.852581],[2.614361,48.852562],[2.617542,48.851986],[2.617812,48.851967],[2.618974,48.851753],[2.61916,48.851685],[2.620532,48.851433],[2.620723,48.851372],[2.620759,48.851315],[2.620814,48.851265],[2.620888,48.851219],[2.620997,48.851192],[2.621119,48.851185],[2.621238,48.851204],[2.621321,48.851234],[2.621631,48.851318],[2.621774,48.851341],[2.622,48.851322],[2.622131,48.851341],[2.62319,48.851238],[2.62319,48.851238],[2.626285,48.850937],[2.626285,48.850937],[2.626919,48.850891],[2.628942,48.850693],[2.629076,48.850643],[2.629206,48.850578],[2.629216,48.85054],[2.629242,48.850513],[2.62928,48.850494],[2.629325,48.850487],[2.629377,48.850487],[2.629432,48.850506],[2.629454,48.850521],[2.62971,48.850582],[2.629848,48.850601],[2.63013,48.850574],[2.63013,48.850574],[2.634757,48.850136],[2.634757,48.850136],[2.635604,48.850048],[2.635801,48.850018],[2.636354,48.849964],[2.636784,48.849922],[2.636903,48.849926],[2.637368,48.84988],[2.637368,48.84988],[2.638104,48.849804],[2.638364,48.84977],[2.640887,48.849522],[2.641225,48.849503],[2.641684,48.849461],[2.641684,48.849461],[2.641952,48.849445],[2.642197,48.849445],[2.642484,48.849464],[2.642868,48.849503],[2.64764,48.85025],[2.64764,48.85025],[2.649368,48.850525],[2.649604,48.850574],[2.650479,48.850719],[2.650769,48.850746],[2.650918,48.850742],[2.651724,48.850777],[2.651724,48.850777],[2.652632,48.850822],[2.652761,48.850822],[2.652904,48.850811],[2.653142,48.850765],[2.653288,48.85078],[2.653459,48.850842],[2.653518,48.850861],[2.653575,48.850864],[2.654711,48.85091],[2.654874,48.850906],[2.656248,48.850819],[2.657519,48.850689],[2.657519,48.850689],[2.657756,48.850662],[2.657981,48.850605],[2.657927,48.850483],[2.657852,48.850342],[2.65738,48.849316],[2.657248,48.849068],[2.657013,48.848763],[2.656856,48.848618],[2.656782,48.848564],[2.656782,48.848564],[2.656678,48.848492],[2.656501,48.848392],[2.656218,48.848263],[2.655915,48.848148],[2.65571,48.848091],[2.655349,48.848019],[2.652678,48.847576],[2.652474,48.847569],[2.651825,48.847454],[2.652378,48.846745],[2.652378,48.846745],[2.653841,48.844864],[2.653841,48.844864],[2.654229,48.844372],[2.654564,48.843918],[2.654762,48.843678],[2.654997,48.843414],[2.655408,48.84304],[2.655408,48.84304],[2.655609,48.842823],[2.655669,48.842724],[2.655646,48.84269],[2.655639,48.842651],[2.655646,48.842613],[2.655667,48.842579],[2.6557,48.842548],[2.655744,48.842525],[2.655794,48.84251],[2.65589,48.842506],[2.656167,48.842396],[2.657472,48.841267],[2.657742,48.841061],[2.657895,48.84095],[2.657985,48.840858],[2.65797,48.840786],[2.657976,48.840744],[2.657991,48.840702],[2.658015,48.840664],[2.658049,48.840626],[2.658152,48.840561],[2.658156,48.840488],[2.658144,48.840385],[2.658052,48.840057],[2.658024,48.839928],[2.658035,48.839832],[2.658021,48.839775],[2.657997,48.839741],[2.657902,48.839699],[2.657843,48.839653],[2.6578,48.839603],[2.657517,48.839363],[2.657517,48.839363],[2.657434,48.839283],[2.657217,48.839108],[2.657105,48.838989],[2.656438,48.838387],[2.656262,48.838253],[2.656092,48.838329],[2.654816,48.838974]],[[2.373389,48.845844],[2.373691,48.845879],[2.373856,48.845909],[2.373881,48.845932],[2.373885,48.845978],[2.373843,48.847839],[2.37387,48.847878],[2.373984,48.847988],[2.373032,48.84845],[2.373032,48.84845],[2.372595,48.84866],[2.374287,48.849613],[2.374411,48.849709],[2.37541,48.850616],[2.375561,48.850677],[2.375703,48.850704],[2.375786,48.850758],[2.375838,48.850815],[2.376032,48.851105],[2.376049,48.851181],[2.376144,48.851307],[2.376421,48.851791],[2.376421,48.851791],[2.377111,48.852974],[2.377111,48.852974],[2.377855,48.854248],[2.378491,48.855358],[2.378491,48.855358],[2.378706,48.855705],[2.378932,48.856121],[2.379553,48.857189],[2.379677,48.857418],[2.379754,48.857533],[2.380113,48.857677],[2.380206,48.857639],[2.38026,48.857632],[2.380366,48.857643],[2.380418,48.857658],[2.38046,48.857685],[2.380508,48.857727],[2.380529,48.857784],[2.380528,48.857815],[2.380648,48.857792],[2.380971,48.857849],[2.380971,48.857849],[2.381168,48.857891],[2.38219,48.85815],[2.384633,48.858784],[2.384891,48.858856],[2.384891,48.858856],[2.386732,48.859337],[2.386954,48.85936],[2.388327,48.859726],[2.389005,48.85989],[2.388828,48.860245],[2.388828,48.860245],[2.388448,48.861019],[2.387785,48.8624],[2.387785,48.8624],[2.387659,48.862663],[2.387553,48.862858],[2.387903,48.863037],[2.388583,48.863174],[2.389031,48.863285],[2.391993,48.864044],[2.391993,48.864044],[2.395319,48.864891],[2.395319,48.864891],[2.395547,48.864967],[2.395658,48.864986],[2.395802,48.864994],[2.396122,48.86499],[2.397612,48.864941],[2.397612,48.864941],[2.398083,48.864929],[2.39832,48.864887],[2.398333,48.864857],[2.398358,48.86483],[2.398393,48.864811],[2.398437,48.864796],[2.398532,48.864792],[2.398608,48.864819],[2.39865,48.864857],[2.398664,48.864902],[2.398657,48.864933],[2.398638,48.864964],[2.398607,48.864986],[2.398567,48.865005],[2.398728,48.8652],[2.398913,48.865391],[2.399203,48.865723],[2.399626,48.866234],[2.399963,48.866596],[2.400437,48.867168],[2.401421,48.868305],[2.401498,48.868233],[2.401676,48.868011],[2.40199,48.867596],[2.40199,48.867596],[2.402253,48.867249],[2.403193,48.865974],[2.404158,48.864689],[2.404234,48.864601],[2.404289,48.864525],[2.404333,48.864437],[2.404346,48.864365],[2.4043,48.864311],[2.404276,48.864258],[2.404276,48.864258],[2.404136,48.863907],[2.403989,48.863564],[2.403982,48.863529],[2.403997,48.863487],[2.404113,48.863369],[2.404214,48.863277],[2.404541,48.863022],[2.404976,48.862801],[2.40538,48.862659],[2.405956,48.862484],[2.40633,48.86235],[2.406627,48.862652],[2.406627,48.862652],[2.407686,48.863739],[2.408137,48.864227],[2.408186,48.864262],[2.408342,48.864292],[2.408583,48.864365],[2.408656,48.864342],[2.4087,48.864334],[2.408753,48.86433],[2.408834,48.864342],[2.408896,48.864365],[2.408938,48.864391],[2.408978,48.864437],[2.408997,48.864475],[2.409519,48.864594],[2.409519,48.864594],[2.411307,48.86499],[2.411553,48.864979],[2.411667,48.864937],[2.411904,48.864838],[2.411904,48.864838],[2.412104,48.864758],[2.412284,48.864674],[2.412587,48.864449],[2.413232,48.864037],[2.414261,48.863407],[2.415262,48.862804],[2.415387,48.862759],[2.415804,48.862514],[2.415888,48.862427],[2.416272,48.862198],[2.416497,48.862106],[2.416813,48.861916],[2.416813,48.861916],[2.418585,48.860882],[2.418645,48.860855],[2.420789,48.860321],[2.420789,48.860321],[2.422927,48.859791],[2.423706,48.859615],[2.424243,48.859478],[2.424243,48.859478],[2.427385,48.858696],[2.427546,48.858673],[2.42792,48.858658],[2.42792,48.858658],[2.430598,48.858559],[2.432882,48.858456],[2.432882,48.858456],[2.433808,48.858398],[2.434083,48.858376],[2.435383,48.858227],[2.43558,48.858189],[2.43562,48.858166],[2.435649,48.858135],[2.435673,48.858097],[2.435703,48.857983],[2.435796,48.857979],[2.436436,48.858078],[2.436757,48.858116],[2.436968,48.858097],[2.437001,48.858269],[2.437036,48.858345],[2.437402,48.858673],[2.437402,48.858673],[2.438189,48.859329],[2.438259,48.859413],[2.438337,48.859467],[2.439312,48.860287],[2.439402,48.860336],[2.439684,48.860573],[2.43972,48.86063],[2.440038,48.860901],[2.440038,48.860901],[2.4412,48.861881],[2.441418,48.862053],[2.441475,48.862141],[2.441619,48.862648],[2.442775,48.862495],[2.442775,48.862495],[2.443544,48.862396],[2.443638,48.862377],[2.443716,48.862347],[2.44386,48.862312],[2.446011,48.861931],[2.446364,48.861877],[2.44656,48.861832],[2.447011,48.862076],[2.44734,48.86224],[2.448106,48.862644],[2.448316,48.86277],[2.448995,48.863224],[2.449495,48.863422],[2.450177,48.863632],[2.450177,48.863632],[2.451764,48.86404],[2.45194,48.864101],[2.452121,48.864178],[2.453287,48.864799],[2.453639,48.865013],[2.453866,48.865181],[2.453866,48.865181],[2.454433,48.865704],[2.454856,48.866081],[2.455232,48.86639],[2.45582,48.86676],[2.456498,48.867081],[2.45697,48.867287],[2.457577,48.867455],[2.457705,48.867508],[2.457981,48.867577],[2.458111,48.867649],[2.458111,48.867649],[2.458219,48.867722],[2.459579,48.868198],[2.460006,48.86834],[2.461112,48.868687],[2.461792,48.868916],[2.461792,48.868916],[2.461905,48.868954],[2.462073,48.868992],[2.462274,48.868961],[2.462302,48.868938],[2.462339,48.868927],[2.462381,48.868919],[2.462422,48.868927],[2.46246,48.868938],[2.462488,48.868958],[2.462505,48.868984],[2.462508,48.869011],[2.462498,48.869038],[2.462537,48.869114],[2.462582,48.869171],[2.463015,48.869293],[2.463366,48.869377],[2.464949,48.869835],[2.46545,48.869972],[2.46545,48.869972],[2.466286,48.870201],[2.466315,48.870178],[2.466353,48.870163],[2.466397,48.870155],[2.466442,48.870159],[2.466483,48.870174],[2.466515,48.870193],[2.466535,48.87022],[2.466541,48.870251],[2.466532,48.870277],[2.466643,48.870319],[2.467994,48.870701],[2.468431,48.870789],[2.468994,48.870876],[2.469243,48.870949],[2.469585,48.871006],[2.470115,48.871052],[2.470115,48.871052],[2.470854,48.871155],[2.470891,48.871025],[2.470971,48.870625],[2.471035,48.870293],[2.471035,48.870216],[2.471028,48.870098],[2.470757,48.869228],[2.470757,48.869228],[2.470715,48.869072],[2.470296,48.867809],[2.470475,48.867783],[2.470667,48.86771],[2.472215,48.867466],[2.474084,48.867332],[2.474241,48.867302],[2.474365,48.867218],[2.47439,48.86718],[2.47444,48.867134],[2.474498,48.867107],[2.474543,48.867069],[2.474543,48.867069],[2.474612,48.867023],[2.474741,48.866974],[2.474859,48.866959],[2.474958,48.866928],[2.477396,48.866421],[2.477531,48.866421],[2.477506,48.866325],[2.477433,48.866119],[2.477433,48.866119],[2.477412,48.866062],[2.477365,48.866005],[2.477099,48.865292],[2.476937,48.864773],[2.47792,48.864555],[2.478085,48.864544],[2.478506,48.864445],[2.478629,48.864399],[2.478845,48.864349],[2.478845,48.864349],[2.479611,48.86417],[2.47975,48.86417],[2.480796,48.863941],[2.480873,48.863911],[2.480947,48.863895],[2.481057,48.863884],[2.481247,48.863899],[2.481446,48.863873],[2.482012,48.863735],[2.482164,48.863617],[2.482333,48.863571],[2.482612,48.863514],[2.482413,48.863155],[2.482252,48.862816],[2.482252,48.862816],[2.482129,48.862587],[2.481785,48.861866],[2.481758,48.861752],[2.481758,48.861713],[2.481781,48.861603],[2.481707,48.86158],[2.481651,48.861538],[2.481621,48.861488],[2.481635,48.861408],[2.481435,48.861179],[2.481303,48.86092],[2.481303,48.86092],[2.481014,48.860336],[2.480896,48.860161],[2.480814,48.860058],[2.480645,48.859886],[2.480495,48.859768],[2.480376,48.859699],[2.480455,48.859634],[2.480485,48.859539],[2.480474,48.859486],[2.480435,48.859379],[2.480236,48.858906],[2.480154,48.858494],[2.480139,48.858269],[2.480332,48.85828],[2.480524,48.858307],[2.481228,48.858372],[2.481516,48.857899],[2.481516,48.857899],[2.481821,48.857384],[2.48191,48.857086],[2.481927,48.856987],[2.481948,48.856655],[2.48192,48.855766],[2.48192,48.855766],[2.481915,48.855732],[2.481767,48.85548],[2.481717,48.855453],[2.481678,48.855419],[2.481652,48.855381],[2.481642,48.855339],[2.481648,48.855297],[2.481669,48.855255],[2.481704,48.855221],[2.481752,48.855194],[2.481856,48.855164],[2.481912,48.85516],[2.482021,48.855179],[2.482069,48.855198],[2.482121,48.855236],[2.482154,48.855282],[2.482167,48.855331],[2.485785,48.85527],[2.485785,48.85527],[2.486124,48.855324],[2.486143,48.855289],[2.486161,48.855274],[2.486236,48.855251],[2.486281,48.855255],[2.486322,48.855267],[2.486352,48.855289],[2.486369,48.855316],[2.486579,48.855259],[2.487846,48.855232],[2.487911,48.855221],[2.488029,48.855186],[2.488079,48.855167],[2.488136,48.855129],[2.488188,48.855072],[2.488266,48.85482],[2.488322,48.854675],[2.488482,48.854156],[2.488479,48.854076],[2.488548,48.853821],[2.488544,48.853745],[2.488498,48.853683],[2.488458,48.853645],[2.488401,48.853619],[2.48833,48.8536],[2.488237,48.853592],[2.488013,48.853577],[2.487953,48.853554],[2.487821,48.853485],[2.487821,48.853485],[2.487317,48.853195],[2.486919,48.852985],[2.486259,48.852608],[2.486156,48.852676],[2.486044,48.852715],[2.485921,48.85273],[2.485781,48.852718],[2.485669,48.852688],[2.48562,48.852661],[2.48555,48.852615],[2.485499,48.852558],[2.485475,48.852512],[2.485464,48.852463],[2.485465,48.852409],[2.485482,48.85236],[2.485538,48.85228],[2.485578,48.852245],[2.485649,48.852207],[2.485732,48.852177],[2.485822,48.852158],[2.485916,48.852154],[2.48601,48.852161],[2.486097,48.852184],[2.486176,48.852219],[2.486242,48.852264],[2.486292,48.852314],[2.486327,48.852375],[2.486618,48.852402],[2.488948,48.85236],[2.489368,48.852371],[2.489751,48.852432],[2.489751,48.852432],[2.490262,48.852512],[2.490351,48.85252],[2.490534,48.852505],[2.490623,48.852486],[2.490691,48.852489],[2.491095,48.85218],[2.491629,48.851841],[2.49227,48.851467],[2.492969,48.85104],[2.493159,48.850952],[2.493478,48.850769],[2.49355,48.850666],[2.493611,48.850628],[2.493824,48.85051],[2.494528,48.850098],[2.494571,48.850067],[2.495438,48.849537],[2.495652,48.849388],[2.495818,48.849243],[2.495939,48.849117],[2.496271,48.849239],[2.49761,48.849514],[2.498442,48.849705],[2.499526,48.84993],[2.499526,48.84993],[2.50381,48.850807],[2.504716,48.850975],[2.505128,48.851078],[2.505128,48.851078],[2.506133,48.851292],[2.507992,48.851665],[2.507992,48.851665],[2.511389,48.852364],[2.511572,48.852406],[2.512017,48.852478],[2.51238,48.852551],[2.513258,48.852737],[2.513558,48.852791],[2.514087,48.852905],[2.514172,48.852879],[2.514413,48.852928],[2.514413,48.852928],[2.516924,48.853455],[2.516924,48.853455],[2.517037,48.853477],[2.517136,48.853542],[2.519008,48.853916],[2.519417,48.853989],[2.520495,48.854202],[2.521014,48.854321],[2.521014,48.854321],[2.521589,48.854454],[2.52204,48.854546],[2.522716,48.854675],[2.524709,48.855083],[2.524709,48.855083],[2.525993,48.855358],[2.526706,48.855518],[2.526871,48.855556],[2.527217,48.855659],[2.527217,48.855659],[2.527832,48.855843],[2.530612,48.856827],[2.530803,48.856812],[2.531148,48.85675],[2.531148,48.85675],[2.531334,48.85672],[2.53144,48.856369],[2.531552,48.855865],[2.53183,48.855057],[2.531893,48.854897],[2.532173,48.854385],[2.532483,48.853947],[2.532914,48.85323],[2.53377,48.851776],[2.533854,48.851646],[2.53398,48.851505],[2.53412,48.851379],[2.534996,48.850758],[2.535178,48.850639],[2.535178,48.850639],[2.53816,48.848587],[2.538889,48.848076],[2.539538,48.847645],[2.539825,48.847473],[2.539825,48.847473],[2.539989,48.847401],[2.540167,48.847336],[2.540265,48.847061],[2.540334,48.846989],[2.540375,48.846874],[2.540532,48.846317],[2.541132,48.845154],[2.541164,48.84502],[2.541243,48.844891],[2.541314,48.84481],[2.541405,48.844723],[2.541529,48.844643],[2.54165,48.844589],[2.543319,48.843536],[2.543492,48.843414],[2.54359,48.8433],[2.543633,48.843193],[2.543634,48.843136],[2.543655,48.843082],[2.543715,48.843021],[2.543802,48.842972],[2.543907,48.842949],[2.544013,48.842945],[2.544114,48.842964],[2.544201,48.843006],[2.544266,48.84306],[2.544398,48.843102],[2.545649,48.843124],[2.54785,48.843136],[2.547911,48.84309],[2.547989,48.84306],[2.548078,48.843048],[2.548167,48.843056],[2.548371,48.84285],[2.548864,48.842289],[2.55007,48.840977],[2.550204,48.840824],[2.550458,48.84045],[2.550458,48.840401],[2.550479,48.840351],[2.550525,48.840305],[2.550592,48.840275],[2.550682,48.840252],[2.550793,48.84026],[2.550857,48.840279],[2.55091,48.840309],[2.550949,48.840347],[2.550972,48.840393],[2.550974,48.840443],[2.550956,48.840488],[2.550928,48.840523],[2.550889,48.840553],[2.550813,48.840584],[2.550829,48.840668],[2.550922,48.840836],[2.550937,48.840858],[2.550997,48.840904],[2.551032,48.840912],[2.551611,48.840916],[2.552298,48.840851],[2.552298,48.840851],[2.553179,48.840858],[2.553197,48.840855],[2.553229,48.840836],[2.553241,48.840633],[2.551105,48.840626],[2.550889,48.840553],[2.550813,48.840584],[2.550738,48.840595],[2.549949,48.841438],[2.54958,48.841846],[2.549103,48.842403],[2.548609,48.842949],[2.548369,48.843182],[2.548383,48.843246],[2.548362,48.843311],[2.548309,48.843369],[2.54823,48.843407],[2.548134,48.84343],[2.548161,48.843525],[2.549074,48.8447],[2.549074,48.8447],[2.54924,48.844891],[2.549319,48.844994],[2.549419,48.845249],[2.54946,48.845387],[2.549466,48.845432],[2.549464,48.845535],[2.549438,48.845695],[2.550529,48.845905],[2.552331,48.846203],[2.552331,48.846203],[2.552441,48.846214],[2.552678,48.84623],[2.553165,48.846283],[2.553072,48.846668],[2.552775,48.84779],[2.552666,48.848263],[2.552548,48.848732],[2.55251,48.848816],[2.553488,48.848888],[2.554209,48.848854],[2.555553,48.848808],[2.555553,48.848808],[2.556864,48.848766],[2.557682,48.848846],[2.557902,48.848846],[2.557997,48.848858],[2.557991,48.848839],[2.558003,48.848804],[2.558025,48.848785],[2.558054,48.848774],[2.558123,48.84877],[2.558176,48.848789],[2.558203,48.848824],[2.558203,48.848846],[2.558194,48.848866],[2.558176,48.848885],[2.558229,48.848907],[2.558676,48.848965],[2.558676,48.848965],[2.56072,48.849209],[2.560773,48.849197],[2.560937,48.849232],[2.561175,48.849247],[2.561428,48.849277],[2.56165,48.849331],[2.56195,48.849346],[2.562299,48.849346],[2.564378,48.849319],[2.564378,48.849319],[2.565109,48.849316],[2.566108,48.849373],[2.566561,48.849392],[2.56678,48.849426],[2.56697,48.849472],[2.567,48.849499],[2.567004,48.849529],[2.566992,48.84956],[2.566914,48.849678],[2.566874,48.849716],[2.56682,48.849743],[2.566939,48.849777],[2.569212,48.850334],[2.569341,48.850376],[2.569724,48.850529],[2.570108,48.850723],[2.570788,48.85117],[2.571386,48.851536],[2.57254,48.852177],[2.573027,48.852486],[2.57319,48.852596],[2.573389,48.852776],[2.573494,48.852894],[2.573765,48.853268],[2.573765,48.853268],[2.573927,48.853523],[2.574075,48.853714],[2.574541,48.854252],[2.574921,48.854622],[2.575199,48.854877],[2.575498,48.855125],[2.576768,48.856041],[2.576954,48.856163],[2.576954,48.856163],[2.577611,48.856606],[2.577739,48.856686],[2.580059,48.85796],[2.58138,48.85854],[2.58138,48.85854],[2.581594,48.858631],[2.582908,48.855675],[2.582909,48.855568],[2.582896,48.855522],[2.582856,48.855495],[2.582828,48.855465],[2.582812,48.855431],[2.582811,48.855381],[2.582835,48.855335],[2.582867,48.855305],[2.582948,48.855267],[2.583029,48.855259],[2.583102,48.855267],[2.583168,48.855289],[2.58321,48.855316],[2.583238,48.85535],[2.583252,48.855389],[2.583251,48.855427],[2.583854,48.855484],[2.583854,48.855484],[2.589967,48.856064],[2.589998,48.856014],[2.590065,48.855976],[2.590125,48.855965],[2.590188,48.855965],[2.590238,48.85598],[2.59028,48.855999],[2.59031,48.85603],[2.590676,48.855915],[2.590676,48.855915],[2.591574,48.855633],[2.592155,48.855507],[2.593179,48.855339],[2.594007,48.855209],[2.594007,48.855209],[2.595303,48.855007],[2.595605,48.854843],[2.59568,48.85482],[2.595748,48.854805],[2.595771,48.854782],[2.595803,48.854763],[2.595843,48.854752],[2.595886,48.854752],[2.595927,48.854763],[2.59596,48.854778],[2.595984,48.854801],[2.596111,48.854828],[2.596175,48.854832],[2.596319,48.854824],[2.596562,48.854794],[2.596743,48.854748],[2.596852,48.854706],[2.597056,48.854599],[2.597177,48.854549],[2.597323,48.854462],[2.597323,48.854462],[2.599403,48.85326],[2.59955,48.853165],[2.599644,48.853092],[2.599836,48.852909],[2.599902,48.852833],[2.600006,48.852688],[2.600075,48.852558],[2.600159,48.852318],[2.600199,48.852169],[2.601571,48.852329],[2.601571,48.852329],[2.6022,48.852322],[2.602836,48.852306],[2.603565,48.852337],[2.609394,48.852528],[2.609394,48.852528],[2.611617,48.852604],[2.612631,48.852631],[2.613645,48.852642],[2.613791,48.852631],[2.613789,48.852604],[2.613801,48.852577],[2.613826,48.852551],[2.613904,48.852524],[2.61398,48.852535],[2.614014,48.852547],[2.614039,48.85257],[2.614203,48.852581],[2.614361,48.852562],[2.617542,48.851986],[2.617812,48.851967],[2.618974,48.851753],[2.61916,48.851685],[2.620532,48.851433],[2.620723,48.851372],[2.620759,48.851315],[2.620814,48.851265],[2.620888,48.851219],[2.620997,48.851192],[2.621119,48.851185],[2.621238,48.851204],[2.621321,48.851234],[2.621631,48.851318],[2.621774,48.851341],[2.622,48.851322],[2.622131,48.851341],[2.62319,48.851238],[2.62319,48.851238],[2.626285,48.850937],[2.626285,48.850937],[2.626919,48.850891],[2.628942,48.850693],[2.629076,48.850643],[2.629206,48.850578],[2.629216,48.85054],[2.629242,48.850513],[2.62928,48.850494],[2.629325,48.850487],[2.629377,48.850487],[2.629432,48.850506],[2.629454,48.850521],[2.62971,48.850582],[2.629848,48.850601],[2.63013,48.850574],[2.63013,48.850574],[2.634757,48.850136],[2.634757,48.850136],[2.635604,48.850048],[2.635801,48.850018],[2.636354,48.849964],[2.636784,48.849922],[2.636903,48.849926],[2.637368,48.84988],[2.637368,48.84988],[2.638104,48.849804],[2.638364,48.84977],[2.640887,48.849522],[2.641225,48.849503],[2.641684,48.849461],[2.641684,48.849461],[2.641952,48.849445],[2.642197,48.849445],[2.642484,48.849464],[2.642868,48.849503],[2.64764,48.85025],[2.64764,48.85025],[2.649368,48.850525],[2.649604,48.850574],[2.650479,48.850719],[2.650769,48.850746],[2.650918,48.850742],[2.651724,48.850777],[2.651724,48.850777],[2.652632,48.850822],[2.652761,48.850822],[2.652904,48.850811],[2.653142,48.850765],[2.653288,48.85078],[2.653459,48.850842],[2.653518,48.850861],[2.653575,48.850864],[2.654711,48.85091],[2.654874,48.850906],[2.656248,48.850819],[2.657519,48.850689],[2.657519,48.850689],[2.657756,48.850662],[2.657981,48.850605],[2.657927,48.850483],[2.657852,48.850342],[2.65738,48.849316],[2.657248,48.849068],[2.657013,48.848763],[2.656856,48.848618],[2.656782,48.848564],[2.656782,48.848564],[2.656678,48.848492],[2.656501,48.848392],[2.656218,48.848263],[2.655915,48.848148],[2.65571,48.848091],[2.655349,48.848019],[2.652678,48.847576],[2.652474,48.847569],[2.651825,48.847454],[2.652378,48.846745],[2.652378,48.846745],[2.653841,48.844864],[2.653841,48.844864],[2.654229,48.844372],[2.654564,48.843918],[2.654762,48.843678],[2.654997,48.843414],[2.655408,48.84304],[2.655408,48.84304],[2.655609,48.842823],[2.655669,48.842724],[2.655646,48.84269],[2.655639,48.842651],[2.655646,48.842613],[2.655667,48.842579],[2.6557,48.842548],[2.655744,48.842525],[2.655794,48.84251],[2.65589,48.842506],[2.656167,48.842396],[2.657472,48.841267],[2.657742,48.841061],[2.657895,48.84095],[2.657985,48.840858],[2.65797,48.840786],[2.657976,48.840744],[2.657991,48.840702],[2.658015,48.840664],[2.658049,48.840626],[2.658152,48.840561],[2.658156,48.840488],[2.658144,48.840385],[2.658052,48.840057],[2.658024,48.839928],[2.658035,48.839832],[2.658021,48.839775],[2.657997,48.839741],[2.657902,48.839699],[2.657843,48.839653],[2.6578,48.839603],[2.657517,48.839363],[2.657517,48.839363],[2.657434,48.839283],[2.657217,48.839108],[2.657105,48.838989],[2.656438,48.838387],[2.656262,48.838253],[2.656092,48.838329],[2.654816,48.838974]],[[2.654641,48.838982],[2.65573,48.838432],[2.655741,48.838421],[2.655762,48.838329],[2.65578,48.838303],[2.655846,48.838245],[2.656094,48.83812],[2.656252,48.838089],[2.656544,48.838333],[2.657168,48.838898],[2.657619,48.839081],[2.657834,48.83918],[2.657834,48.83918],[2.658009,48.839256],[2.658092,48.839237],[2.658179,48.839233],[2.658264,48.839237],[2.658346,48.839256],[2.658429,48.839291],[2.658522,48.839359],[2.65856,48.839413],[2.658572,48.839443],[2.658581,48.839516],[2.65857,48.839561],[2.658547,48.839607],[2.658513,48.839649],[2.658468,48.839684],[2.658375,48.839733],[2.658258,48.83976],[2.658186,48.839848],[2.658155,48.839909],[2.658147,48.839947],[2.658198,48.840176],[2.658239,48.840313],[2.65827,48.840374],[2.658312,48.840435],[2.658369,48.840481],[2.658448,48.840519],[2.658527,48.84053],[2.6586,48.840553],[2.658665,48.840588],[2.658719,48.840626],[2.65876,48.840672],[2.658786,48.840725],[2.658796,48.840767],[2.658796,48.840809],[2.658787,48.840847],[2.658739,48.840927],[2.658702,48.840961],[2.658659,48.840988],[2.658553,48.841034],[2.658432,48.841057],[2.658304,48.841053],[2.658183,48.841026],[2.657954,48.841064],[2.657844,48.841091],[2.6577,48.841152],[2.657472,48.841267],[2.656257,48.842319],[2.656257,48.842319],[2.656167,48.842396],[2.656106,48.842472],[2.65606,48.84259],[2.656077,48.842628],[2.656078,48.84267],[2.656064,48.842705],[2.656037,48.842735],[2.655998,48.842762],[2.65595,48.842781],[2.655847,48.842796],[2.655795,48.842789],[2.65551,48.842934],[2.655408,48.84304],[2.654997,48.843414],[2.654762,48.843678],[2.654564,48.843918],[2.654229,48.844372],[2.654071,48.844574],[2.654071,48.844574],[2.652508,48.846577],[2.652508,48.846577],[2.65213,48.847065],[2.652054,48.847256],[2.652064,48.847321],[2.652095,48.84737],[2.65217,48.847431],[2.652261,48.847473],[2.652348,48.8475],[2.652499,48.847527],[2.652678,48.847576],[2.655349,48.848019],[2.65571,48.848091],[2.655915,48.848148],[2.656218,48.848263],[2.656501,48.848392],[2.656678,48.848492],[2.656856,48.848618],[2.657013,48.848763],[2.65716,48.848946],[2.65716,48.848946],[2.657248,48.849068],[2.65738,48.849316],[2.657852,48.850342],[2.657927,48.850483],[2.657981,48.850605],[2.657756,48.850662],[2.657519,48.850689],[2.657519,48.850689],[2.656248,48.850819],[2.654874,48.850906],[2.654711,48.85091],[2.653575,48.850864],[2.653518,48.850861],[2.653459,48.850842],[2.653288,48.85078],[2.653142,48.850765],[2.652904,48.850811],[2.652761,48.850822],[2.652632,48.850822],[2.652117,48.850796],[2.652117,48.850796],[2.650918,48.850742],[2.650769,48.850746],[2.650479,48.850719],[2.649604,48.850574],[2.649368,48.850525],[2.64764,48.85025],[2.64764,48.85025],[2.642868,48.849503],[2.642484,48.849464],[2.642197,48.849445],[2.641952,48.849445],[2.640887,48.849522],[2.640887,48.849522],[2.638364,48.84977],[2.637485,48.849869],[2.637485,48.849869],[2.636903,48.849926],[2.636784,48.849922],[2.636354,48.849964],[2.635801,48.850018],[2.635604,48.850048],[2.634437,48.85017],[2.633327,48.850269],[2.633327,48.850269],[2.63013,48.850574],[2.63013,48.850574],[2.629707,48.850616],[2.629512,48.850624],[2.629441,48.850639],[2.629369,48.850662],[2.629306,48.850662],[2.629277,48.850655],[2.629174,48.850677],[2.628767,48.850708],[2.626919,48.850891],[2.626285,48.850937],[2.626285,48.850937],[2.622414,48.851315],[2.622414,48.851315],[2.622131,48.851341],[2.622013,48.851387],[2.621708,48.851425],[2.621565,48.85149],[2.621319,48.851639],[2.621255,48.851665],[2.62114,48.851685],[2.621021,48.851685],[2.620908,48.851658],[2.62081,48.851604],[2.620646,48.85154],[2.620597,48.851532],[2.620474,48.851528],[2.620165,48.851566],[2.614546,48.852592],[2.614281,48.852661],[2.614172,48.852669],[2.614032,48.852665],[2.614,48.852684],[2.61396,48.852699],[2.613916,48.852703],[2.613873,48.852695],[2.613835,48.85268],[2.613806,48.852657],[2.613791,48.852631],[2.613645,48.852642],[2.612631,48.852631],[2.611617,48.852604],[2.609394,48.852528],[2.609394,48.852528],[2.603565,48.852337],[2.602836,48.852306],[2.6022,48.852322],[2.601571,48.852329],[2.601571,48.852329],[2.600199,48.852169],[2.600159,48.852318],[2.600075,48.852558],[2.600006,48.852688],[2.599902,48.852833],[2.599836,48.852909],[2.599644,48.853092],[2.59955,48.853165],[2.599403,48.85326],[2.597177,48.854549],[2.597131,48.854588],[2.597131,48.854588],[2.597096,48.854618],[2.596846,48.854755],[2.596699,48.854805],[2.596591,48.854824],[2.596158,48.854885],[2.595957,48.854897],[2.59589,48.854919],[2.595819,48.854916],[2.595766,48.854889],[2.595655,48.854897],[2.595601,48.854912],[2.595442,48.85498],[2.595303,48.855007],[2.593179,48.855339],[2.593179,48.855339],[2.592155,48.855507],[2.591574,48.855633],[2.59031,48.85603],[2.590326,48.856064],[2.590327,48.856098],[2.590312,48.856133],[2.590283,48.856163],[2.590247,48.856182],[2.590204,48.856197],[2.590108,48.856201],[2.590058,48.856186],[2.590015,48.856167],[2.589984,48.856136],[2.589967,48.856102],[2.589967,48.856064],[2.589506,48.856022],[2.589506,48.856022],[2.583854,48.855484],[2.583854,48.855484],[2.583251,48.855427],[2.583227,48.855473],[2.58318,48.855515],[2.583133,48.855534],[2.583079,48.855549],[2.583023,48.855549],[2.582984,48.855583],[2.582908,48.855675],[2.581594,48.858631],[2.580492,48.858147],[2.580492,48.858147],[2.580059,48.85796],[2.577739,48.856686],[2.577611,48.856606],[2.576768,48.856041],[2.576075,48.855545],[2.576075,48.855545],[2.575498,48.855125],[2.575199,48.854877],[2.574921,48.854622],[2.574541,48.854252],[2.574075,48.853714],[2.573927,48.853523],[2.573765,48.853268],[2.573494,48.852894],[2.573494,48.852894],[2.573389,48.852776],[2.57319,48.852596],[2.573027,48.852486],[2.57254,48.852177],[2.571386,48.851536],[2.570788,48.85117],[2.570108,48.850723],[2.569724,48.850529],[2.569519,48.850445],[2.569341,48.850376],[2.569212,48.850334],[2.566939,48.849777],[2.566597,48.849667],[2.566156,48.849564],[2.565989,48.849533],[2.565883,48.849503],[2.565381,48.84948],[2.564925,48.849438],[2.564925,48.849438],[2.564578,48.849407],[2.564346,48.849396],[2.562955,48.849411],[2.561153,48.849442],[2.561101,48.849384],[2.56107,48.849339],[2.560755,48.849236],[2.56072,48.849209],[2.558229,48.848907],[2.558176,48.848885],[2.558152,48.848896],[2.558093,48.848907],[2.558033,48.848892],[2.557997,48.848858],[2.557902,48.848846],[2.557682,48.848846],[2.557472,48.848831],[2.557472,48.848831],[2.55701,48.848778],[2.556864,48.848766],[2.554209,48.848854],[2.553488,48.848888],[2.553294,48.848877],[2.553294,48.848877],[2.55251,48.848816],[2.552548,48.848732],[2.552666,48.848263],[2.552775,48.84779],[2.553072,48.846668],[2.553165,48.846283],[2.552678,48.84623],[2.552678,48.84623],[2.552441,48.846214],[2.552331,48.846203],[2.550529,48.845905],[2.549438,48.845695],[2.549464,48.845535],[2.549466,48.845432],[2.54946,48.845387],[2.549419,48.845249],[2.549419,48.845249],[2.549319,48.844994],[2.54924,48.844891],[2.549074,48.8447],[2.548161,48.843525],[2.548134,48.84343],[2.548026,48.843426],[2.547927,48.843395],[2.547851,48.843346],[2.547809,48.843281],[2.547808,48.843204],[2.54785,48.843136],[2.547911,48.84309],[2.547989,48.84306],[2.548078,48.843048],[2.548167,48.843056],[2.548371,48.84285],[2.548864,48.842289],[2.55007,48.840977],[2.550204,48.840824],[2.550458,48.84045],[2.550458,48.840401],[2.550479,48.840351],[2.550525,48.840305],[2.550592,48.840275],[2.550682,48.840252],[2.550793,48.84026],[2.550857,48.840279],[2.55091,48.840309],[2.550949,48.840347],[2.550972,48.840393],[2.550974,48.840443],[2.550956,48.840488],[2.550928,48.840523],[2.550889,48.840553],[2.550813,48.840584],[2.550829,48.840668],[2.550922,48.840836],[2.550937,48.840858],[2.550997,48.840904],[2.551032,48.840912],[2.551611,48.840916],[2.552298,48.840851],[2.553179,48.840858],[2.553197,48.840855],[2.553229,48.840836],[2.553241,48.840633],[2.551945,48.84063],[2.551945,48.84063],[2.551105,48.840626],[2.550889,48.840553],[2.550813,48.840584],[2.550738,48.840595],[2.549949,48.841438],[2.54958,48.841846],[2.549103,48.842403],[2.548609,48.842949],[2.548369,48.843182],[2.548383,48.843246],[2.548362,48.843311],[2.548309,48.843369],[2.54823,48.843407],[2.548134,48.84343],[2.548026,48.843426],[2.547927,48.843395],[2.547851,48.843346],[2.547809,48.843281],[2.546975,48.843262],[2.544421,48.84325],[2.544265,48.843273],[2.544198,48.84333],[2.544108,48.843369],[2.544003,48.843388],[2.543895,48.843384],[2.543794,48.843357],[2.54364,48.843372],[2.543492,48.843414],[2.543319,48.843536],[2.54165,48.844589],[2.541584,48.844673],[2.541458,48.844761],[2.541358,48.844856],[2.541286,48.844948],[2.541229,48.845036],[2.541132,48.845154],[2.540532,48.846317],[2.540375,48.846874],[2.540334,48.846989],[2.540362,48.84705],[2.540364,48.847076],[2.540293,48.84729],[2.539989,48.847401],[2.539825,48.847473],[2.539538,48.847645],[2.538889,48.848076],[2.538642,48.848251],[2.538642,48.848251],[2.535352,48.850521],[2.535352,48.850521],[2.534996,48.850758],[2.53412,48.851379],[2.53398,48.851505],[2.533854,48.851646],[2.53377,48.851776],[2.532914,48.85323],[2.532483,48.853947],[2.532367,48.854111],[2.531954,48.855057],[2.531703,48.855766],[2.531651,48.855938],[2.53147,48.856689],[2.53138,48.85696],[2.531323,48.857216],[2.530662,48.85696],[2.53028,48.856808],[2.53028,48.856808],[2.529567,48.856544],[2.529343,48.856518],[2.528357,48.856163],[2.52779,48.85598],[2.527151,48.855793],[2.527151,48.855793],[2.52662,48.855656],[2.525571,48.8554],[2.524535,48.855171],[2.524219,48.855106],[2.524219,48.855106],[2.522666,48.854782],[2.521796,48.85463],[2.521073,48.854481],[2.521073,48.854481],[2.519136,48.854092],[2.516734,48.8536],[2.516734,48.8536],[2.515652,48.853363],[2.514437,48.853123],[2.513971,48.853085],[2.513971,48.853085],[2.513762,48.853065],[2.513665,48.853031],[2.513524,48.852959],[2.513522,48.852901],[2.513219,48.852825],[2.513097,48.852787],[2.512315,48.852638],[2.508769,48.851906],[2.508769,48.851906],[2.508255,48.851795],[2.505247,48.851189],[2.502571,48.850655],[2.501676,48.850456],[2.501676,48.850456],[2.500366,48.850182],[2.498452,48.849792],[2.498452,48.849792],[2.4973,48.849537],[2.496398,48.849369],[2.49628,48.84935],[2.496164,48.849342],[2.495995,48.849308],[2.49583,48.849491],[2.495724,48.84967],[2.495625,48.849861],[2.495625,48.849861],[2.495204,48.850666],[2.49493,48.851212],[2.494431,48.85215],[2.493961,48.85305],[2.49362,48.853676],[2.493526,48.853806],[2.493381,48.853935],[2.493324,48.853977],[2.493274,48.853992],[2.493203,48.853996],[2.493078,48.853981],[2.493045,48.85392],[2.492969,48.853832],[2.492856,48.853748],[2.492144,48.853439],[2.492144,48.853439],[2.490844,48.85289],[2.49077,48.852848],[2.49068,48.852745],[2.490624,48.852749],[2.49057,48.852741],[2.489569,48.852562],[2.489569,48.852562],[2.489173,48.852501],[2.488939,48.852478],[2.488601,48.852463],[2.488094,48.852463],[2.486684,48.852489],[2.486527,48.852516],[2.486284,48.852581],[2.486259,48.852608],[2.486156,48.852676],[2.486461,48.852871],[2.487793,48.853661],[2.487793,48.853661],[2.487835,48.853703],[2.487854,48.853756],[2.487861,48.853828],[2.487878,48.853882],[2.487899,48.853916],[2.487938,48.853943],[2.488043,48.853981],[2.488131,48.854004],[2.488211,48.854023],[2.488387,48.85405],[2.488479,48.854076],[2.488482,48.854156],[2.488322,48.854675],[2.488266,48.85482],[2.488188,48.855072],[2.488136,48.855129],[2.488079,48.855167],[2.488029,48.855186],[2.487911,48.855221],[2.487846,48.855232],[2.486755,48.855255],[2.486755,48.855255],[2.486579,48.855259],[2.486369,48.855316],[2.486371,48.855339],[2.486362,48.855362],[2.486345,48.855381],[2.48632,48.8554],[2.486255,48.855415],[2.486212,48.855412],[2.486173,48.855396],[2.486143,48.855377],[2.486126,48.85535],[2.486124,48.855324],[2.485785,48.85527],[2.482167,48.855331],[2.48216,48.855373],[2.482138,48.855412],[2.482102,48.855446],[2.482054,48.855473],[2.481948,48.855652],[2.481915,48.855732],[2.48192,48.855766],[2.48192,48.855766],[2.481948,48.856655],[2.481927,48.856987],[2.48191,48.857086],[2.481821,48.857384],[2.481598,48.857765],[2.481228,48.858372],[2.480847,48.858334],[2.480847,48.858334],[2.480524,48.858307],[2.480332,48.85828],[2.480301,48.858376],[2.480284,48.85849],[2.480323,48.858788],[2.480361,48.858921],[2.480555,48.859371],[2.480539,48.859661],[2.480495,48.859768],[2.480645,48.859886],[2.480757,48.860001],[2.480757,48.860001],[2.480814,48.860058],[2.480896,48.860161],[2.481014,48.860336],[2.481435,48.861179],[2.481491,48.86124],[2.481736,48.861336],[2.481797,48.861324],[2.481862,48.86132],[2.481924,48.861332],[2.481986,48.861359],[2.48203,48.861401],[2.482052,48.861446],[2.482047,48.861496],[2.482018,48.861542],[2.481972,48.861576],[2.481914,48.861595],[2.481848,48.861607],[2.481781,48.861603],[2.481758,48.861713],[2.481758,48.861752],[2.481785,48.861866],[2.481978,48.862267],[2.481978,48.862267],[2.482129,48.862587],[2.482252,48.862816],[2.482413,48.863155],[2.482612,48.863514],[2.482666,48.863632],[2.482012,48.863735],[2.481446,48.863873],[2.481247,48.863899],[2.481057,48.863884],[2.480947,48.863895],[2.480873,48.863911],[2.480796,48.863941],[2.480662,48.864029],[2.479817,48.86422],[2.479637,48.864285],[2.479393,48.864342],[2.479318,48.864357],[2.479235,48.864357],[2.479171,48.864372],[2.479111,48.864407],[2.478985,48.864437],[2.478655,48.864502],[2.478488,48.864521],[2.478256,48.864574],[2.478256,48.864574],[2.47806,48.86462],[2.477932,48.864666],[2.477123,48.864845],[2.476971,48.864876],[2.477099,48.865292],[2.477365,48.866005],[2.477412,48.866062],[2.477506,48.866325],[2.477531,48.866421],[2.477396,48.866421],[2.477186,48.866467],[2.477186,48.866467],[2.474958,48.866928],[2.474859,48.866959],[2.474781,48.867031],[2.474747,48.867081],[2.474727,48.867149],[2.474767,48.867191],[2.474797,48.86726],[2.474797,48.86726],[2.474794,48.86729],[2.474765,48.86734],[2.474723,48.867374],[2.474654,48.867401],[2.474585,48.867405],[2.474504,48.867397],[2.474084,48.867332],[2.472215,48.867466],[2.470667,48.86771],[2.470475,48.867783],[2.470296,48.867809],[2.470662,48.868912],[2.470662,48.868912],[2.471028,48.870098],[2.471035,48.870293],[2.470891,48.871025],[2.470854,48.871155],[2.470115,48.871052],[2.470115,48.871052],[2.469585,48.871006],[2.469243,48.870949],[2.468994,48.870876],[2.468431,48.870789],[2.467994,48.870701],[2.466643,48.870319],[2.466532,48.870277],[2.466509,48.870304],[2.466475,48.870323],[2.466434,48.870335],[2.46639,48.870335],[2.466347,48.870327],[2.466309,48.870312],[2.466282,48.870289],[2.466269,48.870258],[2.46627,48.870228],[2.466286,48.870201],[2.46545,48.869972],[2.46545,48.869972],[2.464949,48.869835],[2.463366,48.869377],[2.463015,48.869293],[2.462582,48.869171],[2.462404,48.869087],[2.462365,48.869087],[2.462295,48.869064],[2.462271,48.869045],[2.462257,48.869022],[2.462073,48.868992],[2.461905,48.868954],[2.461112,48.868687],[2.460643,48.868534],[2.460643,48.868534],[2.460006,48.86834],[2.459579,48.868198],[2.457877,48.867607],[2.457705,48.867508],[2.457577,48.867455],[2.45697,48.867287],[2.456737,48.867184],[2.456737,48.867184],[2.456498,48.867081],[2.45582,48.86676],[2.455232,48.86639],[2.454856,48.866081],[2.454433,48.865704],[2.453866,48.865181],[2.453639,48.865013],[2.453287,48.864799],[2.452847,48.864571],[2.452847,48.864571],[2.452121,48.864178],[2.45194,48.864101],[2.451764,48.86404],[2.450177,48.863632],[2.449495,48.863422],[2.449098,48.86327],[2.449098,48.86327],[2.448995,48.863224],[2.448945,48.863194],[2.44881,48.863094],[2.448316,48.86277],[2.448106,48.862644],[2.44734,48.86224],[2.447011,48.862076],[2.44656,48.861832],[2.445191,48.861149],[2.444849,48.861012],[2.444576,48.860928],[2.444049,48.86079],[2.444049,48.86079],[2.443847,48.860737],[2.443491,48.860619],[2.443482,48.860699],[2.443614,48.86174],[2.443667,48.862228],[2.443716,48.862347],[2.443638,48.862377],[2.443544,48.862396],[2.441619,48.862648],[2.441475,48.862141],[2.441418,48.862053],[2.4412,48.861881],[2.440893,48.861622],[2.440893,48.861622],[2.43972,48.86063],[2.439647,48.860592],[2.439351,48.860352],[2.439312,48.860287],[2.438912,48.859951],[2.438912,48.859951],[2.438337,48.859467],[2.438259,48.859413],[2.438133,48.859356],[2.437189,48.858547],[2.437189,48.858547],[2.436956,48.858345],[2.436928,48.858227],[2.43693,48.858185],[2.436968,48.858097],[2.436757,48.858116],[2.436665,48.858139],[2.436298,48.858097],[2.435801,48.858017],[2.435703,48.857983],[2.435673,48.858097],[2.435649,48.858135],[2.43562,48.858166],[2.43558,48.858189],[2.435383,48.858227],[2.434083,48.858376],[2.434083,48.858376],[2.433808,48.858398],[2.432882,48.858456],[2.430598,48.858559],[2.42792,48.858658],[2.42792,48.858658],[2.427546,48.858673],[2.427385,48.858696],[2.423706,48.859615],[2.422927,48.859791],[2.422927,48.859791],[2.419932,48.860535],[2.419932,48.860535],[2.418645,48.860855],[2.418585,48.860882],[2.416813,48.861916],[2.416497,48.862106],[2.416386,48.862213],[2.416168,48.862343],[2.415966,48.862457],[2.415804,48.862514],[2.415583,48.862644],[2.415583,48.862644],[2.415387,48.862759],[2.415317,48.862843],[2.415009,48.863079],[2.413886,48.863747],[2.413842,48.863781],[2.413804,48.863838],[2.413776,48.863972],[2.41371,48.86496],[2.413735,48.865101],[2.413729,48.865826],[2.413805,48.866051],[2.413727,48.866894],[2.413632,48.866966],[2.413563,48.866993],[2.413466,48.866997],[2.413356,48.866978],[2.413229,48.866936],[2.412636,48.866447],[2.412457,48.866421],[2.411836,48.865784],[2.411453,48.865349],[2.411239,48.865143],[2.411189,48.865112],[2.409443,48.864719],[2.409443,48.864719],[2.408936,48.864609],[2.408872,48.864651],[2.408782,48.86467],[2.408724,48.86467],[2.408636,48.864655],[2.408598,48.864643],[2.408538,48.864609],[2.4085,48.864563],[2.408274,48.86454],[2.408123,48.86454],[2.404659,48.864674],[2.404158,48.864689],[2.403553,48.864716],[2.403553,48.864716],[2.402717,48.864754],[2.400897,48.864822],[2.400897,48.864822],[2.39887,48.864906],[2.398657,48.864933],[2.398638,48.864964],[2.398607,48.864986],[2.398567,48.865005],[2.398516,48.865017],[2.398463,48.865017],[2.398409,48.865002],[2.39837,48.864983],[2.398339,48.864956],[2.398321,48.864925],[2.39832,48.864887],[2.398083,48.864929],[2.397612,48.864941],[2.397612,48.864941],[2.396122,48.86499],[2.395802,48.864994],[2.395658,48.864986],[2.395547,48.864967],[2.395319,48.864891],[2.3949,48.864784],[2.3949,48.864784],[2.392465,48.864166],[2.392465,48.864166],[2.389031,48.863285],[2.388583,48.863174],[2.388302,48.863121],[2.388302,48.863121],[2.387903,48.863037],[2.387477,48.862972],[2.38704,48.862885],[2.387022,48.862835],[2.387,48.862804],[2.386979,48.862789],[2.386838,48.862736],[2.385955,48.862492],[2.385221,48.862301],[2.385386,48.861973],[2.385386,48.861973],[2.386513,48.859947],[2.386513,48.859947],[2.386846,48.859348],[2.386732,48.859337],[2.384984,48.858879],[2.384984,48.858879],[2.384633,48.858784],[2.381565,48.85799],[2.381168,48.857891],[2.380835,48.857822],[2.380835,48.857822],[2.380648,48.857792],[2.380528,48.857815],[2.380508,48.857861],[2.380468,48.857903],[2.380377,48.857944],[2.380304,48.85796],[2.38023,48.857956],[2.380162,48.857937],[2.380103,48.85791],[2.380061,48.857868],[2.380047,48.857845],[2.380034,48.857796],[2.380048,48.857742],[2.380064,48.857719],[2.380113,48.857677],[2.379754,48.857533],[2.379677,48.857418],[2.379553,48.857189],[2.378932,48.856121],[2.378932,48.856121],[2.378706,48.855705],[2.378491,48.855358],[2.377855,48.854248],[2.377111,48.852974],[2.377111,48.852974],[2.376144,48.851307],[2.376049,48.851181],[2.375964,48.851128],[2.375769,48.85096],[2.375769,48.85096],[2.375665,48.85088],[2.37541,48.850616],[2.374411,48.849709],[2.374287,48.849613],[2.372887,48.848827],[2.372887,48.848827],[2.371446,48.848],[2.371587,48.847599],[2.371965,48.846745],[2.372001,48.846645],[2.372313,48.845955],[2.372327,48.845913],[2.372308,48.845814],[2.372289,48.845779],[2.372252,48.845737],[2.372226,48.845718],[2.372172,48.845703],[2.371492,48.845631],[2.371492,48.845631],[2.37138,48.845612],[2.371203,48.845566],[2.371042,48.845493],[2.371132,48.845406],[2.37129,48.845284],[2.371535,48.845135],[2.372231,48.844498],[2.372447,48.84433],[2.373236,48.843853],[2.374066,48.843353],[2.374275,48.843235]],[[2.654641,48.838982],[2.65573,48.838432],[2.655741,48.838421],[2.655762,48.838329],[2.65578,48.838303],[2.655846,48.838245],[2.656094,48.83812],[2.656252,48.838089],[2.656544,48.838333],[2.657168,48.838898],[2.657619,48.839081],[2.657834,48.83918],[2.657834,48.83918],[2.658009,48.839256],[2.658092,48.839237],[2.658179,48.839233],[2.658264,48.839237],[2.658346,48.839256],[2.658429,48.839291],[2.658522,48.839359],[2.65856,48.839413],[2.658572,48.839443],[2.658581,48.839516],[2.65857,48.839561],[2.658547,48.839607],[2.658513,48.839649],[2.658468,48.839684],[2.658375,48.839733],[2.658258,48.83976],[2.658186,48.839848],[2.658155,48.839909],[2.658147,48.839947],[2.658198,48.840176],[2.658239,48.840313],[2.65827,48.840374],[2.658312,48.840435],[2.658369,48.840481],[2.658448,48.840519],[2.658527,48.84053],[2.6586,48.840553],[2.658665,48.840588],[2.658719,48.840626],[2.65876,48.840672],[2.658786,48.840725],[2.658796,48.840767],[2.658796,48.840809],[2.658787,48.840847],[2.658739,48.840927],[2.658702,48.840961],[2.658659,48.840988],[2.658553,48.841034],[2.658432,48.841057],[2.658304,48.841053],[2.658183,48.841026],[2.657954,48.841064],[2.657844,48.841091],[2.6577,48.841152],[2.657472,48.841267],[2.656257,48.842319],[2.656257,48.842319],[2.656167,48.842396],[2.656106,48.842472],[2.65606,48.84259],[2.656077,48.842628],[2.656078,48.84267],[2.656064,48.842705],[2.656037,48.842735],[2.655998,48.842762],[2.65595,48.842781],[2.655847,48.842796],[2.655795,48.842789],[2.65551,48.842934],[2.655408,48.84304],[2.654997,48.843414],[2.654762,48.843678],[2.654564,48.843918],[2.654229,48.844372],[2.654071,48.844574],[2.654071,48.844574],[2.652508,48.846577],[2.652508,48.846577],[2.65213,48.847065],[2.652054,48.847256],[2.652064,48.847321],[2.652095,48.84737],[2.65217,48.847431],[2.652261,48.847473],[2.652348,48.8475],[2.652499,48.847527],[2.652678,48.847576],[2.655349,48.848019],[2.65571,48.848091],[2.655915,48.848148],[2.656218,48.848263],[2.656501,48.848392],[2.656678,48.848492],[2.656856,48.848618],[2.657013,48.848763],[2.65716,48.848946],[2.65716,48.848946],[2.657248,48.849068],[2.65738,48.849316],[2.657852,48.850342],[2.657927,48.850483],[2.657981,48.850605],[2.657756,48.850662],[2.657519,48.850689],[2.657519,48.850689],[2.656248,48.850819],[2.654874,48.850906],[2.654711,48.85091],[2.653575,48.850864],[2.653518,48.850861],[2.653459,48.850842],[2.653288,48.85078],[2.653142,48.850765],[2.652904,48.850811],[2.652761,48.850822],[2.652632,48.850822],[2.652117,48.850796],[2.652117,48.850796],[2.650918,48.850742],[2.650769,48.850746],[2.650479,48.850719],[2.649604,48.850574],[2.649368,48.850525],[2.64764,48.85025],[2.64764,48.85025],[2.642868,48.849503],[2.642484,48.849464],[2.642197,48.849445],[2.641952,48.849445],[2.640887,48.849522],[2.640887,48.849522],[2.638364,48.84977],[2.637485,48.849869],[2.637485,48.849869],[2.636903,48.849926],[2.636784,48.849922],[2.636354,48.849964],[2.635801,48.850018],[2.635604,48.850048],[2.634437,48.85017],[2.633327,48.850269],[2.633327,48.850269],[2.63013,48.850574],[2.63013,48.850574],[2.629707,48.850616],[2.629512,48.850624],[2.629441,48.850639],[2.629369,48.850662],[2.629306,48.850662],[2.629277,48.850655],[2.629174,48.850677],[2.628767,48.850708],[2.626919,48.850891],[2.626285,48.850937],[2.626285,48.850937],[2.622414,48.851315],[2.622414,48.851315],[2.622131,48.851341],[2.622013,48.851387],[2.621708,48.851425],[2.621565,48.85149],[2.621319,48.851639],[2.621255,48.851665],[2.62114,48.851685],[2.621021,48.851685],[2.620908,48.851658],[2.62081,48.851604],[2.620646,48.85154],[2.620597,48.851532],[2.620474,48.851528],[2.620165,48.851566],[2.614546,48.852592],[2.614281,48.852661],[2.614172,48.852669],[2.614032,48.852665],[2.614,48.852684],[2.61396,48.852699],[2.613916,48.852703],[2.613873,48.852695],[2.613835,48.85268],[2.613806,48.852657],[2.613791,48.852631],[2.613645,48.852642],[2.612631,48.852631],[2.611617,48.852604],[2.609394,48.852528],[2.609394,48.852528],[2.603565,48.852337],[2.602836,48.852306],[2.6022,48.852322],[2.601571,48.852329],[2.601571,48.852329],[2.600199,48.852169],[2.600159,48.852318],[2.600075,48.852558],[2.600006,48.852688],[2.599902,48.852833],[2.599836,48.852909],[2.599644,48.853092],[2.59955,48.853165],[2.599403,48.85326],[2.597177,48.854549],[2.597131,48.854588],[2.597131,48.854588],[2.597096,48.854618],[2.596846,48.854755],[2.596699,48.854805],[2.596591,48.854824],[2.596158,48.854885],[2.595957,48.854897],[2.59589,48.854919],[2.595819,48.854916],[2.595766,48.854889],[2.595655,48.854897],[2.595601,48.854912],[2.595442,48.85498],[2.595303,48.855007],[2.593179,48.855339],[2.593179,48.855339],[2.592155,48.855507],[2.591574,48.855633],[2.59031,48.85603],[2.590326,48.856064],[2.590327,48.856098],[2.590312,48.856133],[2.590283,48.856163],[2.590247,48.856182],[2.590204,48.856197],[2.590108,48.856201],[2.590058,48.856186],[2.590015,48.856167],[2.589984,48.856136],[2.589967,48.856102],[2.589967,48.856064],[2.589506,48.856022],[2.589506,48.856022],[2.583854,48.855484],[2.583854,48.855484],[2.583251,48.855427],[2.583227,48.855473],[2.58318,48.855515],[2.583133,48.855534],[2.583079,48.855549],[2.583023,48.855549],[2.582984,48.855583],[2.582908,48.855675],[2.581594,48.858631],[2.580492,48.858147],[2.580492,48.858147],[2.580059,48.85796],[2.577739,48.856686],[2.577611,48.856606],[2.576768,48.856041],[2.576075,48.855545],[2.576075,48.855545],[2.575498,48.855125],[2.575199,48.854877],[2.574921,48.854622],[2.574541,48.854252],[2.574075,48.853714],[2.573927,48.853523],[2.573765,48.853268],[2.573494,48.852894],[2.573494,48.852894],[2.573389,48.852776],[2.57319,48.852596],[2.573027,48.852486],[2.57254,48.852177],[2.571386,48.851536],[2.570788,48.85117],[2.570108,48.850723],[2.569724,48.850529],[2.569519,48.850445],[2.569341,48.850376],[2.569212,48.850334],[2.566939,48.849777],[2.566597,48.849667],[2.566156,48.849564],[2.565989,48.849533],[2.565883,48.849503],[2.565381,48.84948],[2.564925,48.849438],[2.564925,48.849438],[2.564578,48.849407],[2.564346,48.849396],[2.562955,48.849411],[2.561153,48.849442],[2.561101,48.849384],[2.56107,48.849339],[2.560755,48.849236],[2.56072,48.849209],[2.558229,48.848907],[2.558176,48.848885],[2.558152,48.848896],[2.558093,48.848907],[2.558033,48.848892],[2.557997,48.848858],[2.557902,48.848846],[2.557682,48.848846],[2.557472,48.848831],[2.557472,48.848831],[2.55701,48.848778],[2.556864,48.848766],[2.554209,48.848854],[2.553488,48.848888],[2.553294,48.848877],[2.553294,48.848877],[2.55251,48.848816],[2.552548,48.848732],[2.552666,48.848263],[2.552775,48.84779],[2.553072,48.846668],[2.553165,48.846283],[2.552678,48.84623],[2.552678,48.84623],[2.552441,48.846214],[2.552331,48.846203],[2.550529,48.845905],[2.549438,48.845695],[2.549464,48.845535],[2.549466,48.845432],[2.54946,48.845387],[2.549419,48.845249],[2.549419,48.845249],[2.549319,48.844994],[2.54924,48.844891],[2.549074,48.8447],[2.548161,48.843525],[2.548134,48.84343],[2.548026,48.843426],[2.547927,48.843395],[2.547851,48.843346],[2.547809,48.843281],[2.547808,48.843204],[2.54785,48.843136],[2.547911,48.84309],[2.547989,48.84306],[2.548078,48.843048],[2.548167,48.843056],[2.548371,48.84285],[2.548864,48.842289],[2.55007,48.840977],[2.550204,48.840824],[2.550458,48.84045],[2.550458,48.840401],[2.550479,48.840351],[2.550525,48.840305],[2.550592,48.840275],[2.550682,48.840252],[2.550793,48.84026],[2.550857,48.840279],[2.55091,48.840309],[2.550949,48.840347],[2.550972,48.840393],[2.550974,48.840443],[2.550956,48.840488],[2.550928,48.840523],[2.550889,48.840553],[2.550813,48.840584],[2.550829,48.840668],[2.550922,48.840836],[2.550937,48.840858],[2.550997,48.840904],[2.551032,48.840912],[2.551611,48.840916],[2.552298,48.840851],[2.553179,48.840858],[2.553197,48.840855],[2.553229,48.840836],[2.553241,48.840633],[2.551945,48.84063],[2.551945,48.84063],[2.551105,48.840626],[2.550889,48.840553],[2.550813,48.840584],[2.550738,48.840595],[2.549949,48.841438],[2.54958,48.841846],[2.549103,48.842403],[2.548609,48.842949],[2.548369,48.843182],[2.548383,48.843246],[2.548362,48.843311],[2.548309,48.843369],[2.54823,48.843407],[2.548134,48.84343],[2.548026,48.843426],[2.547927,48.843395],[2.547851,48.843346],[2.547809,48.843281],[2.546975,48.843262],[2.544421,48.84325],[2.544265,48.843273],[2.544198,48.84333],[2.544108,48.843369],[2.544003,48.843388],[2.543895,48.843384],[2.543794,48.843357],[2.54364,48.843372],[2.543492,48.843414],[2.543319,48.843536],[2.54165,48.844589],[2.541584,48.844673],[2.541458,48.844761],[2.541358,48.844856],[2.541286,48.844948],[2.541229,48.845036],[2.541132,48.845154],[2.540532,48.846317],[2.540375,48.846874],[2.540334,48.846989],[2.540362,48.84705],[2.540364,48.847076],[2.540293,48.84729],[2.539989,48.847401],[2.539825,48.847473],[2.539538,48.847645],[2.538889,48.848076],[2.538642,48.848251],[2.538642,48.848251],[2.535352,48.850521],[2.535352,48.850521],[2.534996,48.850758],[2.53412,48.851379],[2.53398,48.851505],[2.533854,48.851646],[2.53377,48.851776],[2.532914,48.85323],[2.532483,48.853947],[2.532367,48.854111],[2.531954,48.855057],[2.531703,48.855766],[2.531651,48.855938],[2.53147,48.856689],[2.53138,48.85696],[2.531323,48.857216],[2.530662,48.85696],[2.53028,48.856808],[2.53028,48.856808],[2.529567,48.856544],[2.529343,48.856518],[2.528357,48.856163],[2.52779,48.85598],[2.527151,48.855793],[2.527151,48.855793],[2.52662,48.855656],[2.525571,48.8554],[2.524535,48.855171],[2.524219,48.855106],[2.524219,48.855106],[2.522666,48.854782],[2.521796,48.85463],[2.521073,48.854481],[2.521073,48.854481],[2.519136,48.854092],[2.516734,48.8536],[2.516734,48.8536],[2.515652,48.853363],[2.514437,48.853123],[2.513971,48.853085],[2.513971,48.853085],[2.513762,48.853065],[2.513665,48.853031],[2.513524,48.852959],[2.513522,48.852901],[2.513219,48.852825],[2.513097,48.852787],[2.512315,48.852638],[2.508769,48.851906],[2.508769,48.851906],[2.508255,48.851795],[2.505247,48.851189],[2.502571,48.850655],[2.501676,48.850456],[2.501676,48.850456],[2.500366,48.850182],[2.498452,48.849792],[2.498452,48.849792],[2.4973,48.849537],[2.496398,48.849369],[2.49628,48.84935],[2.496164,48.849342],[2.495995,48.849308],[2.49583,48.849491],[2.495724,48.84967],[2.495625,48.849861],[2.495625,48.849861],[2.495204,48.850666],[2.49493,48.851212],[2.494431,48.85215],[2.493961,48.85305],[2.49362,48.853676],[2.493526,48.853806],[2.493381,48.853935],[2.493324,48.853977],[2.493274,48.853992],[2.493203,48.853996],[2.493078,48.853981],[2.493045,48.85392],[2.492969,48.853832],[2.492856,48.853748],[2.492144,48.853439],[2.492144,48.853439],[2.490844,48.85289],[2.49077,48.852848],[2.49068,48.852745],[2.490624,48.852749],[2.49057,48.852741],[2.489569,48.852562],[2.489569,48.852562],[2.489173,48.852501],[2.488939,48.852478],[2.488601,48.852463],[2.488094,48.852463],[2.486684,48.852489],[2.486527,48.852516],[2.486284,48.852581],[2.486259,48.852608],[2.486156,48.852676],[2.486461,48.852871],[2.487793,48.853661]],[[2.373389,48.845844],[2.373691,48.845879],[2.373856,48.845909],[2.373881,48.845932],[2.373885,48.845978],[2.373843,48.847839],[2.37387,48.847878],[2.373984,48.847988],[2.373032,48.84845],[2.373032,48.84845],[2.372595,48.84866],[2.374287,48.849613],[2.374411,48.849709],[2.37541,48.850616],[2.375561,48.850677],[2.375703,48.850704],[2.375786,48.850758],[2.375838,48.850815],[2.376032,48.851105],[2.376049,48.851181],[2.376144,48.851307],[2.376421,48.851791],[2.376421,48.851791],[2.377111,48.852974],[2.377111,48.852974],[2.377855,48.854248],[2.378491,48.855358],[2.378491,48.855358],[2.378706,48.855705],[2.378932,48.856121],[2.379553,48.857189],[2.379677,48.857418],[2.379754,48.857533],[2.380113,48.857677],[2.380206,48.857639],[2.38026,48.857632],[2.380366,48.857643],[2.380418,48.857658],[2.38046,48.857685],[2.380508,48.857727],[2.380529,48.857784],[2.380528,48.857815],[2.380648,48.857792],[2.380971,48.857849],[2.380971,48.857849],[2.381168,48.857891],[2.38219,48.85815],[2.384633,48.858784],[2.384891,48.858856],[2.384891,48.858856],[2.386732,48.859337],[2.386954,48.85936],[2.388327,48.859726],[2.389005,48.85989],[2.388828,48.860245],[2.388828,48.860245],[2.388448,48.861019],[2.387785,48.8624],[2.387785,48.8624],[2.387659,48.862663],[2.387553,48.862858],[2.387903,48.863037],[2.388583,48.863174],[2.389031,48.863285],[2.391993,48.864044],[2.391993,48.864044],[2.395319,48.864891],[2.395319,48.864891],[2.395547,48.864967],[2.395658,48.864986],[2.395802,48.864994],[2.396122,48.86499],[2.397612,48.864941],[2.397612,48.864941],[2.398083,48.864929],[2.39832,48.864887],[2.398333,48.864857],[2.398358,48.86483],[2.398393,48.864811],[2.398437,48.864796],[2.398532,48.864792],[2.398608,48.864819],[2.39865,48.864857],[2.398664,48.864902],[2.398657,48.864933],[2.398638,48.864964],[2.398607,48.864986],[2.398567,48.865005],[2.398728,48.8652],[2.398913,48.865391],[2.399203,48.865723],[2.399626,48.866234],[2.399963,48.866596],[2.400437,48.867168],[2.401421,48.868305],[2.401498,48.868233],[2.401676,48.868011],[2.40199,48.867596],[2.40199,48.867596],[2.402253,48.867249],[2.403193,48.865974],[2.404158,48.864689],[2.404234,48.864601],[2.404289,48.864525],[2.404333,48.864437],[2.404346,48.864365],[2.4043,48.864311],[2.404276,48.864258],[2.404276,48.864258],[2.404136,48.863907],[2.403989,48.863564],[2.403982,48.863529],[2.403997,48.863487],[2.404113,48.863369],[2.404214,48.863277],[2.404541,48.863022],[2.404976,48.862801],[2.40538,48.862659],[2.405956,48.862484],[2.40633,48.86235],[2.406627,48.862652],[2.406627,48.862652],[2.407686,48.863739],[2.408137,48.864227],[2.408186,48.864262],[2.408342,48.864292],[2.408583,48.864365],[2.408656,48.864342],[2.4087,48.864334],[2.408753,48.86433],[2.408834,48.864342],[2.408896,48.864365],[2.408938,48.864391],[2.408978,48.864437],[2.408997,48.864475],[2.409519,48.864594],[2.409519,48.864594],[2.411307,48.86499],[2.411553,48.864979],[2.411667,48.864937],[2.411904,48.864838],[2.411904,48.864838],[2.412104,48.864758],[2.412284,48.864674],[2.412587,48.864449],[2.413232,48.864037],[2.414261,48.863407],[2.415262,48.862804],[2.415387,48.862759],[2.415804,48.862514],[2.415888,48.862427],[2.416272,48.862198],[2.416497,48.862106],[2.416813,48.861916],[2.416813,48.861916],[2.418585,48.860882],[2.418645,48.860855],[2.420789,48.860321],[2.420789,48.860321],[2.422927,48.859791],[2.423706,48.859615],[2.424243,48.859478],[2.424243,48.859478],[2.427385,48.858696],[2.427546,48.858673],[2.42792,48.858658],[2.42792,48.858658],[2.430598,48.858559],[2.432882,48.858456],[2.432882,48.858456],[2.433808,48.858398],[2.434083,48.858376],[2.435383,48.858227],[2.43558,48.858189],[2.43562,48.858166],[2.435649,48.858135],[2.435673,48.858097],[2.435703,48.857983],[2.435796,48.857979],[2.436436,48.858078],[2.436757,48.858116],[2.436968,48.858097],[2.437001,48.858269],[2.437036,48.858345],[2.437402,48.858673],[2.437402,48.858673],[2.438189,48.859329],[2.438259,48.859413],[2.438337,48.859467],[2.439312,48.860287],[2.439402,48.860336],[2.439684,48.860573],[2.43972,48.86063],[2.440038,48.860901],[2.440038,48.860901],[2.4412,48.861881],[2.441418,48.862053],[2.441475,48.862141],[2.441619,48.862648],[2.442775,48.862495],[2.442775,48.862495],[2.443544,48.862396],[2.443638,48.862377],[2.443716,48.862347],[2.44386,48.862312],[2.446011,48.861931],[2.446364,48.861877],[2.44656,48.861832],[2.447011,48.862076],[2.44734,48.86224],[2.448106,48.862644],[2.448316,48.86277],[2.448995,48.863224],[2.449495,48.863422],[2.450177,48.863632],[2.450177,48.863632],[2.451764,48.86404],[2.45194,48.864101],[2.452121,48.864178],[2.453287,48.864799],[2.453639,48.865013],[2.453866,48.865181],[2.453866,48.865181],[2.454433,48.865704],[2.454856,48.866081],[2.455232,48.86639],[2.45582,48.86676],[2.456498,48.867081],[2.45697,48.867287],[2.457577,48.867455],[2.457705,48.867508],[2.457981,48.867577],[2.458111,48.867649],[2.458111,48.867649],[2.458219,48.867722],[2.459579,48.868198],[2.460006,48.86834],[2.461112,48.868687],[2.461792,48.868916],[2.461792,48.868916],[2.461905,48.868954],[2.462073,48.868992],[2.462274,48.868961],[2.462302,48.868938],[2.462339,48.868927],[2.462381,48.868919],[2.462422,48.868927],[2.46246,48.868938],[2.462488,48.868958],[2.462505,48.868984],[2.462508,48.869011],[2.462498,48.869038],[2.462537,48.869114],[2.462582,48.869171],[2.463015,48.869293],[2.463366,48.869377],[2.464949,48.869835],[2.46545,48.869972],[2.46545,48.869972],[2.466286,48.870201],[2.466315,48.870178],[2.466353,48.870163],[2.466397,48.870155],[2.466442,48.870159],[2.466483,48.870174],[2.466515,48.870193],[2.466535,48.87022],[2.466541,48.870251],[2.466532,48.870277],[2.466643,48.870319],[2.467994,48.870701],[2.468431,48.870789],[2.468994,48.870876],[2.469243,48.870949],[2.469585,48.871006],[2.470115,48.871052],[2.470115,48.871052],[2.470854,48.871155],[2.470891,48.871025],[2.470971,48.870625],[2.471035,48.870293],[2.471035,48.870216],[2.471028,48.870098],[2.470757,48.869228],[2.470757,48.869228],[2.470715,48.869072],[2.470296,48.867809],[2.470475,48.867783],[2.470667,48.86771],[2.472215,48.867466],[2.474084,48.867332],[2.474241,48.867302],[2.474365,48.867218],[2.47439,48.86718],[2.47444,48.867134],[2.474498,48.867107],[2.474543,48.867069],[2.474543,48.867069],[2.474612,48.867023],[2.474741,48.866974],[2.474859,48.866959],[2.474958,48.866928],[2.477396,48.866421],[2.477531,48.866421],[2.477506,48.866325],[2.477433,48.866119],[2.477433,48.866119],[2.477412,48.866062],[2.477365,48.866005],[2.477099,48.865292],[2.476937,48.864773],[2.47792,48.864555],[2.478085,48.864544],[2.478506,48.864445],[2.478629,48.864399],[2.478845,48.864349],[2.478845,48.864349],[2.479611,48.86417],[2.47975,48.86417],[2.480796,48.863941],[2.480873,48.863911],[2.480947,48.863895],[2.481057,48.863884],[2.481247,48.863899],[2.481446,48.863873],[2.482012,48.863735],[2.482164,48.863617],[2.482333,48.863571],[2.482612,48.863514],[2.482413,48.863155],[2.482252,48.862816],[2.482252,48.862816],[2.482129,48.862587],[2.481785,48.861866],[2.481758,48.861752],[2.481758,48.861713],[2.481781,48.861603],[2.481707,48.86158],[2.481651,48.861538],[2.481621,48.861488],[2.481635,48.861408],[2.481435,48.861179],[2.481303,48.86092],[2.481303,48.86092],[2.481014,48.860336],[2.480896,48.860161],[2.480814,48.860058],[2.480645,48.859886],[2.480495,48.859768],[2.480376,48.859699],[2.480455,48.859634],[2.480485,48.859539],[2.480474,48.859486],[2.480435,48.859379],[2.480236,48.858906],[2.480154,48.858494],[2.480139,48.858269],[2.480332,48.85828],[2.480524,48.858307],[2.481228,48.858372],[2.481516,48.857899],[2.481516,48.857899],[2.481821,48.857384],[2.48191,48.857086],[2.481927,48.856987],[2.481948,48.856655],[2.48192,48.855766],[2.48192,48.855766],[2.481915,48.855732],[2.481767,48.85548],[2.481717,48.855453],[2.481678,48.855419],[2.481652,48.855381],[2.481642,48.855339],[2.481648,48.855297],[2.481669,48.855255],[2.481704,48.855221],[2.481752,48.855194],[2.481856,48.855164],[2.481912,48.85516],[2.482021,48.855179],[2.482069,48.855198],[2.482121,48.855236],[2.482154,48.855282],[2.482167,48.855331],[2.485785,48.85527],[2.485785,48.85527],[2.486124,48.855324],[2.486143,48.855289],[2.486161,48.855274],[2.486236,48.855251],[2.486281,48.855255],[2.486322,48.855267],[2.486352,48.855289],[2.486369,48.855316],[2.486579,48.855259],[2.487846,48.855232],[2.487911,48.855221],[2.488029,48.855186],[2.488079,48.855167],[2.488136,48.855129],[2.488188,48.855072],[2.488266,48.85482],[2.488322,48.854675],[2.488482,48.854156],[2.488479,48.854076],[2.488548,48.853821],[2.488544,48.853745],[2.488498,48.853683],[2.488458,48.853645],[2.488401,48.853619],[2.48833,48.8536],[2.488237,48.853592],[2.488013,48.853577],[2.487953,48.853554],[2.487821,48.853485]]],"type":"MultiLineString"},"properties":{"route_id":"IDFM:C01398","route_short_name":"N34","route_long_name":"N34","route_type":"Bus","route_color":"D2D200","route_url":null,"id_ilico":"C01398","operatorname":"RATP Cap Boucles de Marne","networkname":"Bord de Marne","id_bus_contrat":45,"url":"https:\/\/ilico.iledefrance-mobilites.fr\/uploads\/plans\/20251022T140713Z-863e0224-81d9-490a-987c-3493fc2089e6.pdf","type":"HORAIRE|PLAN","long_name_first":"N","geo_point_2d":{"lon":2.5158966275077117,"lat":48.85486740977875}}},{"type":"Feature","geometry":{"coordinates":[[[2.580806,48.785706],[2.580241,48.785667],[2.580191,48.785702],[2.579686,48.78616],[2.57959,48.786228],[2.579362,48.786278],[2.579053,48.786282],[2.578109,48.786037],[2.578007,48.786045],[2.577955,48.786034],[2.577712,48.786182],[2.576696,48.787327],[2.576529,48.787495],[2.576529,48.787495],[2.575464,48.788563],[2.575342,48.788673],[2.575274,48.788696],[2.575224,48.788704],[2.575143,48.788696],[2.575076,48.788685],[2.574287,48.788361],[2.574214,48.788342],[2.57409,48.788334],[2.573993,48.788357],[2.573939,48.788383],[2.573884,48.788437],[2.572934,48.789478],[2.572911,48.789536],[2.572922,48.789589],[2.572978,48.78968],[2.573141,48.789761],[2.57337,48.789852],[2.57337,48.789852],[2.573737,48.790001],[2.573843,48.790051],[2.57388,48.790085],[2.573919,48.790169],[2.573918,48.790215],[2.573904,48.790268],[2.572308,48.791985],[2.572625,48.792053],[2.573662,48.792255],[2.573662,48.792255],[2.574042,48.792328],[2.574265,48.792332],[2.575192,48.79232],[2.575341,48.792332],[2.575533,48.79237],[2.575868,48.792465],[2.576013,48.79248],[2.57609,48.79248],[2.576231,48.792461],[2.576416,48.792416],[2.576519,48.792366],[2.576601,48.792305],[2.576787,48.792114],[2.577164,48.791702],[2.577164,48.791702],[2.577561,48.791271],[2.577637,48.791222],[2.577797,48.791435],[2.577948,48.791622],[2.578057,48.791721],[2.578124,48.791698],[2.578163,48.791695],[2.578224,48.79171],[2.578263,48.791748],[2.578271,48.791771],[2.578266,48.791798],[2.578248,48.791824],[2.578219,48.791843],[2.578182,48.791855],[2.578227,48.791958],[2.579185,48.793186],[2.579368,48.793438],[2.579428,48.793545],[2.579606,48.794365],[2.579908,48.795574],[2.579927,48.795677],[2.579931,48.795753],[2.579915,48.795876],[2.579842,48.796059],[2.579769,48.796165],[2.579606,48.796375],[2.576951,48.799564],[2.575913,48.800797],[2.575913,48.800797],[2.575816,48.800919],[2.575685,48.800968],[2.575542,48.801014],[2.575418,48.801102],[2.575458,48.801125],[2.575487,48.801151],[2.575502,48.801186],[2.575502,48.80122],[2.575487,48.80125],[2.57546,48.801277],[2.575423,48.8013],[2.575379,48.801311],[2.57533,48.801315],[2.575282,48.801311],[2.575244,48.801422],[2.575235,48.801514],[2.57516,48.801701],[2.573844,48.803318],[2.573141,48.804138],[2.572618,48.804768],[2.572402,48.805042],[2.572323,48.805119],[2.572464,48.805206],[2.572694,48.805367],[2.572694,48.805367],[2.572929,48.805515],[2.573367,48.805775],[2.574278,48.806328],[2.574344,48.806305],[2.574403,48.806305],[2.574458,48.80632],[2.574496,48.806351],[2.574506,48.806374],[2.574499,48.806419],[2.574471,48.806446],[2.575522,48.807117],[2.575522,48.807117],[2.575676,48.807217],[2.57577,48.807266],[2.575844,48.807247],[2.575884,48.807247],[2.575926,48.807255],[2.575961,48.807274],[2.575985,48.807301],[2.575994,48.807323],[2.575994,48.807346],[2.575983,48.807369],[2.575962,48.807392],[2.575928,48.807411],[2.575886,48.807419],[2.575841,48.807423],[2.575769,48.807468],[2.573187,48.809654],[2.573187,48.809654],[2.572944,48.809864],[2.572852,48.809933],[2.572699,48.810005],[2.572368,48.809952],[2.571895,48.809994],[2.571695,48.809998],[2.570971,48.81004],[2.56949,48.810162],[2.569259,48.8102],[2.569259,48.8102],[2.569055,48.81023],[2.568489,48.810284],[2.567396,48.811871],[2.567396,48.811871],[2.566595,48.813034],[2.566502,48.813156],[2.565892,48.813644],[2.565517,48.813957],[2.565336,48.814087],[2.564249,48.814709],[2.564249,48.814709],[2.563649,48.815067],[2.562578,48.815735],[2.562295,48.815933],[2.56213,48.816017],[2.562017,48.81609],[2.562037,48.816128],[2.562022,48.816166],[2.562002,48.816185],[2.561948,48.8162],[2.561888,48.8162],[2.561866,48.816193],[2.561725,48.816254],[2.56147,48.816395],[2.56147,48.816395],[2.56097,48.816673],[2.559992,48.81757],[2.55901,48.818432],[2.558794,48.818592],[2.558678,48.818695],[2.558678,48.818695],[2.558221,48.819096],[2.558039,48.819286],[2.557927,48.819393],[2.556863,48.820259],[2.556863,48.820259],[2.556052,48.820915],[2.555848,48.821068],[2.555598,48.821239],[2.55507,48.821526],[2.554254,48.821999],[2.553618,48.822334],[2.553457,48.822392],[2.553338,48.822414],[2.553167,48.822422],[2.552707,48.822395],[2.55255,48.822395],[2.552326,48.822411],[2.5522,48.822437],[2.551506,48.822647],[2.551348,48.822685],[2.550763,48.822762],[2.550763,48.822762],[2.549776,48.822884],[2.549696,48.82291],[2.549551,48.822941],[2.549495,48.822983],[2.549501,48.823006],[2.549498,48.823032],[2.549462,48.823078],[2.549424,48.823097],[2.549378,48.823105],[2.549329,48.823105],[2.549268,48.82309],[2.549219,48.823048],[2.549087,48.823006],[2.54896,48.822975],[2.547252,48.823154],[2.545422,48.82333],[2.545294,48.823372],[2.54508,48.823471],[2.544991,48.823563],[2.544931,48.823601],[2.54489,48.823608],[2.544854,48.823685],[2.544714,48.823929],[2.544755,48.823952],[2.544771,48.823971],[2.544776,48.823997],[2.544763,48.824028],[2.544729,48.824051],[2.544662,48.824062],[2.544613,48.824055],[2.544576,48.824028],[2.544414,48.823997],[2.544067,48.823914],[2.544067,48.823914],[2.543319,48.82373],[2.543199,48.823708],[2.542896,48.823669],[2.542564,48.823597],[2.542112,48.823448],[2.541477,48.823303],[2.541433,48.823303],[2.541333,48.82333],[2.541283,48.823357],[2.54125,48.823364],[2.541208,48.823467],[2.541185,48.823505],[2.54113,48.823566],[2.541134,48.823727],[2.541112,48.823879],[2.541069,48.82402],[2.540648,48.825203],[2.540461,48.825851],[2.540461,48.825851],[2.540408,48.82605],[2.540312,48.826538],[2.540322,48.826591],[2.540384,48.826595],[2.540439,48.826614],[2.540478,48.826645],[2.54049,48.826679],[2.540482,48.826717],[2.540456,48.826748],[2.540477,48.826839],[2.540502,48.826878],[2.540551,48.826916],[2.540842,48.827091],[2.540989,48.82716],[2.541436,48.827328],[2.54214,48.827343],[2.54238,48.827335],[2.54243,48.827385],[2.542657,48.827648],[2.542657,48.827648],[2.542981,48.828041],[2.542995,48.828125],[2.543096,48.828114],[2.544234,48.82769],[2.544288,48.827679],[2.544503,48.827671],[2.544986,48.827583],[2.546528,48.827129],[2.546528,48.827129],[2.546959,48.827003],[2.547133,48.826962],[2.547513,48.826881],[2.547784,48.826847],[2.548958,48.826801],[2.549556,48.826786],[2.549556,48.826786],[2.549886,48.826782],[2.549976,48.826763],[2.550013,48.826736],[2.55006,48.826717],[2.550113,48.82671],[2.550168,48.82671],[2.550223,48.826721],[2.55027,48.826744],[2.550306,48.826775],[2.550324,48.826805],[2.550618,48.826969],[2.551467,48.827335],[2.554138,48.828465],[2.553307,48.828808],[2.553307,48.828808],[2.549519,48.830338],[2.549519,48.830338],[2.54736,48.831203],[2.546717,48.831474],[2.545094,48.832123],[2.54497,48.832184],[2.544331,48.832706],[2.544266,48.832779],[2.544382,48.832817],[2.544969,48.833076],[2.544969,48.833076],[2.545565,48.833321],[2.545786,48.833424],[2.546033,48.833549],[2.546414,48.833797],[2.546741,48.834084],[2.546845,48.83419],[2.547027,48.834412],[2.547093,48.834511],[2.547344,48.834995],[2.547412,48.835258],[2.547437,48.835403],[2.547437,48.835403],[2.547447,48.835529],[2.547426,48.835701],[2.547429,48.835777],[2.547481,48.8358],[2.547523,48.835835],[2.547553,48.835869],[2.547568,48.835911],[2.547568,48.835953],[2.547553,48.835995],[2.54752,48.836037],[2.547471,48.836071],[2.547427,48.836128],[2.547417,48.836166],[2.547451,48.836403],[2.547439,48.836777],[2.54744,48.836906],[2.547453,48.836964],[2.547495,48.837025],[2.547582,48.837051],[2.547654,48.837093],[2.547705,48.837147],[2.547729,48.837212],[2.547725,48.837276],[2.547691,48.837337],[2.54763,48.837391],[2.547691,48.837498],[2.547785,48.83762],[2.547908,48.837738],[2.548965,48.83868],[2.549403,48.839081],[2.549964,48.839619],[2.550257,48.839878],[2.550257,48.839878],[2.550682,48.840252],[2.550793,48.84026],[2.550857,48.840279],[2.55091,48.840309],[2.550949,48.840347],[2.550972,48.840393],[2.550974,48.840443],[2.550956,48.840488],[2.550928,48.840523],[2.550889,48.840553],[2.550813,48.840584],[2.550829,48.840668],[2.550937,48.840858],[2.550997,48.840904],[2.551032,48.840912],[2.551611,48.840916]],[[2.551945,48.84063],[2.551105,48.840626],[2.550889,48.840553],[2.550813,48.840584],[2.550738,48.840595],[2.550658,48.840591],[2.550584,48.840572],[2.550522,48.840538],[2.550478,48.840496],[2.550458,48.84045],[2.550458,48.840401],[2.550479,48.840351],[2.550182,48.840057],[2.549779,48.839695],[2.549592,48.839516],[2.548755,48.838787],[2.548755,48.838787],[2.548204,48.83828],[2.547642,48.837746],[2.547499,48.837551],[2.547401,48.837452],[2.5473,48.83744],[2.547208,48.837414],[2.547134,48.837364],[2.547084,48.837303],[2.547067,48.837231],[2.547086,48.837162],[2.547122,48.837112],[2.547174,48.837074],[2.54724,48.83704],[2.547259,48.836941],[2.547301,48.836243],[2.547295,48.836178],[2.547262,48.83614],[2.547215,48.836102],[2.547156,48.836082],[2.547105,48.836056],[2.547066,48.836021],[2.547041,48.835979],[2.547032,48.835938],[2.547038,48.835896],[2.547064,48.83585],[2.547106,48.835812],[2.547163,48.835781],[2.54723,48.835762],[2.5473,48.835659],[2.547322,48.835567],[2.547323,48.835468],[2.547257,48.835098],[2.546985,48.834522],[2.546985,48.834522],[2.546798,48.83427],[2.546543,48.834023],[2.546228,48.833771],[2.545946,48.833595],[2.545707,48.833466],[2.545469,48.833355],[2.544189,48.832867],[2.544331,48.832706],[2.544617,48.832478],[2.544617,48.832478],[2.54497,48.832184],[2.545094,48.832123],[2.546717,48.831474],[2.54736,48.831203],[2.549519,48.830338],[2.549519,48.830338],[2.553482,48.828735],[2.553482,48.828735],[2.554138,48.828465],[2.551467,48.827335],[2.550618,48.826969],[2.550445,48.826939],[2.550237,48.826942],[2.550179,48.826958],[2.550116,48.826962],[2.550055,48.82695],[2.550002,48.826927],[2.549964,48.826893],[2.549783,48.82682],[2.549584,48.826782],[2.548958,48.826801],[2.548958,48.826801],[2.547784,48.826847],[2.547513,48.826881],[2.547133,48.826962],[2.546959,48.827003],[2.546528,48.827129],[2.546528,48.827129],[2.544986,48.827583],[2.544503,48.827671],[2.544288,48.827679],[2.544234,48.82769],[2.543096,48.828114],[2.542759,48.828167],[2.542561,48.828224],[2.542561,48.828224],[2.541645,48.828518],[2.540837,48.828808],[2.540685,48.82885],[2.539579,48.829079],[2.539492,48.829132],[2.539355,48.829075],[2.539418,48.828903],[2.540237,48.826836],[2.540274,48.826767],[2.54024,48.826752],[2.540215,48.826725],[2.540202,48.826687],[2.540217,48.826641],[2.540243,48.826618],[2.540279,48.826599],[2.540322,48.826591],[2.540312,48.826538],[2.540408,48.82605],[2.54052,48.825634],[2.54052,48.825634],[2.540648,48.825203],[2.541069,48.82402],[2.541112,48.823879],[2.541134,48.823727],[2.54113,48.823566],[2.541096,48.823505],[2.541108,48.823452],[2.541154,48.823338],[2.54114,48.823326],[2.541128,48.823292],[2.541133,48.823269],[2.541151,48.823246],[2.54121,48.823219],[2.541246,48.823219],[2.541296,48.823231],[2.541333,48.823254],[2.541446,48.823242],[2.541493,48.82325],[2.542274,48.823437],[2.542679,48.82354],[2.543234,48.823639],[2.54411,48.82386],[2.54411,48.82386],[2.544448,48.823948],[2.54457,48.823967],[2.544594,48.823944],[2.54463,48.823929],[2.544672,48.823921],[2.544714,48.823929],[2.544854,48.823685],[2.54489,48.823608],[2.544838,48.823578],[2.544824,48.823563],[2.544812,48.82354],[2.544827,48.82349],[2.544865,48.823433],[2.544942,48.823395],[2.544984,48.823391],[2.54509,48.82336],[2.547252,48.823154],[2.549093,48.82296],[2.549236,48.822952],[2.549294,48.822922],[2.549368,48.822914],[2.549417,48.822922],[2.549551,48.822876],[2.549613,48.822868],[2.549692,48.822865],[2.549776,48.822884],[2.549814,48.82288],[2.550503,48.822788],[2.550763,48.822762],[2.550763,48.822762],[2.551348,48.822685],[2.551506,48.822647],[2.5522,48.822437],[2.552326,48.822411],[2.55255,48.822395],[2.552707,48.822395],[2.553167,48.822422],[2.553338,48.822414],[2.553457,48.822392],[2.553618,48.822334],[2.554254,48.821999],[2.55507,48.821526],[2.555598,48.821239],[2.555712,48.821159],[2.555712,48.821159],[2.556052,48.820915],[2.556665,48.820423],[2.557454,48.819771],[2.557927,48.819393],[2.558039,48.819286],[2.558221,48.819096],[2.558794,48.818592],[2.558908,48.818512],[2.558908,48.818512],[2.55901,48.818432],[2.559992,48.81757],[2.56097,48.816673],[2.561725,48.816254],[2.561866,48.816193],[2.561842,48.816177],[2.561817,48.816139],[2.561819,48.816116],[2.56183,48.816097],[2.56185,48.816078],[2.561905,48.816059],[2.561937,48.816059],[2.561968,48.816063],[2.562017,48.81609],[2.56213,48.816017],[2.562295,48.815933],[2.562418,48.815845],[2.562418,48.815845],[2.562578,48.815735],[2.563649,48.815067],[2.564485,48.814568],[2.565336,48.814087],[2.565517,48.813957],[2.565777,48.813744],[2.565777,48.813744],[2.565892,48.813644],[2.566502,48.813156],[2.566595,48.813034],[2.568539,48.810219],[2.568612,48.810204],[2.569292,48.810162],[2.569292,48.810162],[2.56949,48.810162],[2.570971,48.81004],[2.571695,48.809998],[2.571895,48.809994],[2.572368,48.809952],[2.572786,48.809898],[2.573032,48.809696],[2.573032,48.809696],[2.575114,48.807945],[2.575699,48.807438],[2.575744,48.807377],[2.575729,48.80735],[2.575728,48.80732],[2.575742,48.807293],[2.57577,48.807266],[2.575676,48.807217],[2.575522,48.807117],[2.575522,48.807117],[2.574471,48.806446],[2.574435,48.806465],[2.574398,48.806473],[2.574337,48.806469],[2.57429,48.80645],[2.574262,48.806427],[2.574249,48.806404],[2.574251,48.806362],[2.574278,48.806328],[2.573367,48.805775],[2.572929,48.805515],[2.572694,48.805367],[2.572464,48.805206],[2.572323,48.805119],[2.572402,48.805042],[2.572618,48.804768],[2.572618,48.804768],[2.573141,48.804138],[2.573844,48.803318],[2.57516,48.801701],[2.575235,48.801514],[2.575244,48.801422],[2.575282,48.801311],[2.575233,48.801296],[2.575193,48.801273],[2.575166,48.801243],[2.575155,48.801208],[2.575159,48.801174],[2.57518,48.80114],[2.575215,48.801113],[2.575261,48.801094],[2.575314,48.801086],[2.575367,48.80109],[2.575418,48.801102],[2.575542,48.801014],[2.575685,48.800968],[2.575816,48.800919],[2.575913,48.800797],[2.575913,48.800797],[2.576951,48.799564],[2.579606,48.796375],[2.579769,48.796165],[2.579842,48.796059],[2.579915,48.795876],[2.579931,48.795753],[2.579927,48.795677],[2.579908,48.795574],[2.579606,48.794365],[2.579428,48.793545],[2.579368,48.793438],[2.579185,48.793186],[2.578227,48.791958],[2.578182,48.791855],[2.578104,48.791851],[2.57807,48.79184],[2.578044,48.791821],[2.578029,48.791794],[2.578026,48.791767],[2.578036,48.791744],[2.578057,48.791721],[2.577948,48.791622],[2.577797,48.791435],[2.577519,48.79147],[2.577341,48.791512],[2.577164,48.791702],[2.577164,48.791702],[2.576787,48.792114],[2.576601,48.792305],[2.576519,48.792366],[2.576416,48.792416],[2.576231,48.792461],[2.57609,48.79248],[2.576013,48.79248],[2.575868,48.792465],[2.575533,48.79237],[2.575341,48.792332],[2.575192,48.79232],[2.574265,48.792332],[2.574265,48.792332],[2.574042,48.792328],[2.572625,48.792053],[2.572308,48.791985],[2.573904,48.790268],[2.573918,48.790215],[2.573919,48.790169],[2.57388,48.790085],[2.573843,48.790051],[2.573737,48.790001],[2.573141,48.789761],[2.573141,48.789761],[2.572978,48.78968],[2.572922,48.789589],[2.572911,48.789536],[2.572934,48.789478],[2.573884,48.788437],[2.573939,48.788383],[2.573993,48.788357],[2.57409,48.788334],[2.574214,48.788342],[2.574287,48.788361],[2.575076,48.788685],[2.575143,48.788696],[2.575224,48.788704],[2.575274,48.788696],[2.575342,48.788673],[2.575464,48.788563],[2.576696,48.787327],[2.576696,48.787327],[2.577712,48.786182],[2.577955,48.786034],[2.578012,48.785984],[2.578043,48.785995],[2.578109,48.786037],[2.579053,48.786282],[2.579362,48.786278],[2.57959,48.786228],[2.579686,48.78616],[2.580191,48.785702],[2.580241,48.785667],[2.580806,48.785706]]],"type":"MultiLineString"},"properties":{"route_id":"IDFM:C01222","route_short_name":"207","route_long_name":"207","route_type":"Bus","route_color":"DC9600","route_url":null,"id_ilico":"C01222","operatorname":"Keolis Grand Paris Vall\u00e9e de la Marne","networkname":"Marne et Brie","id_bus_contrat":9,"url":"https:\/\/ilico.iledefrance-mobilites.fr\/uploads\/plans\/20260710T085105Z-f48215fd-b97e-4172-bc78-3e2bb726330f.pdf","type":"HORAIRE|PLAN","long_name_first":"2","geo_point_2d":{"lon":2.56050978703535,"lat":48.81462457970777}}},{"type":"Feature","geometry":{"coordinates":[[[2.472589,48.805973],[2.472819,48.805897],[2.472947,48.805908],[2.473376,48.806583],[2.473376,48.806583],[2.47346,48.806717],[2.473508,48.806816],[2.473938,48.807457],[2.473972,48.807556],[2.473863,48.807598],[2.473759,48.807663],[2.47322,48.808224],[2.472086,48.809177],[2.471572,48.809593],[2.471433,48.809731],[2.47123,48.809849],[2.47097,48.810024],[2.47097,48.810024],[2.470157,48.810585],[2.469402,48.811047],[2.469533,48.811096],[2.469766,48.81123],[2.469766,48.81123],[2.470426,48.811565],[2.470999,48.811836],[2.471158,48.811905],[2.471546,48.812008],[2.472966,48.812458],[2.473113,48.812374],[2.473153,48.812374],[2.473196,48.812386],[2.473229,48.812408],[2.473257,48.812439],[2.473465,48.812374],[2.473465,48.812374],[2.47874,48.810932],[2.47874,48.810932],[2.482307,48.809967],[2.482307,48.809967],[2.483025,48.80978],[2.485088,48.809223],[2.485088,48.809223],[2.486262,48.808907],[2.486022,48.808506],[2.48621,48.808437],[2.487021,48.808338],[2.487413,48.80827],[2.490947,48.807865],[2.490947,48.807865],[2.491793,48.807774],[2.49194,48.80777],[2.491743,48.806862],[2.491713,48.806698],[2.491646,48.806534],[2.492231,48.806385],[2.492353,48.806362],[2.492456,48.806351],[2.492616,48.806358],[2.492778,48.806377],[2.495727,48.806797],[2.495727,48.806797],[2.496254,48.806873],[2.496633,48.805714],[2.497197,48.805794],[2.497197,48.805794],[2.500439,48.806244],[2.500537,48.806248],[2.500706,48.806274],[2.500706,48.806274],[2.501875,48.806438],[2.50202,48.806465],[2.503909,48.806725],[2.505528,48.806953],[2.505528,48.806953],[2.505832,48.806999],[2.505865,48.807621],[2.505858,48.807873],[2.505849,48.807945],[2.505826,48.808002],[2.50582,48.808243],[2.505855,48.808346],[2.505892,48.808388],[2.505949,48.808422],[2.506007,48.80843],[2.50606,48.808426],[2.506108,48.808411],[2.506321,48.8083],[2.506731,48.808151],[2.50727,48.80798],[2.507712,48.807873],[2.509068,48.807663],[2.509046,48.80756],[2.509177,48.807526],[2.509268,48.807491],[2.509858,48.807331],[2.509858,48.807331],[2.510308,48.807198],[2.511457,48.806808],[2.511511,48.806889],[2.511577,48.807159],[2.510842,48.807358],[2.510601,48.807411],[2.509104,48.807823],[2.50924,48.808292],[2.50939,48.808727],[2.509843,48.809853],[2.509972,48.810215],[2.51027,48.811001],[2.51027,48.811001],[2.510415,48.811375],[2.510484,48.811508],[2.510588,48.811745],[2.510644,48.811764],[2.510757,48.812065],[2.51078,48.812298],[2.511255,48.813427],[2.511375,48.813389],[2.512012,48.813232],[2.51249,48.813129],[2.51249,48.813129],[2.513908,48.812824],[2.514447,48.812687],[2.514568,48.812698],[2.515036,48.812569],[2.515391,48.812641],[2.515535,48.812664],[2.515535,48.812664],[2.51593,48.812729],[2.516263,48.81274],[2.516459,48.812737],[2.516793,48.812717],[2.51703,48.812687],[2.519048,48.81234],[2.519048,48.81234],[2.519875,48.812191],[2.520046,48.812172],[2.520303,48.812103],[2.520774,48.811958],[2.520813,48.812],[2.521062,48.812206],[2.521062,48.812206],[2.521218,48.812336],[2.521357,48.812424],[2.521519,48.812496],[2.521703,48.81255],[2.52184,48.812576],[2.52201,48.812599],[2.52222,48.812611],[2.522405,48.812611],[2.523809,48.812431],[2.5243,48.812389],[2.524975,48.812393],[2.525235,48.812408],[2.526275,48.812508],[2.526275,48.812508],[2.526958,48.812572],[2.527217,48.812588],[2.527276,48.812607],[2.52738,48.812679],[2.527295,48.812748],[2.527235,48.812836],[2.527182,48.81292],[2.527119,48.813053],[2.527086,48.813141],[2.527046,48.813259],[2.527025,48.813484],[2.52703,48.813652],[2.527116,48.813667],[2.527196,48.813694],[2.527287,48.813744],[2.527352,48.813808],[2.527387,48.813885],[2.527392,48.813938],[2.527364,48.814026],[2.527293,48.814102],[2.527189,48.814163],[2.527407,48.81448],[2.527462,48.814583],[2.527462,48.814583],[2.527496,48.814674],[2.527528,48.814865],[2.527522,48.815041],[2.527494,48.81522],[2.527339,48.815769],[2.527231,48.816204],[2.527212,48.816383],[2.527214,48.816551],[2.52724,48.816769],[2.527289,48.816952],[2.527294,48.816994],[2.527378,48.817013],[2.52745,48.817047],[2.527507,48.817093],[2.527764,48.817112],[2.52803,48.817112],[2.528294,48.817081],[2.528294,48.817081],[2.530272,48.816853],[2.532415,48.816635],[2.532636,48.816628],[2.532761,48.816628],[2.532933,48.816639],[2.533026,48.81665],[2.533277,48.816696],[2.533571,48.816769],[2.533437,48.817032],[2.533392,48.817055],[2.533392,48.817055],[2.533378,48.817093],[2.533363,48.817177],[2.53337,48.817287],[2.533475,48.817631],[2.533413,48.818012],[2.533328,48.818283],[2.533165,48.818691],[2.532968,48.819054],[2.532727,48.819363],[2.532458,48.819618],[2.53222,48.819824],[2.53199,48.820004],[2.531826,48.820114],[2.531826,48.820114],[2.531772,48.820152],[2.531649,48.820221],[2.53149,48.820278],[2.531267,48.820393],[2.530766,48.820595],[2.530733,48.820618],[2.5307,48.820652],[2.530684,48.820702],[2.530704,48.820751],[2.530756,48.820805],[2.531962,48.821491],[2.532065,48.821564],[2.532332,48.82185],[2.532332,48.82185],[2.532715,48.822311],[2.533011,48.822632],[2.533114,48.822712],[2.533128,48.822735],[2.533186,48.822937],[2.53326,48.823063],[2.533989,48.823975],[2.53583,48.823555],[2.53583,48.823555],[2.537543,48.823162],[2.537963,48.82309],[2.538278,48.823051],[2.538659,48.823021],[2.5391,48.822998],[2.539507,48.82299],[2.540407,48.823074],[2.540661,48.823112],[2.540742,48.823151],[2.540828,48.823235],[2.540917,48.823284],[2.541014,48.823292],[2.541128,48.823292],[2.541133,48.823269],[2.541151,48.823246],[2.54121,48.823219],[2.541246,48.823219],[2.541296,48.823231],[2.541333,48.823254],[2.541446,48.823242],[2.541493,48.82325],[2.542274,48.823437],[2.542679,48.82354],[2.543234,48.823639],[2.544448,48.823948],[2.54457,48.823967],[2.544594,48.823944],[2.54463,48.823929],[2.544672,48.823921],[2.544714,48.823929],[2.544755,48.823952],[2.544771,48.823971],[2.544776,48.823997],[2.544763,48.824028],[2.544729,48.824051],[2.544662,48.824062],[2.544613,48.824055],[2.544576,48.824028],[2.544414,48.823997],[2.544067,48.823914],[2.544067,48.823914],[2.543319,48.82373],[2.543199,48.823708],[2.542896,48.823669],[2.542564,48.823597],[2.542112,48.823448],[2.541477,48.823303],[2.541433,48.823303],[2.541333,48.82333],[2.541283,48.823357],[2.54125,48.823364],[2.541208,48.823467],[2.541185,48.823505],[2.54113,48.823566],[2.541134,48.823727],[2.541112,48.823879],[2.541069,48.82402],[2.540648,48.825203],[2.540461,48.825851],[2.540461,48.825851],[2.540408,48.82605],[2.540312,48.826538],[2.540322,48.826591],[2.540384,48.826595],[2.540439,48.826614],[2.540478,48.826645],[2.54049,48.826679],[2.540482,48.826717],[2.540456,48.826748],[2.540417,48.826771],[2.540319,48.826778],[2.540274,48.826767],[2.54024,48.826752],[2.540215,48.826725],[2.540127,48.826714],[2.540027,48.826672],[2.539781,48.826626],[2.539486,48.826611],[2.538658,48.826694],[2.537615,48.826714],[2.537135,48.826736],[2.536899,48.826756],[2.536506,48.826817],[2.536502,48.826881],[2.53621,48.827759],[2.53621,48.827759],[2.536138,48.827991],[2.53608,48.828094],[2.536007,48.8283],[2.535995,48.828423],[2.535649,48.829479],[2.535604,48.829559],[2.53555,48.8297],[2.535501,48.829872],[2.535499,48.829964],[2.53515,48.831024],[2.535111,48.831165],[2.534493,48.831409],[2.534493,48.831409],[2.534137,48.831547],[2.534438,48.83176],[2.535207,48.832264],[2.536819,48.83329],[2.538112,48.834126],[2.538308,48.83424],[2.538308,48.83424],[2.538518,48.834347],[2.538814,48.834473],[2.539118,48.834568],[2.539458,48.834648],[2.539738,48.834694],[2.539926,48.834717],[2.540125,48.834728],[2.54054,48.834721],[2.54054,48.834721],[2.540824,48.834694],[2.541029,48.834663],[2.541388,48.834599],[2.541592,48.834549],[2.541835,48.834473],[2.54207,48.834389],[2.542275,48.834297],[2.542498,48.834179],[2.542667,48.834072],[2.542819,48.833961],[2.543506,48.83342],[2.544085,48.832973],[2.544266,48.832779],[2.544382,48.832817],[2.544969,48.833076],[2.544969,48.833076],[2.545565,48.833321],[2.545786,48.833424],[2.546033,48.833549],[2.546414,48.833797],[2.546741,48.834084],[2.546845,48.83419],[2.547027,48.834412],[2.547093,48.834511],[2.547344,48.834995],[2.547412,48.835258],[2.547437,48.835403],[2.547437,48.835403],[2.547447,48.835529],[2.547426,48.835701],[2.547429,48.835777],[2.547481,48.8358],[2.547523,48.835835],[2.547553,48.835869],[2.547568,48.835911],[2.547568,48.835953],[2.547553,48.835995],[2.54752,48.836037],[2.547471,48.836071],[2.547427,48.836128],[2.547417,48.836166],[2.547451,48.836403],[2.547439,48.836777],[2.54744,48.836906],[2.547453,48.836964],[2.547495,48.837025],[2.547582,48.837051],[2.547654,48.837093],[2.547705,48.837147],[2.547729,48.837212],[2.547725,48.837276],[2.547691,48.837337],[2.54763,48.837391],[2.547691,48.837498],[2.547785,48.83762],[2.547908,48.837738],[2.548965,48.83868],[2.549403,48.839081],[2.549964,48.839619],[2.550257,48.839878],[2.550257,48.839878],[2.550682,48.840252],[2.550793,48.84026],[2.550857,48.840279],[2.55091,48.840309],[2.550949,48.840347],[2.550972,48.840393],[2.550974,48.840443],[2.550956,48.840488],[2.550928,48.840523],[2.550889,48.840553],[2.550813,48.840584],[2.550829,48.840668],[2.550937,48.840858],[2.550997,48.840904],[2.551032,48.840912],[2.551611,48.840916]],[[2.469766,48.81123],[2.470426,48.811565],[2.470999,48.811836],[2.471158,48.811905],[2.471546,48.812008],[2.472191,48.81221],[2.473084,48.812496],[2.473151,48.812534],[2.473229,48.812489],[2.47325,48.812469],[2.473257,48.812439],[2.473465,48.812374],[2.473465,48.812374],[2.47874,48.810932],[2.47874,48.810932],[2.482307,48.809967],[2.482307,48.809967],[2.483025,48.80978],[2.485088,48.809223],[2.485088,48.809223],[2.486262,48.808907],[2.486022,48.808506],[2.48621,48.808437],[2.487021,48.808338],[2.487413,48.80827],[2.490947,48.807865],[2.490947,48.807865],[2.491793,48.807774],[2.49194,48.80777],[2.491743,48.806862],[2.491713,48.806698],[2.491646,48.806534],[2.492231,48.806385],[2.492353,48.806362],[2.492456,48.806351],[2.492616,48.806358],[2.492778,48.806377],[2.495727,48.806797],[2.495727,48.806797],[2.496254,48.806873],[2.496633,48.805714],[2.497197,48.805794],[2.497197,48.805794],[2.500439,48.806244],[2.500537,48.806248],[2.500706,48.806274],[2.500706,48.806274],[2.501875,48.806438],[2.50202,48.806465],[2.503909,48.806725],[2.505528,48.806953],[2.505528,48.806953],[2.505832,48.806999],[2.505865,48.807621],[2.505858,48.807873],[2.505849,48.807945],[2.505826,48.808002],[2.50582,48.808243],[2.505855,48.808346],[2.505892,48.808388],[2.505949,48.808422],[2.506007,48.80843],[2.50606,48.808426],[2.506108,48.808411],[2.506321,48.8083],[2.506731,48.808151],[2.50727,48.80798],[2.507712,48.807873],[2.509068,48.807663],[2.509046,48.80756],[2.509177,48.807526],[2.509268,48.807491],[2.509858,48.807331],[2.509858,48.807331],[2.510308,48.807198],[2.511457,48.806808],[2.511511,48.806889],[2.511577,48.807159],[2.510842,48.807358],[2.510601,48.807411],[2.509104,48.807823],[2.50924,48.808292],[2.50939,48.808727],[2.509843,48.809853],[2.509972,48.810215],[2.51027,48.811001],[2.51027,48.811001],[2.510415,48.811375],[2.510484,48.811508],[2.510588,48.811745],[2.510644,48.811764],[2.510757,48.812065],[2.51078,48.812298],[2.511255,48.813427],[2.511375,48.813389],[2.512012,48.813232],[2.51249,48.813129],[2.51249,48.813129],[2.513908,48.812824],[2.514447,48.812687],[2.514568,48.812698],[2.515036,48.812569],[2.515391,48.812641],[2.515535,48.812664],[2.515535,48.812664],[2.51593,48.812729],[2.516263,48.81274],[2.516459,48.812737],[2.516793,48.812717],[2.51703,48.812687],[2.519048,48.81234],[2.519048,48.81234],[2.519875,48.812191],[2.520046,48.812172],[2.520303,48.812103],[2.520774,48.811958],[2.520813,48.812],[2.521062,48.812206],[2.521062,48.812206],[2.521218,48.812336],[2.521357,48.812424],[2.521519,48.812496],[2.521703,48.81255],[2.52184,48.812576],[2.52201,48.812599],[2.52222,48.812611],[2.522405,48.812611],[2.523809,48.812431],[2.5243,48.812389],[2.524975,48.812393],[2.525235,48.812408],[2.526275,48.812508],[2.526275,48.812508],[2.526958,48.812572],[2.527217,48.812588],[2.527276,48.812607],[2.52738,48.812679],[2.527295,48.812748],[2.527235,48.812836],[2.527182,48.81292],[2.527119,48.813053],[2.527086,48.813141],[2.527046,48.813259],[2.527025,48.813484],[2.52703,48.813652],[2.527116,48.813667],[2.527196,48.813694],[2.527287,48.813744],[2.527352,48.813808],[2.527387,48.813885],[2.527392,48.813938],[2.527364,48.814026],[2.527293,48.814102],[2.527189,48.814163],[2.527407,48.81448],[2.527462,48.814583],[2.527462,48.814583],[2.527496,48.814674],[2.527528,48.814865],[2.527522,48.815041],[2.527494,48.81522],[2.527339,48.815769],[2.527231,48.816204],[2.527212,48.816383],[2.527214,48.816551],[2.52724,48.816769],[2.527289,48.816952],[2.527294,48.816994],[2.527378,48.817013],[2.52745,48.817047],[2.527507,48.817093],[2.527764,48.817112],[2.52803,48.817112],[2.528294,48.817081],[2.528294,48.817081],[2.530272,48.816853],[2.532415,48.816635],[2.532636,48.816628],[2.532761,48.816628],[2.532933,48.816639],[2.533026,48.81665],[2.533277,48.816696],[2.533571,48.816769],[2.533437,48.817032],[2.533392,48.817055],[2.533392,48.817055],[2.533378,48.817093],[2.533363,48.817177],[2.53337,48.817287],[2.533475,48.817631],[2.533413,48.818012],[2.533328,48.818283],[2.533165,48.818691],[2.532968,48.819054],[2.532727,48.819363],[2.532458,48.819618],[2.53222,48.819824],[2.53199,48.820004],[2.531826,48.820114],[2.531826,48.820114],[2.531772,48.820152],[2.531649,48.820221],[2.53149,48.820278],[2.531267,48.820393],[2.530766,48.820595],[2.530733,48.820618],[2.5307,48.820652],[2.530684,48.820702],[2.530704,48.820751],[2.530756,48.820805],[2.531962,48.821491],[2.532065,48.821564],[2.532332,48.82185],[2.532332,48.82185],[2.532715,48.822311],[2.533011,48.822632],[2.533114,48.822712],[2.533128,48.822735],[2.533186,48.822937],[2.53326,48.823063],[2.533989,48.823975],[2.53583,48.823555],[2.53583,48.823555],[2.537543,48.823162],[2.537963,48.82309],[2.538278,48.823051],[2.538659,48.823021],[2.5391,48.822998],[2.539507,48.82299],[2.540407,48.823074],[2.540661,48.823112],[2.540742,48.823151],[2.540828,48.823235],[2.540917,48.823284],[2.541014,48.823292],[2.541128,48.823292],[2.541133,48.823269],[2.541151,48.823246],[2.54121,48.823219],[2.541246,48.823219],[2.541296,48.823231],[2.541333,48.823254],[2.541446,48.823242],[2.541493,48.82325],[2.542274,48.823437],[2.542679,48.82354],[2.543234,48.823639],[2.544448,48.823948],[2.54457,48.823967],[2.544594,48.823944],[2.54463,48.823929],[2.544672,48.823921],[2.544714,48.823929],[2.544755,48.823952],[2.544771,48.823971],[2.544776,48.823997],[2.544763,48.824028],[2.544729,48.824051],[2.544662,48.824062],[2.544613,48.824055],[2.544576,48.824028],[2.544414,48.823997],[2.544067,48.823914],[2.544067,48.823914],[2.543319,48.82373],[2.543199,48.823708],[2.542896,48.823669],[2.542564,48.823597],[2.542112,48.823448],[2.541477,48.823303],[2.541433,48.823303],[2.541333,48.82333],[2.541283,48.823357],[2.54125,48.823364],[2.541208,48.823467],[2.541185,48.823505],[2.54113,48.823566],[2.541134,48.823727],[2.541112,48.823879],[2.541069,48.82402],[2.540648,48.825203],[2.540461,48.825851],[2.540461,48.825851],[2.540408,48.82605],[2.540312,48.826538],[2.540322,48.826591],[2.540384,48.826595],[2.540439,48.826614],[2.540478,48.826645],[2.54049,48.826679],[2.540482,48.826717],[2.540456,48.826748],[2.540417,48.826771],[2.540319,48.826778],[2.540274,48.826767],[2.54024,48.826752],[2.540215,48.826725],[2.540127,48.826714],[2.540027,48.826672],[2.539781,48.826626],[2.539486,48.826611],[2.538658,48.826694],[2.537615,48.826714],[2.537135,48.826736],[2.536899,48.826756],[2.536506,48.826817],[2.536502,48.826881],[2.53621,48.827759],[2.53621,48.827759],[2.536138,48.827991],[2.53608,48.828094],[2.536007,48.8283],[2.535995,48.828423],[2.535649,48.829479],[2.535604,48.829559],[2.53555,48.8297],[2.535501,48.829872],[2.535499,48.829964],[2.53515,48.831024],[2.535111,48.831165],[2.534493,48.831409],[2.534493,48.831409],[2.534137,48.831547],[2.534438,48.83176],[2.535207,48.832264],[2.536819,48.83329],[2.538112,48.834126],[2.538308,48.83424],[2.538308,48.83424],[2.538518,48.834347],[2.538814,48.834473],[2.539118,48.834568],[2.539458,48.834648],[2.539738,48.834694],[2.539926,48.834717],[2.540125,48.834728],[2.54054,48.834721],[2.54054,48.834721],[2.540824,48.834694],[2.541029,48.834663],[2.541388,48.834599],[2.541592,48.834549],[2.541835,48.834473],[2.54207,48.834389],[2.542275,48.834297],[2.542498,48.834179],[2.542667,48.834072],[2.542819,48.833961],[2.543506,48.83342],[2.544085,48.832973],[2.544266,48.832779],[2.544382,48.832817],[2.544969,48.833076],[2.544969,48.833076],[2.545565,48.833321],[2.545786,48.833424],[2.546033,48.833549],[2.546414,48.833797],[2.546741,48.834084],[2.546845,48.83419],[2.547027,48.834412],[2.547093,48.834511],[2.547344,48.834995],[2.547412,48.835258],[2.547437,48.835403],[2.547437,48.835403],[2.547447,48.835529],[2.547426,48.835701],[2.547429,48.835777],[2.547481,48.8358],[2.547523,48.835835],[2.547553,48.835869],[2.547568,48.835911],[2.547568,48.835953],[2.547553,48.835995],[2.54752,48.836037],[2.547471,48.836071],[2.547427,48.836128],[2.547417,48.836166],[2.547451,48.836403],[2.547439,48.836777],[2.54744,48.836906],[2.547453,48.836964],[2.547495,48.837025],[2.547582,48.837051],[2.547654,48.837093],[2.547705,48.837147],[2.547729,48.837212],[2.547725,48.837276],[2.547691,48.837337],[2.54763,48.837391],[2.547691,48.837498],[2.547785,48.83762],[2.547908,48.837738],[2.548965,48.83868],[2.549403,48.839081],[2.549964,48.839619],[2.550257,48.839878],[2.550257,48.839878],[2.550682,48.840252],[2.550793,48.84026],[2.550857,48.840279],[2.55091,48.840309],[2.550949,48.840347],[2.550972,48.840393],[2.550974,48.840443],[2.550956,48.840488],[2.550928,48.840523],[2.550889,48.840553],[2.550813,48.840584],[2.550829,48.840668],[2.550937,48.840858],[2.550997,48.840904],[2.551032,48.840912],[2.551611,48.840916]],[[2.552211,48.840633],[2.551105,48.840626],[2.550889,48.840553],[2.550813,48.840584],[2.550738,48.840595],[2.550658,48.840591],[2.550584,48.840572],[2.550522,48.840538],[2.550478,48.840496],[2.550458,48.84045],[2.550458,48.840401],[2.550479,48.840351],[2.550182,48.840057],[2.549779,48.839695],[2.549592,48.839516],[2.548755,48.838787],[2.548755,48.838787],[2.548204,48.83828],[2.547642,48.837746],[2.547499,48.837551],[2.547401,48.837452],[2.5473,48.83744],[2.547208,48.837414],[2.547134,48.837364],[2.547084,48.837303],[2.547067,48.837231],[2.547086,48.837162],[2.547122,48.837112],[2.547174,48.837074],[2.54724,48.83704],[2.547259,48.836941],[2.547301,48.836243],[2.547295,48.836178],[2.547262,48.83614],[2.547215,48.836102],[2.547156,48.836082],[2.547105,48.836056],[2.547066,48.836021],[2.547041,48.835979],[2.547032,48.835938],[2.547038,48.835896],[2.547064,48.83585],[2.547106,48.835812],[2.547163,48.835781],[2.54723,48.835762],[2.5473,48.835659],[2.547322,48.835567],[2.547323,48.835468],[2.547257,48.835098],[2.546985,48.834522],[2.546985,48.834522],[2.546798,48.83427],[2.546543,48.834023],[2.546228,48.833771],[2.545946,48.833595],[2.545707,48.833466],[2.545469,48.833355],[2.544189,48.832867],[2.544085,48.832973],[2.543506,48.83342],[2.543506,48.83342],[2.542819,48.833961],[2.542667,48.834072],[2.542498,48.834179],[2.542275,48.834297],[2.54207,48.834389],[2.541835,48.834473],[2.541592,48.834549],[2.541388,48.834599],[2.541029,48.834663],[2.541029,48.834663],[2.540824,48.834694],[2.54054,48.834721],[2.540125,48.834728],[2.539926,48.834717],[2.539738,48.834694],[2.539458,48.834648],[2.539118,48.834568],[2.538814,48.834473],[2.538518,48.834347],[2.538308,48.83424],[2.538112,48.834126],[2.536819,48.83329],[2.536819,48.83329],[2.535207,48.832264],[2.534438,48.83176],[2.534137,48.831547],[2.534786,48.831295],[2.534786,48.831295],[2.535111,48.831165],[2.53515,48.831024],[2.535499,48.829964],[2.535501,48.829872],[2.53555,48.8297],[2.535604,48.829559],[2.535649,48.829479],[2.535995,48.828423],[2.536007,48.8283],[2.53608,48.828094],[2.536138,48.827991],[2.53634,48.827366],[2.53634,48.827366],[2.536502,48.826881],[2.536506,48.826817],[2.536899,48.826756],[2.537135,48.826736],[2.537615,48.826714],[2.538658,48.826694],[2.539486,48.826611],[2.539781,48.826626],[2.540027,48.826672],[2.540217,48.826641],[2.540243,48.826618],[2.540279,48.826599],[2.540322,48.826591],[2.540312,48.826538],[2.540408,48.82605],[2.54052,48.825634],[2.54052,48.825634],[2.540648,48.825203],[2.541069,48.82402],[2.541112,48.823879],[2.541134,48.823727],[2.54113,48.823566],[2.541096,48.823505],[2.541108,48.823452],[2.541154,48.823338],[2.54114,48.823326],[2.541128,48.823292],[2.541133,48.823269],[2.541151,48.823246],[2.54121,48.823219],[2.541246,48.823219],[2.541296,48.823231],[2.541333,48.823254],[2.541446,48.823242],[2.541493,48.82325],[2.542274,48.823437],[2.542679,48.82354],[2.543234,48.823639],[2.54411,48.82386],[2.54411,48.82386],[2.544448,48.823948],[2.54457,48.823967],[2.544594,48.823944],[2.54463,48.823929],[2.544672,48.823921],[2.544714,48.823929],[2.544755,48.823952],[2.544771,48.823971],[2.544776,48.823997],[2.544763,48.824028],[2.544729,48.824051],[2.544662,48.824062],[2.544613,48.824055],[2.544576,48.824028],[2.544414,48.823997],[2.543319,48.82373],[2.543199,48.823708],[2.542896,48.823669],[2.542564,48.823597],[2.542112,48.823448],[2.541477,48.823303],[2.541433,48.823303],[2.541333,48.82333],[2.541283,48.823357],[2.541214,48.823364],[2.541154,48.823338],[2.54114,48.823326],[2.541128,48.823292],[2.541014,48.823292],[2.540917,48.823284],[2.540828,48.823235],[2.540742,48.823151],[2.540661,48.823112],[2.540407,48.823074],[2.539507,48.82299],[2.5391,48.822998],[2.538659,48.823021],[2.538278,48.823051],[2.537963,48.82309],[2.537543,48.823162],[2.534743,48.823803],[2.534743,48.823803],[2.533989,48.823975],[2.53326,48.823063],[2.533186,48.822937],[2.533128,48.822735],[2.533114,48.822712],[2.533011,48.822632],[2.532715,48.822311],[2.532332,48.82185],[2.53223,48.821743],[2.53223,48.821743],[2.532065,48.821564],[2.531962,48.821491],[2.530756,48.820805],[2.530704,48.820751],[2.530684,48.820702],[2.5307,48.820652],[2.530733,48.820618],[2.530766,48.820595],[2.531267,48.820393],[2.53149,48.820278],[2.531649,48.820221],[2.531772,48.820152],[2.53199,48.820004],[2.53222,48.819824],[2.532458,48.819618],[2.532458,48.819618],[2.532727,48.819363],[2.532968,48.819054],[2.533165,48.818691],[2.533328,48.818283],[2.533413,48.818012],[2.533475,48.817631],[2.53337,48.817287],[2.533363,48.817177],[2.533378,48.817093],[2.533392,48.817055],[2.533362,48.817024],[2.533374,48.816967],[2.533464,48.816742],[2.533277,48.816696],[2.533026,48.81665],[2.532933,48.816639],[2.532761,48.816628],[2.532636,48.816628],[2.532636,48.816628],[2.532415,48.816635],[2.530272,48.816853],[2.528294,48.817081],[2.528294,48.817081],[2.52803,48.817112],[2.527828,48.817158],[2.527697,48.817204],[2.527554,48.81723],[2.527529,48.817287],[2.527479,48.817341],[2.527407,48.817383],[2.527321,48.81741],[2.527228,48.817417],[2.527134,48.817406],[2.527049,48.817379],[2.52698,48.817337],[2.526933,48.81728],[2.526912,48.817226],[2.526915,48.817169],[2.526941,48.817116],[2.526989,48.817066],[2.527056,48.817028],[2.527136,48.817001],[2.527152,48.816765],[2.527124,48.816593],[2.527145,48.816307],[2.527187,48.816025],[2.527404,48.815216],[2.527439,48.814934],[2.527408,48.814697],[2.527408,48.814697],[2.52732,48.81451],[2.527119,48.81422],[2.527073,48.814194],[2.526933,48.814198],[2.526797,48.814175],[2.526682,48.814121],[2.5266,48.814045],[2.526562,48.813965],[2.526563,48.813881],[2.526603,48.813801],[2.526678,48.813732],[2.526781,48.813683],[2.526902,48.813656],[2.52703,48.813652],[2.527025,48.813484],[2.527046,48.813259],[2.527119,48.813053],[2.527083,48.812935],[2.527098,48.812881],[2.527155,48.81279],[2.527155,48.81279],[2.527198,48.812721],[2.527206,48.812691],[2.527196,48.812664],[2.527085,48.812576],[2.526958,48.812572],[2.525235,48.812408],[2.524975,48.812393],[2.5243,48.812389],[2.523809,48.812431],[2.522405,48.812611],[2.52222,48.812611],[2.52201,48.812599],[2.52184,48.812576],[2.521703,48.81255],[2.521519,48.812496],[2.521357,48.812424],[2.521357,48.812424],[2.521218,48.812336],[2.520813,48.812],[2.520774,48.811958],[2.520303,48.812103],[2.520046,48.812172],[2.519875,48.812191],[2.51861,48.81242],[2.51861,48.81242],[2.51703,48.812687],[2.516793,48.812717],[2.516585,48.812729],[2.516585,48.812729],[2.516263,48.81274],[2.51593,48.812729],[2.515391,48.812641],[2.515138,48.812588],[2.513857,48.812923],[2.51369,48.81295],[2.512671,48.813168],[2.512671,48.813168],[2.511707,48.813396],[2.511286,48.813515],[2.510824,48.813641],[2.510715,48.813656],[2.510351,48.813751],[2.510224,48.813744],[2.510171,48.813652],[2.509959,48.813225],[2.509959,48.813225],[2.509732,48.812737],[2.509711,48.812645],[2.509732,48.812569],[2.509798,48.812466],[2.509892,48.812401],[2.510035,48.812355],[2.510421,48.812298],[2.510549,48.812237],[2.510618,48.812183],[2.510636,48.812157],[2.510658,48.812077],[2.510558,48.811775],[2.510588,48.811745],[2.510484,48.811508],[2.510415,48.811375],[2.510187,48.810783],[2.510187,48.810783],[2.509972,48.810215],[2.509843,48.809853],[2.50939,48.808727],[2.50924,48.808292],[2.509104,48.807823],[2.509046,48.80756],[2.509177,48.807526],[2.509268,48.807491],[2.509656,48.807388],[2.509656,48.807388],[2.510308,48.807198],[2.511457,48.806808],[2.511511,48.806889],[2.511577,48.807159],[2.510842,48.807358],[2.510601,48.807411],[2.509104,48.807823],[2.509068,48.807663],[2.507712,48.807873],[2.50727,48.80798],[2.506731,48.808151],[2.506321,48.8083],[2.506108,48.808411],[2.50606,48.808426],[2.506007,48.80843],[2.505949,48.808422],[2.505892,48.808388],[2.505855,48.808346],[2.50582,48.808243],[2.505826,48.808002],[2.505849,48.807945],[2.505858,48.807873],[2.505865,48.807621],[2.505853,48.807369],[2.505853,48.807369],[2.505832,48.806999],[2.503909,48.806725],[2.50202,48.806465],[2.501875,48.806438],[2.500706,48.806274],[2.500706,48.806274],[2.500537,48.806248],[2.500439,48.806244],[2.497591,48.805847],[2.497745,48.80537],[2.497214,48.80529],[2.49718,48.805275],[2.49718,48.805275],[2.497132,48.805252],[2.497089,48.805248],[2.49685,48.805275],[2.49676,48.805321],[2.496254,48.806873],[2.496225,48.807022],[2.49622,48.807163],[2.496241,48.807358],[2.496303,48.807537],[2.496303,48.807537],[2.496395,48.807716],[2.49625,48.807728],[2.494911,48.807735],[2.494004,48.807747],[2.493792,48.807774],[2.493676,48.807747],[2.492378,48.807762],[2.492378,48.807762],[2.491793,48.807774],[2.490947,48.807865],[2.487413,48.80827],[2.487021,48.808338],[2.48621,48.808437],[2.486022,48.808506],[2.486262,48.808907],[2.485601,48.809086],[2.485601,48.809086],[2.483025,48.80978],[2.481855,48.810089],[2.481855,48.810089],[2.477598,48.811241],[2.477598,48.811241],[2.473969,48.812237],[2.473969,48.812237],[2.473465,48.812374],[2.473257,48.812439],[2.47325,48.812469],[2.473229,48.812489],[2.473151,48.812534],[2.473084,48.812496],[2.472191,48.81221],[2.471546,48.812008],[2.471158,48.811905],[2.470999,48.811836],[2.470426,48.811565],[2.469766,48.81123],[2.469533,48.811096],[2.469402,48.811047],[2.469263,48.811005],[2.469653,48.810757],[2.469653,48.810757],[2.470792,48.81004],[2.470882,48.809967],[2.470935,48.809902],[2.470976,48.809799],[2.470991,48.809666],[2.471012,48.809292],[2.471012,48.809292],[2.471116,48.807159],[2.471167,48.806561],[2.471338,48.806541],[2.471653,48.806435],[2.472424,48.806129]],[[2.469653,48.810757],[2.470792,48.81004],[2.470882,48.809967],[2.470935,48.809902],[2.470976,48.809799],[2.470991,48.809666],[2.471012,48.809292],[2.471012,48.809292],[2.471116,48.807159],[2.471167,48.806561],[2.471338,48.806541],[2.471653,48.806435],[2.472424,48.806129]],[[2.509858,48.807331],[2.510308,48.807198],[2.511457,48.806808],[2.511511,48.806889],[2.511577,48.807159],[2.510842,48.807358],[2.510601,48.807411],[2.509104,48.807823],[2.50924,48.808292],[2.50939,48.808727],[2.509843,48.809853],[2.509972,48.810215],[2.51027,48.811001],[2.51027,48.811001],[2.510415,48.811375],[2.510484,48.811508],[2.510588,48.811745],[2.510644,48.811764],[2.510757,48.812065],[2.51078,48.812298],[2.511255,48.813427],[2.511375,48.813389],[2.512012,48.813232],[2.51249,48.813129],[2.51249,48.813129],[2.513908,48.812824],[2.514447,48.812687],[2.514568,48.812698],[2.515036,48.812569],[2.515391,48.812641],[2.515535,48.812664],[2.515535,48.812664],[2.51593,48.812729],[2.516263,48.81274],[2.516459,48.812737],[2.516793,48.812717],[2.51703,48.812687],[2.519048,48.81234],[2.519048,48.81234],[2.519875,48.812191],[2.520046,48.812172],[2.520303,48.812103],[2.520774,48.811958],[2.520813,48.812],[2.521062,48.812206],[2.521062,48.812206],[2.521218,48.812336],[2.521357,48.812424],[2.521519,48.812496],[2.521703,48.81255],[2.52184,48.812576],[2.52201,48.812599],[2.52222,48.812611],[2.522405,48.812611],[2.523809,48.812431],[2.5243,48.812389],[2.524975,48.812393],[2.525235,48.812408],[2.526275,48.812508],[2.526275,48.812508],[2.526958,48.812572],[2.527217,48.812588],[2.527276,48.812607],[2.52738,48.812679],[2.527295,48.812748],[2.527235,48.812836],[2.527182,48.81292],[2.527119,48.813053],[2.527086,48.813141],[2.527046,48.813259],[2.527025,48.813484],[2.52703,48.813652],[2.527116,48.813667],[2.527196,48.813694],[2.527287,48.813744],[2.527352,48.813808],[2.527387,48.813885],[2.527392,48.813938],[2.527364,48.814026],[2.527293,48.814102],[2.527189,48.814163],[2.527407,48.81448],[2.527462,48.814583],[2.527462,48.814583],[2.527496,48.814674],[2.527528,48.814865],[2.527522,48.815041],[2.527494,48.81522],[2.527339,48.815769],[2.527231,48.816204],[2.527212,48.816383],[2.527214,48.816551],[2.52724,48.816769],[2.527289,48.816952],[2.527294,48.816994],[2.527378,48.817013],[2.52745,48.817047],[2.527507,48.817093],[2.527764,48.817112],[2.52803,48.817112],[2.528294,48.817081],[2.528294,48.817081],[2.530272,48.816853],[2.532415,48.816635],[2.532636,48.816628],[2.532761,48.816628],[2.532933,48.816639],[2.533026,48.81665],[2.533277,48.816696],[2.533571,48.816769],[2.533437,48.817032],[2.533392,48.817055],[2.533392,48.817055],[2.533378,48.817093],[2.533363,48.817177],[2.53337,48.817287],[2.533475,48.817631],[2.533413,48.818012],[2.533328,48.818283],[2.533165,48.818691],[2.532968,48.819054],[2.532727,48.819363],[2.532458,48.819618],[2.53222,48.819824],[2.53199,48.820004],[2.531826,48.820114],[2.531826,48.820114],[2.531772,48.820152],[2.531649,48.820221],[2.53149,48.820278],[2.531267,48.820393],[2.530766,48.820595],[2.530733,48.820618],[2.5307,48.820652],[2.530684,48.820702],[2.530704,48.820751],[2.530756,48.820805],[2.531962,48.821491],[2.532065,48.821564],[2.532332,48.82185],[2.532332,48.82185],[2.532715,48.822311],[2.533011,48.822632],[2.533114,48.822712],[2.533128,48.822735],[2.533186,48.822937],[2.53326,48.823063],[2.533989,48.823975],[2.53583,48.823555],[2.53583,48.823555],[2.537543,48.823162],[2.537963,48.82309],[2.538278,48.823051],[2.538659,48.823021],[2.5391,48.822998],[2.539507,48.82299],[2.540407,48.823074],[2.540661,48.823112],[2.540742,48.823151],[2.540828,48.823235],[2.540917,48.823284],[2.541014,48.823292],[2.541128,48.823292],[2.541133,48.823269],[2.541151,48.823246],[2.54121,48.823219],[2.541246,48.823219],[2.541296,48.823231],[2.541333,48.823254],[2.541446,48.823242],[2.541493,48.82325],[2.542274,48.823437],[2.542679,48.82354],[2.543234,48.823639],[2.544448,48.823948],[2.54457,48.823967],[2.544594,48.823944],[2.54463,48.823929],[2.544672,48.823921],[2.544714,48.823929],[2.544755,48.823952],[2.544771,48.823971],[2.544776,48.823997],[2.544763,48.824028],[2.544729,48.824051],[2.544662,48.824062],[2.544613,48.824055],[2.544576,48.824028],[2.544414,48.823997],[2.544067,48.823914],[2.544067,48.823914],[2.543319,48.82373],[2.543199,48.823708],[2.542896,48.823669],[2.542564,48.823597],[2.542112,48.823448],[2.541477,48.823303],[2.541433,48.823303],[2.541333,48.82333],[2.541283,48.823357],[2.54125,48.823364],[2.541208,48.823467],[2.541185,48.823505],[2.54113,48.823566],[2.541134,48.823727],[2.541112,48.823879],[2.541069,48.82402],[2.540648,48.825203],[2.540461,48.825851],[2.540461,48.825851],[2.540408,48.82605],[2.540312,48.826538],[2.540322,48.826591],[2.540384,48.826595],[2.540439,48.826614],[2.540478,48.826645],[2.54049,48.826679],[2.540482,48.826717],[2.540456,48.826748],[2.540417,48.826771],[2.540319,48.826778],[2.540274,48.826767],[2.54024,48.826752],[2.540215,48.826725],[2.540127,48.826714],[2.540027,48.826672],[2.539781,48.826626],[2.539486,48.826611],[2.538658,48.826694],[2.537615,48.826714],[2.537135,48.826736],[2.536899,48.826756],[2.536506,48.826817],[2.536502,48.826881],[2.53621,48.827759],[2.53621,48.827759],[2.536138,48.827991],[2.53608,48.828094],[2.536007,48.8283],[2.535995,48.828423],[2.535649,48.829479],[2.535604,48.829559],[2.53555,48.8297],[2.535501,48.829872],[2.535499,48.829964],[2.53515,48.831024],[2.535111,48.831165],[2.534493,48.831409],[2.534493,48.831409],[2.534137,48.831547],[2.534438,48.83176],[2.535207,48.832264],[2.536819,48.83329],[2.538112,48.834126],[2.538308,48.83424],[2.538308,48.83424],[2.538518,48.834347],[2.538814,48.834473],[2.539118,48.834568],[2.539458,48.834648],[2.539738,48.834694],[2.539926,48.834717],[2.540125,48.834728],[2.54054,48.834721],[2.54054,48.834721],[2.540824,48.834694],[2.541029,48.834663],[2.541388,48.834599],[2.541592,48.834549],[2.541835,48.834473],[2.54207,48.834389],[2.542275,48.834297],[2.542498,48.834179],[2.542667,48.834072],[2.542819,48.833961],[2.543506,48.83342],[2.544085,48.832973],[2.544266,48.832779],[2.544382,48.832817],[2.544969,48.833076],[2.544969,48.833076],[2.545565,48.833321],[2.545786,48.833424],[2.546033,48.833549],[2.546414,48.833797],[2.546741,48.834084],[2.546845,48.83419],[2.547027,48.834412],[2.547093,48.834511],[2.547344,48.834995],[2.547412,48.835258],[2.547437,48.835403],[2.547437,48.835403],[2.547447,48.835529],[2.547426,48.835701],[2.547429,48.835777],[2.547481,48.8358],[2.547523,48.835835],[2.547553,48.835869],[2.547568,48.835911],[2.547568,48.835953],[2.547553,48.835995],[2.54752,48.836037],[2.547471,48.836071],[2.547427,48.836128],[2.547417,48.836166],[2.547451,48.836403],[2.547439,48.836777],[2.54744,48.836906],[2.547453,48.836964],[2.547495,48.837025],[2.547582,48.837051],[2.547654,48.837093],[2.547705,48.837147],[2.547729,48.837212],[2.547725,48.837276],[2.547691,48.837337],[2.54763,48.837391],[2.547691,48.837498],[2.547785,48.83762],[2.547908,48.837738],[2.548965,48.83868],[2.549403,48.839081],[2.549964,48.839619],[2.550257,48.839878],[2.550257,48.839878],[2.550682,48.840252],[2.550793,48.84026],[2.550857,48.840279],[2.55091,48.840309],[2.550949,48.840347],[2.550972,48.840393],[2.550974,48.840443],[2.550956,48.840488],[2.550928,48.840523],[2.550889,48.840553],[2.550813,48.840584],[2.550829,48.840668],[2.550937,48.840858],[2.550997,48.840904],[2.551032,48.840912],[2.551611,48.840916]]],"type":"MultiLineString"},"properties":{"route_id":"IDFM:C01276","route_short_name":"306","route_long_name":"306","route_type":"Bus","route_color":"0055C8","route_url":null,"id_ilico":"C01276","operatorname":"RATP Cap Boucles de Marne","networkname":"Bord de Marne","id_bus_contrat":45,"url":"https:\/\/ilico.iledefrance-mobilites.fr\/uploads\/plans\/20260211T091038Z-23709e89-4d4c-423b-9ddf-aa1083527c5a.pdf","type":"HORAIRE|PLAN","long_name_first":"3","geo_point_2d":{"lon":2.519530779149776,"lat":48.81845259201683}}},{"type":"Feature","geometry":{"coordinates":[[[2.552574,48.840633],[2.551105,48.840626],[2.550889,48.840553],[2.550813,48.840584],[2.550738,48.840595],[2.549949,48.841438],[2.54958,48.841846],[2.549103,48.842403],[2.548609,48.842949],[2.548369,48.843182],[2.548383,48.843246],[2.548362,48.843311],[2.548309,48.843369],[2.54823,48.843407],[2.548134,48.84343],[2.548026,48.843426],[2.547927,48.843395],[2.547851,48.843346],[2.547809,48.843281],[2.546975,48.843262],[2.544421,48.84325],[2.544265,48.843273],[2.544198,48.84333],[2.544108,48.843369],[2.544003,48.843388],[2.543895,48.843384],[2.543794,48.843357],[2.543715,48.843315],[2.543659,48.843258],[2.543633,48.843193],[2.543634,48.843136],[2.543655,48.843082],[2.543626,48.842957],[2.543511,48.842815],[2.543106,48.842346],[2.54283,48.84201],[2.542602,48.841766],[2.542602,48.841766],[2.542386,48.841537],[2.541952,48.841003],[2.541734,48.840813],[2.541665,48.840725],[2.541615,48.84063],[2.541586,48.840534],[2.541571,48.840412],[2.541582,48.840317],[2.541611,48.840218],[2.541612,48.840149],[2.541595,48.840115],[2.541558,48.840084],[2.540965,48.839928],[2.540965,48.839928],[2.540812,48.839882],[2.540606,48.839806],[2.539713,48.839386],[2.539425,48.83923],[2.539227,48.8391],[2.53904,48.838966],[2.53904,48.838966],[2.538824,48.838779],[2.538579,48.838692],[2.538381,48.838676],[2.538266,48.838688],[2.537872,48.838779],[2.537877,48.838799],[2.537872,48.838844],[2.537834,48.83889],[2.537801,48.838909],[2.537734,48.838928],[2.537672,48.838928],[2.537568,48.838894],[2.537549,48.838879],[2.537522,48.838837],[2.537519,48.838795],[2.537533,48.838764],[2.537296,48.838711],[2.534931,48.838047],[2.534931,48.838047],[2.53457,48.83794],[2.534392,48.837856],[2.53423,48.837769],[2.532239,48.836094],[2.532239,48.836094],[2.530318,48.83448],[2.530935,48.834152],[2.530935,48.834152],[2.531497,48.833862],[2.532214,48.833511],[2.532467,48.833332],[2.532602,48.833225],[2.531432,48.832607],[2.530921,48.832722],[2.530727,48.832756],[2.530727,48.832756],[2.530608,48.832779],[2.529887,48.832836],[2.529575,48.832844],[2.529361,48.832836],[2.528949,48.832809],[2.528699,48.832779],[2.528444,48.832733],[2.527994,48.832626],[2.527707,48.83255],[2.527233,48.832355],[2.527233,48.832355],[2.52673,48.832161],[2.526543,48.832096],[2.526357,48.832043],[2.52603,48.832016],[2.525862,48.832035],[2.525713,48.832069],[2.525473,48.832165],[2.525396,48.832207],[2.525288,48.832272],[2.525201,48.832344],[2.525093,48.832462],[2.525053,48.832527],[2.525017,48.832695],[2.525023,48.832817],[2.525091,48.833035],[2.525113,48.833134],[2.525334,48.833683],[2.525334,48.833683],[2.526132,48.835678],[2.526199,48.8358],[2.526279,48.835915],[2.526392,48.836044],[2.526705,48.83633],[2.527205,48.836819],[2.527205,48.836819],[2.527381,48.836937],[2.527525,48.837059],[2.52764,48.837185],[2.52771,48.837292],[2.528296,48.837826],[2.528579,48.838104],[2.529121,48.838615],[2.529214,48.838726],[2.529345,48.838936],[2.529379,48.839005],[2.529433,48.839172],[2.529467,48.839424],[2.5295,48.839588],[2.529459,48.839775],[2.529421,48.839874],[2.529354,48.840019],[2.5293,48.840115],[2.529127,48.840332],[2.529004,48.840454],[2.528923,48.840527],[2.528703,48.840679],[2.528703,48.840679],[2.52867,48.840706],[2.528291,48.840847],[2.528103,48.840904],[2.527904,48.84095],[2.527716,48.840981],[2.527501,48.841003],[2.527283,48.841007],[2.527044,48.840992],[2.525555,48.840851],[2.525555,48.840851],[2.525004,48.840805],[2.525,48.840843],[2.524977,48.840878],[2.52494,48.840904],[2.52489,48.840919],[2.52485,48.840988],[2.52485,48.841011],[2.524861,48.841042],[2.52485,48.841087],[2.524875,48.841129],[2.526037,48.842514],[2.526192,48.842663],[2.526307,48.842754],[2.526734,48.84296],[2.526436,48.843243],[2.526385,48.843372],[2.526379,48.843403],[2.526388,48.843693],[2.526349,48.843788],[2.526172,48.843983],[2.526172,48.843983],[2.525873,48.844311],[2.525754,48.844421],[2.525233,48.844234],[2.524991,48.84412],[2.524346,48.843884],[2.524197,48.843853],[2.524005,48.843773],[2.523773,48.84362],[2.52367,48.843533],[2.523573,48.843422],[2.523386,48.843109],[2.523301,48.842945],[2.523215,48.842804],[2.523215,48.842804],[2.523102,48.842621],[2.523012,48.842426],[2.522863,48.842178],[2.522693,48.841949],[2.522611,48.841782],[2.522458,48.841526],[2.522268,48.841187],[2.522239,48.841118],[2.522208,48.841011],[2.522173,48.840824],[2.522176,48.840645],[2.52228,48.840137],[2.522254,48.840107],[2.522252,48.839993],[2.522215,48.839981],[2.522186,48.839962],[2.522167,48.839939],[2.522161,48.839916],[2.522057,48.83992],[2.522057,48.83992],[2.522023,48.839924],[2.521914,48.839958],[2.520752,48.840374],[2.520595,48.840416],[2.519318,48.841103],[2.519288,48.840992],[2.519157,48.840405],[2.519157,48.840405],[2.518837,48.83905],[2.518563,48.837929],[2.518563,48.837929],[2.518469,48.837555],[2.518459,48.837353],[2.518589,48.837265],[2.518992,48.837154],[2.519176,48.837086],[2.51947,48.836926],[2.519628,48.836803],[2.519747,48.83667],[2.519833,48.836517],[2.520059,48.835983],[2.520136,48.835819],[2.520149,48.835697],[2.52013,48.835514],[2.520066,48.8353],[2.520044,48.835194],[2.520041,48.835129],[2.519938,48.834721],[2.519938,48.834721],[2.519898,48.834568],[2.519623,48.834583],[2.519528,48.834572],[2.519459,48.834549],[2.519395,48.834518],[2.519353,48.834492],[2.519326,48.834457],[2.519259,48.834305],[2.519217,48.834267],[2.519107,48.834217],[2.519024,48.834251],[2.518964,48.834259],[2.51889,48.834259],[2.51882,48.834244],[2.518759,48.834217],[2.518711,48.834183],[2.518399,48.834126],[2.518127,48.83411],[2.51693,48.834167],[2.516506,48.834175],[2.516093,48.834194],[2.516093,48.834194],[2.513257,48.834354],[2.512506,48.834404],[2.512506,48.834404],[2.507682,48.834698],[2.507682,48.834698],[2.503619,48.834942],[2.503619,48.834942],[2.499027,48.835224],[2.499027,48.835224],[2.497901,48.835289],[2.497753,48.83548],[2.496123,48.836815],[2.495461,48.837345],[2.495138,48.837616],[2.495016,48.837704],[2.494853,48.837852],[2.494772,48.838062],[2.494885,48.8382],[2.494834,48.838314],[2.494619,48.838318],[2.494188,48.838303],[2.494188,48.838303],[2.494032,48.838295],[2.493809,48.838272],[2.493735,48.838303],[2.493601,48.838333],[2.492973,48.838326],[2.492864,48.838299],[2.491513,48.838242],[2.491306,48.838291],[2.491306,48.838291],[2.490904,48.838322],[2.490706,48.838314],[2.490296,48.838333],[2.489973,48.838333],[2.489443,48.838261],[2.489199,48.838219],[2.489061,48.838173],[2.488173,48.838299],[2.488173,48.838299],[2.487391,48.838413],[2.486737,48.838272],[2.486276,48.838245],[2.485739,48.838184],[2.485739,48.838184],[2.485077,48.838142],[2.484217,48.83802],[2.483637,48.837776],[2.482827,48.83757],[2.482646,48.83749],[2.482646,48.83749],[2.482536,48.837444],[2.482197,48.837254],[2.480973,48.836811],[2.479801,48.836658],[2.479801,48.836658],[2.479574,48.836643],[2.479412,48.836617],[2.479208,48.836533],[2.479155,48.836479],[2.479136,48.836414],[2.479105,48.836407],[2.478297,48.836418],[2.477857,48.83633],[2.475342,48.835705],[2.475342,48.835705],[2.47489,48.835579],[2.474452,48.835522],[2.474122,48.835464],[2.473946,48.835541],[2.473712,48.835407],[2.473377,48.835098],[2.47307,48.834789],[2.472666,48.834427],[2.472325,48.834576],[2.472168,48.834724]],[[2.527233,48.832355],[2.52673,48.832161],[2.526543,48.832096],[2.526357,48.832043],[2.52603,48.832016],[2.525862,48.832035],[2.525713,48.832069],[2.525473,48.832165],[2.525396,48.832207],[2.525288,48.832272],[2.525201,48.832344],[2.525093,48.832462],[2.525053,48.832527],[2.525017,48.832695],[2.525023,48.832817],[2.525091,48.833035],[2.525113,48.833134],[2.525334,48.833683],[2.525334,48.833683],[2.526132,48.835678],[2.526199,48.8358],[2.526279,48.835915],[2.526392,48.836044],[2.526705,48.83633],[2.527205,48.836819],[2.527205,48.836819],[2.527381,48.836937],[2.527525,48.837059],[2.52764,48.837185],[2.52771,48.837292],[2.528296,48.837826],[2.528579,48.838104],[2.529121,48.838615],[2.529214,48.838726],[2.529345,48.838936],[2.529379,48.839005],[2.529433,48.839172],[2.529467,48.839424],[2.5295,48.839588],[2.529459,48.839775],[2.529421,48.839874],[2.529354,48.840019],[2.5293,48.840115],[2.529127,48.840332],[2.529004,48.840454],[2.528923,48.840527],[2.528703,48.840679],[2.528703,48.840679],[2.52867,48.840706],[2.528291,48.840847],[2.528103,48.840904],[2.527904,48.84095],[2.527716,48.840981],[2.527501,48.841003],[2.527283,48.841007],[2.527044,48.840992],[2.525555,48.840851],[2.525555,48.840851],[2.525004,48.840805],[2.525,48.840843],[2.524977,48.840878],[2.52494,48.840904],[2.52489,48.840919],[2.52485,48.840988],[2.52485,48.841011],[2.524861,48.841042],[2.52485,48.841087],[2.524875,48.841129],[2.526037,48.842514],[2.526192,48.842663],[2.526307,48.842754],[2.526734,48.84296],[2.526436,48.843243],[2.526385,48.843372],[2.526379,48.843403],[2.526388,48.843693],[2.526349,48.843788],[2.526172,48.843983],[2.526172,48.843983],[2.525873,48.844311],[2.525754,48.844421],[2.525233,48.844234],[2.524991,48.84412],[2.524346,48.843884],[2.524197,48.843853],[2.524005,48.843773],[2.523773,48.84362],[2.52367,48.843533],[2.523573,48.843422],[2.523386,48.843109],[2.523301,48.842945],[2.523215,48.842804],[2.523215,48.842804],[2.523102,48.842621],[2.523012,48.842426],[2.522863,48.842178],[2.522693,48.841949],[2.522611,48.841782],[2.522458,48.841526],[2.522268,48.841187],[2.522239,48.841118],[2.522208,48.841011],[2.522173,48.840824],[2.522176,48.840645],[2.52228,48.840137],[2.522254,48.840107],[2.522252,48.839993],[2.522215,48.839981],[2.522186,48.839962],[2.522167,48.839939],[2.522161,48.839916],[2.522057,48.83992],[2.522057,48.83992],[2.522023,48.839924],[2.521914,48.839958],[2.520752,48.840374],[2.520595,48.840416],[2.519318,48.841103],[2.519288,48.840992],[2.519157,48.840405],[2.519157,48.840405],[2.518837,48.83905],[2.518563,48.837929],[2.518563,48.837929],[2.518469,48.837555],[2.518459,48.837353],[2.518589,48.837265],[2.518992,48.837154],[2.519176,48.837086],[2.51947,48.836926],[2.519628,48.836803],[2.519747,48.83667],[2.519833,48.836517],[2.520059,48.835983],[2.520136,48.835819],[2.520149,48.835697],[2.52013,48.835514],[2.520066,48.8353],[2.520044,48.835194],[2.520041,48.835129],[2.519938,48.834721],[2.519938,48.834721],[2.519898,48.834568],[2.519623,48.834583],[2.519528,48.834572],[2.519459,48.834549],[2.519395,48.834518],[2.519353,48.834492],[2.519326,48.834457],[2.519259,48.834305],[2.519217,48.834267],[2.519107,48.834217],[2.519024,48.834251],[2.518964,48.834259],[2.51889,48.834259],[2.51882,48.834244],[2.518759,48.834217],[2.518711,48.834183],[2.518399,48.834126],[2.518127,48.83411],[2.51693,48.834167],[2.516506,48.834175],[2.516093,48.834194],[2.516093,48.834194],[2.513257,48.834354],[2.512506,48.834404],[2.512506,48.834404],[2.507682,48.834698],[2.507682,48.834698],[2.503619,48.834942],[2.503619,48.834942],[2.499027,48.835224],[2.499027,48.835224],[2.497901,48.835289],[2.497753,48.83548],[2.496123,48.836815],[2.495461,48.837345],[2.495138,48.837616],[2.495016,48.837704],[2.494853,48.837852],[2.494772,48.838062],[2.494885,48.8382],[2.494834,48.838314],[2.494619,48.838318],[2.494188,48.838303],[2.494188,48.838303],[2.494032,48.838295],[2.493809,48.838272],[2.493735,48.838303],[2.493601,48.838333],[2.492973,48.838326],[2.492864,48.838299],[2.491513,48.838242],[2.491306,48.838291],[2.491306,48.838291],[2.490904,48.838322],[2.490706,48.838314],[2.490296,48.838333],[2.489973,48.838333],[2.489443,48.838261],[2.489199,48.838219],[2.489061,48.838173],[2.488173,48.838299],[2.488173,48.838299],[2.487391,48.838413],[2.486737,48.838272],[2.486276,48.838245],[2.485739,48.838184],[2.485739,48.838184],[2.485077,48.838142],[2.484217,48.83802],[2.483637,48.837776],[2.482827,48.83757],[2.482646,48.83749],[2.482646,48.83749],[2.482536,48.837444],[2.482197,48.837254],[2.480973,48.836811],[2.479801,48.836658],[2.479801,48.836658],[2.479574,48.836643],[2.479412,48.836617],[2.479208,48.836533],[2.479155,48.836479],[2.479136,48.836414],[2.479105,48.836407],[2.478297,48.836418],[2.477857,48.83633],[2.475342,48.835705],[2.475342,48.835705],[2.47489,48.835579],[2.474452,48.835522],[2.474122,48.835464],[2.473946,48.835541],[2.473712,48.835407],[2.473377,48.835098],[2.47307,48.834789],[2.472666,48.834427],[2.472325,48.834576],[2.472168,48.834724]],[[2.471733,48.835346],[2.471661,48.835629],[2.471649,48.835854],[2.472796,48.835548],[2.473632,48.835339],[2.473841,48.8353],[2.474265,48.8354],[2.474265,48.8354],[2.474605,48.83548],[2.47489,48.835579],[2.475342,48.835705],[2.477857,48.83633],[2.478297,48.836418],[2.479105,48.836407],[2.47939,48.836369],[2.479566,48.836361],[2.479566,48.836361],[2.480516,48.836327],[2.481216,48.836288],[2.48152,48.836281],[2.481757,48.83633],[2.481916,48.836353],[2.481991,48.836342],[2.482011,48.836411],[2.48221,48.836514],[2.482811,48.836735],[2.482811,48.836735],[2.483538,48.836975],[2.483851,48.837063],[2.483945,48.837078],[2.484348,48.837097],[2.48455,48.837097],[2.485,48.837055],[2.485364,48.837032],[2.485497,48.837013],[2.485905,48.837078],[2.486116,48.837124],[2.486797,48.83733],[2.487229,48.837471],[2.487505,48.837582],[2.487505,48.837582],[2.487689,48.837662],[2.488249,48.83783],[2.488512,48.837955],[2.489061,48.838173],[2.489199,48.838219],[2.489443,48.838261],[2.489973,48.838333],[2.490296,48.838333],[2.490706,48.838314],[2.490962,48.838249],[2.491291,48.838223],[2.491291,48.838223],[2.491513,48.838242],[2.492864,48.838299],[2.492968,48.83828],[2.493256,48.838276],[2.493449,48.838268],[2.493551,48.838253],[2.493646,48.83823],[2.493707,48.8382],[2.493752,48.838169],[2.494097,48.838203],[2.494496,48.838223],[2.494496,48.838223],[2.494782,48.838234],[2.494735,48.838161],[2.494666,48.838097],[2.494655,48.83802],[2.494853,48.837852],[2.495016,48.837704],[2.495138,48.837616],[2.495461,48.837345],[2.496123,48.836815],[2.497753,48.83548],[2.497901,48.835289],[2.499027,48.835224],[2.499027,48.835224],[2.503619,48.834942],[2.503619,48.834942],[2.507682,48.834698],[2.507682,48.834698],[2.512506,48.834404],[2.512506,48.834404],[2.513257,48.834354],[2.516093,48.834194],[2.516093,48.834194],[2.516506,48.834175],[2.51693,48.834167],[2.518127,48.83411],[2.518427,48.834072],[2.518526,48.834049],[2.518714,48.833988],[2.518764,48.833954],[2.518827,48.833927],[2.518898,48.833916],[2.518965,48.833916],[2.519031,48.833927],[2.51909,48.83395],[2.519139,48.833981],[2.519174,48.834019],[2.519197,48.83408],[2.519295,48.834194],[2.519358,48.834316],[2.519358,48.834316],[2.519416,48.834435],[2.519456,48.834473],[2.519508,48.834499],[2.519568,48.834518],[2.519627,48.834522],[2.519806,48.834507],[2.519898,48.834568],[2.520041,48.835129],[2.520044,48.835194],[2.520066,48.8353],[2.52013,48.835514],[2.520149,48.835697],[2.52024,48.835751],[2.520334,48.835976],[2.520411,48.836117],[2.520469,48.836185],[2.520728,48.836647],[2.52081,48.836849],[2.520814,48.836945],[2.520814,48.836945],[2.520822,48.837132],[2.520815,48.837433],[2.52086,48.837566],[2.520909,48.837635],[2.521297,48.838097],[2.521322,48.838139],[2.521333,48.838181],[2.521752,48.838676],[2.52186,48.838764],[2.521945,48.838806],[2.522115,48.838863],[2.52228,48.838951],[2.522372,48.839043],[2.522413,48.8391],[2.522456,48.839333],[2.522399,48.839592],[2.522377,48.839725],[2.522377,48.839725],[2.522349,48.839855],[2.522374,48.83987],[2.522391,48.839893],[2.522396,48.839916],[2.52239,48.839943],[2.522372,48.839962],[2.522331,48.839985],[2.522318,48.840111],[2.52228,48.840137],[2.522176,48.840645],[2.522173,48.840824],[2.522208,48.841011],[2.522239,48.841118],[2.522268,48.841187],[2.522458,48.841526],[2.522611,48.841782],[2.522693,48.841949],[2.522863,48.842178],[2.522863,48.842178],[2.523012,48.842426],[2.523102,48.842621],[2.523301,48.842945],[2.523386,48.843109],[2.523573,48.843422],[2.52367,48.843533],[2.523773,48.84362],[2.524005,48.843773],[2.524197,48.843853],[2.524346,48.843884],[2.524991,48.84412],[2.525233,48.844234],[2.525754,48.844421],[2.525873,48.844311],[2.525965,48.844215],[2.525965,48.844215],[2.526349,48.843788],[2.526388,48.843693],[2.526379,48.843403],[2.526385,48.843372],[2.526436,48.843243],[2.526734,48.84296],[2.526307,48.842754],[2.526192,48.842663],[2.526037,48.842514],[2.524875,48.841129],[2.52485,48.841087],[2.524755,48.840988],[2.52472,48.840923],[2.524715,48.840889],[2.524689,48.840866],[2.524674,48.840839],[2.524671,48.840801],[2.524687,48.840767],[2.524719,48.840736],[2.524764,48.840717],[2.524817,48.840706],[2.524872,48.84071],[2.524921,48.840721],[2.524962,48.840744],[2.524991,48.840771],[2.525004,48.840805],[2.525867,48.840881],[2.525867,48.840881],[2.527044,48.840992],[2.527283,48.841007],[2.527501,48.841003],[2.527716,48.840981],[2.527904,48.84095],[2.528103,48.840904],[2.528291,48.840847],[2.528468,48.840775],[2.528528,48.840717],[2.528671,48.840641],[2.528943,48.840424],[2.529061,48.840309],[2.529061,48.840309],[2.529143,48.840221],[2.529233,48.840092],[2.52935,48.839867],[2.529467,48.839424],[2.529433,48.839172],[2.529379,48.839005],[2.529345,48.838936],[2.529214,48.838726],[2.529121,48.838615],[2.528579,48.838104],[2.528296,48.837826],[2.52771,48.837292],[2.52758,48.837215],[2.52753,48.837166],[2.52753,48.837166],[2.527351,48.836994],[2.527205,48.836819],[2.526705,48.83633],[2.526392,48.836044],[2.526279,48.835915],[2.526199,48.8358],[2.526132,48.835678],[2.52562,48.834404],[2.527055,48.834415],[2.527055,48.834415],[2.527341,48.8344],[2.527565,48.834343],[2.527618,48.834454],[2.527901,48.834866],[2.528019,48.834995],[2.528152,48.835079],[2.528334,48.835159],[2.528628,48.835327],[2.530133,48.834572],[2.530133,48.834572],[2.530318,48.83448],[2.532441,48.836262],[2.532441,48.836262],[2.53423,48.837769],[2.534392,48.837856],[2.53457,48.83794],[2.534931,48.838047],[2.534931,48.838047],[2.537296,48.838711],[2.537533,48.838764],[2.53755,48.838745],[2.53759,48.838718],[2.537668,48.838696],[2.537742,48.838696],[2.537796,48.838711],[2.537839,48.838737],[2.537872,48.838779],[2.538266,48.838688],[2.538364,48.838646],[2.538431,48.838604],[2.53849,48.838558],[2.538517,48.838505],[2.538602,48.838451],[2.538699,48.838436],[2.538762,48.83844],[2.53881,48.838451],[2.538875,48.83849],[2.538909,48.838528],[2.538922,48.838581],[2.538908,48.838627],[2.53891,48.838684],[2.53892,48.838726],[2.539121,48.838932],[2.539121,48.838932],[2.539345,48.839108],[2.539744,48.83934],[2.540239,48.839573],[2.540505,48.839676],[2.540657,48.839745],[2.541062,48.83989],[2.54124,48.839935],[2.54124,48.839935],[2.541603,48.840031],[2.541679,48.840061],[2.541737,48.840099],[2.541812,48.840172],[2.541843,48.840248],[2.541811,48.840401],[2.541827,48.840508],[2.541857,48.840611],[2.541879,48.840656],[2.542026,48.840847],[2.5422,48.841053],[2.543223,48.842236],[2.543223,48.842236],[2.543705,48.842785],[2.543818,48.842899],[2.543907,48.842949],[2.544013,48.842945],[2.544114,48.842964],[2.544201,48.843006],[2.544266,48.84306],[2.544398,48.843102],[2.545649,48.843124],[2.54785,48.843136],[2.547911,48.84309],[2.547989,48.84306],[2.548078,48.843048],[2.548167,48.843056],[2.548371,48.84285],[2.548864,48.842289],[2.55007,48.840977],[2.550204,48.840824],[2.550458,48.84045],[2.550458,48.840401],[2.550479,48.840351],[2.550525,48.840305],[2.550592,48.840275],[2.550682,48.840252],[2.550793,48.84026],[2.550857,48.840279],[2.55091,48.840309],[2.550949,48.840347],[2.550972,48.840393],[2.550974,48.840443],[2.550956,48.840488],[2.550928,48.840523],[2.550889,48.840553],[2.550813,48.840584],[2.550829,48.840668],[2.550922,48.840836],[2.550937,48.840858],[2.550997,48.840904],[2.551032,48.840912],[2.551611,48.840916]],[[2.526172,48.843983],[2.526349,48.843788],[2.526388,48.843693],[2.526379,48.843403],[2.526385,48.843372],[2.526436,48.843243],[2.526734,48.84296],[2.526307,48.842754],[2.526192,48.842663],[2.526037,48.842514],[2.524875,48.841129],[2.52485,48.841087],[2.524755,48.840988],[2.52472,48.840923],[2.524715,48.840889],[2.524689,48.840866],[2.524674,48.840839],[2.524671,48.840801],[2.524687,48.840767],[2.524719,48.840736],[2.524764,48.840717],[2.524817,48.840706],[2.524872,48.84071],[2.524921,48.840721],[2.524962,48.840744],[2.524991,48.840771],[2.525004,48.840805],[2.525867,48.840881],[2.525867,48.840881],[2.527044,48.840992],[2.527283,48.841007],[2.527501,48.841003],[2.527716,48.840981],[2.527904,48.84095],[2.528103,48.840904],[2.528291,48.840847],[2.528468,48.840775],[2.528528,48.840717],[2.528671,48.840641],[2.528943,48.840424],[2.529061,48.840309],[2.529061,48.840309],[2.529143,48.840221],[2.529233,48.840092],[2.52935,48.839867],[2.529467,48.839424],[2.529433,48.839172],[2.529379,48.839005],[2.529345,48.838936],[2.529214,48.838726],[2.529121,48.838615],[2.528579,48.838104],[2.528296,48.837826],[2.52771,48.837292],[2.52758,48.837215],[2.52753,48.837166],[2.52753,48.837166],[2.527351,48.836994],[2.527205,48.836819],[2.526705,48.83633],[2.526392,48.836044],[2.526279,48.835915],[2.526199,48.8358],[2.526132,48.835678],[2.52562,48.834404],[2.527055,48.834415],[2.527055,48.834415],[2.527341,48.8344],[2.527565,48.834343],[2.527618,48.834454],[2.527901,48.834866],[2.528019,48.834995],[2.528152,48.835079],[2.528334,48.835159],[2.528628,48.835327],[2.530133,48.834572],[2.530133,48.834572],[2.530318,48.83448],[2.532441,48.836262],[2.532441,48.836262],[2.53423,48.837769],[2.534392,48.837856],[2.53457,48.83794],[2.534931,48.838047],[2.534931,48.838047],[2.537296,48.838711],[2.537533,48.838764],[2.53755,48.838745],[2.53759,48.838718],[2.537668,48.838696],[2.537742,48.838696],[2.537796,48.838711],[2.537839,48.838737],[2.537872,48.838779],[2.538266,48.838688],[2.538364,48.838646],[2.538431,48.838604],[2.53849,48.838558],[2.538517,48.838505],[2.538602,48.838451],[2.538699,48.838436],[2.538762,48.83844],[2.53881,48.838451],[2.538875,48.83849],[2.538909,48.838528],[2.538922,48.838581],[2.538908,48.838627],[2.53891,48.838684],[2.53892,48.838726],[2.539121,48.838932],[2.539121,48.838932],[2.539345,48.839108],[2.539744,48.83934],[2.540239,48.839573],[2.540505,48.839676],[2.540657,48.839745],[2.541062,48.83989],[2.54124,48.839935],[2.54124,48.839935],[2.541603,48.840031],[2.541679,48.840061],[2.541737,48.840099],[2.541812,48.840172],[2.541843,48.840248],[2.541811,48.840401],[2.541827,48.840508],[2.541857,48.840611],[2.541879,48.840656],[2.542026,48.840847],[2.5422,48.841053],[2.543223,48.842236],[2.543223,48.842236],[2.543705,48.842785],[2.543818,48.842899],[2.543907,48.842949],[2.544013,48.842945],[2.544114,48.842964],[2.544201,48.843006],[2.544266,48.84306],[2.544398,48.843102],[2.545649,48.843124],[2.54785,48.843136],[2.547911,48.84309],[2.547989,48.84306],[2.548078,48.843048],[2.548167,48.843056],[2.548371,48.84285],[2.548864,48.842289],[2.55007,48.840977],[2.550204,48.840824],[2.550458,48.84045],[2.550458,48.840401],[2.550479,48.840351],[2.550525,48.840305],[2.550592,48.840275],[2.550682,48.840252],[2.550793,48.84026],[2.550857,48.840279],[2.55091,48.840309],[2.550949,48.840347],[2.550972,48.840393],[2.550974,48.840443],[2.550956,48.840488],[2.550928,48.840523],[2.550889,48.840553],[2.550813,48.840584],[2.550829,48.840668],[2.550922,48.840836],[2.550937,48.840858],[2.550997,48.840904],[2.551032,48.840912],[2.551611,48.840916]],[[2.471733,48.835346],[2.471661,48.835629],[2.471649,48.835854],[2.472796,48.835548],[2.473632,48.835339],[2.473841,48.8353],[2.474265,48.8354],[2.474265,48.8354],[2.474605,48.83548],[2.47489,48.835579],[2.475342,48.835705],[2.477857,48.83633],[2.478297,48.836418],[2.479105,48.836407],[2.47939,48.836369],[2.479566,48.836361],[2.479566,48.836361],[2.480516,48.836327],[2.481216,48.836288],[2.48152,48.836281],[2.481757,48.83633],[2.481916,48.836353],[2.481991,48.836342],[2.482011,48.836411],[2.48221,48.836514],[2.482811,48.836735],[2.482811,48.836735],[2.483538,48.836975],[2.483851,48.837063],[2.483945,48.837078],[2.484348,48.837097],[2.48455,48.837097],[2.485,48.837055],[2.485364,48.837032],[2.485497,48.837013],[2.485905,48.837078],[2.486116,48.837124],[2.486797,48.83733],[2.487229,48.837471],[2.487505,48.837582],[2.487505,48.837582],[2.487689,48.837662],[2.488249,48.83783],[2.488512,48.837955],[2.489061,48.838173],[2.489199,48.838219],[2.489443,48.838261],[2.489973,48.838333],[2.490296,48.838333],[2.490706,48.838314],[2.490962,48.838249],[2.491291,48.838223],[2.491291,48.838223],[2.491513,48.838242],[2.492864,48.838299],[2.492968,48.83828],[2.493256,48.838276],[2.493449,48.838268],[2.493551,48.838253],[2.493646,48.83823],[2.493707,48.8382],[2.493752,48.838169],[2.494097,48.838203],[2.494496,48.838223],[2.494496,48.838223],[2.494782,48.838234],[2.494735,48.838161],[2.494666,48.838097],[2.494655,48.83802],[2.494853,48.837852],[2.495016,48.837704],[2.495138,48.837616],[2.495461,48.837345],[2.496123,48.836815],[2.497753,48.83548],[2.497901,48.835289],[2.499027,48.835224],[2.499027,48.835224],[2.503619,48.834942],[2.503619,48.834942],[2.507682,48.834698],[2.507682,48.834698],[2.512506,48.834404],[2.512506,48.834404],[2.513257,48.834354],[2.516093,48.834194],[2.516093,48.834194],[2.516506,48.834175],[2.51693,48.834167],[2.518127,48.83411],[2.518427,48.834072],[2.518526,48.834049],[2.518714,48.833988],[2.518764,48.833954],[2.518827,48.833927],[2.518898,48.833916],[2.518965,48.833916],[2.519031,48.833927],[2.51909,48.83395],[2.519139,48.833981],[2.519174,48.834019],[2.519197,48.83408],[2.519295,48.834194],[2.519358,48.834316],[2.519358,48.834316],[2.519416,48.834435],[2.519456,48.834473],[2.519508,48.834499],[2.519568,48.834518],[2.519627,48.834522],[2.519806,48.834507],[2.519898,48.834568],[2.520041,48.835129],[2.520044,48.835194],[2.520066,48.8353],[2.52013,48.835514],[2.520149,48.835697],[2.52024,48.835751],[2.520334,48.835976],[2.520411,48.836117],[2.520469,48.836185],[2.520728,48.836647],[2.52081,48.836849],[2.520814,48.836945],[2.520814,48.836945],[2.520822,48.837132],[2.520815,48.837433],[2.52086,48.837566],[2.520909,48.837635],[2.521297,48.838097],[2.521322,48.838139],[2.521333,48.838181],[2.521752,48.838676],[2.52186,48.838764],[2.521945,48.838806],[2.522115,48.838863],[2.52228,48.838951],[2.522372,48.839043],[2.522413,48.8391],[2.522456,48.839333],[2.522399,48.839592],[2.522377,48.839725],[2.522377,48.839725],[2.522349,48.839855],[2.522374,48.83987],[2.522391,48.839893],[2.522396,48.839916],[2.52239,48.839943],[2.522372,48.839962],[2.522331,48.839985],[2.522318,48.840111],[2.52228,48.840137],[2.522176,48.840645],[2.522173,48.840824],[2.522208,48.841011],[2.522239,48.841118],[2.522268,48.841187],[2.522458,48.841526],[2.522611,48.841782],[2.522693,48.841949],[2.522863,48.842178],[2.522863,48.842178],[2.523012,48.842426],[2.523102,48.842621],[2.523301,48.842945],[2.523386,48.843109],[2.523573,48.843422],[2.52367,48.843533],[2.523773,48.84362],[2.524005,48.843773],[2.524197,48.843853],[2.524346,48.843884],[2.524991,48.84412],[2.525233,48.844234],[2.525754,48.844421],[2.525873,48.844311],[2.525965,48.844215],[2.525965,48.844215],[2.526349,48.843788],[2.526388,48.843693],[2.526379,48.843403],[2.526385,48.843372],[2.526436,48.843243],[2.526734,48.84296],[2.526307,48.842754],[2.526192,48.842663],[2.526037,48.842514],[2.524875,48.841129],[2.52485,48.841087],[2.524755,48.840988],[2.52472,48.840923],[2.524715,48.840889],[2.524689,48.840866],[2.524674,48.840839],[2.524671,48.840801],[2.524687,48.840767],[2.524719,48.840736],[2.524764,48.840717],[2.524817,48.840706],[2.524872,48.84071],[2.524921,48.840721],[2.524962,48.840744],[2.524991,48.840771],[2.525004,48.840805],[2.525867,48.840881],[2.525867,48.840881],[2.527044,48.840992],[2.527283,48.841007],[2.527501,48.841003],[2.527716,48.840981],[2.527904,48.84095],[2.528103,48.840904],[2.528291,48.840847],[2.528468,48.840775],[2.528528,48.840717],[2.528671,48.840641],[2.528943,48.840424],[2.529061,48.840309],[2.529061,48.840309],[2.529143,48.840221],[2.529233,48.840092],[2.52935,48.839867],[2.529467,48.839424],[2.529433,48.839172],[2.529379,48.839005],[2.529345,48.838936],[2.529214,48.838726],[2.529121,48.838615],[2.528579,48.838104],[2.528296,48.837826],[2.52771,48.837292],[2.52758,48.837215],[2.52753,48.837166],[2.52753,48.837166],[2.527351,48.836994],[2.527205,48.836819],[2.526705,48.83633],[2.526392,48.836044],[2.526279,48.835915],[2.526199,48.8358],[2.526132,48.835678],[2.52562,48.834404],[2.527055,48.834415]]],"type":"MultiLineString"},"properties":{"route_id":"IDFM:C01149","route_short_name":"120","route_long_name":"120","route_type":"Bus","route_color":"D282BE","route_url":null,"id_ilico":"C01149","operatorname":"RATP Cap Boucles de Marne","networkname":"Bord de Marne","id_bus_contrat":45,"url":"https:\/\/ilico.iledefrance-mobilites.fr\/uploads\/plans\/20260211T090356Z-24ad7400-6570-4e93-b536-30b1e6cdf77e.pdf","type":"HORAIRE|PLAN","long_name_first":"1","geo_point_2d":{"lon":2.514949880406222,"lat":48.83775172540591}}}]}