source,uid,numero,legislature,organe,texte_ref,acteur_ref,groupe_ref,cosignataires_refs,signataires_libelle,dispositif,expose_sommaire,full_text_len,date_depot,sort,keyword_groups,file,depute_nom,depute_prenom,depute_groupe,depute_groupe_abrev,depute_departement
amendement,AMANR5L17PO420120B0325P0D1N000031,AS31,17,CION-SOC,PRJLANR5L17B0325,PA608826,PO845425,,Mme&#160;Duby-Muller,Supprimer l’alinéa 12.,"En France, les TPE et PME de moins de 8 ans qui réalisent des dépenses de recherche et développement (R&amp;D) représentant au moins 15 % de leurs charges peuvent prétendre au statut de jeune entreprise innovante (JEI). Créé en 2004 pour favoriser la création et le développement de TPE et PME effectuant des travaux de recherche, ce statut est devenu incontournable pour les jeunes entreprises innovantes qui en sont aux prémices de leur développement, tant pour financer leur démarrage que pour recruter leurs premiers salariés. Il représente également un élément de réassurance pour les investisseurs, ce qui est non négligeable dans le contexte économique actuel, qui est marqué par le ralentissement des investissements. Ainsi, en 2023, environ 4 500 entreprises ont bénéficié du statut JEI. C’est le cas de nombreuses jeunes pousses qui innovent dans des secteurs stratégiques comme l’intelligence artificielle, la décarbonation de l’industrie, le quantique ou encore ",2618,2024-10-12,,ia_calcul,/home/user/Operation_robespierre/Amendements/DLR5L17N50588/PRJLANR5L17B0325/AMANR5L17PO420120B0325P0D1N000031.json,Duby-Muller,Virginie,Droite Républicaine,DR,Haute-Savoie
amendement,AMANR5L17PO420120B0325P0D1N000244,AS244,17,CION-SOC,PRJLANR5L17B0325,PA642847,PO845425,,M.&#160;Bazin,"I. – À l’alinéa 15, substituer au mot : « deux » le mot : « un ». II. – En conséquence, à l’alinéa 18, substituer au mot : « deux » le mot : « un ». III. – En conséquence, au même alinéa, substituer au mot : « quatre » le mot : « deux ». IV. – En conséquence, après l’alinéa 18, insérer les quatre alinéas suivants : « 3° Le 1 er janvier 2027 : « Au premier alinéa du I de l’article L. 241‑13, le mot : « deux » est remplacé par le mot : « trois » ; « 4° Le 1 er janvier 2028 : « Au premier alinéa du","Le PLFSS 2025 refond le dispositif d’allègements de charges, partie intégrante du modèle économique et social de nombreux secteurs professionnels, avec une augmentation du taux des cotisations patronales d’environ 4 points (en 2 étapes puis pérenne) notamment pour les entreprises de services à forte intensité de main d’œuvre, aux conséquences désastreuses sur la compétitivité et les emplois, et ce à contre sens de l’objectif de la desmicardisation recherché par le Gouvernement. Pour exemple, le secteur de la propreté, maillon essentiel de la continuité économique et sociale, n’a pas attendu l’État pour « desmicardiser ». Pour preuve les engagements pris, et tenus, au lendemain de la Conférence de Progrès de 2021, en présence d’Elisabeth Borne, ministre du Travail, de l’emploi et de l’insertion, se sont soldés, notamment, par une augmentation de + 15 % des minima de branche en trois ans et, une révision des classifications en 2023. Alors que les entreprises peinent à revaloriser les pri",4888,2024-10-16,,ia_calcul,/home/user/Operation_robespierre/Amendements/DLR5L17N50588/PRJLANR5L17B0325/AMANR5L17PO420120B0325P0D1N000244.json,Bazin,Thibault,Droite Républicaine,DR,Meurthe-et-Moselle
amendement,AMANR5L17PO420120B0325P0D1N000245,AS245,17,CION-SOC,PRJLANR5L17B0325,PA642847,PO845425,,M.&#160;Bazin,Supprimer cet article.,"Le PLFSS 2025 refond le dispositif d’allègements de charges, partie intégrante du modèle économique et social de nombreux secteurs professionnels, avec une augmentation du taux des cotisations patronales d’environ 4 points (en 2 étapes puis pérenne) notamment pour les entreprises de services à forte intensité de main d’œuvre, aux conséquences désastreuses sur la compétitivité et les emplois, et ce à contre sens de l’objectif de la desmicardisation recherché par le gouvernement. Pour exemple, le secteur de la propreté, maillon essentiel de la continuité économique et sociale, n’a pas attendu l’Etat pour « desmicardiser ». Pour preuve les engagements pris, et tenus, au lendemain de la Conférence de Progrès de 2021, en présence d’Elisabeth Borne, ministre du Travail, de l’emploi et de l’insertion, se sont soldés, notamment, par une augmentation de + 15% des minima de branche en trois ans et, une révision des classifications en 2023. Alors que les entreprises peinent à revaloriser les prix",4760,2024-10-16,,ia_calcul,/home/user/Operation_robespierre/Amendements/DLR5L17N50588/PRJLANR5L17B0325/AMANR5L17PO420120B0325P0D1N000245.json,Bazin,Thibault,Droite Républicaine,DR,Meurthe-et-Moselle
amendement,AMANR5L17PO849474B0481P0D1N001348,CS1348,17,CSVIEECO,PRJLANR5L17B0481,,,,le Gouvernement,Supprimer les alinéas 33 à 35.,"L'article L.342-7 du code de l'énergie introduit par la loi APER est destiné à permettre de poser les réseaux télécoms qui sont nécessaires aux producteurs et au gestionnaire de réseau d'électricité pour le pilotage des installations, en même temps que les câbles électriques et éviter de faire des travaux de terrassement deux fois, le tout aux frais du producteur (et à sa demande). La disposition du IV de l’article 15 vise à modifier cet article pour intégrer une mesure similaire au profit des opérateurs de centres de données mais soulève plusieurs questions d'articulation : notamment des précisions, contrairement à l'article en vigueur, concernant qui doit faire la demande de travaux et aux frais de qui seront ces derniers. Par ailleurs, les dérogations mentionnées au petit IV sont étranges car l'article existant n'en introduit lui-même pas. Si le Gouvernement est sensible à l’objectif de faciliter le raccordement en fibre optique des centres de données, essentiel à leur fonctionnemen",1411,2025-03-21,,data_center,/home/user/Operation_robespierre/Amendements/DLR5L16N49868/PRJLANR5L17B0481/AMANR5L17PO849474B0481P0D1N001348.json,,,,,
amendement,AMANR5L17PO849474B0481P0D1N000945,CS945,17,CSVIEECO,PRJLANR5L17B0481,PA793980,PO845439,PA610968|PA793780|PA588884|PA841701|PA2940|PA795362|PA795454|PA840997|PA841885|PA841507|PA794008|PA721210|PA793452|PA841351|PA795010|PA841419|PA842013|PA840947|PA794022|PA794146|PA841223|PA795636|PA842045|PA793708|PA793664|PA794154|PA794778|PA793948|PA795076|PA722142|PA610002|PA795808|PA796018|PA736201|PA841713,"M.&#160;Fournier,  M.&#160;Amirshahi, Mme&#160;Arrighi, Mme&#160;Autain, Mme&#160;Balage&#160;El&#160;Mariky, Mme&#160;Voynet, Mme&#160;Belluco, M.&#160;Ben&#160;Cheikh, M.&#160;Biteau, M.&#160;Arnaud&#160;Bonnet, M.&#160;Nicolas&#160;Bonnet, Mme&#160;Chatelain, M.&#160;Corbi&#232;re, M.&#160;Davi, M.&#160;Duplessy, Mme&#160;Garin, M.&#160;Damien&#160;Girard, M.&#160;Gustave, Mme&#160;Catherine&#160;Hervieu, M.&#160;Iordanoff, Mme&#160;Laernoes, M.&#160;Lahais, M.&#160;Lucas-Lundy, Mme&#160;Ozenne, M.&#160;Peytavie, Mme&#160;Pochon, M.&#160;Raux, Mme&#160;Regol, M.&#160;Thierry, Mme&#160;Sandrine&#160;Rousseau, M.&#160;Ruffin, Mme&#160;Sas, Mme&#160;Sebaihi, Mme&#160;Simonnet, Mme&#160;Taill&#233;-Polian et M.&#160;Tavernier","Après l’alinéa 35, insérer l’alinéa suivant : « À compter du 1 er janvier 2027, les centre de données ayant été qualifiés de projet d’intérêt national majeur ont un approvisionnement énergétique composé à 45 % d’énergie produite à partir de sources renouvelables. »","Le présent amendement vise à introduire une obligation d'approvisionnement en énergies renouvelables à hauteur de 45% minimum dans le mix énergétique des centres de données reconnus comme projets industriels d’intérêt national majeur, au sens de l'article 19 de la loi relative à l'industrie verte. Selon l’étude Ademe-Arcep de janvier 2025, les datacenters français ont consommé en 2022 environ 39 TWh d'électricité, soit près de 8,7% de la consommation électrique française. La dernière révision de la directive européenne énergies renouvelables (RED III) établit l’objectif de la part d'énergies renouvelables qui devra être utilisée d’ici 2030 à 42,5%. Les États membres qui le souhaitent peuvent compléter cet objectif par un supplément indicatif de 2,5% qui permettrait d’atteindre 45%. Des objectifs ont également été fixés par secteurs d'activité ; tel que le secteur de l'industrie, qui doit augmenter son utilisation d'énergies renouvelables de 1,6% par an. Cet amendement vise donc à faire",1835,2025-03-20,,data_center,/home/user/Operation_robespierre/Amendements/DLR5L16N49868/PRJLANR5L17B0481/AMANR5L17PO849474B0481P0D1N000945.json,Fournier,Charles,Écologiste et Social,ECOS,Indre-et-Loire
amendement,AMANR5L17PO849474B0481P0D1N001133,CS1133,17,CSVIEECO,PRJLANR5L17B0481,PA793980,PO845439,PA794008|PA721210|PA793452|PA841351|PA795010|PA841419|PA842013|PA840947|PA794022,"M.&#160;Fournier,  Mme&#160;Chatelain, M.&#160;Corbi&#232;re, M.&#160;Davi, M.&#160;Duplessy, Mme&#160;Garin, M.&#160;Damien&#160;Girard, M.&#160;Gustave, Mme&#160;Catherine&#160;Hervieu et M.&#160;Iordanoff",Supprimer cet article.,"Un projet d’intérêt national majeur, créé par la loi industrie verte, correspond à “tout projet industriel qui revêt, eu égard à son objet et à son envergure, notamment en termes d'investissement et d'emploi, une importance particulière pour la transition écologique ou la souveraineté nationale”. Ces projets permettent de s’extraire de plusieurs obligations relatives au droit de l’environnement, et correspondent également à une recentralisation des compétences en termes d’urbanisme, au détriment des élus locaux. Cet amendement vise à supprimer l’article 15 qui prévoit la possibilité d’inclure les datacenters dans la liste de ces projets. Ces projets d’intérêt national majeur sont qualifiés par décret et le périmètre d'octroi de qualification est très large. L’appréciation revient aux autorités, or n’importe quel data center ne devrait pas pouvoir bénéficier de ce dispositif, mais la décision devrait être appréciée au regard de l’utilité publique, sociale et ",1875,2025-03-20,,data_center,/home/user/Operation_robespierre/Amendements/DLR5L16N49868/PRJLANR5L17B0481/AMANR5L17PO849474B0481P0D1N001133.json,Fournier,Charles,Écologiste et Social,ECOS,Indre-et-Loire
amendement,AMANR5L17PO849474B0481P0D1N000694,CS694,17,CSVIEECO,PRJLANR5L17B0481,PA721852,PO845407,,Mme&#160;Lebec,Supprimer cet article.,"Cet amendement a pour objectif de supprimer un article introduit lors de l’examen au Sénat. Les centres de données qui obtiendront le statut de PINM seront automatiquement concernés par l’éco-conditionnalité prévue pour le tarif réduit sur l’accise de l’électricité dont bénéficie certains centres de données. L’objet de cet article est donc, de fait, déjà satisfait.",390,2025-03-20,,data_center,/home/user/Operation_robespierre/Amendements/DLR5L16N49868/PRJLANR5L17B0481/AMANR5L17PO849474B0481P0D1N000694.json,Lebec,Marie,Ensemble pour la République,EPR,Yvelines
amendement,AMANR5L17PO849474B0481P0D1N000497,CS497,17,CSVIEECO,PRJLANR5L17B0481,PA642695,PO845407,PA607395,M.&#160;Bothorel et M.&#160;Travert,Supprimer la seconde phrase de l’alinéa 13.,"Cette disposition, introduite par le Sénat, apparaît superfétatoire vis-à-vis de la première phrase du même alinéa, c’est pourquoi il est proposé de la supprimer. La loi prévoit déjà la fixation par décret des critères en matière d’efficacité dans l’utilisation de leur puissance et de limitation d’utilisation de l’eau à des fins de refroidissement pour les centres de stockage des données, à l’article 28 de la loi REEN du 15 novembre 2021 et à l’article L.312-70 du code des impositions sur les biens et services. Il est vrai que les consommations en électricité et en eau ont augmenté entre 2021 et 2022, comme le démontre le rapport de l’Arcep « pour un numérique soutenable » ; toutefois cette hausse est avant tout liée à l’accroissement des usages numériques et du nombre de datacenters. Il en résulte une augmentation « brute ». En revanche, le PUE (indice d’efficacité énergétique) diminue constamment depuis de nombreuses années : « Les centres de données récents et ceux dont la puissance",1312,2025-03-20,,data_center,/home/user/Operation_robespierre/Amendements/DLR5L16N49868/PRJLANR5L17B0481/AMANR5L17PO849474B0481P0D1N000497.json,Bothorel,Éric,Ensemble pour la République,EPR,Côtes-d'armor
amendement,AMANR5L17PO849474B0481P0D1N001208,CS1208,17,CSVIEECO,PRJLANR5L17B0481,PA774958,PO845419,PA342415|PA840939|PA335054|PA840765|PA841463|PA841107|PA840673|PA793816,"M.&#160;Leseul,  Mme&#160;Battistel, Mme&#160;Godard, Mme&#160;Karamanli, M.&#160;Lhardit, Mme&#160;Mercier, M.&#160;Oberti, Mme&#160;Rossi, Mme&#160;Thomin et les membres du groupe Socialistes et apparent&#233;s","Après la première phrase de l’alinéa 13, insérer la phrase suivante : « L’autorité précitée tient compte des enjeux liés à la résilience du stockage des données stratégiques. »","Le présent amendement des députés Socialistes et apparentés vise à insister sur la nécessité de tenir compte des enjeux liés à la résilience des données stratégiques stockées. En effet, on observe un phénomène de concentration des centres de données sur certains sites ou zones géographiques, au risque de soumettre des serveurs ayant une vocation redondantes aux mêmes aléas et sinistres, qu’ils soient naturels ou du fait de l’intervention humaine. La dimension de souveraineté de ces projets bénéficiant d’une telle reconnaissance doit aussi découler de leur capacité à offrir cette redondance et cette résilience nécessaire.",805,2025-03-20,,data_center|souverainete_numerique,/home/user/Operation_robespierre/Amendements/DLR5L16N49868/PRJLANR5L17B0481/AMANR5L17PO849474B0481P0D1N001208.json,Leseul,Gérard,Socialistes et apparentés,SOC,Seine-Maritime
amendement,AMANR5L17PO849474B0481P0D1N001390,CS1390,17,CSVIEECO,PRJLANR5L17B0481,PA607395,PO845407,,"M.&#160;Travert, rapporteur",Supprimer les alinéas 2 et 3.,"La disposition du 1° du I de l’article 15 propose de permettre au sein des SCoT de prendre des orientations stratégiques en matière d’implantation des centres de données. Il est déjà prévu de prendre en compte cette problématique dans les plans climat-air-énergie territoriaux (PCAET), qui ont désormais inclus les dimensions numériques, au-delà des seules questions de récupération de chaleur, ainsi qu’avec les plans locaux « foncier, urbanisme et énergie » qui orientent l’implantation des centres de données en fonction des potentiels de transformation des territoires, de récupération de chaleur et de connectivité. Les SCoT, modernisés par ordonnance en 2020, ont déjà la possibilité de tenir lieu de PCAET, et, dans ce cadre, d’intégrer ce type d’orientations relatives aux centres de données. Par ailleurs, même si un SCoT n’avait pas choisi d’intégrer un PCAET, il a déjà la possibilité de prendre en compte cette problématique, étant tenu d’intégrer des orientations générales en matière de",1400,2025-03-21,,data_center,/home/user/Operation_robespierre/Amendements/DLR5L16N49868/PRJLANR5L17B0481/AMANR5L17PO849474B0481P0D1N001390.json,Travert,Stéphane,Ensemble pour la République,EPR,Manche
amendement,AMANR5L17PO849474B0481P0D1N000483,CS483,17,CSVIEECO,PRJLANR5L17B0481,PA774954,PO845425,,Mme&#160;Blin,"À l’alinéa 6, après le mot et le signe : « nationale, » insérer les mots : « selon des critères techniques objectifs et non discriminatoires définis par décret en Conseil d’État, ».","L’alinéa 6 de l’article 15 du PJL de simplification de la vie économique permet d’octroyer aux centres de données qui revêtent, eu égard à leur objet et à leur envergure, une importance particulière pour la transition numérique, la transition écologique ou la souveraineté nationale, la qualification de projet d’intérêt national majeur. Cette possibilité semble essentielle car les centres de données sont des infrastructures indispensables à l’atteinte de nos objectifs tant en matière de transition et de souveraineté numériques qu’en matière de transition écologique. Ils soutiennent, par ailleurs, la croissance économique, la compétitivité française en matière d’IA et de connectivité cloud, et concourent à la création d’emplois qualifiés. Afin de simplifier et de clarifier le processus de qualification, il semble toutefois pertinent de préciser que les critères sur le fondement desquels sera appréciée l’importance du projet sont des critères techniques objectifs et non-discriminatoires, ",1318,2025-03-20,,cloud|data_center|ia_calcul,/home/user/Operation_robespierre/Amendements/DLR5L16N49868/PRJLANR5L17B0481/AMANR5L17PO849474B0481P0D1N000483.json,Blin,Anne-Laure,Droite Républicaine,DR,Maine-et-Loire
amendement,AMANR5L17PO849474B0481P0D1N000520,CS520,17,CSVIEECO,PRJLANR5L17B0481,PA642695,PO845407,,M.&#160;Bothorel,"Après le l) du 2° du I de l’article 8 de la loi n° 78‑17 du 6 janvier 1978 relative à l’informatique, aux fichiers et aux libertés, il est inséré un alinéa ainsi rédigé : « m) Elle communique aux autorités indépendantes composant le réseau national de coordination de la régulation des services numériques mentionné à l’article 7‑4 de la loi n° 2004‑575 du 21 juin 2004 pour la confiance dans l’économie numérique, de toute saisine relative à des secteurs entrant dans leur champ de compétence. Ces a","La loi “Sécuriser et réguler l’espace numérique” a permis la création d’un réseau national de coordination de la régulation des services numériques afin de faciliter et d’harmoniser la régulation du numérique en France. En effet, avec le développement de nouvelles régulations européennes comme le Règlement européen sur les services numériques (DSA), le Règlement européen sur les marchés numériques (DMA), l’Acte sur la gouvernance des données (DGA) ou le Règlement européen sur l'intelligence artificielle (IA Act), ainsi que l’avènement des données - y compris des données personnelles en tant qu’actif économique, il devient nécessaire d’adopter une interprétation unifiée. L’enjeu est de permettre une réglementation lisible, harmonisée et qui offre une sécurité juridique aux acteurs privés et publics concernés. Cette évolutionpermettra une meilleure compréhension et donc mise en œuvre de ces règles tout en apportant la confiance dans l’environnement réglementaire nécessaire à l’innovation",1918,2025-03-20,,souverainete_numerique|ia_calcul,/home/user/Operation_robespierre/Amendements/DLR5L16N49868/PRJLANR5L17B0481/AMANR5L17PO849474B0481P0D1N000520.json,Bothorel,Éric,Ensemble pour la République,EPR,Côtes-d'armor
amendement,AMANR5L17PO849474B0481P0D1N001096,CS1096,17,CSVIEECO,PRJLANR5L17B0481,PA793452,PO845439,PA610968|PA793780|PA588884|PA841701|PA795362|PA795454|PA840997|PA841885|PA841507|PA794008|PA721210|PA841351|PA793980|PA795010|PA841419|PA842013|PA840947|PA794022|PA794146|PA841223|PA795636|PA842045|PA793708|PA793664|PA794154|PA794778|PA795076|PA722142|PA610002|PA795808|PA796018|PA736201|PA841713|PA793948|PA2940,"M.&#160;Davi,  M.&#160;Amirshahi, Mme&#160;Arrighi, Mme&#160;Autain, Mme&#160;Balage&#160;El&#160;Mariky, Mme&#160;Belluco, M.&#160;Ben&#160;Cheikh, M.&#160;Biteau, M.&#160;Arnaud&#160;Bonnet, M.&#160;Nicolas&#160;Bonnet, Mme&#160;Chatelain, M.&#160;Corbi&#232;re, M.&#160;Duplessy, M.&#160;Fournier, Mme&#160;Garin, M.&#160;Damien&#160;Girard, M.&#160;Gustave, Mme&#160;Catherine&#160;Hervieu, M.&#160;Iordanoff, Mme&#160;Laernoes, M.&#160;Lahais, M.&#160;Lucas-Lundy, Mme&#160;Ozenne, M.&#160;Peytavie, Mme&#160;Pochon, M.&#160;Raux, Mme&#160;Regol, Mme&#160;Sandrine&#160;Rousseau, M.&#160;Ruffin, Mme&#160;Sas, Mme&#160;Sebaihi, Mme&#160;Simonnet, Mme&#160;Taill&#233;-Polian, M.&#160;Tavernier, M.&#160;Thierry et Mme&#160;Voynet","À l’alinéa 3, après le mot : « données », insérer les mots : « , sous réserve de ne pas engendrer d’artificialisation des sols au sens du neuvième alinéa de l’article L. 101‑2‑1, ».","Par cet amendement de repli, le groupe Écologiste et social entend s’opposer à la construction de centres de données dans les espaces non-artificialisés. En France, entre 20 000 et 30 000 hectares d’espaces naturels, agricoles et forestiers sont consommés chaque année. Ce phénomène se poursuit à un rythme 4 fois plus important que celui de l’augmentation de la population. En métropole, ce phénomène affecte notamment les prairies, qui sont des écosystèmes très riches : elles représentent le premier type de milieux détruit par l’artificialisation entre 1990 et 2018 (plus de 55 000 hectares détruits soit plus de 2 fois la superficie de Marseille). Le territoire français dispose de nombreuses friches industrielles et d’une grande quantité de zones déjà artificialisées pouvant accueillir des centres de données : les terres qui échappent encore au béton ne sauraient être sacrifiées pour satisfaire des intérêts privés. Les documents d’orientation et d’objectifs des schémas de cohérence territ",1561,2025-03-20,,data_center,/home/user/Operation_robespierre/Amendements/DLR5L16N49868/PRJLANR5L17B0481/AMANR5L17PO849474B0481P0D1N001096.json,Davi,Hendrik,Écologiste et Social,ECOS,Bouches-du-Rhône
amendement,AMANR5L17PO849474B0481P0D1N001351,CS1351,17,CSVIEECO,PRJLANR5L17B0481,,,,le Gouvernement,Supprimer les alinéas 2 et 3.,"La disposition du 1° du I de l’article 15 propose de permettre au sein des SCoT de prendre des orientations stratégiques en matière d’implantation des centres de données. Il est déjà prévu de prendre en compte cette problématique dans les plans climat-air-énergie territoriaux (PCAET), qui ont désormais inclus les dimensions numériques, au-delà des seules questions de récupération de chaleur, ainsi qu’avec les plans locaux « foncier, urbanisme et énergie » qui orientent l’implantation des centres de données en fonction des potentiels de transformation des territoires, de récupération de chaleur et de connectivité. Les SCoT, modernisés par ordonnance en 2020, ont déjà la possibilité de tenir lieu de PCAET, et, dans ce cadre, d'intégrer ce type d'orientations relatives aux centres de données. Par ailleurs, même si un SCoT n'avait pas choisi d'intégrer un PCAET, il a déjà la possibilité de prendre en compte cette problématique, étant tenu d'intégrer des orientations générales en matière de",1400,2025-03-21,,data_center,/home/user/Operation_robespierre/Amendements/DLR5L16N49868/PRJLANR5L17B0481/AMANR5L17PO849474B0481P0D1N001351.json,,,,,
amendement,AMANR5L17PO849474B0481P0D1N000150,CS150,17,CSVIEECO,PRJLANR5L17B0481,PA774954,PO845425,PA722390|PA719272|PA346782|PA266808|PA607090,"Mme&#160;Blin,  Mme&#160;Corneloup, Mme&#160;Fr&#233;d&#233;rique&#160;Meunier, M.&#160;Juvin, M.&#160;Rolland et M.&#160;Jean-Pierre&#160;Vigier","Après l’alinéa 8, insérer les deux alinéas suivants : « VIII bis (nouveau). – Après le mot : « budget », la fin du III l’article L. 135 D du livre des procédures fiscales est supprimée. « VIII ter (nouveau). – L’article 6 bis de la loi n° 51‑711 du 7 juin 1951 sur l’obligation, la coordination et le secret en matière de statistiques est abrogé.","Le Comité du secret statistique veille au respect des règles du secret statistique et donne son avis sur les demandes de communication de données individuelles collectées par voie d’enquête statistique ou transmises au service statistique public, à des fins d’établissement des statistiques. Cependant, la Commission nationale de l’informatique et des libertés (CNIL) a déjà pour mission d’être le régulateur des données personnelles. S'agissant dès lors d'un doublon administratif, il convient de le supprimer.",858,2025-03-19,,souverainete_numerique,/home/user/Operation_robespierre/Amendements/DLR5L16N49868/PRJLANR5L17B0481/AMANR5L17PO849474B0481P0D1N000150.json,Blin,Anne-Laure,Droite Républicaine,DR,Maine-et-Loire
amendement,AMANR5L17PO849474B0481P0D1N000475,CS475,17,CSVIEECO,PRJLANR5L17B0481,PA607395,PO845407,,"M.&#160;Travert, rapporteur","À l’alinéa 6, après le mot et le signe : « nationale, » insérer les mots : « selon des critères techniques objectifs et non discriminatoires définis par décret en Conseil d’État, ».","L’alinéa 6 de l’article 15 du PJL de simplification de la vie économique permet d’octroyer aux centres de données qui revêtent, eu égard à leur objet et à leur envergure, une importance particulière pour la transition numérique, la transition écologique ou la souveraineté nationale, la qualification de projet d’intérêt national majeur. Cette possibilité semble essentielle car les centres de données sont des infrastructures indispensables à l’atteinte de nos objectifs tant en matière de transition et de souveraineté numériques qu’en matière de transition écologique. Ils soutiennent, par ailleurs, la croissance économique, la compétitivité française en matière d’IA et de connectivité cloud, et concourent à la création d’emplois qualifiés. Afin de simplifier et de clarifier le processus de qualification, il semble toutefois pertinent de préciser que les critères sur le fondement desquels sera appréciée l’importance du projet sont des critères techniques objectifs et non-discriminatoires, ",1318,2025-03-20,,cloud|data_center|ia_calcul,/home/user/Operation_robespierre/Amendements/DLR5L16N49868/PRJLANR5L17B0481/AMANR5L17PO849474B0481P0D1N000475.json,Travert,Stéphane,Ensemble pour la République,EPR,Manche
amendement,AMANR5L17PO849474B0481P0D1N000622,CS622,17,CSVIEECO,PRJLANR5L17B0481,PA342415,PO845419,,Mme&#160;Battistel et les membres du groupe Socialistes et apparent&#233;s,Il ne peut être délivré de permis de construire pour un centre de données que dans les zones qui ne sont pas soumises à des tensions structurelles sur l’eau telles que définies au plan d’action pour une gestion résiliente et concertée de l’eau ou dans le plan national d’adaptation au changement climatique.,"Le présent amendement des députés Socialistes et apparentés et travaillé avec Green IT vise à interdire la délivrance de permis de construire pour des centres de données dans des zones soumises à des tensions structurelles sur l’eau. par cet amendement notre groupe souhaite souhaite alerter sur les conséquences de la transition numérique sur la question de la ressource en eau et de son partage. Les projections concernant les pénuries d’eau en France à l’horizon 2040 sont préoccupantes, avec un déficit hydrique national estimé entre 2 et 4 milliards de mètres cubes par an. Les régions les plus fortement touchées connaîtront des déficits pouvant atteindre 50 % des ressources actuelles en période estivale et les débits moyens des rivières pourraient diminuer de 10 % à 40 %, avec des baisses encore plus marquées en été. Cette situation entraînera de fortes tensions sur l’accès à l’eau. L’approvisionnement en eau potable sera sous tension dans près de 40 % des communes. La production d’hydr",2300,2025-03-20,,data_center|ia_calcul,/home/user/Operation_robespierre/Amendements/DLR5L16N49868/PRJLANR5L17B0481/AMANR5L17PO849474B0481P0D1N000622.json,Battistel,Marie-Noëlle,Socialistes et apparentés,SOC,Isère
amendement,AMANR5L17PO849474B0481P0D1N000642,CS642,17,CSVIEECO,PRJLANR5L17B0481,PA793744,PO845413,PA795228|PA793262|PA794906|PA794138|PA795588|PA795084|PA842105|PA841657|PA720430|PA793772|PA795616|PA793444|PA794938|PA795318|PA841023|PA796090|PA793912|PA842187|PA842037|PA791812|PA793736|PA721202|PA795136|PA793464|PA842155|PA795200|PA795844|PA841251|PA794786|PA794870|PA796070|PA795310|PA794478|PA841947|PA794082|PA794130|PA720846|PA841729|PA795516|PA841515|PA795672|PA795108|PA795298|PA791824|PA842029|PA793532|PA795746|PA342384|PA795422|PA794686|PA841215|PA795482|PA610654|PA841191|PA721960|PA793872|PA720892|PA817211|PA793756|PA796062|PA719578|PA721062|PA841845|PA795982|PA795466|PA720952|PA794106|PA794166|PA795164|PA795596,"Mme&#160;Stambach-Terrenoir,  Mme&#160;Abomangoli, M.&#160;Alexandre, M.&#160;Amard, Mme&#160;Amiot, Mme&#160;Amrani, M.&#160;Arenas, M.&#160;Arnault, Mme&#160;Belouassa-Cherifi, M.&#160;Bernalicis, M.&#160;Bex, M.&#160;Bilongo, M.&#160;Bompard, M.&#160;Boumertit, M.&#160;Boyard, M.&#160;Cadalen, M.&#160;Caron, M.&#160;Carri&#232;re, Mme&#160;Cathala, M.&#160;Cernon, Mme&#160;Chikirou, M.&#160;Clouet, M.&#160;Coquerel, M.&#160;Coulomme, M.&#160;Delogu, M.&#160;Diouara, Mme&#160;Dufour, Mme&#160;Erodi, Mme&#160;Feld, M.&#160;Fernandes, Mme&#160;Ferrer, M.&#160;Gaillard, Mme&#160;Guett&#233;, M.&#160;Guiraud, Mme&#160;Hamdane, Mme&#160;Hignet, M.&#160;Kerbrat, M.&#160;Lachaud, M.&#160;Lahmar, M.&#160;Laisney, M.&#160;Le&#160;Coq, M.&#160;Le&#160;Gall, Mme&#160;Leboucher, M.&#160;Legavre, Mme&#160;Legrain, Mme&#160;Lejeune, Mme&#160;Lepvraud, M.&#160;L&#233;aument, Mme&#160;&#201;lisa&#160;Martin, M.&#160;Maudet, Mme&#160;Maximi, Mme&#160;Mesmeur, Mme&#160;Manon&#160;Meunier, M.&#160;Nilor, Mme&#160;Nosb&#233;, Mme&#160;Obono, Mme&#160;Oziol, Mme&#160;Panot, M.&#160;Pilato, M.&#160;Piquemal, M.&#160;Portes, M.&#160;Prud&apos;homme, M.&#160;Ratenon, M.&#160;Saint-Martin, M.&#160;Saintoul, Mme&#160;Soudais, M.&#160;Tach&#233;, Mme&#160;Taurinya, M.&#160;Tavel, Mme&#160;Trouv&#233; et M.&#160;Vannier",Supprimer cet article.,"Cet amendement du groupe LFI-NFP vise à la suppression de l'article 15, qui prévoit notamment une régression majeure de nos objectifs de réduction de l'artificialisation des sols pour les projets industriels, et qui prévoit de réduire les exigences environnementales pour l'implantation de data centers. En effet, l'article 15 prévoit d'une part de qualifier de projets d’intérêt national majeur pour la transition numérique, la transition écologique ou la souveraineté nationale les centres de données de dimension industrielle (data center), conformément au cadre introduit à l’article L. 300-6-2 du code de l’urbanisme par la loi du 23 octobre 2023 relative à l’industrie verte. Cela aura pour effet de réduire les exigences environnementales et d'urbanisme qui s'imposeront pour l'implantation de data centers, sans lien avec les besoins et les exigences de la bifurcation agroécologique. Ce statut de projet d'intérêt national majeur (PINM) permet en effet de bénéficier des mesures d’accélérati",3064,2025-03-20,,data_center,/home/user/Operation_robespierre/Amendements/DLR5L16N49868/PRJLANR5L17B0481/AMANR5L17PO849474B0481P0D1N000642.json,Stambach-Terrenoir,Anne,La France insoumise - Nouveau Front Populaire,LFI-NFP,Haute-Garonne
amendement,AMANR5L17PO849474B0481P0D1N000223,CS223,17,CSVIEECO,PRJLANR5L17B0481,PA721584,PO845407,PA642695,M.&#160;Terlier et M.&#160;Bothorel,Supprimer l'alinéa 4.,"Cette suppression vise à revenir au texte initial déposé par le Gouvernement. Les modifications apportées par le Sénat à l’article 23 semblent prématurées en ce que le Règlement sur l’Intelligence Artificielle n°2024/1689 (RIA), du 13 juin 2024, prévoit déjà une gouvernance spécifique de l’intelligence artificielle (IA), répartissant les responsabilités entre plusieurs autorités nationales de surveillance du marché. Le rôle particulier de la Commission Nationale de l’Informatique et des Libertés (CNIL) dans ce cadre de gouvernance est déjà en partie défini par le RIA, qui prévoit les situations précises dans lesquelles les autorités de protection de données nationales sont responsables de la mise en œuvre du RIA. Les compétences des différentes autorités nationales concernées relatives à l’IA devront être définies par la loi d’ici le 2 août 2025, dans le cadre de l‘application du RIA. Il sera donc nécessaire d’élaborer un autre instrument législatif ou réglementaire afin d’assurer une ",1765,2025-03-19,,souverainete_numerique|ia_calcul,/home/user/Operation_robespierre/Amendements/DLR5L16N49868/PRJLANR5L17B0481/AMANR5L17PO849474B0481P0D1N000223.json,Terlier,Jean,Ensemble pour la République,EPR,Tarn
amendement,AMANR5L17PO849474B0481P0D1N001207,CS1207,17,CSVIEECO,PRJLANR5L17B0481,PA840765,PO845419,PA342415|PA840939|PA335054|PA774958|PA841463|PA841107|PA840673|PA793816,"M.&#160;Lhardit,  Mme&#160;Battistel, Mme&#160;Godard, Mme&#160;Karamanli, M.&#160;Leseul, Mme&#160;Mercier, M.&#160;Oberti, Mme&#160;Rossi, Mme&#160;Thomin et les membres du groupe Socialistes et apparent&#233;s","Après l’alinéa 6, insérer l’alinéa suivant : « Ne peuvent bénéficier des dispositions du présent I bis , les projets de centre de données dont le propriétaire ou l’opérateur est une société relevant, directement ou indirectement, de la législation d’un pays tiers de l’Union européenne lorsque le droit interne à cet État n’assure pas un niveau équivalent de protection des données à caractère personnel à celui du Règlement (UE) 2016/679 du Parlement européen et du Conseil du 27 avril 2016 relatif ","Le présent amendement des députés Socialistes et apparentés vise à donner une traduction réelle à la notion de souveraineté nationale, nécessaire pour la reconnaissance de l’intérêt national majeur de ces projets, en excluant les sociétés relevant d’États ne garantissant la protection de nos données du bénéfice de ce dispositif. Les centre de données représentent une infrastructure stratégique au regard de la numérisation de la vie économique, du développement rapide de l’intelligence artificielle accessible au plus grand nombre et de la nécessité de disposer de moyens souverains de stockage des données en nuage. Ces outils jouent par ailleurs un rôle central dans la réindustrialisation du pays et la transition énergétique, par exemple en optimisant le pilotage du réseau électrique. Cependant, cette souveraineté suppose que nos centres de données ne soient pas opérés par des sociétés soumises à la législation d’États qui comporte une portée extraterritoriale comme outil de guerre écono",3137,2025-03-20,,cloud|data_center|souverainete_numerique|ia_calcul,/home/user/Operation_robespierre/Amendements/DLR5L16N49868/PRJLANR5L17B0481/AMANR5L17PO849474B0481P0D1N001207.json,Lhardit,Laurent,Socialistes et apparentés,SOC,Bouches-du-Rhône
amendement,AMANR5L17PO849474B0481P0D1N000351,CS351,17,CSVIEECO,PRJLANR5L17B0481,PA841769,PO847173,PA841207,M.&#160;Michoux et M.&#160;Alloncle,"À l’alinéa 6, après le mot et le signe : « nationale, » insérer les mots : « selon des critères techniques objectifs et non discriminatoires définis par décret en Conseil d’État, ».","L’alinéa 6 de l’article 15 du PJL de simplification de la vie économique permet d’octroyer aux centres de données qui revêtent, eu égard à leur objet et à leur envergure, une importance particulière pour la transition numérique, la transition écologique ou la souveraineté nationale, la qualification de projet d’intérêt national majeur. Cette possibilité semble essentielle car les centres de données sont des infrastructures indispensables à l’atteinte de nos objectifs tant en matière de transition et de souveraineté numériques qu’en matière de transition écologique. Ils soutiennent, par ailleurs, la croissance économique, la compétitivité française en matière d’IA et de connectivité cloud, et concourent à la création d’emplois qualifiés. Afin de simplifier et de clarifier le processus de qualification, il semble toutefois pertinent de préciser que les critères sur le fondement desquels sera appréciée l’importance du projet sont des critères techniques objectifs et non-discriminatoires, ",1318,2025-03-20,,cloud|data_center|ia_calcul,/home/user/Operation_robespierre/Amendements/DLR5L16N49868/PRJLANR5L17B0481/AMANR5L17PO849474B0481P0D1N000351.json,Michoux,Éric,Union des droites pour la République,UDDPLR,Saône-et-Loire
amendement,AMANR5L17PO849474B0481P0D1N000224,CS224,17,CSVIEECO,PRJLANR5L17B0481,PA721584,PO845407,PA642695,M.&#160;Terlier et M.&#160;Bothorel,"Après le mot : « personnel », supprimer la fin de l’alinéa 8.","Cet amendement vise à revenir au texte initial déposé par le Gouvernement. Les modifications apportées par le Sénat à l’article 23 semblent prématurées en ce que le Règlement sur l’Intelligence Artificielle n°2024/1689 (RIA), du 13 juin 2024, prévoit déjà une gouvernance spécifique de l’intelligence artificielle (IA), répartissant les responsabilités entre plusieurs autorités nationales de surveillance du marché. Le rôle particulier de la Commission Nationale de l’Informatique et des Libertés (CNIL) dans ce cadre de gouvernance est déjà en partie défini par le RIA, qui prévoit les situations précises dans lesquelles les autorités de protection de données nationales sont responsables de la mise en œuvre du RIA. Les compétences des différentes autorités nationales concernées relatives à l’IA devront être définies par la loi d’ici le 2 août 2025, dans le cadre de l‘application du RIA. Il sera donc nécessaire d’élaborer un autre instrument législatif ou réglementaire afin d’assurer une har",1802,2025-03-19,,souverainete_numerique|ia_calcul,/home/user/Operation_robespierre/Amendements/DLR5L16N49868/PRJLANR5L17B0481/AMANR5L17PO849474B0481P0D1N000224.json,Terlier,Jean,Ensemble pour la République,EPR,Tarn
amendement,AMANR5L17PO849474B0481P0D1N000560,CS560,17,CSVIEECO,PRJLANR5L17B0481,PA642695,PO845407,PA607395,M.&#160;Bothorel et M.&#160;Travert,"I. – Supprimer l’alinéa 4. II. – A l’alinéa 8, supprimer les mots : «, notamment en matière d’algorithmes et d’intelligence artificielle »","Cet amendement vise à revenir au texte initial déposé par le Gouvernement. Les modifications apportées par le Sénat à l’article 23 semblent prématurées en ce que le Règlement sur l’Intelligence Artificielle n°2024/1689 (RIA), du 13 juin 2024, prévoit déjà une gouvernance spécifique de l’intelligence artificielle (IA), répartissant les responsabilités entre plusieurs autorités nationales de surveillance du marché. Le rôle particulier de la CNIL dans ce cadre de gouvernance est déjà en partie défini par le RIA, qui prévoit les situations précises dans lesquelles les autorités de protection de données nationales sont responsables de la mise en œuvre du RIA. Les compétences des différentes autorités nationales concernées relatives à l’IA devront être définies par la loi d’ici le 2 août 2025, dans le cadre de l‘application du RIA. Il sera donc nécessaire d’élaborer un autre instrument législatif ou réglementaire afin d’assurer une harmonisation entre les législations nationale et européenne",1799,2025-03-20,,souverainete_numerique|ia_calcul,/home/user/Operation_robespierre/Amendements/DLR5L16N49868/PRJLANR5L17B0481/AMANR5L17PO849474B0481P0D1N000560.json,Bothorel,Éric,Ensemble pour la République,EPR,Côtes-d'armor
amendement,AMANR5L17PO849474B0481P0D1N000439,CS439,17,CSVIEECO,PRJLANR5L17B0481,PA794426,PO845470,PA720230|PA722336|PA721844|PA793398|PA793992,"Mme&#160;Le&#160;H&#233;nanff,  Mme&#160;Lise&#160;Magnier, M.&#160;Thi&#233;baut, Mme&#160;Piron, M.&#160;Patrier-Leitus et M.&#160;Alfandari",Supprimer cet article.,"Les centres de données qui seront reconnus projets industriels d'intérêt majeur (PINM) seront de facto concernés par l'éco-conditionnalité prévue pour le tarif réduit sur l'accise de l'électricité dont bénéficie certains centres de données. Aussi, les dispositions du présent article sont d'ores et déjà satisfaites, il convient donc de supprimer cet article.",382,2025-03-20,,data_center,/home/user/Operation_robespierre/Amendements/DLR5L16N49868/PRJLANR5L17B0481/AMANR5L17PO849474B0481P0D1N000439.json,,,,,
amendement,AMANR5L17PO849474B0481P0D1N001154,CS1154,17,CSVIEECO,PRJLANR5L17B0481,PA841507,PO845439,,M.&#160;Nicolas&#160;Bonnet,Supprimer cet article.,"Cet article propose d’étendre la qualification de projet national d’intérêt majeur aux datacenters, lesquels sont présentés comme un moyen de conquérir une souveraineté numérique. Cela témoigne d’une méconnaissance profonde de la nature et du fonctionnement des datacenters, ainsi que des enjeux du numérique de manière générale. En effet, la souveraineté numérique se définit à la fois par une autonomie matérielle (composants informatiques comme les disques durs et les microprocesseurs, matières premières comme les terres rares) et une autonomie applicative (services de messagerie, outils bureautiques, plateformes). En bref, si les GAFAM viennent stocker leurs données dans des datacenters français, la souveraineté nationale n’en sera pas augmentée. Cet amendement propose donc de supprimer cet article, faute d’intérêt national suffisant à justifier des dérogations au droit de l’environnement, concernant notamment les espèces protégées.",969,2025-03-20,,data_center|souverainete_numerique,/home/user/Operation_robespierre/Amendements/DLR5L16N49868/PRJLANR5L17B0481/AMANR5L17PO849474B0481P0D1N001154.json,Bonnet,Nicolas,Écologiste et Social,ECOS,Puy-de-Dôme
amendement,AMANR5L17PO849474B0481P0D1N000419,CS419,17,CSVIEECO,PRJLANR5L17B0481,PA721852,PO845407,,Mme&#160;Lebec,"I. – Après l’article L. 1470‑5 du code de la santé publique, il est inséré un article L. 1470‑5‑1 ainsi rédigé : « Art. L. 1470‑5‑1. – Afin de garantir la conservation des informations médicales des patients par les professionnels de santé, tout fournisseur de services numériques en santé tels que définis à l’article L. 1470‑1 du présent code a obligation, dans le cas d’un changement de fournisseur, d’assurer le transfert de l’exhaustivité des données à l’utilisateur. « Il est interdit de factur","Le logiciel de gestion des acteurs de santé (logiciel médical) est l’outil du quotidien des professionnels de santé. Malheureusement, à ce jour, lorsqu’un professionnel de santé souhaite changer de logiciel, la possibilité de migrer ses données (dossiers patients, éléments de facturation, ordonnances, etc.) n’est pas garantie, en raison notamment d’un cadre normatif imprécis. En effet, les migrations de données sont trop souvent coûteuses (facturation au professionnel de santé qui souhaite changer de logiciel), longues (délai imposé au médecin avant que ne lui soient remises ses données) et défectueuses (des données de patients ne sont pas réimportées dans le nouveau logiciel). Ces difficultés sont bien connues des professionnels de santé, et génèrent pour eux une véritable inquiétude et d’importantes difficultés au moment du changement de logiciel, alors même qu’ils sont responsables de ces données. Elles font, de plus, peser le risque de perdre des données médicales au moment du chan",4323,2025-03-20,,cloud|souverainete_numerique,/home/user/Operation_robespierre/Amendements/DLR5L16N49868/PRJLANR5L17B0481/AMANR5L17PO849474B0481P0D1N000419.json,Lebec,Marie,Ensemble pour la République,EPR,Yvelines
amendement,AMANR5L17PO849474B0481P0D1N000517,CS517,17,CSVIEECO,PRJLANR5L17B0481,PA642695,PO845407,PA607395,M.&#160;Bothorel et M.&#160;Travert,"Au début du b) du 2° du I de l’article 8 de la loi n° 78‑17 du 6 janvier 1978 relative à l’informatique, aux fichiers et aux libertés, sont insérés les mots « En concertation avec les organismes publics et privés représentatifs des secteurs concernés, ».","Lorsqu’elle établit des lignes directrices, des recommandations ou des référentiels destinés à la mise en conformité des traitements de données personnelles, la CNIL n’est pas tenue de mener une étude d'impact et une concertation préalable avec les acteurs concernés à l’exception des domaines figurant au c) du 2° de l’article 8 de la loi n° 78-17 du 6 janvier 1978 relative à l'informatique, aux fichiers et aux libertés. Ces derniers ne sont donc pas nécessairement associés aux réflexions et propositions de la CNIL et n'ont pas la possibilité de venir exposer le fonctionnement de leur secteur, leur modèle d’affaire et l’importance de la donnée qui en résulte. Cette absence de prise en compte a priori des dynamiques de marché par la CNIL mène parfois à des situations où la mise en conformité pose des difficultés significatives pour les acteurs publics et privés. Cet amendement vise donc à ajouter la mention explicite d’une concertation préalable des acteurs concernés pour l’ établissemen",1317,2025-03-20,,souverainete_numerique,/home/user/Operation_robespierre/Amendements/DLR5L16N49868/PRJLANR5L17B0481/AMANR5L17PO849474B0481P0D1N000517.json,Bothorel,Éric,Ensemble pour la République,EPR,Côtes-d'armor
amendement,AMANR5L17PO849474B0481P0D1N001263,CS1263,17,CSVIEECO,PRJLANR5L17B0481,PA841507,PO845439,PA795362|PA793980|PA793452|PA842045|PA610968|PA793780|PA588884|PA841701|PA795454|PA840997|PA841885|PA794008|PA721210|PA841351|PA795010|PA842013|PA841419|PA840947|PA794022|PA794146|PA841223|PA795636|PA793708|PA793664|PA794154|PA794778|PA795076|PA722142|PA610002|PA795808|PA796018|PA736201|PA841713|PA793948|PA2940,"M.&#160;Nicolas&#160;Bonnet,  Mme&#160;Belluco, M.&#160;Fournier, M.&#160;Davi, Mme&#160;Ozenne, M.&#160;Amirshahi, Mme&#160;Arrighi, Mme&#160;Autain, Mme&#160;Balage&#160;El&#160;Mariky, M.&#160;Ben&#160;Cheikh, M.&#160;Biteau, M.&#160;Arnaud&#160;Bonnet, Mme&#160;Chatelain, M.&#160;Corbi&#232;re, M.&#160;Duplessy, Mme&#160;Garin, M.&#160;Gustave, M.&#160;Damien&#160;Girard, Mme&#160;Catherine&#160;Hervieu, M.&#160;Iordanoff, Mme&#160;Laernoes, M.&#160;Lahais, M.&#160;Lucas-Lundy, M.&#160;Peytavie, Mme&#160;Pochon, M.&#160;Raux, Mme&#160;Regol, Mme&#160;Sandrine&#160;Rousseau, M.&#160;Ruffin, Mme&#160;Sas, Mme&#160;Sebaihi, Mme&#160;Simonnet, Mme&#160;Taill&#233;-Polian, M.&#160;Tavernier, M.&#160;Thierry et Mme&#160;Voynet","Après le mot : « promouvoir », rédiger ainsi la fin de l’alinéa 4 : « une intelligence artificielle respectueuse des droits humains et des libertés fondamentales, du droit à la vie privée et à la protection des données à caractère personnel, accessible, et qui réduit ses impacts climatiques, environnementaux et énergétiques. »","Cet amendement vise à préciser l’intégration d’une mention explicite de l’intelligence artificielle au mandat de la CNIL, en rappelant notamment le besoin de régulation de l’utilisation de l’intelligence artificielle afin de préserver les droits humains et les libertés fondamentales, le respect du droit à la vie privée et de la protection des données à caractère personnel, ainsi que la réduction de ses impacts climatiques, environnementaux et énergétiques.",789,2025-03-20,,souverainete_numerique|ia_calcul,/home/user/Operation_robespierre/Amendements/DLR5L16N49868/PRJLANR5L17B0481/AMANR5L17PO849474B0481P0D1N001263.json,Bonnet,Nicolas,Écologiste et Social,ECOS,Puy-de-Dôme
amendement,AMANR5L17PO849474B0481P0D1N000725,CS725,17,CSVIEECO,PRJLANR5L17B0481,PA342415,PO845419,,Mme&#160;Battistel,"I. – À l’alinéa 6, substituer à la seconde occurrence du mot : « et » le signe : « , ». II. – En conséquence, au même alinéa, après le mot : « installée », insérer les mots : « et de soutien à l’émergence d’écosystèmes domestiques compétitifs ».","La tenue du Sommet pour l'action sur l'intelligence artificielle en février dernier a permis à chacun de mesurer l’ampleur du bouleversement en cours, et de constater l’opportunité pour la France de faire valoir son attractivité au niveau mondial. En effet, le développement de l’intelligence artificielle implique le déploiement de centres de données d’une puissance inédite, et la France dispose de nombreux atouts pour accueillir ce type d’équipement. La simplification de l’implantation des datacenters participe ainsi au rayonnement de la France. Il fait désormais consensus que l’avenir de l’IA est un enjeu politique, de souveraineté et d’indépendance stratégique. A cet égard, une attention particulière doit être portée au soutien au développement d’un écosystème français et européen. Dans sa rédaction actuelle, l’article 15 prévoit qu’un centre de données peut être qualifié de PIINM s’il revêt « eu égard à son objet et à son envergure, notamment en termes d’investissement et de puissan",2490,2025-03-20,,data_center|ia_calcul,/home/user/Operation_robespierre/Amendements/DLR5L16N49868/PRJLANR5L17B0481/AMANR5L17PO849474B0481P0D1N000725.json,Battistel,Marie-Noëlle,Socialistes et apparentés,SOC,Isère
amendement,AMANR5L17PO849474B0481P0D1N001349,CS1349,17,CSVIEECO,PRJLANR5L17B0481,,,,le Gouvernement,Supprimer la seconde phrase de l’alinéa 13.,"La seconde phrase du 2° b) du I de l’article 15, ajoutée lors de l’examen sénatoriale du texte, propose que le décret qui encadrera les conditions dans lesquelles la raison impérative d’intérêt public majeur (RIIPM) peut être reconnu par l’Etat soit complété par une partie décrivant les critères selon lesquels les projets de centres de données revêtant une importance particulière pour la transition écologique puissent être reconnu à ce titre comme des projets d’intérêt national majeur (PINM) en fixant des indicateurs chiffrés. L'importance pour la transition écologique est l'un des motifs, non-cumulatifs, pouvant justifier le statut PINM pour un centre de données - avec la transition numérique et la souveraineté nationale. Bien que le Gouvernement partage l’intention de la disposition en matière d’efficacité énergétique et de sobriété en termes de consommation d’eau, inscrire par voie réglementaire des seuils chiffrés, difficiles à mesurer pour des projets encore à réaliser et de fait ",2406,2025-03-21,,data_center,/home/user/Operation_robespierre/Amendements/DLR5L16N49868/PRJLANR5L17B0481/AMANR5L17PO849474B0481P0D1N001349.json,,,,,
amendement,AMANR5L17PO849474B0481P0D1N001176,CS1176,17,CSVIEECO,PRJLANR5L17B0481,PA841507,PO845439,PA795362|PA793980|PA793452|PA842045|PA610968|PA793780|PA588884|PA841701|PA795454|PA840997|PA841885|PA794008|PA721210|PA841351|PA795010|PA841419|PA842013|PA840947|PA794022|PA794146|PA841223|PA795636|PA793708|PA793664|PA794154|PA794778|PA795076|PA722142|PA610002|PA795808|PA796018|PA736201|PA841713|PA793948|PA2940,"M.&#160;Nicolas&#160;Bonnet,  Mme&#160;Belluco, M.&#160;Fournier, M.&#160;Davi, Mme&#160;Ozenne, M.&#160;Amirshahi, Mme&#160;Arrighi, Mme&#160;Autain, Mme&#160;Balage&#160;El&#160;Mariky, M.&#160;Ben&#160;Cheikh, M.&#160;Biteau, M.&#160;Arnaud&#160;Bonnet, Mme&#160;Chatelain, M.&#160;Corbi&#232;re, M.&#160;Duplessy, Mme&#160;Garin, M.&#160;Damien&#160;Girard, M.&#160;Gustave, Mme&#160;Catherine&#160;Hervieu, M.&#160;Iordanoff, Mme&#160;Laernoes, M.&#160;Lahais, M.&#160;Lucas-Lundy, M.&#160;Peytavie, Mme&#160;Pochon, M.&#160;Raux, Mme&#160;Regol, Mme&#160;Sandrine&#160;Rousseau, M.&#160;Ruffin, Mme&#160;Sas, Mme&#160;Sebaihi, Mme&#160;Simonnet, Mme&#160;Taill&#233;-Polian, M.&#160;Tavernier, M.&#160;Thierry et Mme&#160;Voynet",Substituer aux alinéas 15 à 25 l’alinéa suivant : « 1° bis (nouveau) Le deuxième alinéa du 1° du I de l’article L. 123‑2 est supprimé ; ».,"La loi relative à l’industrie verte a notamment introduit la possibilité de remplacer l’enquête publique par une consultation publique. Alors que l'enquête publique, engagée par le préfet et conduite par un commissaire enquêteur, consiste à recueillir les avis de la population, la consultation du public se limite à une simple mise à disposition des documents relatifs au projet permettant le recueil d'observations du public sans l'intervention d'un commissaire enquêteur. Ainsi, la participation du public n’est, à nos yeux, pas satisfaisante dans le cadre d’une consultation publique, notamment dans le cas de projets industriels d’envergure. Cet amendement vise notamment à permettre la tenue d’une enquête publique préalablement à l’installation d’un datacenter.",907,2025-03-20,,data_center,/home/user/Operation_robespierre/Amendements/DLR5L16N49868/PRJLANR5L17B0481/AMANR5L17PO849474B0481P0D1N001176.json,Bonnet,Nicolas,Écologiste et Social,ECOS,Puy-de-Dôme
amendement,AMANR5L17PO849474B0481P0D1N000759,CS759,17,CSVIEECO,PRJLANR5L17B0481,PA793816,PO845419,,Mme&#160;Thomin,"Après l’alinéa 3, insérer les deux alinéas suivants : « 1° bis (nouveau). – Après le 4° de l’article L. 152‑5, il est inséré un 5° ainsi rédigé : « « 5° L’installation de centres de données qualifiés de projets d’intérêt national majeur. » »","Cet amendement propose l’introduction d’un nouvel alinéa permettant aux centres de données qualifiés de projet d’intérêt national majeur de déroger aux exigences relatives à la hauteur des bâtiments. Le développement rapide des centres de données, notamment ceux dédiés à l’intelligence artificielle, entraîne une densification accrue de la consommation électrique, ce qui peut imposer une adaptation de l’architecture de ces infrastructures. Pour répondre à cette exigence de densification, ces centres tendent à augmenter la hauteur des bâtiments afin d’optimiser leur capacité sans occuper davantage d’espace au sol, contribuant ainsi à une réduction de l'artificialisation des sols. En permettant cette dérogation, cet amendement vise à minimiser la pression foncière, en limitant l’emprise des datacenters sur les espaces naturels tout en soutenant leur développement nécessaire dans le cadre de la transition numérique. Ce choix architectural permettrait de préserver les terres agricoles et le",1560,2025-03-20,,data_center|ia_calcul,/home/user/Operation_robespierre/Amendements/DLR5L16N49868/PRJLANR5L17B0481/AMANR5L17PO849474B0481P0D1N000759.json,Thomin,Mélanie,Socialistes et apparentés,SOC,Finistère
amendement,AMANR5L17PO849474B0481P0D1N001068,CS1068,17,CSVIEECO,PRJLANR5L17B0481,PA267200,PO845407,,M.&#160;Huyghe,"À l’alinéa 6, après le mot et le signe : « nationale, » insérer les mots : « selon des critères techniques objectifs et non discriminatoires définis par décret en Conseil d’État, ».","L’alinéa 6 de l’article 15 du PJL de simplification de la vie économique permet d’octroyer aux centres de données qui revêtent, eu égard à leur objet et à leur envergure, une importance particulière pour la transition numérique, la transition écologique ou la souveraineté nationale, la qualification de projet d’intérêt national majeur. Cette possibilité semble essentielle car les centres de données sont des infrastructures indispensables à l’atteinte de nos objectifs tant en matière de transition et de souveraineté numériques qu’en matière de transition écologique. Ils soutiennent, par ailleurs, la croissance économique, la compétitivité française en matière d’IA et de connectivité cloud, et concourent à la création d’emplois qualifiés. Afin de simplifier et de clarifier le processus de qualification, il semble toutefois pertinent de préciser que les critères sur le fondement desquels sera appréciée l’importance du projet sont des critères techniques objectifs et non-discriminatoires, ",1318,2025-03-20,,cloud|data_center|ia_calcul,/home/user/Operation_robespierre/Amendements/DLR5L16N49868/PRJLANR5L17B0481/AMANR5L17PO849474B0481P0D1N001068.json,Huyghe,Sébastien,Ensemble pour la République,EPR,Nord
amendement,AMANR5L17PO849474B0481P0D1N000731,CS731,17,CSVIEECO,PRJLANR5L17B0481,PA642695,PO845407,,M.&#160;Bothorel,"I. – Après l’alinéa 1, insérer les cinq alinéas suivants : « 1° AAA Le dernier alinéa de l’article L. 1121‑3 est ainsi modifié : « a) Après la première occurrence du mot : « contrôle », sont insérés les mots : « ou de l’assurance » ; « b) Les mots : « ce contrôle » sont remplacés par les mots : « ces activités » ; « c) Est ajoutée une phrase ainsi rédigée : « « Lorsque des composantes du contrôle ou de l’assurance de qualité sont effectuées à distance, celles-ci respectent les dispositions du rè","Le présent amendement complète le contrôle de qualité (réalisé par des moniteurs ou des attachés de recherche clinique travaillant pour le compte du promoteur et impliquées dans la conduite de l’essai) par l’assurance de qualité (réalisée par des auditeurs travaillant pour le compte du promoteur mais indépendants de l’essai). Il étend également les règles relatives au contrôle de qualité aux essais cliniques de médicaments. De plus, afin de faciliter ce contrôle de qualité, l’amendement prévoit la possibilité d’effectuer au moins pour partie ce contrôle à distance sous réserve de respecter les dispositions du règlement général sur la protection des données et de la loi n° 78-17 du 6 janvier 1978 relative à l'informatique, aux fichiers et aux libertés. Cette modification concerne les recherches impliquant la personne humaine, les essais de médicaments conduits selon le règlement (UE) n° 536/2014 du Parlement européen et du Conseil du 16 avril 2014, les investigations cliniques conduites",5836,2025-03-20,,souverainete_numerique,/home/user/Operation_robespierre/Amendements/DLR5L16N49868/PRJLANR5L17B0481/AMANR5L17PO849474B0481P0D1N000731.json,Bothorel,Éric,Ensemble pour la République,EPR,Côtes-d'armor
amendement,AMANR5L17PO849474B0481P0D1N001242,CS1242,17,CSVIEECO,PRJLANR5L17B0481,PA841507,PO845439,PA793980|PA793452|PA842045|PA841351|PA795010|PA841419|PA842013|PA840947|PA794022|PA794146|PA841223|PA795636|PA793708|PA793664|PA794154|PA794778|PA795076|PA722142|PA610002|PA795808|PA796018|PA736201|PA841713|PA793948|PA2940,"M.&#160;Nicolas&#160;Bonnet,  M.&#160;Fournier, M.&#160;Davi, Mme&#160;Ozenne, M.&#160;Duplessy, Mme&#160;Garin, M.&#160;Damien&#160;Girard, M.&#160;Gustave, Mme&#160;Catherine&#160;Hervieu, M.&#160;Iordanoff, Mme&#160;Laernoes, M.&#160;Lahais, M.&#160;Lucas-Lundy, M.&#160;Peytavie, Mme&#160;Pochon, M.&#160;Raux, Mme&#160;Regol, Mme&#160;Sandrine&#160;Rousseau, M.&#160;Ruffin, Mme&#160;Sas, Mme&#160;Sebaihi, Mme&#160;Simonnet, Mme&#160;Taill&#233;-Polian, M.&#160;Tavernier, M.&#160;Thierry et Mme&#160;Voynet",Supprimer cet article.,"Cet amendement propose de supprimer la possibilité pour les datacenters de bénéficier d’un tarif réduit de l’accise sur l’électricité, considérant qu’un tel tarif doit être réservé à des infrastructures prioritaires et présentant un intérêt national le justifiant. En particulier, cet article propose d’accorder ce tarif à tous les datacenters, y compris ceux relevant exclusivement d’entreprises privées, dont l’intérêt pour la collectivité n’est pas a priori établi.",491,2025-03-20,,data_center,/home/user/Operation_robespierre/Amendements/DLR5L16N49868/PRJLANR5L17B0481/AMANR5L17PO849474B0481P0D1N001242.json,Bonnet,Nicolas,Écologiste et Social,ECOS,Puy-de-Dôme
amendement,AMANR5L17PO849474B0481P0D1N000626,CS626,17,CSVIEECO,PRJLANR5L17B0481,PA721486,PO845485,,M.&#160;Naegelen,"I. – Après l’article L. 1470‑5 du code de la santé publique, il est inséré un article L. 1470‑5‑1 ainsi rédigé : « Art. L. 1470‑5‑1. – Afin de garantir la conservation des informations médicales des patients par les professionnels de santé, tout fournisseur de services numériques en santé tels que définis à l’article L. 1470‑1 du présent code a obligation, dans le cas d’un changement de fournisseur, d’assurer le transfert de l’exhaustivité des données à l’utilisateur. « Il est interdit de factur","Le logiciel de gestion des acteurs de santé (logiciel médical) est l’outil du quotidien des professionnels de santé. Malheureusement, à ce jour, lorsqu’un professionnel de santé souhaite changer de logiciel, la possibilité de migrer ses données (dossiers patients, éléments de facturation, ordonnances, etc.) n’est pas garantie, en raison notamment d’un cadre normatif imprécis. En effet, les migrations de données sont trop souvent coûteuses (facturation au professionnel de santé qui souhaite changer de logiciel), longues (délai imposé au médecin avant que ne lui soient remises ses données) et défectueuses (des données de patients ne sont pas réimportées dans le nouveau logiciel). Ces difficultés sont bien connues des professionnels de santé, et génèrent pour eux une véritable inquiétude et d’importantes difficultés au moment du changement de logiciel, alors même qu’ils sont responsables de ces données. Elles font, de plus, peser le risque de perdre des données médicales au moment du chan",4323,2025-03-20,,cloud|souverainete_numerique,/home/user/Operation_robespierre/Amendements/DLR5L16N49868/PRJLANR5L17B0481/AMANR5L17PO849474B0481P0D1N000626.json,Naegelen,Christophe,"Libertés, Indépendants, Outre-mer et Territoires",LIOT,Vosges
amendement,AMANR5L17PO849474B0481P0D1N001318,CS1318,17,CSVIEECO,PRJLANR5L17B0481,PA721764,PO845407,PA642695|PA721852|PA607395|PA722366|PA840235|PA795920|PA719388,"Mme&#160;Olivia&#160;Gr&#233;goire,  M.&#160;Bothorel, Mme&#160;Lebec, M.&#160;Travert, M.&#160;Fugit, M.&#160;Fr&#233;bault, Mme&#160;Thevenot et Mme&#160;Le&#160;Meur","Compléter cet article par l’alinéa suivant : « III (nouveau). – Au deuxième alinéa de l’article 226‑22 du code pénal, les mots : « de trois ans d’emprisonnement et » sont supprimés. »","Conformément à l’article 226-22 code pénal le chef d’entreprise peut être condamné à une peine d’emprisonnement lorsqu’il porte à la connaissance d’un tiers, sans autorisation de l’intéressé, des données à caractère personnel dont la divulgation aurait pour effet de porter atteinte à la considération de l’intéressé ou à l’intimité de sa vie privée. La possibilité pour un chef d'entreprise d'être condamné à une peine d'emprisonnement pour une divulgation non autorisée de données personnelles, même par imprudence ou négligence, semble disproportionnée par rapport à la nature de l'infraction. Comme évoqué, le RGPD est une réglementation complexe à connaître pour le dirigeant de TPE-PME, ce qui peut conduire à des erreurs commises par imprudence. Sanctionner d’emprisonnement l’entrepreneur en cas de faute non-intentionnelle paraît donc disproportionné. C’est pourquoi, il est proposé de supprimer les peines d’emprisonnement en cas de non-respect de la réglementation relative aux données per",1274,2025-03-20,,souverainete_numerique,/home/user/Operation_robespierre/Amendements/DLR5L16N49868/PRJLANR5L17B0481/AMANR5L17PO849474B0481P0D1N001318.json,Grégoire,Olivia,Ensemble pour la République,EPR,Paris
amendement,AMANR5L17PO849474B0481P0D1N000088,CS88,17,CSVIEECO,PRJLANR5L17B0481,PA266808,PO845425,PA720644|PA266797|PA793094|PA719272|PA793508|PA722390|PA721442,"M.&#160;Rolland,  M.&#160;Nury, M.&#160;Gosselin, M.&#160;Ray, Mme&#160;Fr&#233;d&#233;rique&#160;Meunier, M.&#160;Brigand, Mme&#160;Corneloup et Mme&#160;Petex","À l’alinéa 6, après le mot et le signe : « nationale, » insérer les mots : « selon des critères techniques objectifs et non discriminatoires définis par décret en Conseil d’État, ».","L’alinéa 6 de l’article 15 du PJL de simplification de la vie économique permet d’octroyer aux centres de données qui revêtent, eu égard à leur objet et à leur envergure, une importance particulière pour la transition numérique, la transition écologique ou la souveraineté nationale, la qualification de projet d’intérêt national majeur. Cette possibilité semble essentielle car les centres de données sont des infrastructures indispensables à l’atteinte de nos objectifs tant en matière de transition et de souveraineté numériques qu’en matière de transition écologique. Ils soutiennent, par ailleurs, la croissance économique, la compétitivité française en matière d’IA et de connectivité cloud, et concourent à la création d’emplois qualifiés. Afin de simplifier et de clarifier le processus de qualification, il semble toutefois pertinent de préciser que les critères sur le fondement desquels sera appréciée l’importance du projet sont des critères techniques objectifs et non-discriminatoires, ",1318,2025-03-19,,cloud|data_center|ia_calcul,/home/user/Operation_robespierre/Amendements/DLR5L16N49868/PRJLANR5L17B0481/AMANR5L17PO849474B0481P0D1N000088.json,Rolland,Vincent,Droite Républicaine,DR,Savoie
amendement,AMANR5L17PO849474B0481P0D1N000847,CS847,17,CSVIEECO,PRJLANR5L17B0481,PA795362,PO845439,PA793980|PA841507|PA793452|PA842045|PA610968|PA793780|PA588884|PA841701|PA795454|PA840997|PA841885|PA721210|PA841351|PA794008|PA795010|PA841419|PA842013|PA840947|PA794022|PA794146|PA841223|PA795636|PA793708|PA793664|PA794154|PA794778|PA795076|PA722142|PA610002|PA795808|PA796018|PA736201|PA841713|PA793948|PA2940,"Mme&#160;Belluco,  M.&#160;Fournier, M.&#160;Nicolas&#160;Bonnet, M.&#160;Davi, Mme&#160;Ozenne, M.&#160;Amirshahi, Mme&#160;Arrighi, Mme&#160;Autain, Mme&#160;Balage&#160;El&#160;Mariky, M.&#160;Ben&#160;Cheikh, M.&#160;Biteau, M.&#160;Arnaud&#160;Bonnet, M.&#160;Corbi&#232;re, M.&#160;Duplessy, Mme&#160;Chatelain, Mme&#160;Garin, M.&#160;Damien&#160;Girard, M.&#160;Gustave, Mme&#160;Catherine&#160;Hervieu, M.&#160;Iordanoff, Mme&#160;Laernoes, M.&#160;Lahais, M.&#160;Lucas-Lundy, M.&#160;Peytavie, Mme&#160;Pochon, M.&#160;Raux, Mme&#160;Regol, Mme&#160;Sandrine&#160;Rousseau, M.&#160;Ruffin, Mme&#160;Sas, Mme&#160;Sebaihi, Mme&#160;Simonnet, Mme&#160;Taill&#233;-Polian, M.&#160;Tavernier, M.&#160;Thierry et Mme&#160;Voynet","Rédiger ainsi cet article : « I. – L’article L. 300‑6‑2 du code de l’urbanisme est abrogé. « II. – La section 1 du chapitre I er du titre I er du livre IV du code de l’environnement est ainsi modifiée : « 1° Au c du 4° du I de l’article L. 411‑2, les mots : « impératives d’intérêt public majeur » sont supprimés ; « 2° L’article L. 411‑2‑1 est abrogé. « III. – L’article L. 211‑2‑1 du code de l’énergie est abrogé. « IV. – L’article L. 122‑1‑1 du code de l’expropriation est abrogé. »","Cet amendement supprime la notion raison impérative d’intérêt public majeur (RIIPM). La raison impérative d’intérêt public majeur est un outil pour contourner le droit. Les projets qui en relèvent sont définis par décret, sans transparence dans les choix opérés, sans regard du parlement, sans conditionnalité à l’utilité du projet. Cet article prévoit encore l’élargissement de cette RIIPM à d’autres projets, comme les datacenters. Au lieu de poursuivre cette fuite en avant, alors même qu’aucun bilan n’a été tiré de la loi sur l’accélération des énergies renouvelables ou l’industrie verte, cet amendement propose de revenir à un droit plus simple, sans exception fondée uniquement sur le bon vouloir du Prince. C’est la raison pour laquelle il propose la suppression de la notion de RIIPM. De plus, la RIIPM n’est pas source de simplification de la vie économique. Au contraire : les dérogations créent de l’incertitude, du flou, et ne permettent le plus souvent pas de faire sortir les projets ",1691,2025-03-20,,data_center,/home/user/Operation_robespierre/Amendements/DLR5L16N49868/PRJLANR5L17B0481/AMANR5L17PO849474B0481P0D1N000847.json,Belluco,Lisa,Écologiste et Social,ECOS,Vienne
amendement,AMANR5L17PO849474B0481P0D1N000849,CS849,17,CSVIEECO,PRJLANR5L17B0481,PA795362,PO845439,PA793980|PA841507|PA793452|PA842045|PA610968|PA793780|PA588884|PA841701|PA795454|PA840997|PA841885|PA721210|PA841351|PA794008|PA795010|PA841419|PA842013|PA840947|PA794022|PA794146|PA841223|PA795636|PA793708|PA793664|PA794154|PA794778|PA795076|PA722142|PA610002|PA795808|PA796018|PA736201|PA841713|PA793948|PA2940,"Mme&#160;Belluco,  M.&#160;Fournier, M.&#160;Nicolas&#160;Bonnet, M.&#160;Davi, Mme&#160;Ozenne, M.&#160;Amirshahi, Mme&#160;Arrighi, Mme&#160;Autain, Mme&#160;Balage&#160;El&#160;Mariky, M.&#160;Ben&#160;Cheikh, M.&#160;Biteau, M.&#160;Arnaud&#160;Bonnet, M.&#160;Corbi&#232;re, M.&#160;Duplessy, Mme&#160;Chatelain, Mme&#160;Garin, M.&#160;Damien&#160;Girard, M.&#160;Gustave, Mme&#160;Catherine&#160;Hervieu, M.&#160;Iordanoff, Mme&#160;Laernoes, M.&#160;Lahais, M.&#160;Lucas-Lundy, M.&#160;Peytavie, Mme&#160;Pochon, M.&#160;Raux, Mme&#160;Regol, Mme&#160;Sandrine&#160;Rousseau, M.&#160;Ruffin, Mme&#160;Sas, Mme&#160;Sebaihi, Mme&#160;Simonnet, Mme&#160;Taill&#233;-Polian, M.&#160;Tavernier, M.&#160;Thierry et Mme&#160;Voynet","Après l’alinéa 7, insérer les quatre alinéas suivants : « I ter (nouveau) . – L’intérêt général d’un projet mentionné au premier alinéa du présent article ne peut être prononcé si : « 1° Le projet accroît la demande en eau, et est mené dans une zone présentant, ou susceptible de présenter sous l’effet du changement climatique, une insuffisance, autre qu’exceptionnelle, des ressources par rapport aux besoins en eau ; « 2° Le projet est mené dans une zone qui pourrait, du fait de l’utilisation de ","L’objet de cet amendement est de conditionner l’implantation de data centers et d’industries à la présence d’une ressource en eau en qualité et en quantité suffisante. Si seuls 5 % de l’eau consommé en France l’est pour les usages industriels, certains procédés contribuent à une consommation très élevée de la ressource. C’est par exemple le cas des usines de fabrication comme STMicroelectronics en Isère, qui pourraient consommer autant d’eau qu’une ville de 160 000 habitants. C’est également le cas des data centers. Dans son rapport environnemental, Google a révélé avoir prélevé 28 milliards de litres d’eau dans l’année, dont les deux tiers — de l’eau potable — pour refroidir ses data centers. Entre 2018 et 2022, ses prélèvements ont bondi de 82 %. Alors que les centres de données sont construits partout dans le monde, avec un taux de croissance de 12,6 % par an, la publication des chiffres relatifs à la consommation d’eau reste soumise au bon vouloir des industriels, Google faisant fi",3348,2025-03-20,,data_center,/home/user/Operation_robespierre/Amendements/DLR5L16N49868/PRJLANR5L17B0481/AMANR5L17PO849474B0481P0D1N000849.json,Belluco,Lisa,Écologiste et Social,ECOS,Vienne
amendement,AMANR5L17PO849474B0481P0D1N000503,CS503,17,CSVIEECO,PRJLANR5L17B0481,PA642695,PO845407,,M.&#160;Bothorel,"Après l’alinéa 89, insérer les alinéas suivants : « Après le V de l’article 66, il est inséré un VI ainsi rédigé : « VI. – Lorsqu’un responsable de traitement dispose d’une autorisation par la Commission Nationale de l’Informatique et des Libertés ou a réalisé un engagement de conformité à un référentiel simplifié mentionné à l’article 66 (II) de la Loi n° 78‑17 du 6 janvier 1978 relative à l’informatique, aux fichiers et aux libertés, le responsable de traitement disposant des données en questi","Comme l’indique la note du groupe de travail « Financement » organisé par le Comité stratégique des données de santé, l’un des freins principaux à l’accès aux données est aujourd’hui la durée de mise à disposition des données et notamment l’incertitude liée à cette mise à disposition. Inscrire un délai légal dans la loi offrirait une visibilité et une prévisibilité essentielle aux acteurs de l’écosystème de la recherche et l’innovation en santé (académiques, personnels médicaux, startups, grandes entreprises) pour organiser leurs travaux et développer leurs solutions. Cela permettrait ainsi de favoriser le partage des données et la compétitivité de la France via le développement de sa recherche en santé. De plus, cette disposition permettrait également à la France de se mettre d’ores-et-déjà en conformité avec le projet de règlement sur l’Espace Européen des Données de Santé qui prévoit à l’article 41 une disposition identique.",1535,2025-03-20,,souverainete_numerique,/home/user/Operation_robespierre/Amendements/DLR5L16N49868/PRJLANR5L17B0481/AMANR5L17PO849474B0481P0D1N000503.json,Bothorel,Éric,Ensemble pour la République,EPR,Côtes-d'armor
amendement,AMANR5L17PO849474B0481P0D1N000748,CS748,17,CSVIEECO,PRJLANR5L17B0481,PA642695,PO845407,,M.&#160;Bothorel,Supprimer les alinéas 1 à 8.,"Cet amendement a pour objet de supprimer les dispositions afférentes au mandat de la CNIL en matière de promotion de l’innovation dans le domaine de l’intelligence artificielle, compte tenu de l’avis défavorable du Conseil d’Etat sur ces dispositions. Au surplus, les arbitrages du Gouvernement en ce qui concerne la désignation des autorités nationales en charge de la mise en œuvre du règlement européen sur l’intelligence artificielle sont en cours et il convient de ne pas inscrire dans le texte des orientations prématurées à ce sujet.",569,2025-03-20,,ia_calcul,/home/user/Operation_robespierre/Amendements/DLR5L16N49868/PRJLANR5L17B0481/AMANR5L17PO849474B0481P0D1N000748.json,Bothorel,Éric,Ensemble pour la République,EPR,Côtes-d'armor
amendement,AMANR5L17PO849474B0481P0D1N000438,CS438,17,CSVIEECO,PRJLANR5L17B0481,PA794426,PO845470,PA720230|PA722336|PA721844|PA793398|PA793992,"Mme&#160;Le&#160;H&#233;nanff,  Mme&#160;Lise&#160;Magnier, M.&#160;Thi&#233;baut, Mme&#160;Piron, M.&#160;Patrier-Leitus et M.&#160;Alfandari","Les centres de données, y compris ceux hébergés par les entreprises, les banques ou les centres de recherche sont soumis, une fois par an, à une transmission d’information administratives, environnementales et énergétiques unique. Les modalités de cette transmission d’informations, de partage entre administrations et autorités, et la cohérence avec l’article 12 de la directive UE 2023/1791 du Parlement européen et du Conseil du 13 septembre 2023 relative à l’efficacité énergétique et modifiant l","Le dispositif Eco Energie Tertiaire, la loi visant à renforcer la régulation environnementale du numérique et la Directive sur l’efficacité énergétique instaurent tous les trois des reportings sur l’empreinte environnementale des centres de données mais auprès d’instances différentes, sur des données différentes, avec des périmètres divers et à des périodes différentes. Cette multiplication de reportings représente une charge importante pour les opérateurs de centres de données qui peuvent fournir la même donnée à trois entités différentes trois fois dans la même année. Par cet amendement, il est donc proposé de simplifier la vie des opérateurs de centres de données en les soumettant à un reporting unique dont les modalités et le partage des informations entre autorités et administrations françaises seront fixées par décret.",1405,2025-03-20,,data_center,/home/user/Operation_robespierre/Amendements/DLR5L16N49868/PRJLANR5L17B0481/AMANR5L17PO849474B0481P0D1N000438.json,,,,,
amendement,AMANR5L17PO849474B0481P0D1N001210,CS1210,17,CSVIEECO,PRJLANR5L17B0481,PA793816,PO845419,PA342415|PA840939|PA335054|PA774958|PA840765|PA841463|PA841107|PA840673,"Mme&#160;Thomin,  Mme&#160;Battistel, Mme&#160;Godard, Mme&#160;Karamanli, M.&#160;Leseul, M.&#160;Lhardit, Mme&#160;Mercier, M.&#160;Oberti, Mme&#160;Rossi et les membres du groupe Socialistes et apparent&#233;s",Supprimer les alinéas 36 à 40.,"Le présent amendement des députés Socialistes et apparentés vise à supprimer l’exclusion des projets de centres de données prévus au présent article de la comptabilisation dans les enveloppes « ZAN ». Les adaptations apportées sous la précédente législature à la loi Climat et résilience et dans la loi Industrie verte ont permis d’équilibrer les enjeux liés à la transition énergétique et à la réindustrialisation avec les autres enjeux liés à la transition écologique, notamment la réduction de la consommation d’espaces naturels, agricoles et forestiers. Cette modification apportée par le Sénat ne respecte pas cet équilibre et s’inscrit même dans une forme d’incohérence, dès lors que les enjeux liés aux réseaux et à l’alimentation électrique de ces implantations suppose une installation au sein de sites, industriels ou d’activité, comme résidentiels, déjà bien desservis. Dès lors il y a lieu de supprimer ces dispositions, qui traduisent d’abord la faible appétence des sénateurs pour l’obj",1069,2025-03-20,,data_center,/home/user/Operation_robespierre/Amendements/DLR5L16N49868/PRJLANR5L17B0481/AMANR5L17PO849474B0481P0D1N001210.json,Thomin,Mélanie,Socialistes et apparentés,SOC,Finistère
amendement,AMANR5L17PO849474B0481P0D1N001110,CS1110,17,CSVIEECO,PRJLANR5L17B0481,PA793904,PO845401,PA642988|PA793166|PA841605|PA793218|PA841837|PA794590|PA719436|PA793852|PA841955|PA842097|PA794954|PA793382|PA841553,"M.&#160;Lopez-Liguori,  M.&#160;de&#160;L&#233;pinau, M.&#160;Dessigny, M.&#160;Golliot, M.&#160;Guitton, M.&#160;Le&#160;Bourgeois, M.&#160;Loubet, M.&#160;Meizonnet, M.&#160;Meurin, M.&#160;Renault, Mme&#160;Roy, M.&#160;Salmon, M.&#160;Tach&#233;&#160;de&#160;la&#160;Pagerie et M.&#160;Tesson","Après l’alinéa 4, insérer les trois alinéas suivants : « L’entreprise opérant la plateforme doit répondre aux critères suivants : « 1° Son siège statutaire, son administration centrale et son principal établissement doivent être établis au sein d’un État membre de l’Union européenne ; « 2° Son capital social et les droits de vote dans la société du prestataire ne doivent pas être, directement ou indirectement, individuellement détenus à plus de 24 %, et collectivement détenus à plus de 39 %, par","Le canadien CGI a été choisi en novembre 2024 par l’État pour opérer la plateforme de dématérialisation PLACE. Cette situation porte gravement atteinte à notre souveraineté numérique. Au regard de la sensibilité des données hébergées et du risque d’intelligence économique qui en découle, il est nécessaire que cette situation change urgemment. Il est ainsi proposé par cet amendement de repli de confier la gestion de la plateforme à une plateforme française ou européenne.",1133,2025-03-20,,souverainete_numerique,/home/user/Operation_robespierre/Amendements/DLR5L16N49868/PRJLANR5L17B0481/AMANR5L17PO849474B0481P0D1N001110.json,Lopez-Liguori,Aurélien,Rassemblement National,RN,Hérault
amendement,AMANR5L17PO849474B0481P0D1N001114,CS1114,17,CSVIEECO,PRJLANR5L17B0481,PA793904,PO845401,PA642988|PA793166|PA841605|PA793218|PA841837|PA794590|PA719436|PA793852|PA841955|PA842097|PA794954|PA793382|PA841553,"M.&#160;Lopez-Liguori,  M.&#160;de&#160;L&#233;pinau, M.&#160;Dessigny, M.&#160;Golliot, M.&#160;Guitton, M.&#160;Le&#160;Bourgeois, M.&#160;Loubet, M.&#160;Meizonnet, M.&#160;Meurin, M.&#160;Renault, Mme&#160;Roy, M.&#160;Salmon, M.&#160;Tach&#233;&#160;de&#160;la&#160;Pagerie et M.&#160;Tesson","À l’alinéa 6, supprimer les mots : « , la transition écologique ».","Cet article vise à permettre l'extension du dispositif de « projet d'intérêt national majeur » (PNIM), introduit avec la loi industrie verte pour les projets industriels les plus stratégiques, aux centres de données d'envergure comparable. Cela permettra une accélération procédurale concernant la mise en compatibilité des documents d’urbanisme, le raccordement au réseau d’électricité, la reconnaissance de la RIIPM. Pour revêtir la qualification d'intérêt national majeur, un data center doit revêtir une importance particulière pour la transition numérique, la transition écologique ou la souveraineté nationale, eu égard à son objet et à son envergure. Or les data center sont des infrastructures particulièrement énergivores, qui compensent leur consommation en investissant dans la production d'énergie renouvelable et intermittente (particulièrement l'éolien). Or la réindustrialisation de la France ne peut reposer sur une énergie intermittente comme l'éolien. L’amendement vise à supprimer ",1240,2025-03-20,,data_center,/home/user/Operation_robespierre/Amendements/DLR5L16N49868/PRJLANR5L17B0481/AMANR5L17PO849474B0481P0D1N001114.json,Lopez-Liguori,Aurélien,Rassemblement National,RN,Hérault
amendement,AMANR5L17PO849474B0481P0D1N000249,CS249,17,CSVIEECO,PRJLANR5L17B0481,PA841191,PO845413,PA795228|PA793262|PA794906|PA794138|PA795588|PA795084|PA842105|PA841657|PA720430|PA793772|PA795616|PA793444|PA794938|PA795318|PA841023|PA796090|PA793912|PA842187|PA842037|PA791812|PA793736|PA721202|PA795136|PA793464|PA842155|PA795200|PA795844|PA841251|PA794786|PA794870|PA796070|PA795310|PA794478|PA841947|PA794082|PA794130|PA720846|PA841729|PA795516|PA841515|PA795672|PA795108|PA795298|PA791824|PA842029|PA793532|PA795746|PA342384|PA795422|PA794686|PA841215|PA795482|PA610654|PA721960|PA793872|PA720892|PA817211|PA793756|PA796062|PA719578|PA721062|PA841845|PA795982|PA795466|PA793744|PA720952|PA794106|PA794166|PA795164|PA795596,"Mme&#160;Nosb&#233;,  Mme&#160;Abomangoli, M.&#160;Alexandre, M.&#160;Amard, Mme&#160;Amiot, Mme&#160;Amrani, M.&#160;Arenas, M.&#160;Arnault, Mme&#160;Belouassa-Cherifi, M.&#160;Bernalicis, M.&#160;Bex, M.&#160;Bilongo, M.&#160;Bompard, M.&#160;Boumertit, M.&#160;Boyard, M.&#160;Cadalen, M.&#160;Caron, M.&#160;Carri&#232;re, Mme&#160;Cathala, M.&#160;Cernon, Mme&#160;Chikirou, M.&#160;Clouet, M.&#160;Coquerel, M.&#160;Coulomme, M.&#160;Delogu, M.&#160;Diouara, Mme&#160;Dufour, Mme&#160;Erodi, Mme&#160;Feld, M.&#160;Fernandes, Mme&#160;Ferrer, M.&#160;Gaillard, Mme&#160;Guett&#233;, M.&#160;Guiraud, Mme&#160;Hamdane, Mme&#160;Hignet, M.&#160;Kerbrat, M.&#160;Lachaud, M.&#160;Lahmar, M.&#160;Laisney, M.&#160;Le&#160;Coq, M.&#160;Le&#160;Gall, Mme&#160;Leboucher, M.&#160;Legavre, Mme&#160;Legrain, Mme&#160;Lejeune, Mme&#160;Lepvraud, M.&#160;L&#233;aument, Mme&#160;&#201;lisa&#160;Martin, M.&#160;Maudet, Mme&#160;Maximi, Mme&#160;Mesmeur, Mme&#160;Manon&#160;Meunier, M.&#160;Nilor, Mme&#160;Obono, Mme&#160;Oziol, Mme&#160;Panot, M.&#160;Pilato, M.&#160;Piquemal, M.&#160;Portes, M.&#160;Prud&apos;homme, M.&#160;Ratenon, M.&#160;Saint-Martin, M.&#160;Saintoul, Mme&#160;Soudais, Mme&#160;Stambach-Terrenoir, M.&#160;Tach&#233;, Mme&#160;Taurinya, M.&#160;Tavel, Mme&#160;Trouv&#233; et M.&#160;Vannier",Supprimer cet article.,"Par cet amendement, les député.es du groupe LFI-NFP proposent de supprimer l'article 23. Cet article est au mieux inutile, au pire néfaste. D'une part, il prévoit ""la prise en compte des enjeux d’innovation dans l’ensemble des missions de la Commission nationale de l'informatique et des libertés (CNIL)"", et notamment dans le cadre de son évaluation publique des conséquences des évolutions technologiques. Considérant que le terme d’innovation était indéfini le Sénat a ajouté une disposition afin qu’une mission de la CNIL soit consacrée à accompagner spécifiquement l'innovation dans le domaine de l'intelligence artificielle (IA) et pour encourager les entreprises à recourir à la Commission. Or, les missions confiées à la CNIL par le législateur prennent déjà en compte les avancées technologiques et leurs conséquences : la loi du 6 janvier 1978 prévoit qu’elle se tient informée de l’évolution technologique et rend publique le cas échéant son appréciation des conséquences qui en résultent ",2854,2025-03-19,,souverainete_numerique|ia_calcul,/home/user/Operation_robespierre/Amendements/DLR5L16N49868/PRJLANR5L17B0481/AMANR5L17PO849474B0481P0D1N000249.json,Nosbé,Sandrine,La France insoumise - Nouveau Front Populaire,LFI-NFP,Isère
amendement,AMANR5L17PO849474B0481P0D1N001169,CS1169,17,CSVIEECO,PRJLANR5L17B0481,PA841207,PO847173,PA841769,M.&#160;Alloncle et M.&#160;Michoux,"Après l’article 20‑1 de la loi n° 78‑17 du 6 janvier 1978 relative à l’informatique, aux fichiers et aux libertés, il est inséré un article 20‑2 ainsi rédigé : « I. – Conformément à sa mission d’accompagnement des responsables de traitement et des sous-traitants, la Commission nationale de l’informatique et des libertés accorde un droit à l’erreur aux organismes ayant commis un manquement involontaire à leurs obligations en matière de protection des données personnelles. « II. – Ce droit à l’err","Si la Commission nationale de l’informatique et des libertés (CNIL) dispose déjà d’un pouvoir d’appréciation dans le cadre de ses contrôles, il n’existe pas aujourd’hui de dispositif formel instaurant un droit à l’erreur en matière de protection des données personnelles. Pourtant, dans d’autres domaines du droit, notamment avec la loi ESSOC (Loi pour un État au service d’une société de confiance), le législateur a déjà consacré le principe selon lequel une erreur commise de bonne foi ne doit pas nécessairement donner lieu à une sanction immédiate, à condition qu’elle soit corrigée rapidement. Le présent amendement vise donc à introduire un droit à l’erreur encadré pour les entreprises et les organismes publics en matière de protection des données personnelles. Ce droit s’appliquerait aux manquements involontaires et non graves, sous réserve qu’ils soient corrigés dans un délai raisonnable et que l’organisme concerné coopère pleinement avec la CNIL. Cet amendement vise ainsi offrir une ",3591,2025-03-20,,souverainete_numerique,/home/user/Operation_robespierre/Amendements/DLR5L16N49868/PRJLANR5L17B0481/AMANR5L17PO849474B0481P0D1N001169.json,Alloncle,Charles,Union des droites pour la République,UDDPLR,Hérault
amendement,AMANR5L17PO849474B0481P0D1N000504,CS504,17,CSVIEECO,PRJLANR5L17B0481,PA642695,PO845407,,M.&#160;Bothorel,"Après l’alinéa 89, insérer les alinéas suivants : « Après le VI de l’article 66, il est inséré un VII ainsi rédigé : « VII. – La mise à disposition des données mentionnées à l’article L. 1461‑1 du Code de la santé publique doit être encadrée par une convention. Les détenteurs de données peuvent percevoir des redevances pour cette mise à disposition à des acteurs privés. La fourniture de données ne suffit pas à qualifier la relation entre dépositaire de données et utilisateur de données de collab","Comme l’indique la note du groupe de travail « Financement » organisé par le Comité stratégique des données de santé, l’un des freins principaux à l’accès aux données réside aujourd’hui dans la durée de contractualisation de cet accès aux données. Prévoir de créer, par arrêté, un contrat type ainsi qu’une grille unifiée pour les redevances permettrait de réduire considérablement ce temps de contractualisation, de lisser les inégalités de tarifs selon les bases de données et ainsi de favoriser le développement de la recherche et de l’innovation en santé par un partage facilité et accéléré des données. Ces dispositions permettent également à la France de se conformer à l’obligation de prévoir au niveau national les critères et méthodes de calcul de redevance pour la mise à disposition des données par les organismes du secteur public et de se mettre d’ores-et-déjà en conformité avec l’article 42 du règlement Espace Européen des Données de Santé qui prévoit des redevances pour les acteurs ",2712,2025-03-20,,souverainete_numerique,/home/user/Operation_robespierre/Amendements/DLR5L16N49868/PRJLANR5L17B0481/AMANR5L17PO849474B0481P0D1N000504.json,Bothorel,Éric,Ensemble pour la République,EPR,Côtes-d'armor
amendement,AMANR5L17PO849474B0481P0D1N000382,CS382,17,CSVIEECO,PRJLANR5L17B0481,PA793796,PO845485,PA721486|PA2952,"M.&#160;Taupiac,  M.&#160;Naegelen et M.&#160;Warsmann","À l’alinéa 3, après le mot : « territoriaux », insérer les mots : « , les enjeux de sauvegarde de la ressource en eau ».","Les projections concernant les pénuries d’eau en France à l’horizon 2040 sont préoccupantes, avec un déficit hydrique national estimé entre 2 et 4 milliards de mètres cubes par an. Les régions les plus fortement touchées connaîtront des déficits pouvant atteindre 50 % des ressources actuelles en période estivale et les débits moyens des rivières pourraient diminuer de 10 % à 40 %, avec des baisses encore plus marquées en été. Cette situation entraînera de fortes tensions sur l’accès à l’eau. Les besoins en eau pour le refroidissement des centres de données sont considérables et entraînent déjà des conflits d’usage en Europe. C’est notamment le cas aux Pays-Bas où après avoir découvert qu’un centre de données avait consommé près de 84 millions de litres en 2021 en pleine période de sécheresse le Gouvernement a mis en place un moratoire sur la construction de ce type de centres de données. Aussi cet amendement impose que l’implantation des centres de données tiennent compte des enjeux de",1156,2025-03-20,,data_center,/home/user/Operation_robespierre/Amendements/DLR5L16N49868/PRJLANR5L17B0481/AMANR5L17PO849474B0481P0D1N000382.json,Taupiac,David,"Libertés, Indépendants, Outre-mer et Territoires",LIOT,Gers
amendement,AMANR5L17PO849474B0481P0D1N001239,CS1239,17,CSVIEECO,PRJLANR5L17B0481,PA793452,PO845439,PA795362,M.&#160;Davi et Mme&#160;Belluco,Un moratoire sur les constructions de centres de données d’une surface supérieure ou égale à 2000 mètres carré ou d’une puissance installée supérieure ou égale à 2 mégawatts est décrété. Il suspend l’octroi d’autorisations pour les centres de données à compter de l’entrée en vigueur de la présente loi afin d’analyser la compatibilité de ces infrastructures avec la stratégie nationale bas-carbone et avec le plan d’action pour une gestion résiliente et concertée de l’eau. Le moratoire ne peut être,"Cet amendement, travaillé avec la Quadrature du Net et le collectif Le Nuage sous nos pieds, demande un moratoire sur la construction de centres de stockage de données en France, le temps qu’un débat public puisse se tenir sur la manière de les encadrer. L’accaparement du foncier et des ressources en eau au seul profit d’intérêts privés n’est pas tolérable et contrevient manifestement aux engagements de la France en matière de préservation de la ressource hydraulique, de lutte contre l’artificialisation des sols et contre le changement climatique. A Marseille, notamment, la prolifération de data centers a conduit à un accaparement du foncier au détriment de projets de décarbonation. Les besoins en eau pour le refroidissement des centres de données sont considérables et entraînent déjà des conflits d’usage en Europe. C’est notamment le cas aux Pays-Bas où après avoir découvert qu’un centre de données avait consommé près de 84 millions de litres en 2021 en pleine période de sécheresse le",2821,2025-03-20,,data_center,/home/user/Operation_robespierre/Amendements/DLR5L16N49868/PRJLANR5L17B0481/AMANR5L17PO849474B0481P0D1N001239.json,Davi,Hendrik,Écologiste et Social,ECOS,Bouches-du-Rhône
amendement,AMANR5L17PO849474B0481P0D1N000466,CS466,17,CSVIEECO,PRJLANR5L17B0481,PA793796,PO845485,PA721486|PA2952,"M.&#160;Taupiac,  M.&#160;Naegelen et M.&#160;Warsmann",Supprimer cet article.,"Les datacenters, appelés « centres de stockage de données numériques« , qui consomme plus de 1 gigawattheure d’électricité par an, bénéficient d'ores et déjà d’une taxe réduite, au titre de l’électricité utilisée par « des personnes exploitant des installations industrielles électro-intensives"". Cet article est donc superfétatoire.",356,2025-03-20,,data_center,/home/user/Operation_robespierre/Amendements/DLR5L16N49868/PRJLANR5L17B0481/AMANR5L17PO849474B0481P0D1N000466.json,Taupiac,David,"Libertés, Indépendants, Outre-mer et Territoires",LIOT,Gers
amendement,AMANR5L17PO849474B0481P0D1N001205,CS1205,17,CSVIEECO,PRJLANR5L17B0481,PA840765,PO845419,PA342415|PA840939|PA335054|PA774958|PA841463|PA841107|PA840673|PA793816,"M.&#160;Lhardit,  Mme&#160;Battistel, Mme&#160;Godard, Mme&#160;Karamanli, M.&#160;Leseul, Mme&#160;Mercier, M.&#160;Oberti, Mme&#160;Rossi, Mme&#160;Thomin et les membres du groupe Socialistes et apparent&#233;s","À l’alinéa 3, après le mot et le signe : « énergétique, » insérer les mots : « de besoins en alimentation électrique et en eau, ».","Le présent amendement des députés Socialistes et apparentés vise à préciser que le DOO du SCoT ne doit pas simplement tenir compte des enjeux d’attractivité mais également de la capacité effective des zones d’implantation identifiées de faire face aux besoins propres au fonctionnement de ces installations en matière d’alimentation électrique et d’alimentation en eau en particulier. En moyenne un data center de 10 000 m2 de surface présente une consommation équivalente à celle d’une ville de 50 000 habitants, pour le fonctionnement des serveurs et le refroidissement essentiellement. Du fait du phénomène de concentration de ces installations dans certains territoires, le surplus de consommation électrique peut représenter un défi substantiel tant pour EDF que pour RTE et soulever des enjeux de conflits d’usage face à d’autres projets prioritaires du territoire. Il en va de même pour la ressource en eau lorsque les territoires concernés sont régulièrement soumis à des enjeux de disponibil",1361,2025-03-20,,data_center,/home/user/Operation_robespierre/Amendements/DLR5L16N49868/PRJLANR5L17B0481/AMANR5L17PO849474B0481P0D1N001205.json,Lhardit,Laurent,Socialistes et apparentés,SOC,Bouches-du-Rhône
amendement,AMANR5L17PO849474B0481P0D1N000151,CS151,17,CSVIEECO,PRJLANR5L17B0481,PA721458,PO845470,,M.&#160;Roseren,Supprimer la seconde phrase de l’alinéa 13.,"Cet amendement a pour objectif de supprimer une disposition introduite lors de l’examen au Sénat. En effet, selon la nouvelle écriture de l’article 15, les centres de données considérés comme des projets d’intérêt national majeur devront répondre à des indicateurs chiffrés en matière d’efficacité dans l’utilisation de la puissance et de limitation d’utilisation de l’eau à des fins de refroidissement. Or, le statut de PINM étant octroyé en amont de la construction, il ne peut pas être conditionné à des critères d’efficacité énergétique ou de consommation en eau, car ces critères ne pourront être remplis qu’une fois le bâtiment construit et en activité. De plus, d’un point de vue juridique, les centres de données d’envergure qui sont visés par l’article 15 seront de fait inclus dans les décrets de la loi du 15 novembre 2021 visant à réduire l’empreinte environnemental (dite loi REEN), puisqu’ils concernent également les centres de données de plus de 1GWH de consommation. La disposition i",1135,2025-03-19,,data_center,/home/user/Operation_robespierre/Amendements/DLR5L16N49868/PRJLANR5L17B0481/AMANR5L17PO849474B0481P0D1N000151.json,Roseren,Xavier,Horizons & Indépendants,HOR,Haute-Savoie
amendement,AMANR5L17PO849474B0481P0D1N000966,CS966,17,CSVIEECO,PRJLANR5L17B0481,PA642695,PO845407,,M.&#160;Bothorel,"I. – Supprimer les alinéa 4 et 6. II. – À l’alinéa 8, supprimer les mots : « notamment en matière d’algorithmes et d’intelligence artificielle »","""Amendement de repli."" Cet amendement a pour objet de revenir au texte initial déposé par le Gouvernement en ce qui concerne les dispositions afférentes au mandat de la CNIL en matière de promotion de l’innovation. Les arbitrages du Gouvernement en ce qui concerne la désignation des autorités nationales en charge de la mise en œuvre du règlement européen sur l’intelligence artificielle sont en cours et il convient de ne pas inscrire dans le texte des orientations prématurées à ce sujet.",636,2025-03-20,,ia_calcul,/home/user/Operation_robespierre/Amendements/DLR5L16N49868/PRJLANR5L17B0481/AMANR5L17PO849474B0481P0D1N000966.json,Bothorel,Éric,Ensemble pour la République,EPR,Côtes-d'armor
amendement,AMANR5L17PO849474B0481P0D1N001456,CS1456,17,CSVIEECO,PRJLANR5L17B0481,PA607395,PO845407,,"M.&#160;Travert, rapporteur","Le deuxième alinéa de l’article 22‑1 de la loi n° 78‑17 du 6 janvier 1978 relative à l’informatique, aux fichiers et aux libertés est complété par une phrase ainsi rédigée : « Lorsque le chiffre d’affaires annuel mondial du responsable de traitement dépasse la somme de 50 millions d’euros, ces montants sont portés à 100 000 € d’amende et 500 € d’astreinte journalière. »","La procédure de sanction simplifiée de la Commission nationale de l’informatique et des libertés (CNIL), créée par la loi n° 2022‑52 du 24 janvier 2022, avait pour objectif de simplifier la procédure de sanction ordinaire en instaurant une procédure pour traiter les dossiers peu complexes de manière plus rapide et souple, et permettre ainsi à la CNIL de mieux agir face aux plaintes de plus en plus nombreuses reçues depuis l’entrée en application du RGPD. Les dossiers étudiés par la CNIL sont très variables en termes de gravité, de questions juridiques et technologiques soulevées, ou encore de conséquences pour les personnes. Il était donc important d’avoir une politique répressive différenciée, pour pouvoir traiter les différents dossiers de la manière la plus adaptée au regard de leur nature. Grâce à cette nouvelle procédure, le président de la CNIL peut orienter les dossiers peu complexes ou de faible gravité vers une procédure de sanction simplifiée qui, si elle suit les mêmes étape",4367,2025-03-23,,souverainete_numerique,/home/user/Operation_robespierre/Amendements/DLR5L16N49868/PRJLANR5L17B0481/AMANR5L17PO849474B0481P0D1N001456.json,Travert,Stéphane,Ensemble pour la République,EPR,Manche
amendement,AMANR5L17PO849474B0481P0D1N000743,CS743,17,CSVIEECO,PRJLANR5L17B0481,PA793166,PO845401,PA793432|PA841495|PA796118|PA794562|PA793374|PA793158|PA794434|PA841645|PA842001|PA720822|PA793844|PA796042|PA794886|PA720668|PA793182|PA841487|PA841131|PA840075|PA793134|PA720468|PA642988|PA841613|PA793548|PA795644|PA840159|PA794198|PA793146|PA794762|PA793928|PA840119|PA842073|PA840135|PA841761|PA841621|PA793246|PA840143|PA841737|PA793892|PA841139|PA794678|PA840801|PA793832|PA796034|PA793102|PA793362|PA841605|PA841451|PA840757|PA794418|PA793592|PA793632|PA793218|PA794734|PA795900|PA842085|PA841439|PA794598|PA794030|PA794354|PA840869|PA841075|PA841749|PA720614|PA841837|PA796026|PA840857|PA793290|PA793672|PA840967|PA841873|PA793608|PA795974|PA793904|PA721932|PA841563|PA841587|PA794590|PA794530|PA840837|PA841825|PA793314|PA794770|PA719436|PA793616|PA793330|PA793852|PA794322|PA795786|PA793354|PA793696|PA840915|PA795552|PA841199|PA794670|PA794582|PA793656|PA841955|PA793254|PA795966|PA793230|PA794442|PA842227|PA841981|PA794894|PA842097|PA795410|PA796050|PA794954|PA794570|PA842255|PA793298|PA794502|PA795778|PA793382|PA841553|PA841479|PA840781|PA794946|PA841575|PA793238|PA842279|PA795912,"M.&#160;Dessigny,  M.&#160;Allisio, M.&#160;Amblard, Mme&#160;Auzanot, M.&#160;Ballard, M.&#160;Baubry, M.&#160;Beaurain, M.&#160;Bentz, M.&#160;Bernhardt, M.&#160;Bigot, M.&#160;Bilde, Mme&#160;Bordes, M.&#160;Boccaletti, Mme&#160;Blanc, M.&#160;Blairy, M.&#160;Bovet, M.&#160;Boulogne, Mme&#160;Bouquin, M.&#160;Casterman, M.&#160;Buisson, M.&#160;Chenu, M.&#160;de&#160;L&#233;pinau, M.&#160;de&#160;Fleurian, Mme&#160;Colombier, Mme&#160;Da&#160;Conceicao&#160;Carvalho, M.&#160;Clavet, M.&#160;Chudeau, M.&#160;Dragon, Mme&#160;Dogor-Such, Mme&#160;Diaz, Mme&#160;Delannoy, M.&#160;Dussausaye, M.&#160;Dufosset, M.&#160;Dutremble, M.&#160;Evrard, M.&#160;Falcon, M.&#160;Florquin, M.&#160;Gery, Mme&#160;Galzy, M.&#160;Gabarron, M.&#160;Frapp&#233;, M.&#160;Fouquart, M.&#160;Gillet, M.&#160;Giletti, M.&#160;Christian&#160;Girard, M.&#160;Gonzalez, M.&#160;Golliot, M.&#160;Guibert, Mme&#160;Griseti, Mme&#160;Florence&#160;Goulet, Mme&#160;Grangier, M.&#160;Houssin, M.&#160;Guitton, M.&#160;Guiniot, Mme&#160;Hamelet, M.&#160;Humbert, M.&#160;Jenft, M.&#160;Jacobelli, M.&#160;Jolly, Mme&#160;Laporte, Mme&#160;Joubert, Mme&#160;Josserand, Mme&#160;Joncour, Mme&#160;Le&#160;Pen, M.&#160;Le&#160;Bourgeois, Mme&#160;Lechanteux, Mme&#160;Lechon, Mme&#160;Lelouis, Mme&#160;Loir, M.&#160;Lioret, M.&#160;Limongi, Mme&#160;Levavasseur, M.&#160;Lottiaux, M.&#160;Lopez-Liguori, Mme&#160;Lorho, Mme&#160;Marais-Beuil, M.&#160;David&#160;Magnier, M.&#160;Loubet, M.&#160;Marchio, M.&#160;Markowsky, M.&#160;Patrice&#160;Martin, Mme&#160;Alexandra&#160;Masson, Mme&#160;Martinez, M.&#160;Meizonnet, M.&#160;Mauvieux, M.&#160;Bryan&#160;Masson, M.&#160;Meurin, M.&#160;M&#233;nag&#233;, Mme&#160;M&#233;nach&#233;, Mme&#160;M&#233;lin, M.&#160;Muller, M.&#160;Monnier, M.&#160;Odoul, M.&#160;Perez, Mme&#160;Parmentier, M.&#160;Pfeffer, Mme&#160;Pollet, M.&#160;Renault, M.&#160;Rancoule, M.&#160;Rambaud, Mme&#160;Ranc, Mme&#160;Robert-Dehault, M.&#160;Rivi&#232;re, Mme&#160;Rimbert, Mme&#160;Sabatini, Mme&#160;Roy, Mme&#160;Roullaud, M.&#160;Schreck, M.&#160;Salmon, M.&#160;Sabatou, Mme&#160;Sicard, M.&#160;Tivoli, M.&#160;Taverne, M.&#160;Jean-Philippe&#160;Tanguy, M.&#160;Tach&#233;&#160;de&#160;la&#160;Pagerie, M.&#160;Tesson, M.&#160;Weber, M.&#160;Tonussi, M.&#160;Villedieu, M.&#160;Vos, M.&#160;Barth&#232;s, Mme&#160;Bamana et Mme&#160;Lavalette",Supprimer l’alinéa 4.,"L’alinéa 4 de l’article 28 bis introduit un mécanisme incitatif à l’externalisation de missions relevant de la compétence des administrations publiques. Or, l’expérience montre que chaque fois que l’État transfère une mission à des prestataires privés, cela engendre une augmentation structurelle des coûts pour les finances publiques, en raison des marges bénéficiaires appliquées par les opérateurs privés, de la nécessité de mettre en place des dispositifs de contrôle et du risque d’effets d’aubaine. Les prestations externalisées sont souvent facturées à un coût supérieur aux dépenses initialement engagées en régie, en raison des mécanismes de sous-traitance et de revalorisation des contrats. De nombreux rapports de la Cour des comptes ont mis en évidence que l’externalisation dans certains secteurs (numérique, conseil, gestion des ressources humaines) a conduit à un gonflement des coûts sans réelle amélioration de l’efficacité. En favorisant la constitution d’un marché captif, cette di",1923,2025-03-20,,cloud|souverainete_numerique,/home/user/Operation_robespierre/Amendements/DLR5L16N49868/PRJLANR5L17B0481/AMANR5L17PO849474B0481P0D1N000743.json,Dessigny,Jocelyn,Rassemblement National,RN,Aisne
amendement,AMANR5L17PO849474B0481P0D1N001161,CS1161,17,CSVIEECO,PRJLANR5L17B0481,PA841507,PO845439,PA795362|PA793980|PA793452|PA842045|PA610968|PA793780|PA588884|PA841701|PA795454|PA840997|PA841885|PA794008|PA721210|PA841351|PA795010|PA841419|PA842013|PA840947|PA794022|PA794146|PA841223|PA795636|PA793708|PA793664|PA794154|PA794778|PA795076|PA722142|PA610002|PA795808|PA796018|PA736201|PA841713|PA793948|PA2940,"M.&#160;Nicolas&#160;Bonnet,  Mme&#160;Belluco, M.&#160;Fournier, M.&#160;Davi, Mme&#160;Ozenne, M.&#160;Amirshahi, Mme&#160;Arrighi, Mme&#160;Autain, Mme&#160;Balage&#160;El&#160;Mariky, M.&#160;Ben&#160;Cheikh, M.&#160;Biteau, M.&#160;Arnaud&#160;Bonnet, Mme&#160;Chatelain, M.&#160;Corbi&#232;re, M.&#160;Duplessy, Mme&#160;Garin, M.&#160;Damien&#160;Girard, M.&#160;Gustave, Mme&#160;Catherine&#160;Hervieu, M.&#160;Iordanoff, Mme&#160;Laernoes, M.&#160;Lahais, M.&#160;Lucas-Lundy, M.&#160;Peytavie, Mme&#160;Pochon, M.&#160;Raux, Mme&#160;Regol, Mme&#160;Sandrine&#160;Rousseau, M.&#160;Ruffin, Mme&#160;Sas, Mme&#160;Sebaihi, Mme&#160;Simonnet, Mme&#160;Taill&#233;-Polian, M.&#160;Tavernier, M.&#160;Thierry et Mme&#160;Voynet","Rédiger ainsi l’alinéa 6 : « I bis . – Un centre de données peut également être qualifié par décret de projet d’intérêt national majeur lorsqu’il est la propriété des administrations, des services publics et des entités de droit privé ou de droit public poursuivant une mission de service public, et qu’il est consacré à l’hébergement de leurs données. »","A minima, l’intérêt pour la souveraineté nationale peut s’apprécier au regard du caractère public des données hébergées par les datacenters. Cet amendement propose de conditionner la possibilité de décréter un datacenter projet d’intérêt national majeur au stockage de données publiques, c'est-à-dire les données des administrations, des services publics et des entités de droit privé ou de droit public poursuivant une mission de service public administrations publiques, comme les ministères, les universités, les hôpitaux, etc. Le seul “intérêt national majeur” potentiel d’un datacenter est de stocker des données publiques sur le territoire national.",1010,2025-03-20,,data_center,/home/user/Operation_robespierre/Amendements/DLR5L16N49868/PRJLANR5L17B0481/AMANR5L17PO849474B0481P0D1N001161.json,Bonnet,Nicolas,Écologiste et Social,ECOS,Puy-de-Dôme
amendement,AMANR5L17PO849474B0481P0D1N000930,CS930,17,CSVIEECO,PRJLANR5L17B0481,PA795362,PO845439,PA793980|PA841507|PA793452|PA842045|PA610968|PA793780|PA588884|PA841701|PA795454|PA840997|PA841885|PA794008|PA721210|PA841351|PA795010|PA841419|PA842013|PA840947|PA794022|PA794146|PA841223|PA795636|PA793708|PA793664|PA794154|PA794778|PA795076|PA722142|PA610002|PA795808|PA796018|PA736201|PA841713|PA793948|PA2940,"Mme&#160;Belluco,  M.&#160;Fournier, M.&#160;Nicolas&#160;Bonnet, M.&#160;Davi, Mme&#160;Ozenne, M.&#160;Amirshahi, Mme&#160;Arrighi, Mme&#160;Autain, Mme&#160;Balage&#160;El&#160;Mariky, M.&#160;Ben&#160;Cheikh, M.&#160;Biteau, M.&#160;Arnaud&#160;Bonnet, Mme&#160;Chatelain, M.&#160;Corbi&#232;re, M.&#160;Duplessy, Mme&#160;Garin, M.&#160;Damien&#160;Girard, M.&#160;Gustave, Mme&#160;Catherine&#160;Hervieu, M.&#160;Iordanoff, Mme&#160;Laernoes, M.&#160;Lahais, M.&#160;Lucas-Lundy, M.&#160;Peytavie, Mme&#160;Pochon, M.&#160;Raux, Mme&#160;Regol, Mme&#160;Sandrine&#160;Rousseau, M.&#160;Ruffin, Mme&#160;Sas, Mme&#160;Sebaihi, Mme&#160;Simonnet, Mme&#160;Taill&#233;-Polian, M.&#160;Tavernier, M.&#160;Thierry et Mme&#160;Voynet","Rédiger ainsi cet article : « Le paragraphe 4 de la sous-section 2 de la section 3 du chapitre II du titre I er du livre III du code des impositions sur les biens et services est complété par un article L. 312‑88 ainsi rédigé : « « Art. 312‑88 . – Relève d’un tarif particulier de l’accise l’électricité consommée pour les besoins d’une infrastructure consacrée au stockage physique, au traitement, au transport et à la diffusion de données numériques. Cette accise est majorée de 50%, hormis pour le","L'objet de cet amendement est de compléter l'article L. 312‑70 du présent code, qui prévoit une exonération pour les infrastructures numériques qui auraient des engagements environnementaux. S'il est vertueux de vouloir récompenser les efforts effectués, étant donnée la croissance de la pollution associée au numérique, il est nécessaire de renforcer la taxation sur les produits énergétiques de ceux qui, à l'inverse, ne prennent pas ces engagements. Tel est l'objet de cet amendement.",1044,2025-03-20,,data_center,/home/user/Operation_robespierre/Amendements/DLR5L16N49868/PRJLANR5L17B0481/AMANR5L17PO849474B0481P0D1N000930.json,Belluco,Lisa,Écologiste et Social,ECOS,Vienne
amendement,AMANR5L17PO849474B0481P0D1N000846,CS846,17,CSVIEECO,PRJLANR5L17B0481,PA795362,PO845439,PA610968|PA793780|PA588884|PA841701|PA795454|PA840997|PA841885,"Mme&#160;Belluco,  M.&#160;Amirshahi, Mme&#160;Arrighi, Mme&#160;Autain, Mme&#160;Balage&#160;El&#160;Mariky, M.&#160;Ben&#160;Cheikh, M.&#160;Biteau et M.&#160;Arnaud&#160;Bonnet",Supprimer cet article.,"Cet article contient plusieurs reculs environnementaux graves : - la reconnaissance d’un projet en tant que INM est décidée par décret, sans véritable encadrement du type de projets que l’État peut qualifier ainsi. Le motif d’intérêt général des datacenters n’apparaît pas suffisant pour proposer ces dispositions dérogatoires, et permettra de contourner des normes environnementales. - cet article prévoit des exceptions à la loi ZAN qui réduisent nos objectifs de lutte contre la bétonisation des sols. En clair, cet article confond simplification et dégradation de notre environnement. C’est la raison pour laquelle il convient de supprimer cet article.",679,2025-03-20,,data_center,/home/user/Operation_robespierre/Amendements/DLR5L16N49868/PRJLANR5L17B0481/AMANR5L17PO849474B0481P0D1N000846.json,Belluco,Lisa,Écologiste et Social,ECOS,Vienne
amendement,AMANR5L17PO849474B0481P0D1N000247,CS247,17,CSVIEECO,PRJLANR5L17B0481,PA842029,PO845413,PA795228|PA793262|PA794906|PA794138|PA795588|PA795084|PA842105|PA841657|PA720430|PA793772|PA795616|PA793444|PA794938|PA795318|PA841023|PA796090|PA793912|PA842187|PA842037|PA791812|PA793736|PA721202|PA795136|PA793464|PA842155|PA795200|PA795844|PA841251|PA794786|PA794870|PA796070|PA795310|PA794478|PA841947|PA794082|PA794130|PA720846|PA841729|PA795516|PA841515|PA795672|PA795108|PA795298|PA791824|PA793532|PA795746|PA342384|PA795422|PA794686|PA841215|PA795482|PA610654|PA841191|PA721960|PA793872|PA720892|PA817211|PA793756|PA796062|PA719578|PA721062|PA841845|PA795982|PA795466|PA793744|PA720952|PA794106|PA794166|PA795164|PA795596,"Mme&#160;Lejeune,  Mme&#160;Abomangoli, M.&#160;Alexandre, M.&#160;Amard, Mme&#160;Amiot, Mme&#160;Amrani, M.&#160;Arenas, M.&#160;Arnault, Mme&#160;Belouassa-Cherifi, M.&#160;Bernalicis, M.&#160;Bex, M.&#160;Bilongo, M.&#160;Bompard, M.&#160;Boumertit, M.&#160;Boyard, M.&#160;Cadalen, M.&#160;Caron, M.&#160;Carri&#232;re, Mme&#160;Cathala, M.&#160;Cernon, Mme&#160;Chikirou, M.&#160;Clouet, M.&#160;Coquerel, M.&#160;Coulomme, M.&#160;Delogu, M.&#160;Diouara, Mme&#160;Dufour, Mme&#160;Erodi, Mme&#160;Feld, M.&#160;Fernandes, Mme&#160;Ferrer, M.&#160;Gaillard, Mme&#160;Guett&#233;, M.&#160;Guiraud, Mme&#160;Hamdane, Mme&#160;Hignet, M.&#160;Kerbrat, M.&#160;Lachaud, M.&#160;Lahmar, M.&#160;Laisney, M.&#160;Le&#160;Coq, M.&#160;Le&#160;Gall, Mme&#160;Leboucher, M.&#160;Legavre, Mme&#160;Legrain, Mme&#160;Lepvraud, M.&#160;L&#233;aument, Mme&#160;&#201;lisa&#160;Martin, M.&#160;Maudet, Mme&#160;Maximi, Mme&#160;Mesmeur, Mme&#160;Manon&#160;Meunier, M.&#160;Nilor, Mme&#160;Nosb&#233;, Mme&#160;Obono, Mme&#160;Oziol, Mme&#160;Panot, M.&#160;Pilato, M.&#160;Piquemal, M.&#160;Portes, M.&#160;Prud&apos;homme, M.&#160;Ratenon, M.&#160;Saint-Martin, M.&#160;Saintoul, Mme&#160;Soudais, Mme&#160;Stambach-Terrenoir, M.&#160;Tach&#233;, Mme&#160;Taurinya, M.&#160;Tavel, Mme&#160;Trouv&#233; et M.&#160;Vannier",Supprimer cet article.,"Par cet amendement, les député.es du groupe LFI-NFP proposent de supprimer l'article 22. Cet article simplifie considérablement le recours, par des promoteurs de recherches dans le domaine de la santé, aux traitements de données de santé à caractère personnel et leur utilisation à des fins de recherche. Et ce au détriment de la protection de ces données. Alors que ces traitements doivent faire l’objet d’une autorisation préalable par la Commission nationale de l'informatique et des libertés (CNIL), afin de s'assurer de leur conformité avec le droit à la vie privée de chacun.e et la protection des données personnelles, cet article assouplit ce régime d’autorisation en facilitant l’élaboration des référentiels applicables. Alors que l'élaboration de ces référentiels relève de la compétence de la CNIL, le texte octroie à d’autres acteurs la capacité d’en proposer à la Commission, tels que le ministère de la santé, ou des organismes publics, mais aussi des acteurs privés représentatifs des",2186,2025-03-19,,souverainete_numerique,/home/user/Operation_robespierre/Amendements/DLR5L16N49868/PRJLANR5L17B0481/AMANR5L17PO849474B0481P0D1N000247.json,Lejeune,Claire,La France insoumise - Nouveau Front Populaire,LFI-NFP,Essonne
amendement,AMANR5L17PO849474B0481P0D1N000225,CS225,17,CSVIEECO,PRJLANR5L17B0481,PA721584,PO845407,PA642695,M.&#160;Terlier et M.&#160;Bothorel,"Après le douzième alinéa du I de l’article 9 de la loi n° 78‑17 du 6 janvier 1978 relative à l’informatique, aux fichiers et aux libertés, est inséré un alinéa ainsi rédigé : « Les cinq membres désignés au 6° et au 7° proviennent d’entreprises privées. »","Compte tenu de la complexité croissante des problématiques traitées par la Commission nationale de l’informatique et des libertés (CNIL) notamment en matière d’usage des données personnelles, le collège de la CNIL pourrait être ouvert à des personnalités provenant d’entreprises privées – aujourd’hui non représentées – disposant d’une expertise reconnue dans leur domaine. La configuration actuelle du collège de la CNIL ne permet pas la prise en compte des enjeux des entreprises privées et notamment les enjeux d’innovation. En intégrant cinq membres issus de sociétés privées, leurs défis seront mieux intégrés aux travaux de la CNIL, tout en laissant plus des deux tiers des membres représenter le monde académique et les autorités publiques. Une évolution de la composition du collège de la CNIL, tendant à représenter les intérêts économiques privés, a été préconisée par le député Éric Bothorel dans un rapport sur la politique publique de la donnée, des algorithmes et des codes sources, ain",1956,2025-03-19,,souverainete_numerique|ia_calcul,/home/user/Operation_robespierre/Amendements/DLR5L16N49868/PRJLANR5L17B0481/AMANR5L17PO849474B0481P0D1N000225.json,Terlier,Jean,Ensemble pour la République,EPR,Tarn
amendement,AMANR5L17PO849474B0481P0D1N000851,CS851,17,CSVIEECO,PRJLANR5L17B0481,PA793744,PO845413,PA795228|PA793262|PA794906|PA794138|PA795588|PA795084|PA842105|PA841657|PA720430|PA793772|PA795616|PA793444|PA794938|PA795318|PA841023|PA796090|PA793912|PA842187|PA842037|PA791812|PA793736|PA721202|PA795136|PA793464|PA842155|PA795200|PA795844|PA841251|PA794786|PA794870|PA796070|PA795310|PA794478|PA841947|PA794082|PA794130|PA720846|PA841729|PA795516|PA841515|PA795672|PA795108|PA795298|PA791824|PA842029|PA793532|PA795746|PA342384|PA795422|PA794686|PA841215|PA795482|PA610654|PA841191|PA721960|PA793872|PA720892|PA817211|PA793756|PA796062|PA719578|PA721062|PA841845|PA795982|PA795466|PA720952|PA794106|PA794166|PA795164|PA795596,"Mme&#160;Stambach-Terrenoir,  Mme&#160;Abomangoli, M.&#160;Alexandre, M.&#160;Amard, Mme&#160;Amiot, Mme&#160;Amrani, M.&#160;Arenas, M.&#160;Arnault, Mme&#160;Belouassa-Cherifi, M.&#160;Bernalicis, M.&#160;Bex, M.&#160;Bilongo, M.&#160;Bompard, M.&#160;Boumertit, M.&#160;Boyard, M.&#160;Cadalen, M.&#160;Caron, M.&#160;Carri&#232;re, Mme&#160;Cathala, M.&#160;Cernon, Mme&#160;Chikirou, M.&#160;Clouet, M.&#160;Coquerel, M.&#160;Coulomme, M.&#160;Delogu, M.&#160;Diouara, Mme&#160;Dufour, Mme&#160;Erodi, Mme&#160;Feld, M.&#160;Fernandes, Mme&#160;Ferrer, M.&#160;Gaillard, Mme&#160;Guett&#233;, M.&#160;Guiraud, Mme&#160;Hamdane, Mme&#160;Hignet, M.&#160;Kerbrat, M.&#160;Lachaud, M.&#160;Lahmar, M.&#160;Laisney, M.&#160;Le&#160;Coq, M.&#160;Le&#160;Gall, Mme&#160;Leboucher, M.&#160;Legavre, Mme&#160;Legrain, Mme&#160;Lejeune, Mme&#160;Lepvraud, M.&#160;L&#233;aument, Mme&#160;&#201;lisa&#160;Martin, M.&#160;Maudet, Mme&#160;Maximi, Mme&#160;Mesmeur, Mme&#160;Manon&#160;Meunier, M.&#160;Nilor, Mme&#160;Nosb&#233;, Mme&#160;Obono, Mme&#160;Oziol, Mme&#160;Panot, M.&#160;Pilato, M.&#160;Piquemal, M.&#160;Portes, M.&#160;Prud&apos;homme, M.&#160;Ratenon, M.&#160;Saint-Martin, M.&#160;Saintoul, Mme&#160;Soudais, M.&#160;Tach&#233;, Mme&#160;Taurinya, M.&#160;Tavel, Mme&#160;Trouv&#233; et M.&#160;Vannier",Supprimer les alinéas 37 et 38.,"Cet amendement du groupe LFI-NFP vise à la suppression de l'alinéa 38 de l'article 15, qui prévoit une régression majeure de nos objectifs de réduction de l'artificialisation des sols pour les projets industriels et les projets d'intérêt national majeur, qui pourraient inclure les data center en application de l'article 15, si celui-ci était adopté. L'alinéa 38 prévoit en effet l’exemption des implantations industrielles ou des projets d’intérêt national majeur du décompte des enveloppes maximales d’artificialisation des sols pour la période 2021‑2031. Ces projets industriels pourront donc être implantés sans être considérés comme de l’artificialisation des sols, et donc sans être tenus par l’objectif contraignant de réduire de 50% l’artificialisation brute des sols sur la période 2021-2031 par rapport à la période 2011-2021 - objectif prévu par la loi climat et résilience. En termes de modalités, il prévoit qu’”un arrêté du ministre chargé de l’industrie recense les projets industriel",1355,2025-03-20,,data_center,/home/user/Operation_robespierre/Amendements/DLR5L16N49868/PRJLANR5L17B0481/AMANR5L17PO849474B0481P0D1N000851.json,Stambach-Terrenoir,Anne,La France insoumise - Nouveau Front Populaire,LFI-NFP,Haute-Garonne
amendement,AMANR5L17PO849474B0481P0D1N000231,CS231,17,CSVIEECO,PRJLANR5L17B0481,PA795482,PO845413,PA795228|PA793262|PA794906|PA794138|PA795588|PA795084|PA842105|PA841657|PA720430|PA793772|PA795616|PA793444|PA794938|PA795318|PA841023|PA796090|PA793912|PA842187|PA842037|PA791812|PA793736|PA721202|PA795136|PA793464|PA842155|PA795200|PA795844|PA841251|PA794786|PA794870|PA796070|PA795310|PA794478|PA841947|PA794082|PA794130|PA720846|PA841729|PA795516|PA841515|PA795672|PA795108|PA795298|PA791824|PA842029|PA793532|PA795746|PA342384|PA795422|PA794686|PA841215|PA610654|PA841191|PA721960|PA793872|PA720892|PA817211|PA793756|PA796062|PA719578|PA721062|PA841845|PA795982|PA795466|PA793744|PA720952|PA794106|PA794166|PA795164|PA795596,"Mme&#160;Manon&#160;Meunier,  Mme&#160;Abomangoli, M.&#160;Alexandre, M.&#160;Amard, Mme&#160;Amiot, Mme&#160;Amrani, M.&#160;Arenas, M.&#160;Arnault, Mme&#160;Belouassa-Cherifi, M.&#160;Bernalicis, M.&#160;Bex, M.&#160;Bilongo, M.&#160;Bompard, M.&#160;Boumertit, M.&#160;Boyard, M.&#160;Cadalen, M.&#160;Caron, M.&#160;Carri&#232;re, Mme&#160;Cathala, M.&#160;Cernon, Mme&#160;Chikirou, M.&#160;Clouet, M.&#160;Coquerel, M.&#160;Coulomme, M.&#160;Delogu, M.&#160;Diouara, Mme&#160;Dufour, Mme&#160;Erodi, Mme&#160;Feld, M.&#160;Fernandes, Mme&#160;Ferrer, M.&#160;Gaillard, Mme&#160;Guett&#233;, M.&#160;Guiraud, Mme&#160;Hamdane, Mme&#160;Hignet, M.&#160;Kerbrat, M.&#160;Lachaud, M.&#160;Lahmar, M.&#160;Laisney, M.&#160;Le&#160;Coq, M.&#160;Le&#160;Gall, Mme&#160;Leboucher, M.&#160;Legavre, Mme&#160;Legrain, Mme&#160;Lejeune, Mme&#160;Lepvraud, M.&#160;L&#233;aument, Mme&#160;&#201;lisa&#160;Martin, M.&#160;Maudet, Mme&#160;Maximi, Mme&#160;Mesmeur, M.&#160;Nilor, Mme&#160;Nosb&#233;, Mme&#160;Obono, Mme&#160;Oziol, Mme&#160;Panot, M.&#160;Pilato, M.&#160;Piquemal, M.&#160;Portes, M.&#160;Prud&apos;homme, M.&#160;Ratenon, M.&#160;Saint-Martin, M.&#160;Saintoul, Mme&#160;Soudais, Mme&#160;Stambach-Terrenoir, M.&#160;Tach&#233;, Mme&#160;Taurinya, M.&#160;Tavel, Mme&#160;Trouv&#233; et M.&#160;Vannier",Supprimer cet article.,"Cet amendement du groupe LFI-NFP vise à la suppression de l'article 15 bis introduit par le Sénat. En effet, l’article 15 bis prévoit de réaliser une coordination juridique en clarifiant que l’électricité consommée pour les besoins des centres de stockage de données numériques relève d’un tarif réduit de l’accise sur l’électricité. Nous proposons que l’énergie fasse l’objet d’une tarification progressive visant à lutter contre les mésusages, articulée avec le rétablissement des tarifs réglementés afin de maîtriser les coûts de l'énergie pour les industriels. Mais compte tenu des consommations d’énergies massives des datas center, il n’apparaît pas cohérent de leur appliquer un tarif réduit de l’accise sur l’électricité. C'est pourquoi nous demandons la suppression de cet article.",813,2025-03-19,,data_center,/home/user/Operation_robespierre/Amendements/DLR5L16N49868/PRJLANR5L17B0481/AMANR5L17PO849474B0481P0D1N000231.json,Meunier,Manon,La France insoumise - Nouveau Front Populaire,LFI-NFP,Haute-Vienne
amendement,AMANR5L17PO849474B0481P0D1N001115,CS1115,17,CSVIEECO,PRJLANR5L17B0481,PA793904,PO845401,PA642988|PA793166|PA841605|PA793218|PA841837|PA794590|PA719436|PA793852|PA841955|PA842097|PA794954|PA793382|PA841553,"M.&#160;Lopez-Liguori,  M.&#160;de&#160;L&#233;pinau, M.&#160;Dessigny, M.&#160;Golliot, M.&#160;Guitton, M.&#160;Le&#160;Bourgeois, M.&#160;Loubet, M.&#160;Meizonnet, M.&#160;Meurin, M.&#160;Renault, Mme&#160;Roy, M.&#160;Salmon, M.&#160;Tach&#233;&#160;de&#160;la&#160;Pagerie et M.&#160;Tesson",Supprimer la seconde phrase de l’alinéa 13.,Le présent article établit qu'un décret en Conseil d’État précise les conditions dans lesquelles la raison impérative d’intérêt public majeur peut être reconnue par l’autorité administrative compétente. Un amendement ajouté au Sénat a précisé que ce décret précise également les critères selon lesquels le centre de données revêt une importance particulière pour la transition écologique en fixant des indicateurs chiffrés en matière d’efficacité dans l’utilisation de la puissance et de limitation d’utilisation de l’eau à des fins de refroidissement. Il est proposé de supprimer cette disposition qui ajoute des contraintes dans le processus et qui n'a pas sa place dans un texte où précisément le but est de placer l'intérêt national majeur et la souveraineté nationale devant d'autres considérations.,848,2025-03-20,,data_center,/home/user/Operation_robespierre/Amendements/DLR5L16N49868/PRJLANR5L17B0481/AMANR5L17PO849474B0481P0D1N001115.json,Lopez-Liguori,Aurélien,Rassemblement National,RN,Hérault
amendement,AMANR5L17PO849474B0481P0D1N000944,CS944,17,CSVIEECO,PRJLANR5L17B0481,PA793980,PO845439,PA610968|PA793780|PA588884|PA841701|PA2940|PA795362|PA795454|PA840997|PA841885|PA841507|PA794008|PA721210|PA793452|PA841351|PA795010|PA841419|PA842013|PA840947|PA794022|PA794146|PA841223|PA795636|PA842045|PA793708|PA793664|PA794154|PA794778|PA793948|PA795076|PA722142|PA610002|PA795808|PA796018|PA736201|PA841713,"M.&#160;Fournier,  M.&#160;Amirshahi, Mme&#160;Arrighi, Mme&#160;Autain, Mme&#160;Balage&#160;El&#160;Mariky, Mme&#160;Voynet, Mme&#160;Belluco, M.&#160;Ben&#160;Cheikh, M.&#160;Biteau, M.&#160;Arnaud&#160;Bonnet, M.&#160;Nicolas&#160;Bonnet, Mme&#160;Chatelain, M.&#160;Corbi&#232;re, M.&#160;Davi, M.&#160;Duplessy, Mme&#160;Garin, M.&#160;Damien&#160;Girard, M.&#160;Gustave, Mme&#160;Catherine&#160;Hervieu, M.&#160;Iordanoff, Mme&#160;Laernoes, M.&#160;Lahais, M.&#160;Lucas-Lundy, Mme&#160;Ozenne, M.&#160;Peytavie, Mme&#160;Pochon, M.&#160;Raux, Mme&#160;Regol, M.&#160;Thierry, Mme&#160;Sandrine&#160;Rousseau, M.&#160;Ruffin, Mme&#160;Sas, Mme&#160;Sebaihi, Mme&#160;Simonnet, Mme&#160;Taill&#233;-Polian et M.&#160;Tavernier","Compléter l’alinéa 13 par les mots : « , ainsi que de récupération de la chaleur produite à des fins de chauffage des installations publiques. »","Cet amendement vise à introduire un critère relatif à la récupération de chaleur pour usage par les établissements publics dans la liste des critères selon lesquels le centre de données revêt une importance particulière pour la transition écologique. L’attribution du statut de projet d’intérêt national majeur à un centre de données implique qu’il bénéficie de procédures accélérées, de dérogations réglementaires, et d’aides publiques. Or, l’impact environnemental des centres de données, notamment en termes de consommation énergétique et de dissipation thermique, justifie que leur qualification en tant que PINM repose sur des critères précis et mesurables. Dans ce cadre, disposer de données chiffrées sur la récupération de la chaleur produite par ces infrastructures est essentiel pour évaluer l’efficacité énergétique réelle des projets, identifier les contreparties sociétales liés à la valorisation de la chaleur fatale des centres de données, assurer un usage optimal des ressources énerg",2007,2025-03-20,,data_center,/home/user/Operation_robespierre/Amendements/DLR5L16N49868/PRJLANR5L17B0481/AMANR5L17PO849474B0481P0D1N000944.json,Fournier,Charles,Écologiste et Social,ECOS,Indre-et-Loire
amendement,AMANR5L17PO849474B0481P0D1N001113,CS1113,17,CSVIEECO,PRJLANR5L17B0481,PA793904,PO845401,PA642988|PA793166|PA841605|PA793218|PA841837|PA794590|PA719436|PA793852|PA841955|PA842097|PA794954|PA793382|PA841553,"M.&#160;Lopez-Liguori,  M.&#160;de&#160;L&#233;pinau, M.&#160;Dessigny, M.&#160;Golliot, M.&#160;Guitton, M.&#160;Le&#160;Bourgeois, M.&#160;Loubet, M.&#160;Meizonnet, M.&#160;Meurin, M.&#160;Renault, Mme&#160;Roy, M.&#160;Salmon, M.&#160;Tach&#233;&#160;de&#160;la&#160;Pagerie et M.&#160;Tesson","À l’alinéa 6, substituer à la première occurrence du mot : « et » le mot : « ou ».","Cet article vise à permettre l'extension du dispositif de « projet d'intérêt national majeur » (PNIM), introduit avec la loi industrie verte pour les projets industriels les plus stratégiques, aux centres de données d'envergure comparable. Cela permettra une accélération procédurale concernant la mise en compatibilité des documents d’urbanisme, le raccordement au réseau d’électricité, la reconnaissance de la RIIPM. Pour revêtir la qualification d'intérêt national majeur, un data center doit revêtir une importance particulière pour la transition numérique, la transition écologique ou la souveraineté nationale, eu égard à son objet et à son envergure. Il s'agit donc d'un critère cumulatif. Or il risque d'exclure certains data center de taille plus modestes mais tout aussi cruciaux pour atteindre les objectifs recherchés ; ainsi par exemple certains centres de données de petite taille, en collocation, permettent aux startups et PME d’accéder à des solutions IA en mode SaaS sans investir d",1654,2025-03-20,,cloud|data_center|souverainete_numerique|ia_calcul,/home/user/Operation_robespierre/Amendements/DLR5L16N49868/PRJLANR5L17B0481/AMANR5L17PO849474B0481P0D1N001113.json,Lopez-Liguori,Aurélien,Rassemblement National,RN,Hérault
amendement,AMANR5L17PO849474B0481P0D1N000441,CS441,17,CSVIEECO,PRJLANR5L17B0481,PA794426,PO845470,PA720230|PA722336|PA721844|PA793398|PA793992,"Mme&#160;Le&#160;H&#233;nanff,  Mme&#160;Lise&#160;Magnier, M.&#160;Thi&#233;baut, Mme&#160;Piron, M.&#160;Patrier-Leitus et M.&#160;Alfandari","Après l’alinéa 36, insérer l’alinéa suivant : « Lorsque les travaux de raccordement au réseau public de distribution d’électricité sont destinés à servir un projet d’intérêt national majeur au sens de l’article L. 300‑6-2 du code de l’urbanisme, le délai ne peut excéder 5 mois à compter de l’acceptation, par le demandeur, de la convention de raccordement. »","Les délais de raccordement électrique de certains site industriels, dont les centres de données, contribuent souvent à rallonger fortement les délais pour la mise en œuvre de ce projet. Etant donné l’importance stratégique des PINM, il convient de prévoir des délais réduits pour ces installations afin qu’elles soient priorisées.",690,2025-03-20,,data_center,/home/user/Operation_robespierre/Amendements/DLR5L16N49868/PRJLANR5L17B0481/AMANR5L17PO849474B0481P0D1N000441.json,,,,,
amendement,AMANR5L17PO849474B0481P0D1N000854,CS854,17,CSVIEECO,PRJLANR5L17B0481,PA793744,PO845413,PA795228|PA793262|PA794906|PA794138|PA795588|PA795084|PA842105|PA841657|PA720430|PA793772|PA795616|PA793444|PA794938|PA795318|PA841023|PA796090|PA793912|PA842187|PA842037|PA791812|PA793736|PA721202|PA795136|PA793464|PA842155|PA795200|PA795844|PA841251|PA794786|PA794870|PA796070|PA795310|PA794478|PA841947|PA794082|PA794130|PA720846|PA841729|PA795516|PA841515|PA795672|PA795108|PA795298|PA791824|PA842029|PA793532|PA795746|PA342384|PA795422|PA794686|PA841215|PA795482|PA610654|PA841191|PA721960|PA793872|PA720892|PA817211|PA793756|PA796062|PA719578|PA721062|PA841845|PA795982|PA795466|PA720952|PA794106|PA794166|PA795164|PA795596,"Mme&#160;Stambach-Terrenoir,  Mme&#160;Abomangoli, M.&#160;Alexandre, M.&#160;Amard, Mme&#160;Amiot, Mme&#160;Amrani, M.&#160;Arenas, M.&#160;Arnault, Mme&#160;Belouassa-Cherifi, M.&#160;Bernalicis, M.&#160;Bex, M.&#160;Bilongo, M.&#160;Bompard, M.&#160;Boumertit, M.&#160;Boyard, M.&#160;Cadalen, M.&#160;Caron, M.&#160;Carri&#232;re, Mme&#160;Cathala, M.&#160;Cernon, Mme&#160;Chikirou, M.&#160;Clouet, M.&#160;Coquerel, M.&#160;Coulomme, M.&#160;Delogu, M.&#160;Diouara, Mme&#160;Dufour, Mme&#160;Erodi, Mme&#160;Feld, M.&#160;Fernandes, Mme&#160;Ferrer, M.&#160;Gaillard, Mme&#160;Guett&#233;, M.&#160;Guiraud, Mme&#160;Hamdane, Mme&#160;Hignet, M.&#160;Kerbrat, M.&#160;Lachaud, M.&#160;Lahmar, M.&#160;Laisney, M.&#160;Le&#160;Coq, M.&#160;Le&#160;Gall, Mme&#160;Leboucher, M.&#160;Legavre, Mme&#160;Legrain, Mme&#160;Lejeune, Mme&#160;Lepvraud, M.&#160;L&#233;aument, Mme&#160;&#201;lisa&#160;Martin, M.&#160;Maudet, Mme&#160;Maximi, Mme&#160;Mesmeur, Mme&#160;Manon&#160;Meunier, M.&#160;Nilor, Mme&#160;Nosb&#233;, Mme&#160;Obono, Mme&#160;Oziol, Mme&#160;Panot, M.&#160;Pilato, M.&#160;Piquemal, M.&#160;Portes, M.&#160;Prud&apos;homme, M.&#160;Ratenon, M.&#160;Saint-Martin, M.&#160;Saintoul, Mme&#160;Soudais, M.&#160;Tach&#233;, Mme&#160;Taurinya, M.&#160;Tavel, Mme&#160;Trouv&#233; et M.&#160;Vannier",Supprimer l’alinéa 26.,"Cet amendement du groupe LFI-NFP vise à la suppression de l'alinéa 26 de l'article 15, qui facilite la destruction d'espèces protégées pour l'implantation de data center. Cet alinéa prévoit en effet de permettre par décret de reconnaître de façon anticipée à un projet de data center le caractère de projet répondant à une raison impérative d'intérêt public majeur (RIIPM). La raison impérative d’intérêt public majeur (RIIPM) est l’une des trois conditions nécessaires à l’obtention d’une dérogation « espèces protégées ». La RIIPM sera présumée acquise (présomption simple, la loi ne pouvant reconnaitre ce critère d’office) au stade du PINM (projet d'intérêt national majeur), et non plus au moment ultérieur de l’examen de la dérogation espèces protégées. En cas de contentieux pour remise en cause de la RIIPM, le requérant devra attaquer directement le décret PINM, la RIIPM lui étant directement attachée. L'implantation de data center ne justifie absolument pas de bénéficier de façon anticip",1145,2025-03-20,,data_center,/home/user/Operation_robespierre/Amendements/DLR5L16N49868/PRJLANR5L17B0481/AMANR5L17PO849474B0481P0D1N000854.json,Stambach-Terrenoir,Anne,La France insoumise - Nouveau Front Populaire,LFI-NFP,Haute-Garonne
amendement,AMANR5L17PO849474B0481P0D1N001006,CS1006,17,CSVIEECO,PRJLANR5L17B0481,PA642695,PO845407,,M.&#160;Bothorel,"Le deuxième alinéa de l’article 22‑1 de la loi n° 78‑17 du 6 janvier 1978 relative à l’informatique, aux fichiers et aux libertés est complété par une phrase ainsi rédigée : « Lorsque le chiffre d’affaires annuel mondial du responsable de traitement dépasse la somme de 50 millions d’euros, ces montants sont portés à 100 000 euros d’amende et 500 euros d’astreinte journalière. »","La procédure de sanction simplifiée de la Commission nationale de l’informatique et des libertés (CNIL), créée par la loi n° 2022-52 du 24 janvier 2022, avait pour objectif de simplifier la procédure de sanction ordinaire en instaurant une procédure pour traiter les dossiers peu complexes de manière plus rapide et souple, et permettre ainsi à la CNIL de mieux agir face aux plaintes de plus en plus nombreuses reçues depuis l’entrée en application du RGPD. Les dossiers étudiés par la CNIL sont très variables en termes de gravité, de questions juridiques et technologiques soulevées, ou encore de conséquences pour les personnes. Il était donc important d’avoir une politique répressive différenciée, pour pouvoir traiter les différents dossiers de la manière la plus adaptée au regard de leur nature. Grâce à cette nouvelle procédure, le président de la CNIL peut orienter les dossiers peu complexes ou de faible gravité vers une procédure de sanction simplifiée qui, si elle suit les mêmes étape",4373,2025-03-20,,souverainete_numerique,/home/user/Operation_robespierre/Amendements/DLR5L16N49868/PRJLANR5L17B0481/AMANR5L17PO849474B0481P0D1N001006.json,Bothorel,Éric,Ensemble pour la République,EPR,Côtes-d'armor
amendement,AMANR5L17PO849474B0481P0D1N000203,CS203,17,CSVIEECO,PRJLANR5L17B0481,PA717379,PO845407,,M.&#160;Maillard,"I. – Après l’alinéa 16, insérer les huit alinéas suivants : « 3° En cas d’absence de ce document, l’opérateur de téléphonie mobile peut s’opposer à la souscription d’une convention d’hébergement avec la personne mentionnée à l’article L. 34‑9‑1‑1, devenue détentrice du bail d’un emplacement accueillant une infrastructure supportant des antennes d’émission ou de réception de signaux radioélectriques aux fins de fournir au public un service de communications électroniques, à la condition qu’il dis","La Cour d’appel d’Aix-en-Provence, tout comme celle de Montpellier, ont eu ces dernières semaines à se prononcer sur l’article 17 du Projet de loi dit de « simplification » qui avait été introduit dans la procédure par des opérateurs d’infrastructures (« Towerco ») historiques pour convaincre le juge de préserver leur position dont ils jouissaient sur les sites de diffusion de téléphonie mobile, quand bien même leur bail était arrivé à expiration. Non seulement ces juges, comme des dizaines d’autres, se sont prononcés en faveur de l’exercice de la concurrence dans ce domaine, mais ils ont également relevé que la rédaction actuelle de l’article 17, si elle était maintenue en l’état, aurait pour effet de faire bénéficier l’oligopole des Towerco historiques d’un « bail perpétuel » sur ces sites stratégiques, engendrant des problèmes de constitutionnalité au regard du droit de propriété et de respect des règles de concurrence. Il est à noter que le caractère perpétuel de ce monopole de fai",4644,2025-03-19,,souverainete_numerique,/home/user/Operation_robespierre/Amendements/DLR5L16N49868/PRJLANR5L17B0481/AMANR5L17PO849474B0481P0D1N000203.json,Maillard,Sylvain,Ensemble pour la République,EPR,Paris
amendement,AMANR5L17PO849474B0481P0D1N000287,CS287,17,CSVIEECO,PRJLANR5L17B0481,PA607395,PO845407,,"M.&#160;Travert, rapporteur",Supprimer cet article.,"La normativité juridique de l'article 15 bis ne me semble pas établie, dans la mesure où il vise à prévoir un dispositif qui existe déjà. Les représentants du secteur des centres de stockage de données numériques, que j'ai auditionnés, ont d'ailleurs reconnu que cet article les étonne un peu et ne serait qu'une complexité inutile. Dans une logique de simplification, je vous propose donc de le supprimer.",429,2025-03-19,,data_center,/home/user/Operation_robespierre/Amendements/DLR5L16N49868/PRJLANR5L17B0481/AMANR5L17PO849474B0481P0D1N000287.json,Travert,Stéphane,Ensemble pour la République,EPR,Manche
amendement,AMANR5L17PO849474B0481P0D1N000943,CS943,17,CSVIEECO,PRJLANR5L17B0481,PA793980,PO845439,PA610968|PA793780|PA588884|PA841701|PA2940|PA795362|PA795454|PA840997|PA841885|PA841507|PA794008|PA721210|PA793452|PA841351|PA795010|PA841419|PA842013|PA840947|PA794022|PA794146|PA841223|PA795636|PA842045|PA793708|PA793664|PA794154|PA794778|PA793948|PA795076|PA722142|PA610002|PA795808|PA796018|PA736201|PA841713,"M.&#160;Fournier,  M.&#160;Amirshahi, Mme&#160;Arrighi, Mme&#160;Autain, Mme&#160;Balage&#160;El&#160;Mariky, Mme&#160;Voynet, Mme&#160;Belluco, M.&#160;Ben&#160;Cheikh, M.&#160;Biteau, M.&#160;Arnaud&#160;Bonnet, M.&#160;Nicolas&#160;Bonnet, Mme&#160;Chatelain, M.&#160;Corbi&#232;re, M.&#160;Davi, M.&#160;Duplessy, Mme&#160;Garin, M.&#160;Damien&#160;Girard, M.&#160;Gustave, Mme&#160;Catherine&#160;Hervieu, M.&#160;Iordanoff, Mme&#160;Laernoes, M.&#160;Lahais, M.&#160;Lucas-Lundy, Mme&#160;Ozenne, M.&#160;Peytavie, Mme&#160;Pochon, M.&#160;Raux, Mme&#160;Regol, M.&#160;Thierry, Mme&#160;Sandrine&#160;Rousseau, M.&#160;Ruffin, Mme&#160;Sas, Mme&#160;Sebaihi, Mme&#160;Simonnet, Mme&#160;Taill&#233;-Polian et M.&#160;Tavernier","Compléter l’alinéa 6 par les mots : « , sous réserve de l’organisation préalable d’un débat public national organisé par la Commission nationale du débat public portant sur les catégories de centres de données susceptibles de bénéficier de cette qualification ».","Les centres de données sont considérés aujourd’hui comme des infrastructures essentielles à l'économie numérique, soutenant les services cloud, le stockage de données, et les applications de grande envergure telles que l'intelligence artificielle. Toutefois, ces centres génèrent un impact environnemental significatif, notamment en termes de consommation énergétique, d'émissions de gaz à effet de serre et d'utilisation des ressources naturelles. Dans un contexte de transition énergétique et de réduction des émissions de carbone, la question de savoir quels types de centres de données peuvent bénéficier d’une dérogation au statut de projet national d’intérêt majeur nécessite une réflexion approfondie et une concertation citoyenne. En effet, le fait qu’un centre de données bénéficie de ce statut ouvre la voie à des avantages administratifs et financiers importants, ce qui justifie la nécessité d'une évaluation démocratique et transparente de l'impact environnemental des projets concernés ",1728,2025-03-20,,cloud|data_center|ia_calcul,/home/user/Operation_robespierre/Amendements/DLR5L16N49868/PRJLANR5L17B0481/AMANR5L17PO849474B0481P0D1N000943.json,Fournier,Charles,Écologiste et Social,ECOS,Indre-et-Loire
amendement,AMANR5L17PO849474B0481P0D1N000942,CS942,17,CSVIEECO,PRJLANR5L17B0481,PA793980,PO845439,PA610968|PA793780|PA588884|PA841701|PA2940|PA795362|PA795454|PA840997|PA841885|PA841507|PA794008|PA721210|PA793452|PA841351|PA795010|PA841419|PA842013|PA840947|PA794022|PA794146|PA841223|PA795636|PA842045|PA793708|PA793664|PA794154|PA794778|PA793948|PA795076|PA722142|PA610002|PA795808|PA796018|PA736201|PA841713,"M.&#160;Fournier,  M.&#160;Amirshahi, Mme&#160;Arrighi, Mme&#160;Autain, Mme&#160;Balage&#160;El&#160;Mariky, Mme&#160;Voynet, Mme&#160;Belluco, M.&#160;Ben&#160;Cheikh, M.&#160;Biteau, M.&#160;Arnaud&#160;Bonnet, M.&#160;Nicolas&#160;Bonnet, Mme&#160;Chatelain, M.&#160;Corbi&#232;re, M.&#160;Davi, M.&#160;Duplessy, Mme&#160;Garin, M.&#160;Damien&#160;Girard, M.&#160;Gustave, Mme&#160;Catherine&#160;Hervieu, M.&#160;Iordanoff, Mme&#160;Laernoes, M.&#160;Lahais, M.&#160;Lucas-Lundy, Mme&#160;Ozenne, M.&#160;Peytavie, Mme&#160;Pochon, M.&#160;Raux, Mme&#160;Regol, M.&#160;Thierry, Mme&#160;Sandrine&#160;Rousseau, M.&#160;Ruffin, Mme&#160;Sas, Mme&#160;Sebaihi, Mme&#160;Simonnet, Mme&#160;Taill&#233;-Polian et M.&#160;Tavernier","Après l’alinéa 25, insérer les deux alinéas suivants : « 2° bis Après le premier alinéa du 2° du II de l’article L. 229‑26, il est inséré un alinéa ainsi rédigé : « « Ce programme d’actions comporte un volet spécifique sur la stratégie en matière d’implantation équilibrée des centres de données sur le territoire en cohérence avec les objectifs d’atténuation et d’adaptation au changement climatique et de consommation d’espace de ces infrastructures. » »","Cet amendement vise faciliter la mise en cohérence les missions du schéma de cohérence territoriale mentionnées à l’alinéa 3 de l’article avec les missions des plans climat-air-énergie territoriaux, afin d’assurer un développement territorial cohérent avec les objectifs climatiques et énergétiques. Le travail de connaissance des centres de données du territoire mené par le SCOT et l’identification des enjeux spécifiques et stratégiques liés identifiés dans le PADD, doivent nécessairement être menés en étroite collaboration avec les Plans Climat Air Énergie Territoriaux (PCAET), qui intègrent désormais des actions liées à la réduction de l’empreinte environnementale du numérique, en anticipant les risques climatiques propres à chaque territoire (inondations, sécheresses, sensibilité aux canicules...) et les éventuels documents sur la stratégie foncière des territoires. L'un des enjeux majeurs pour une meilleure intégration des centres de données dans les territoires consiste en l'élabor",1906,2025-03-20,,data_center,/home/user/Operation_robespierre/Amendements/DLR5L16N49868/PRJLANR5L17B0481/AMANR5L17PO849474B0481P0D1N000942.json,Fournier,Charles,Écologiste et Social,ECOS,Indre-et-Loire
amendement,AMANR5L17PO849474B0481P0D1N000440,CS440,17,CSVIEECO,PRJLANR5L17B0481,PA794426,PO845470,PA720230|PA722336|PA721844|PA793398|PA793992,"Mme&#160;Le&#160;H&#233;nanff,  Mme&#160;Lise&#160;Magnier, M.&#160;Thi&#233;baut, Mme&#160;Piron, M.&#160;Patrier-Leitus et M.&#160;Alfandari","À l’alinéa 6, supprimer les mots : « notamment en termes d’investissement et de puissance installée, ».","La possibilité de qualifier des centres de données de projets industriels d'intérêt national majeur (PIINM) est une avancée positive pour permettre le déploiement plus rapide de projets importants de centres de données en France et permettra au pays d’être attractif pour des investissements, y compris étrangers. Il est prévu que plusieurs critères puissent être considérés pour apprécier les projets avant les qualifier de PIINM, dont les investissements et la puissance installée. Il convient néanmoins de ne pas donner une importance disproportionnée à ces critères qui risquent de favoriser les projets émanants principalement de grandes entreprises ayant des capacités d’investissement importantes. Dans un contexte de développement de l’intelligence artificielle, les centres de données dédiés à l’entraînement, qui sont souvent des installations de grande taille avec une puissance installée importante (plus de 500 MW, et jusque 1GW annoncé pour certains), ont été mis à l’honneur, et ce en ",1861,2025-03-20,,cloud|data_center|ia_calcul,/home/user/Operation_robespierre/Amendements/DLR5L16N49868/PRJLANR5L17B0481/AMANR5L17PO849474B0481P0D1N000440.json,,,,,
amendement,AMANR5L17PO849474B0481P0D1N000537,CS537,17,CSVIEECO,PRJLANR5L17B0481,PA721816,PO845425,PA793508|PA718838|PA722390|PA793094|PA840979|PA266808|PA794058|PA695512|PA721442|PA330909|PA841047,"M.&#160;Boucard,  M.&#160;Brigand, M.&#160;Fabrice&#160;Brun, Mme&#160;Corneloup, M.&#160;Ray, M.&#160;Le&#160;Fur, M.&#160;Rolland, Mme&#160;Gruet, M.&#160;Lepers, Mme&#160;Petex, M.&#160;Descoeur et M.&#160;Ceccoli",Supprimer les alinéas 12 et 13.,"Cet amendement a pour objet de supprimer l’alinéa 13 de l’article 15. Celui-ci impose des critères stricts pour reconnaître l’intérêt public majeur des datacenters, en les conditionnant à des indicateurs environnementaux précis comme l’efficacité énergétique et la gestion de l’eau. Or, notre pays accuse un retard inquiétant dans le développement des datacenters, essentiels à notre souveraineté numérique. Contrairement à des pays comme l’Allemagne ou l’Espagne, la France a des difficultés pour attirer les investissements en raison d’un cadre administratif complexe. L’alinéa 13 aggrave cette situation en alourdissant les démarches et en imposant des contraintes rigides, ralentissant ainsi le déploiement de ces infrastructures stratégiques. Sa suppression permettrait de simplifier les projets et de renforcer notre compétitivité, notamment à l’ère de l’intelligence artificielle.",919,2025-03-20,,data_center|souverainete_numerique|ia_calcul,/home/user/Operation_robespierre/Amendements/DLR5L16N49868/PRJLANR5L17B0481/AMANR5L17PO849474B0481P0D1N000537.json,Boucard,Ian,Droite Républicaine,DR,Territoire de Belfort
amendement,AMANR5L17PO849474B0481P0D1N001168,CS1168,17,CSVIEECO,PRJLANR5L17B0481,PA841207,PO847173,PA841769,M.&#160;Alloncle et M.&#160;Michoux,"Après l’alinéa 8, inséré les alinéas suivants : « 2° Le II est complété par un alinéa ainsi rédigé : « Dans le cadre de ces recommandations, décisions individuelles et réglementaires, elle s’efforce, en particulier au travers des avis qu’elle rend et des sanctions qu’elle prononce, à faire preuve de souplesse en raison de la complexité technique qu’implique les exigences de respect de la vie privée de protection des données à caractère personnel en matière de traitement des données. Elle proport","Cet amendement invite la CNIL à faire preuve de souplesse au travers des avis qu’elle rend et des sanctions qu’elle prononce, en particulier concernant des TPE-PME, des associations ou autres établissements publics de petite envergure. En effet, la réglementation RGPD et plus généralement le traitement des données personnelles sont une source de complexité si conséquente que de nombreuses entreprises dépensent des montants importants pesant sur leurs marges, tout en craignant être poursuivies pour un manque de respect suffisant de la réglementation. Réduire le poids des sanctions potentielles permettrait ainsi de retirer un risque juridique qui pèse lourdement sur de nombreuses entreprises, associations et organismes publics de taille modeste.",1437,2025-03-20,,souverainete_numerique,/home/user/Operation_robespierre/Amendements/DLR5L16N49868/PRJLANR5L17B0481/AMANR5L17PO849474B0481P0D1N001168.json,Alloncle,Charles,Union des droites pour la République,UDDPLR,Hérault
amendement,AMANR5L17PO849474B0481P0D1N001158,CS1158,17,CSVIEECO,PRJLANR5L17B0481,PA841507,PO845439,,M.&#160;Nicolas&#160;Bonnet,Supprimer les alinéas 5 à 7.,"Cet amendement propose de supprimer la possibilité de décréter un projet de datacenter projet d’intérêt national majeur, pour deux raisons. D’abord, l’installation d’un datacenter ne répond pas a priori à un intérêt général suffisant à justifier des dérogations au droit de l’environnement (concernant notamment les espèces protégées). Ensuite, la qualification d’un projet comme projet d’intérêt national majeur se fait par décret ; or, nous estimons que l’intérêt général d’un projet ne peut pas se décréter, mais doit se construire et se confirmer avec la participation des citoyens.",615,2025-03-20,,data_center,/home/user/Operation_robespierre/Amendements/DLR5L16N49868/PRJLANR5L17B0481/AMANR5L17PO849474B0481P0D1N001158.json,Bonnet,Nicolas,Écologiste et Social,ECOS,Puy-de-Dôme
amendement,AMANR5L17PO849474B0481P0D1N001167,CS1167,17,CSVIEECO,PRJLANR5L17B0481,PA841207,PO847173,PA841769,M.&#160;Alloncle et M.&#160;Michoux,"À l’alinéa 5, substituer aux mots : « prend également en compte » le mot : « priorise »","Cet amendement réécrit les missions de la CNIL en priorisant son rôle d’appui à l’innovation sur l’ensemble de ses autres rôles. En effet, le zèle de la CNIL en matière de sanctions freine l’innovation de nombreuses entreprises, découragées par la réglementation très lourde en matière de traitement des données personnelles. Cet amendement va au-delà de la rédaction du projet de loi initial, en n’affirmant pas seulement une prise en compte à une juste mesure de l’innovation vis-à-vis des autres enjeux – formulation incertaine laissant libre cours à l’interprétation - mais bien une priorisation de l’impératif d’innovation sur respect de la vie privée et la protection des données personnelles.",787,2025-03-20,,souverainete_numerique,/home/user/Operation_robespierre/Amendements/DLR5L16N49868/PRJLANR5L17B0481/AMANR5L17PO849474B0481P0D1N001167.json,Alloncle,Charles,Union des droites pour la République,UDDPLR,Hérault
amendement,AMANR5L17PO849474B0481P0D1N001083,CS1083,17,CSVIEECO,PRJLANR5L17B0481,PA793452,PO845439,PA610968|PA793780|PA588884|PA841701|PA795362|PA795454|PA840997|PA841885|PA841507|PA794008|PA721210|PA841351|PA793980|PA795010|PA841419|PA842013|PA840947|PA794022|PA794146|PA841223|PA795636|PA842045|PA793708|PA793664|PA794154|PA794778|PA795076|PA722142|PA610002|PA795808|PA796018|PA736201|PA841713|PA793948|PA2940,"M.&#160;Davi,  M.&#160;Amirshahi, Mme&#160;Arrighi, Mme&#160;Autain, Mme&#160;Balage&#160;El&#160;Mariky, Mme&#160;Belluco, M.&#160;Ben&#160;Cheikh, M.&#160;Biteau, M.&#160;Arnaud&#160;Bonnet, M.&#160;Nicolas&#160;Bonnet, Mme&#160;Chatelain, M.&#160;Corbi&#232;re, M.&#160;Duplessy, M.&#160;Fournier, Mme&#160;Garin, M.&#160;Damien&#160;Girard, M.&#160;Gustave, Mme&#160;Catherine&#160;Hervieu, M.&#160;Iordanoff, Mme&#160;Laernoes, M.&#160;Lahais, M.&#160;Lucas-Lundy, Mme&#160;Ozenne, M.&#160;Peytavie, Mme&#160;Pochon, M.&#160;Raux, Mme&#160;Regol, Mme&#160;Sandrine&#160;Rousseau, M.&#160;Ruffin, Mme&#160;Sas, Mme&#160;Sebaihi, Mme&#160;Simonnet, Mme&#160;Taill&#233;-Polian, M.&#160;Tavernier, M.&#160;Thierry et Mme&#160;Voynet","Compléter l’alinéa 6 par les mots : « , sous réserve que l’opération n’engendre pas une artificialisation des sols au sens du neuvième alinéa de l’article L. 101‑2‑1. »","Par cet amendement de repli, le groupe Ecologiste et social entend s’opposer à la construction de centres de données dans les espaces non-artificialisés en conditionnant la reconnaissance d’un intérêt national majeur à l’absence d’artificialisation des sols par le projet. L’accaparement du foncier et des ressources en eau au seul profit d’intérêts privés n’est pas tolérable et contrevient manifestement aux engagements de la France en matière de préservation de la ressource hydraulique, de lutte contre l’artificialisation des sols et contre le changement climatique. A Marseille, notamment, la prolifération de data centers a conduit à un accaparement du foncier au détriment de projets de décarbonation. Les besoins en eau pour le refroidissement des centres de données sont considérables et entraînent déjà des conflits d’usage en Europe. C’est notamment le cas aux Pays-Bas où après avoir découvert qu’un centre de données avait consommé près de 84 millions de litres en 2021 en pleine périod",2174,2025-03-20,,data_center,/home/user/Operation_robespierre/Amendements/DLR5L16N49868/PRJLANR5L17B0481/AMANR5L17PO849474B0481P0D1N001083.json,Davi,Hendrik,Écologiste et Social,ECOS,Bouches-du-Rhône
amendement,AMANR5L17PO849474B0481P0D1N000384,CS384,17,CSVIEECO,PRJLANR5L17B0481,PA722390,PO845425,PA718884|PA793508|PA721442,"Mme&#160;Corneloup,  Mme&#160;Bazin-Malgras, M.&#160;Brigand et Mme&#160;Petex",Il ne peut être délivré de permis de construire pour un centre de données que dans les zones qui ne sont pas soumises à des tensions structurelles sur l’eau telles que définies au plan d’action pour une gestion résiliente et concertée de l’eau ou dans le plan national d’adaptation au changement climatique.,"Les projections concernant les pénuries d'eau en France à l'horizon 2040 sont préoccupantes, avec un déficit hydrique national estimé entre 2 et 4 milliards de mètres cubes par an. Les régions les plus fortement touchées connaîtront des déficits pouvant atteindre 50% des ressources actuelles en période estivale et les débits moyens des rivières pourraient diminuer de 10% à 40%, avec des baisses encore plus marquées en été. Cette situation entraînera de fortes tensions sur l’accès à l’eau. L'approvisionnement en eau potable sera sous tension dans près de 40% des communes. La production d'hydroélectricité pourrait baisser de 15 à 20%. Et l'agriculture sera particulièrement affectée, avec des réductions d'eau disponible pour l'irrigation. Sachant que les centres informatiques consomment de très grandes quantités d’eau douce, à la fois pour produire l’électricité et pour refroidir les équipements informatiques (une situation décuplée dans le cas de l’inte",1687,2025-03-20,,data_center|ia_calcul,/home/user/Operation_robespierre/Amendements/DLR5L16N49868/PRJLANR5L17B0481/AMANR5L17PO849474B0481P0D1N000384.json,Corneloup,Josiane,Droite Républicaine,DR,Saône-et-Loire
amendement,AMANR5L17PO849474B0481P0D1N000931,CS931,17,CSVIEECO,PRJLANR5L17B0481,PA795362,PO845439,PA610968|PA793780|PA588884|PA841701|PA795454|PA840997|PA841885,"Mme&#160;Belluco,  M.&#160;Amirshahi, Mme&#160;Arrighi, Mme&#160;Autain, Mme&#160;Balage&#160;El&#160;Mariky, M.&#160;Ben&#160;Cheikh, M.&#160;Biteau et M.&#160;Arnaud&#160;Bonnet",Supprimer cet article.,"Il n’y a pas lieu de prévoir une énième niche fiscale pour les datacenters, dans un contexte budgétaire tendu, a fortiori en considérant que cette niche fiscale n’encouragera pas la sobriété énergétique de ces datacenters. Cet amendement supprime cet article.",282,2025-03-20,,data_center,/home/user/Operation_robespierre/Amendements/DLR5L16N49868/PRJLANR5L17B0481/AMANR5L17PO849474B0481P0D1N000931.json,Belluco,Lisa,Écologiste et Social,ECOS,Vienne
amendement,AMANR5L17PO849474B0481P0D1N000436,CS436,17,CSVIEECO,PRJLANR5L17B0481,PA794426,PO845470,PA720230|PA722336|PA721844|PA793398|PA793992,"Mme&#160;Le&#160;H&#233;nanff,  Mme&#160;Lise&#160;Magnier, M.&#160;Thi&#233;baut, Mme&#160;Piron, M.&#160;Patrier-Leitus et M.&#160;Alfandari","Au premier alinéa de l’article L. 174‑1 du code de la construction et de l’habitation, après le mot : « tertiaire » sont insérés les mots : « , à l’exclusion des centres de données ».","Le dispositif éco-énergie-tertiaire, à l’origine du « décret tertiaire » de 2019 et issu de l’article 175 de la loi portant évolution du logement de l'aménagement et du numérique (Elan) fixe un carde de réduction de l’empreinte énergétique des bâtiments tertiaires (bureaux, services publics, enseignement, médico-social, justice, commerces, hôtellerie, restauration, résidences de tourisme et loisirs, équipements sportifs, de culture et de spectacles, entrepôts, aéroports, gares ferroviaires, routières, maritimes ou fluviales, stationnement, blanchisseries, imprimeries et reprographies, etc.). Concrètement, ce cadre impose aux assujettis au dispositif la réduction des consommations d’énergie finale de l’ensemble du parc tertiaire d’au moins -40 % en 2030, -50 % en 2040, -60 % en 2050. Depuis 2019 et la publication du décret dit « tertiaire », les centres de données ont également été inclus à ce dispositif et ce alors que les caractéristique de ces exploitations ne correspondent pas aux c",2842,2025-03-20,,data_center|ia_calcul,/home/user/Operation_robespierre/Amendements/DLR5L16N49868/PRJLANR5L17B0481/AMANR5L17PO849474B0481P0D1N000436.json,,,,,
amendement,AMANR5L17PO849474B0481P0D1N000410,CS410,17,CSVIEECO,PRJLANR5L17B0481,PA793796,PO845485,PA721486|PA2952,"M.&#160;Taupiac,  M.&#160;Naegelen et M.&#160;Warsmann","Après l’alinéa 6, insérer l’alinéa suivant : « L’autorité administrative peut refuser l’octroi d’un permis de construire d’un centre de données implanté dans un territoire connaissant des tensions structurelles sur sa ressource en eau. »","Les besoins en eau pour le refroidissement des centres de données sont considérables et entraînent déjà des conflits d’usage en Europe. C’est notamment le cas aux Pays-Bas où après avoir découvert qu’un centre de données avait consommé près de 84 millions de litres en 2021 en pleine période de sécheresse le gouvernement a mis en place un moratoire sur la construction de ce type de centres de données. Sur notre territoire les dernières simulations de Météo France publiées par le ministère de la transition sont sans appel : · 10% des cumuls de pluie de moins en été en 2050, · 2 fois plus de sécheresse des sols en 2050, comparé à la période 1976-2005, · 2 MD de m3 d’eau manqueront en 2050 si la demande reste stable. Cet amendement permet aux autorités administratives de refuser l'octroi d'un permis de construire pour un centre de données implanté dans un territoire connaissant des tensions structurelles sur sa ressource en eau.",1176,2025-03-20,,data_center,/home/user/Operation_robespierre/Amendements/DLR5L16N49868/PRJLANR5L17B0481/AMANR5L17PO849474B0481P0D1N000410.json,Taupiac,David,"Libertés, Indépendants, Outre-mer et Territoires",LIOT,Gers
amendement,AMANR5L17PO849474B0481P0D1N000005,CS5,17,CSVIEECO,PRJLANR5L17B0481,PA642988,PO845401,PA793166|PA841605|PA793218|PA841837|PA793904|PA794590|PA719436|PA793852|PA842097|PA841955|PA794954|PA793382|PA841553,"M.&#160;de&#160;L&#233;pinau,  M.&#160;Dessigny, M.&#160;Golliot, M.&#160;Guitton, M.&#160;Le&#160;Bourgeois, M.&#160;Lopez-Liguori, M.&#160;Loubet, M.&#160;Meizonnet, M.&#160;Meurin, Mme&#160;Roy, M.&#160;Renault, M.&#160;Salmon, M.&#160;Tach&#233;&#160;de&#160;la&#160;Pagerie et M.&#160;Tesson",Supprimer cet article.,"L’article 4 du projet de loi vise à étendre le recours à une plateforme unique dématérialisée pour la gestion de la commande publique (PLACE). Cette disposition prétend simplifier l’accès aux marchés publics pour les opérateurs concernés, notamment certains établissements publics, et inciter fortement les collectivités locales à y recourir. Cependant, loin de simplifier véritablement la vie économique, cette mesure entraînerait des conséquences socio-économiques extrêmement négatives. Elle conduirait notamment à la destruction d’un écosystème dynamique de plateformes privées spécialisées, qui ont largement contribué à atteindre les objectifs de dématérialisation fixés par l’État depuis plus de vingt ans. La disparition progressive de ces plateformes privées provoquerait une perte significative de revenus pour la presse quotidienne régionale (PQR) et la presse professionnelle spécialisée, estimée à plus de 20 millions d’euros par an, menaçant ainsi leur viabilité économique et la plural",2183,2025-03-17,,souverainete_numerique,/home/user/Operation_robespierre/Amendements/DLR5L16N49868/PRJLANR5L17B0481/AMANR5L17PO849474B0481P0D1N000005.json,de Lépinau,Hervé,Rassemblement National,RN,Vaucluse
amendement,AMANR5L17PO849474B0481P0D1N001317,CS1317,17,CSVIEECO,PRJLANR5L17B0481,PA721764,PO845407,PA642695|PA721852|PA607395|PA722366|PA795920|PA840235|PA719388,"Mme&#160;Olivia&#160;Gr&#233;goire,  M.&#160;Bothorel, Mme&#160;Lebec, M.&#160;Travert, M.&#160;Fugit, Mme&#160;Thevenot, M.&#160;Fr&#233;bault et Mme&#160;Le&#160;Meur","Compléter cet article par l’alinéa suivant : « III (nouveau). – Au premier alinéa de l’article 226‑16 du code pénal, les mots : « de cinq ans d’emprisonnement et » sont supprimés. »","Conformément à l’article 226-16 code pénal, le chef d’entreprise peut être condamné à une peine d’emprisonnement de cinq ans lorsqu’il procède ou fait procéder à des traitements de données à caractère personnel sans qu’aient été respectées les formalités préalables de mise en œuvre. Cette sanction est particulière sévère, d’autant plus qu’il peut être condamné en cas de négligence et non seulement en cas de faute intentionnelle. La réglementation relative à la protection des données personnelles est complexe et technique, les chefs d’entreprise de TPE-PME ne connaissent pas nécessairement toutes les formalités préalables de mise en œuvre des traitements de données. En effet, les dirigeants de TPE-PME ont généralement des ressources et des compétences limitées en matière de conformité réglementaire. Une approche plus flexible est nécessaire pour permettre aux entreprises de se conformer efficacement à ces réglementations. C’est pourquoi, il est proposé de supprimer la peine de 5 années ",1311,2025-03-20,,souverainete_numerique,/home/user/Operation_robespierre/Amendements/DLR5L16N49868/PRJLANR5L17B0481/AMANR5L17PO849474B0481P0D1N001317.json,Grégoire,Olivia,Ensemble pour la République,EPR,Paris
amendement,AMANR5L17PO838901BTC1191P0D1N000217,217,17,AN,PRJLANR5L17BTC1191,PA794426,PO845470,PA720908|PA721458|PA795026|PA795270|PA721844|PA794278|PA794466|PA842125|PA841431,"Mme&#160;Le&#160;H&#233;nanff,  Mme&#160;Moutchou, M.&#160;Roseren, Mme&#160;Violland, Mme&#160;Poussier-Winsback, Mme&#160;Piron, M.&#160;Albertini, M.&#160;Moulliere, M.&#160;Lam et Mme&#160;Colin-Oesterl&#233;",Supprimer les alinéas 9 à 33.,"Cet amendement vise à rétablir la Commission Supérieure du Numérique et des Postes (CSNP). Le Gouvernement par le présent projet de loi vise à supprimer les organes, organismes et comités ne s’étant pas réunis durant les 12 derniers mois. Ces suppressions font suite au discours de politique général du Premier ministre de l’époque le 30 janvier 2024. La CSNP, organisme bicaméral et transpartisan, composé de 7 députés et 7 sénateurs, accompagnés par 3 personnes qualifiées, ne répond pas à ces critères. En 2023 : 101 auditions et réunions en groupe de travail, 9 séances plénières, 10 avis rendus. En 2024, 98 auditions et réunions en groupe de travail, 9 séances plénières, 9 avis rendus (NIS 2, EUCS, usages de l’IA, etc…), 14 interventions de ses membres lors de colloques et salons thématiques. Depuis le 1er janvier 2025 : 3 séances plénières (audition de la Présidente de l’ARCEP, du Président du groupe La Poste, le directeur général de l’ANFR, la FFT,…) l’audition de Clara Chappaz, minist",3880,2025-04-01,,ia_calcul,/home/user/Operation_robespierre/Amendements/DLR5L16N49868/PRJLANR5L17BTC1191/AMANR5L17PO838901BTC1191P0D1N000217.json,,,,,
amendement,AMANR5L17PO838901BTC1191P0D1N001949,1949,17,AN,PRJLANR5L17BTC1191,PA793904,PO845401,PA841479|PA793432|PA841495|PA796118|PA794562|PA842279|PA793238|PA793374|PA793158|PA794434|PA841645|PA842001|PA720822|PA720668|PA794886|PA796042|PA793844|PA841487|PA841131|PA793182|PA793134|PA840075|PA720468|PA794198|PA840159|PA793548|PA795644|PA841613|PA642988|PA840119|PA793166|PA793928|PA794762|PA793146|PA840135|PA842073|PA841761|PA841621|PA793246|PA840143|PA840801|PA794678|PA841139|PA793892|PA841737|PA796034|PA793832|PA793102|PA841605|PA793362|PA794418|PA793592|PA840757|PA841451|PA794734|PA793218|PA795900|PA793632|PA842085|PA794598|PA841439|PA794030|PA841749|PA841075|PA840869|PA794354|PA795912|PA841837|PA720614|PA796026|PA840857|PA793290|PA793608|PA841873|PA840967|PA793672|PA721932|PA795974|PA794590|PA841587|PA841563|PA794530|PA840837|PA841825|PA794770|PA793314|PA793330|PA793616|PA719436|PA793354|PA795786|PA794322|PA793852|PA840915|PA793696|PA795552|PA794670|PA841199|PA794582|PA793656|PA795966|PA793230|PA793254|PA841955|PA841981|PA842227|PA794442|PA795410|PA842097|PA794894|PA794570|PA794954|PA796050|PA842255|PA793382|PA795778|PA794502|PA841553|PA793298|PA840781|PA794946|PA841575,"M.&#160;Lopez-Liguori,  M.&#160;Weber, M.&#160;Allisio, M.&#160;Amblard, Mme&#160;Auzanot, M.&#160;Ballard, Mme&#160;Bamana, M.&#160;Barth&#232;s, M.&#160;Baubry, M.&#160;Beaurain, M.&#160;Bentz, M.&#160;Bernhardt, M.&#160;Bigot, M.&#160;Bilde, M.&#160;Blairy, Mme&#160;Blanc, M.&#160;Boccaletti, Mme&#160;Bordes, M.&#160;Boulogne, Mme&#160;Bouquin, M.&#160;Bovet, M.&#160;Buisson, M.&#160;Casterman, M.&#160;Chenu, M.&#160;Chudeau, M.&#160;Clavet, Mme&#160;Colombier, Mme&#160;Da&#160;Conceicao&#160;Carvalho, M.&#160;de&#160;Fleurian, M.&#160;de&#160;L&#233;pinau, Mme&#160;Delannoy, M.&#160;Dessigny, Mme&#160;Diaz, Mme&#160;Dogor-Such, M.&#160;Dragon, M.&#160;Dufosset, M.&#160;Dussausaye, M.&#160;Dutremble, M.&#160;Evrard, M.&#160;Falcon, M.&#160;Florquin, M.&#160;Fouquart, M.&#160;Frapp&#233;, M.&#160;Gabarron, Mme&#160;Galzy, M.&#160;Gery, M.&#160;Giletti, M.&#160;Gillet, M.&#160;Christian&#160;Girard, M.&#160;Golliot, M.&#160;Gonzalez, Mme&#160;Florence&#160;Goulet, Mme&#160;Grangier, Mme&#160;Griseti, M.&#160;Guibert, M.&#160;Guiniot, M.&#160;Guitton, Mme&#160;Hamelet, M.&#160;Houssin, M.&#160;Humbert, M.&#160;Jacobelli, M.&#160;Jenft, M.&#160;Jolly, Mme&#160;Joncour, Mme&#160;Josserand, Mme&#160;Joubert, Mme&#160;Laporte, Mme&#160;Lavalette, M.&#160;Le&#160;Bourgeois, Mme&#160;Le&#160;Pen, Mme&#160;Lechanteux, Mme&#160;Lechon, Mme&#160;Lelouis, Mme&#160;Levavasseur, M.&#160;Limongi, M.&#160;Lioret, Mme&#160;Loir, Mme&#160;Lorho, M.&#160;Lottiaux, M.&#160;Loubet, M.&#160;David&#160;Magnier, Mme&#160;Marais-Beuil, M.&#160;Marchio, M.&#160;Markowsky, M.&#160;Patrice&#160;Martin, Mme&#160;Martinez, Mme&#160;Alexandra&#160;Masson, M.&#160;Bryan&#160;Masson, M.&#160;Mauvieux, M.&#160;Meizonnet, Mme&#160;M&#233;lin, Mme&#160;M&#233;nach&#233;, M.&#160;M&#233;nag&#233;, M.&#160;Meurin, M.&#160;Monnier, M.&#160;Muller, M.&#160;Odoul, Mme&#160;Parmentier, M.&#160;Perez, M.&#160;Pfeffer, Mme&#160;Pollet, M.&#160;Rambaud, Mme&#160;Ranc, M.&#160;Rancoule, M.&#160;Renault, Mme&#160;Rimbert, M.&#160;Rivi&#232;re, Mme&#160;Robert-Dehault, Mme&#160;Roullaud, Mme&#160;Roy, Mme&#160;Sabatini, M.&#160;Sabatou, M.&#160;Salmon, M.&#160;Schreck, Mme&#160;Sicard, M.&#160;Tach&#233;&#160;de&#160;la&#160;Pagerie, M.&#160;Jean-Philippe&#160;Tanguy, M.&#160;Taverne, M.&#160;Tesson, M.&#160;Tivoli, M.&#160;Tonussi, M.&#160;Villedieu et M.&#160;Vos","À l’alinéa 9, substituer à la première occurrence du mot : « et » le mot : « ou ».","Cet article vise à permettre l'extension du dispositif de « projet d'intérêt national majeur » (PNIM), introduit avec la loi industrie verte pour les projets industriels les plus stratégiques, aux centres de données d'envergure comparable. Cela permettra une accélération procédurale concernant la mise en compatibilité des documents d’urbanisme, le raccordement au réseau d’électricité, la reconnaissance de la RIIPM. Pour revêtir la qualification d'intérêt national majeur, un data center doit revêtir une importance particulière pour la transition numérique, la transition écologique ou la souveraineté nationale, eu égard à son objet et à son envergure. Il s'agit donc d'un critère cumulatif. Or il risque d'exclure certains data center de taille plus modestes mais tout aussi cruciaux pour atteindre les objectifs recherchés ; ainsi par exemple certains centres de données de petite taille, en collocation, permettent aux startups et PME d’accéder à des solutions IA en mode SaaS sans investir d",1654,2025-04-04,,cloud|data_center|souverainete_numerique|ia_calcul,/home/user/Operation_robespierre/Amendements/DLR5L16N49868/PRJLANR5L17BTC1191/AMANR5L17PO838901BTC1191P0D1N001949.json,Lopez-Liguori,Aurélien,Rassemblement National,RN,Hérault
amendement,AMANR5L17PO838901BTC1191P0D1N002586,2586,17,AN,PRJLANR5L17BTC1191,,,,le Gouvernement,Supprimer l’alinéa 11.,"La Commission spéciale a adopté un amendement qui vise à interdire l’éligibilité au statut PINM pour les projets de centre de données dont le propriétaire ou l’opérateur est une société relevant, directement ou indirectement, de la législation d’un pays tiers de l’Union européenne lorsque le droit interne à cet État n’assure pas un niveau équivalent de protection des données à caractère personnel équivalent au RGPD. Ces dispositions apparaissent d’une part en contrariété avec le droit européen en restreignant l’accès à ce statut sur la base de considérations relatives au droit interne des propriétaires et opérateurs de projets de centres de données excédant ainsi les dispositions du droit européen. Elles posent aussi problème en faisant du Gouvernement et in fine du juge administratif français le juge de l’équivalence entre droit d’un pays tiers et droit de l’Union européenne. Mais surtout, ces dispositions nuisent très significativement à l’attractivité de notre territoire pour l’accu",1511,2025-04-04,,data_center|souverainete_numerique,/home/user/Operation_robespierre/Amendements/DLR5L16N49868/PRJLANR5L17BTC1191/AMANR5L17PO838901BTC1191P0D1N002586.json,,,,,
amendement,AMANR5L17PO838901BTC1191P0D1N001045,1045,17,AN,PRJLANR5L17BTC1191,PA840765,PO845419,PA342415|PA840939|PA840171|PA335054|PA774958|PA841463|PA841107|PA840673|PA793816|PA840665|PA642764|PA643143|PA840829|PA606793|PA842211|PA841315|PA794094|PA793624|PA795762|PA608264|PA840903|PA841295|PA1008|PA793394|PA795430|PA841919|PA606573|PA841633|PA794854|PA842195|PA609332|PA841665|PA333285|PA841539|PA331973|PA1567|PA841471|PA842263|PA841813|PA841853|PA1654|PA643192|PA795156|PA643157|PA841381|PA840793|PA794270|PA608172|PA607553|PA840955|PA841367|PA341981|PA342196|PA826635|PA841327|PA841717|PA841243|PA774960|PA340343|PA841091|PA841681|PA841893|PA719930|PA794494|PA720992,"M.&#160;Lhardit,  Mme&#160;Battistel, Mme&#160;Godard, M.&#160;Emmanuel&#160;Gr&#233;goire, Mme&#160;Karamanli, M.&#160;Leseul, Mme&#160;Mercier, M.&#160;Oberti, Mme&#160;Rossi, Mme&#160;Thomin, Mme&#160;Allemand, M.&#160;Aviragnet, M.&#160;Baptiste, M.&#160;Barusseau, M.&#160;Baumel, Mme&#160;Bellay, M.&#160;Benbrahim, M.&#160;Bouloux, M.&#160;Philippe&#160;Brun, M.&#160;Califer, Mme&#160;Capdevielle, M.&#160;Christophle, M.&#160;Courbon, M.&#160;David, M.&#160;Delaporte, M.&#160;Delautrette, Mme&#160;Diop, Mme&#160;Dombre&#160;Coste, M.&#160;Dufau, M.&#160;Echaniz, M.&#160;Eskenazi, M.&#160;Faure, M.&#160;F&#233;gn&#233;, M.&#160;Garot, M.&#160;Gokel, Mme&#160;Got, M.&#160;Guedj, M.&#160;Hablot, Mme&#160;Hadizadeh, Mme&#160;Herouin-L&#233;autey, Mme&#160;C&#233;line&#160;Hervieu, M.&#160;Hollande, Mme&#160;Jourdan, Mme&#160;Keloua&#160;Hachi, M.&#160;Naillet, Mme&#160;Pantel, M.&#160;Pena, Mme&#160;Pic, Mme&#160;Pir&#232;s&#160;Beaune, M.&#160;Potier, M.&#160;Pribetich, M.&#160;Proen&#231;a, Mme&#160;R&#233;calde, Mme&#160;Rouaux, M.&#160;Aur&#233;lien&#160;Rousseau, M.&#160;Roussel, Mme&#160;Runel, M.&#160;Saint-Pasteur, Mme&#160;Santiago, M.&#160;Saulignac, M.&#160;Simion, M.&#160;Sother, Mme&#160;Thi&#233;bault-Martinez, M.&#160;Vallaud, M.&#160;Vicot, M.&#160;William et les membres du groupe Socialistes et apparent&#233;s",Compléter l’alinéa 10 par les mots : « ou sur lequel les besoins énergétiques du projet sont de nature à créer des risques d’approvisionnement pour les usagers prioritaires et domestiques du réseau électrique ».,"Le présent amendement des députés Socialistes et apparentés vise à intégrer, en surplus des besoins liés à l’alimentation en eau, la possibilité pour l’autorité administrative de refuser un projet de centre de données lorsque les besoins énergétiques de ce dernier sont susceptibles de déstabiliser la fourniture électrique des usagers prioritaires (hôpitaux, réseaux téléphoniques, etc.) et des ménages. Un centre de données de 10 000m² a une consommation électrique équivalente à celle d’une commune de 50 000 habitants ce qui est colossal. Ainsi l’implantation d’un nouveau projet, voire de plusieurs projets, à un même endroit peut représenter un surplus de consommation susceptible de déstabiliser le réseau en fonction des besoins locaux et des capacités de production d’électricité disponibles. Nous ne saurions imaginer des délestages de particuliers voire, de services publics, pour satisfaire les besoins électriques de centres dont l’intérêt stratégique, selon la nature des données stocké",1234,2025-04-04,,data_center,/home/user/Operation_robespierre/Amendements/DLR5L16N49868/PRJLANR5L17BTC1191/AMANR5L17PO838901BTC1191P0D1N001045.json,Lhardit,Laurent,Socialistes et apparentés,SOC,Bouches-du-Rhône
amendement,AMANR5L17PO838901BTC1191P0D1N001026,1026,17,AN,PRJLANR5L17BTC1191,PA841853,PO845419,PA342415|PA840939|PA335054|PA774958|PA840765|PA841463|PA841107|PA840673|PA793816|PA840665|PA642764|PA643143|PA840829|PA606793|PA842211|PA841315|PA794094|PA793624|PA795762|PA608264|PA840903|PA841295|PA1008|PA793394|PA795430|PA841919|PA606573|PA841633|PA794854|PA842195|PA609332|PA841665|PA333285|PA841539|PA331973|PA1567|PA841471|PA842263|PA841813|PA1654|PA643192|PA795156|PA643157|PA841381|PA840793|PA794270|PA608172|PA607553|PA840955|PA841367|PA341981|PA342196|PA826635|PA841327|PA841717|PA841243|PA774960|PA340343|PA841091|PA841681|PA841893|PA719930|PA794494|PA720992,"Mme&#160;C&#233;line&#160;Hervieu,  Mme&#160;Battistel, Mme&#160;Godard, Mme&#160;Karamanli, M.&#160;Leseul, M.&#160;Lhardit, Mme&#160;Mercier, M.&#160;Oberti, Mme&#160;Rossi, Mme&#160;Thomin, Mme&#160;Allemand, M.&#160;Aviragnet, M.&#160;Baptiste, M.&#160;Barusseau, M.&#160;Baumel, Mme&#160;Bellay, M.&#160;Benbrahim, M.&#160;Bouloux, M.&#160;Philippe&#160;Brun, M.&#160;Califer, Mme&#160;Capdevielle, M.&#160;Christophle, M.&#160;Courbon, M.&#160;David, M.&#160;Delaporte, M.&#160;Delautrette, Mme&#160;Diop, Mme&#160;Dombre&#160;Coste, M.&#160;Dufau, M.&#160;Echaniz, M.&#160;Eskenazi, M.&#160;Faure, M.&#160;F&#233;gn&#233;, M.&#160;Garot, M.&#160;Gokel, Mme&#160;Got, M.&#160;Guedj, M.&#160;Hablot, Mme&#160;Hadizadeh, Mme&#160;Herouin-L&#233;autey, M.&#160;Hollande, Mme&#160;Jourdan, Mme&#160;Keloua&#160;Hachi, M.&#160;Naillet, Mme&#160;Pantel, M.&#160;Pena, Mme&#160;Pic, Mme&#160;Pir&#232;s&#160;Beaune, M.&#160;Potier, M.&#160;Pribetich, M.&#160;Proen&#231;a, Mme&#160;R&#233;calde, Mme&#160;Rouaux, M.&#160;Aur&#233;lien&#160;Rousseau, M.&#160;Roussel, Mme&#160;Runel, M.&#160;Saint-Pasteur, Mme&#160;Santiago, M.&#160;Saulignac, M.&#160;Simion, M.&#160;Sother, Mme&#160;Thi&#233;bault-Martinez, M.&#160;Vallaud, M.&#160;Vicot, M.&#160;William et les membres du groupe Socialistes et apparent&#233;s",Supprimer l’alinéa 2.,"Le présent amendement des députés Socialistes et apparentés vise à revenir sur la suppression du Haut Conseil de l’Évaluation de la Recherche et de l’Enseignement Supérieur (HCERES). La suppression du Hcéres n’induirait pas la fin de l’évaluation mais sa prise en charge directe par le MESR Le fait de supprimer le Hcéres rendrait caducs les articles L. 114-3-1 et suivants du code de la recherche, qui précisent ses missions et son organisation, ainsi que les textes pris pour l’application de ces articles (article R. 114-1 et suivants) et toute autre mention du Hcéres dans d’autres textes. Demeureraient en revanche en vigueur, l’article L. 613-1 du code de l’éducation, qui prévoit une « évaluation nationale » pour garantir le caractère national des diplômes nationaux, l’article L. 114-2 du code de la recherche, qui pose le principe que « les organismes publics de recherche et les établissements publics à caractère scientifique, culturel et professionnel (EPSCP) font l'objet de procédures ",13927,2025-04-04,,data_center,/home/user/Operation_robespierre/Amendements/DLR5L16N49868/PRJLANR5L17BTC1191/AMANR5L17PO838901BTC1191P0D1N001026.json,Hervieu,Céline,Socialistes et apparentés,SOC,Paris
amendement,AMANR5L17PO838901BTC1191P0D1N000361,361,17,AN,PRJLANR5L17BTC1191,PA342415,PO845419,PA841381|PA608172|PA840829|PA1008|PA607553|PA340343,"Mme&#160;Battistel,  Mme&#160;Pantel, Mme&#160;Pir&#232;s&#160;Beaune, M.&#160;Barusseau, M.&#160;David, M.&#160;Potier et M.&#160;Saulignac","I. – Par dérogation à l’avant-dernier alinéa de l’article L. 47 du code des postes et des communications électroniques, lorsque les demandes de permission de voirie ont pour objet le raccordement en fibre optique de centres de données mentionnés au I bis de l’article L. 300‑6-2 du code de l’urbanisme, l’autorité mentionnée au troisième alinéa de l’article L. 47 se prononce dans un délai de deux semaines à compter de leur réception. Le silence gardé par l’autorité à l’expiration de ce délai vaut ","L’article 15 du présent projet de loi étend aux centres de données en raison de leur importance pour la transition numérique, écologique ou la souveraineté nationale, le statut de « projet d'intérêt national majeur », introduit avec la loi n° 2023-973 du 23 octobre 2023 relative à l'industrie verte pour les projets industriels les plus stratégiques, afin d’accélérer et sécuriser leur implantation en France. Afin d’accompagner cette reconnaissance et d’accélérer leur déploiement, il est essentiel de faciliter leur raccordement aux réseaux de fibre optique. Cet amendement, réintroduit une disposition adoptée par le Sénat, qui réduit les délais d’examen des demandes de permission de voirie du domaine public ainsi que le délai laissé aux propriétaires ou aux syndics de copropriété pour présenter leurs observations pour l’implantation de servitudes télécoms. Ces dérogations permettront de réduire les délais administratifs, d’assurer une mise en service rapide de ces infrastructures stratégi",2471,2025-04-02,,data_center,/home/user/Operation_robespierre/Amendements/DLR5L16N49868/PRJLANR5L17BTC1191/AMANR5L17PO838901BTC1191P0D1N000361.json,Battistel,Marie-Noëlle,Socialistes et apparentés,SOC,Isère
amendement,AMANR5L17PO838901BTC1191P0D1N002142,2142,17,AN,PRJLANR5L17BTC1191,PA841191,PO845413,PA721960|PA793872|PA720892|PA817211|PA793756|PA796062|PA719578|PA721062|PA841845|PA795982|PA795466|PA720952|PA794106|PA794166|PA795164|PA795596,"Mme&#160;Nosb&#233;,  Mme&#160;Obono, Mme&#160;Oziol, Mme&#160;Panot, M.&#160;Pilato, M.&#160;Piquemal, M.&#160;Portes, M.&#160;Prud&apos;homme, M.&#160;Ratenon, M.&#160;Saint-Martin, M.&#160;Saintoul, Mme&#160;Soudais, M.&#160;Tach&#233;, Mme&#160;Taurinya, M.&#160;Tavel, Mme&#160;Trouv&#233; et M.&#160;Vannier",Supprimer cet article.,"Cet amendement du groupe LFI-NFP vise à la suppression de l'article 15, qui prévoit des régressions majeures en matière de protection de l'environnement, en particulier en facilitant la destruction d'espèces et d'habitats protégés au profit de grands projets inutiles et imposés, et en favorisant l'artificialisation des sols. Ces régressions sont par ailleurs introduites au motif fallacieux de la simplification, puisqu'en multipliant les dérogations, cet article rend le droit illisible et accentue son instabilité. En effet, l'article 15 prévoit d'une part de permettre de qualifier par décret de projets d’intérêt national majeur (PINM) les projets de data center et d'infrastructure, conformément au cadre introduit par la loi du 23 octobre 2023 relative à l’industrie verte. Cela aura pour effet de réduire les exigences environnementales et d'urbanisme qui s'imposeront pour l'implantation de data centers et pour les projets d'infrastructure, comme l'A69, sans lien avec les besoins et les e",3194,2025-04-04,,data_center,/home/user/Operation_robespierre/Amendements/DLR5L16N49868/PRJLANR5L17BTC1191/AMANR5L17PO838901BTC1191P0D1N002142.json,Nosbé,Sandrine,La France insoumise - Nouveau Front Populaire,LFI-NFP,Isère
amendement,AMANR5L17PO838901BTC1191P0D1N001033,1033,17,AN,PRJLANR5L17BTC1191,PA841107,PO845419,PA342415|PA840939|PA840171|PA335054|PA774958|PA840765|PA841463|PA840673|PA793816|PA840665|PA642764|PA643143|PA840829|PA606793|PA842211|PA841315|PA794094|PA793624|PA795762|PA608264|PA840903|PA841295|PA1008|PA793394|PA795430|PA841919|PA606573|PA841633|PA794854|PA842195|PA609332|PA841665|PA333285|PA841539|PA331973|PA1567|PA841471|PA842263|PA841813|PA841853|PA1654|PA643192|PA795156|PA643157|PA841381|PA840793|PA794270|PA608172|PA607553|PA840955|PA841367|PA341981|PA342196|PA826635|PA841327|PA841717|PA841243|PA774960|PA340343|PA841091|PA841681|PA841893|PA719930|PA794494|PA720992,"M.&#160;Oberti,  Mme&#160;Battistel, Mme&#160;Godard, M.&#160;Emmanuel&#160;Gr&#233;goire, Mme&#160;Karamanli, M.&#160;Leseul, M.&#160;Lhardit, Mme&#160;Mercier, Mme&#160;Rossi, Mme&#160;Thomin, Mme&#160;Allemand, M.&#160;Aviragnet, M.&#160;Baptiste, M.&#160;Barusseau, M.&#160;Baumel, Mme&#160;Bellay, M.&#160;Benbrahim, M.&#160;Bouloux, M.&#160;Philippe&#160;Brun, M.&#160;Califer, Mme&#160;Capdevielle, M.&#160;Christophle, M.&#160;Courbon, M.&#160;David, M.&#160;Delaporte, M.&#160;Delautrette, Mme&#160;Diop, Mme&#160;Dombre&#160;Coste, M.&#160;Dufau, M.&#160;Echaniz, M.&#160;Eskenazi, M.&#160;Faure, M.&#160;F&#233;gn&#233;, M.&#160;Garot, M.&#160;Gokel, Mme&#160;Got, M.&#160;Guedj, M.&#160;Hablot, Mme&#160;Hadizadeh, Mme&#160;Herouin-L&#233;autey, Mme&#160;C&#233;line&#160;Hervieu, M.&#160;Hollande, Mme&#160;Jourdan, Mme&#160;Keloua&#160;Hachi, M.&#160;Naillet, Mme&#160;Pantel, M.&#160;Pena, Mme&#160;Pic, Mme&#160;Pir&#232;s&#160;Beaune, M.&#160;Potier, M.&#160;Pribetich, M.&#160;Proen&#231;a, Mme&#160;R&#233;calde, Mme&#160;Rouaux, M.&#160;Aur&#233;lien&#160;Rousseau, M.&#160;Roussel, Mme&#160;Runel, M.&#160;Saint-Pasteur, Mme&#160;Santiago, M.&#160;Saulignac, M.&#160;Simion, M.&#160;Sother, Mme&#160;Thi&#233;bault-Martinez, M.&#160;Vallaud, M.&#160;Vicot, M.&#160;William et les membres du groupe Socialistes et apparent&#233;s",Supprimer les alinéas 9 à 35.,"Le présent amendement des députés Socialistes et apparentés vise à rétablir la Commission supérieure du numérique et des postes. La CSNP est un levier stratégique et indispensable pour doter le Parlement d’un regard critique et pérenne, indépendant de l’exécutif, sur l’ensemble des enjeux de transformations numériques. Elle mène en outre des travaux prospectifs, comme ceux réalisés récemment sur l’intelligence artificielle et ses enjeux pour les communications électroniques et le service postal. En outre, l’ARCEP qui régule le marché et le Conseil National du Numérique, qui conseille le Gouvernement ne sauraient se substituer à cette compétence de la CSNP.",694,2025-04-04,,ia_calcul,/home/user/Operation_robespierre/Amendements/DLR5L16N49868/PRJLANR5L17BTC1191/AMANR5L17PO838901BTC1191P0D1N001033.json,Oberti,Jacques,Socialistes et apparentés,SOC,Haute-Garonne
amendement,AMANR5L17PO838901BTC1191P0D1N002268,2268,17,AN,PRJLANR5L17BTC1191,PA793716,PO845454,,M.&#160;Croizier,"À l’alinéa 9, substituer à la première occurrence du mot : « et » le mot : « ou ».",Cet amendement vise à permettre aux datacenters de petite taille d'être également qualifiés de projet d'intérêt national majeur. La rédaction actuelle de l'alinéa prévoit des critères cumulatifs excluant ainsi les datacenters de taille plus modeste mais pour autant tout aussi stratégiques pour notre souveraineté numérique.,407,2025-04-04,,data_center|souverainete_numerique,/home/user/Operation_robespierre/Amendements/DLR5L16N49868/PRJLANR5L17BTC1191/AMANR5L17PO838901BTC1191P0D1N002268.json,Croizier,Laurent,Les Démocrates,DEM,Doubs
amendement,AMANR5L17PO838901BTC1191P0D1N002138,2138,17,AN,PRJLANR5L17BTC1191,PA841191,PO845413,PA795228|PA793262|PA794906|PA794138|PA795588|PA795084|PA842105|PA841657|PA720430|PA793772|PA795616|PA793444|PA794938|PA795318|PA841023|PA796090|PA793912|PA842187|PA842037|PA791812|PA793736|PA721202|PA795136|PA793464|PA842155|PA795200|PA795844|PA841251|PA794786|PA794870|PA796070|PA795310|PA794478|PA841947|PA794082|PA794130|PA720846|PA841729|PA795516|PA841515|PA795672|PA795108|PA795298|PA791824|PA842029|PA793532|PA795746|PA342384|PA795422|PA794686|PA841215|PA795482|PA610654|PA721960|PA793872|PA720892|PA817211|PA793756|PA796062|PA719578|PA721062|PA841845|PA795982|PA795466|PA793744|PA720952|PA794106|PA794166|PA795164|PA795596,"Mme&#160;Nosb&#233;,  Mme&#160;Abomangoli, M.&#160;Alexandre, M.&#160;Amard, Mme&#160;Amiot, Mme&#160;Amrani, M.&#160;Arenas, M.&#160;Arnault, Mme&#160;Belouassa-Cherifi, M.&#160;Bernalicis, M.&#160;Bex, M.&#160;Bilongo, M.&#160;Bompard, M.&#160;Boumertit, M.&#160;Boyard, M.&#160;Cadalen, M.&#160;Caron, M.&#160;Carri&#232;re, Mme&#160;Cathala, M.&#160;Cernon, Mme&#160;Chikirou, M.&#160;Clouet, M.&#160;Coquerel, M.&#160;Coulomme, M.&#160;Delogu, M.&#160;Diouara, Mme&#160;Dufour, Mme&#160;Erodi, Mme&#160;Feld, M.&#160;Fernandes, Mme&#160;Ferrer, M.&#160;Gaillard, Mme&#160;Guett&#233;, M.&#160;Guiraud, Mme&#160;Hamdane, Mme&#160;Hignet, M.&#160;Kerbrat, M.&#160;Lachaud, M.&#160;Lahmar, M.&#160;Laisney, M.&#160;Le&#160;Coq, M.&#160;Le&#160;Gall, Mme&#160;Leboucher, M.&#160;Legavre, Mme&#160;Legrain, Mme&#160;Lejeune, Mme&#160;Lepvraud, M.&#160;L&#233;aument, Mme&#160;&#201;lisa&#160;Martin, M.&#160;Maudet, Mme&#160;Maximi, Mme&#160;Mesmeur, Mme&#160;Manon&#160;Meunier, M.&#160;Nilor, Mme&#160;Obono, Mme&#160;Oziol, Mme&#160;Panot, M.&#160;Pilato, M.&#160;Piquemal, M.&#160;Portes, M.&#160;Prud&apos;homme, M.&#160;Ratenon, M.&#160;Saint-Martin, M.&#160;Saintoul, Mme&#160;Soudais, Mme&#160;Stambach-Terrenoir, M.&#160;Tach&#233;, Mme&#160;Taurinya, M.&#160;Tavel, Mme&#160;Trouv&#233; et M.&#160;Vannier",Supprimer l’alinéa 153.,"Par cet amendement, le groupe LFI-NFP s'oppose à cette énième suppression qui, comme les 31 autres prévues à cet article 1er, procède d'un même mode opératoire : supprimer à coups de hâche, de manière hasardeuse, sans la moindre étude d'impact et sans la moindre évaluation de fond de l'activité réelle de l'instance concernée. Nous nous opposons à ces méthodes. Le Comité de contrôle et de liaison covid-19 est chargé d'associer la société civile et le Parlement aux opérations de lutte contre la propagation de l'épidémie. Il est chargé du déploiement des systèmes d'information prévus à cet effet est notamment d'évaluer l'apport réel de ces outils numériques. Il vérifie tout au long de ces opérations le respect des garanties entourant le secret médical et la protection des données personnelles. Cette suppression, comme les autres, n'est appuyée par aucune justification solide, comme l'absence d'exposé des motifs de l'amendement à son origine l'atteste. Alors que le Covid continue de circul",1504,2025-04-04,,souverainete_numerique,/home/user/Operation_robespierre/Amendements/DLR5L16N49868/PRJLANR5L17BTC1191/AMANR5L17PO838901BTC1191P0D1N002138.json,Nosbé,Sandrine,La France insoumise - Nouveau Front Populaire,LFI-NFP,Isère
amendement,AMANR5L17PO838901BTC1191P0D1N001361,1361,17,AN,PRJLANR5L17BTC1191,PA794094,PO845419,,M.&#160;Bouloux,Supprimer cet article.,"Cet amendement, déposé en lien avec l'association La Quadrature du Net, vise à stopper le boom des installations de data centers. L’article 15 entend faciliter les implantations de centres de données, en les faisant entrer dans le périmètre des projets d’intérêt général majeur. Cette catégorie octroie des procédures d’autorisation environnementales simplifiées. Cet article doit être supprimé. Cet article pose problème à plusieurs titres, notamment sur l’enjeu de souveraineté, ainsi que sur les enjeux environnementaux et de compétitivité. Par ailleurs l’article en l’état est très peu ciblé et ne comporte aucune forme de limite dans le développement des centres de données qu’il permettrait. Enjeu de souveraineté : L’exposé des motifs du projet de loi indique que cet article vise à installer une puissance de calcul sur le territoire national aux fins de souveraineté. Cependant, dans cette rédaction le texte n’atteindra pas cette cible. La localisation des infrastructures est sans effet su",5875,2025-04-04,,data_center|souverainete_numerique|ia_calcul,/home/user/Operation_robespierre/Amendements/DLR5L16N49868/PRJLANR5L17BTC1191/AMANR5L17PO838901BTC1191P0D1N001361.json,Bouloux,Mickaël,Socialistes et apparentés,SOC,Ille-et-Vilaine
amendement,AMANR5L17PO838901BTC1191P0D1N001621,1621,17,AN,PRJLANR5L17BTC1191,PA841191,PO845413,PA795228|PA793262|PA794906|PA794138|PA795588|PA795084|PA842105|PA841657|PA720430|PA793772|PA795616|PA793444|PA794938|PA795318|PA841023|PA796090|PA793912|PA842187|PA842037|PA791812|PA793736|PA721202|PA795136|PA793464|PA842155|PA795200|PA795844|PA841251|PA794786|PA794870|PA796070|PA795310|PA794478|PA841947|PA794082|PA794130|PA720846|PA841729|PA795516|PA841515|PA795672|PA795108|PA795298|PA791824|PA842029|PA793532|PA795746|PA342384|PA795422|PA794686|PA841215|PA795482|PA610654|PA721960|PA793872|PA720892|PA817211|PA793756|PA796062|PA719578|PA721062|PA841845|PA795982|PA795466|PA793744|PA720952|PA794106|PA794166|PA795164|PA795596,"Mme&#160;Nosb&#233;,  Mme&#160;Abomangoli, M.&#160;Alexandre, M.&#160;Amard, Mme&#160;Amiot, Mme&#160;Amrani, M.&#160;Arenas, M.&#160;Arnault, Mme&#160;Belouassa-Cherifi, M.&#160;Bernalicis, M.&#160;Bex, M.&#160;Bilongo, M.&#160;Bompard, M.&#160;Boumertit, M.&#160;Boyard, M.&#160;Cadalen, M.&#160;Caron, M.&#160;Carri&#232;re, Mme&#160;Cathala, M.&#160;Cernon, Mme&#160;Chikirou, M.&#160;Clouet, M.&#160;Coquerel, M.&#160;Coulomme, M.&#160;Delogu, M.&#160;Diouara, Mme&#160;Dufour, Mme&#160;Erodi, Mme&#160;Feld, M.&#160;Fernandes, Mme&#160;Ferrer, M.&#160;Gaillard, Mme&#160;Guett&#233;, M.&#160;Guiraud, Mme&#160;Hamdane, Mme&#160;Hignet, M.&#160;Kerbrat, M.&#160;Lachaud, M.&#160;Lahmar, M.&#160;Laisney, M.&#160;Le&#160;Coq, M.&#160;Le&#160;Gall, Mme&#160;Leboucher, M.&#160;Legavre, Mme&#160;Legrain, Mme&#160;Lejeune, Mme&#160;Lepvraud, M.&#160;L&#233;aument, Mme&#160;&#201;lisa&#160;Martin, M.&#160;Maudet, Mme&#160;Maximi, Mme&#160;Mesmeur, Mme&#160;Manon&#160;Meunier, M.&#160;Nilor, Mme&#160;Obono, Mme&#160;Oziol, Mme&#160;Panot, M.&#160;Pilato, M.&#160;Piquemal, M.&#160;Portes, M.&#160;Prud&apos;homme, M.&#160;Ratenon, M.&#160;Saint-Martin, M.&#160;Saintoul, Mme&#160;Soudais, Mme&#160;Stambach-Terrenoir, M.&#160;Tach&#233;, Mme&#160;Taurinya, M.&#160;Tavel, Mme&#160;Trouv&#233; et M.&#160;Vannier",Supprimer cet article.,"Par cet amendement, les député.es du groupe LFI-NFP proposent de supprimer l'article 23. Cet article est au mieux inutile, au pire néfaste. D'une part, il prévoit ""la prise en compte des enjeux d’innovation dans l’ensemble des missions de la Commission nationale de l'informatique et des libertés (CNIL)"", et notamment dans le cadre de son évaluation publique des conséquences des évolutions technologiques. Considérant que le terme d’innovation était indéfini le Sénat a ajouté une disposition afin qu’une mission de la CNIL soit consacrée à accompagner spécifiquement l'innovation dans le domaine de l'intelligence artificielle (IA) et pour encourager les entreprises à recourir à la Commission. Cette dernière disposition a été annulée à l'Assemblée lors de l'examen en commission, au profit du simple rétablissement du terme ""innovation"", dont l'imprécision pose toujours problème. Les missions confiées à la CNIL par le législateur prennent déjà en compte les avancées technologiques et leurs co",3327,2025-04-04,,souverainete_numerique|ia_calcul,/home/user/Operation_robespierre/Amendements/DLR5L16N49868/PRJLANR5L17BTC1191/AMANR5L17PO838901BTC1191P0D1N001621.json,Nosbé,Sandrine,La France insoumise - Nouveau Front Populaire,LFI-NFP,Isère
amendement,AMANR5L17PO838901BTC1191P0D1N001741,1741,17,AN,PRJLANR5L17BTC1191,PA793980,PO845439,,M.&#160;Fournier,Supprimer les alinéas 5 et 6.,"Cet amendement vise à supprimer des alinéas qui visent à modifier profondément la composition du collège de la Commission nationale de l’informatique et des libertés (CNIL). Le collège de la CNIL est composé de 4 parlementaires, 6 juges, 2 membres du Conseil Économique Social et Environnemental (CESE), du président de la Commission d'accès aux documents administratifs (CADA) et de 5 personnalités qualifiées (2 nommées par les assemblées parlementaires, 3 par le gouvernement). L’amendement adopté prévoit que les 5 personnalités qualifiées devraient désormais obligatoirement provenir d’entreprises privées, alors que le texte actuellement en vigueur prévoit qu’elles le soient en raison de leur connaissance du numérique et des questions touchant aux libertés individuelles. L’adoption définitive de cette disposition priverait ainsi la CNIL de profils indispensables à sa mission, en particulier de scientifiques spécialisés en informatique et en intelligence artificielle, issus de nos institu",2109,2025-04-04,,ia_calcul,/home/user/Operation_robespierre/Amendements/DLR5L16N49868/PRJLANR5L17BTC1191/AMANR5L17PO838901BTC1191P0D1N001741.json,Fournier,Charles,Écologiste et Social,ECOS,Indre-et-Loire
amendement,AMANR5L17PO838901BTC1191P0D1N002407,2407,17,AN,PRJLANR5L17BTC1191,,,,le Gouvernement,"Compléter cet article par les deux alinéas suivants : « III. – Le 4° bis du II du présent article entre en vigueur dix-huit mois après la promulgation de la présente loi. « IV. – Le 4° bis du II n'est pas applicable aux recherches impliquant l’utilisation de données de santé relevant du ministère des armées, dès lors que leur mise à disposition est susceptible de porter atteinte aux intérêts fondamentaux de la Nation. »","Par amendement (n° 503) adopté en Commission, une disposition a été ajoutée dans le projet de loi visant à inscrire dans la loi l’obligation, pour le détenteur de données de santé électroniques à caractère personnel, de mettre à disposition ces données auprès de tout utilisateur qui a une autorisation de la CNIL de réutiliser ces données, dans un délai de 3 mois, renouvelable une fois. Un tel délai n’est actuellement pas réaliste notamment, et pour ne citer qu’un exemple, dans le cas de certains projets complexes impliquant la mise à disposition du Système national des données de santé (SNDS) par la CNAM et la plateforme des données de santé. En effet, en cohérence avec les recommandations du rapport « Fédérer les acteurs de l’écosystème pour libérer l’utilisation secondaire des données de santé », des travaux sont en cours afin de mettre en œuvre une solution « intercalaire » d’hébergement, auprès d’un hébergeur souverain. En outre, l’impact d’une telle mesure sur l’ensemble des déten",2066,2025-04-04,,souverainete_numerique,/home/user/Operation_robespierre/Amendements/DLR5L16N49868/PRJLANR5L17BTC1191/AMANR5L17PO838901BTC1191P0D1N002407.json,,,,,
amendement,AMANR5L17PO838901BTC1191P0D1N002163,2163,17,AN,PRJLANR5L17BTC1191,PA795430,PO845419,PA774958|PA342415|PA840939|PA840171|PA335054|PA840765|PA841463|PA841107|PA840673|PA793816|PA840665|PA642764|PA643143|PA840829|PA606793|PA842211|PA841315|PA794094|PA793624|PA795762|PA608264|PA840903|PA841295|PA1008|PA793394|PA841919|PA606573|PA841633|PA794854|PA842195|PA609332|PA841665|PA333285|PA841539|PA331973|PA1567|PA841471|PA842263|PA841813|PA841853|PA1654|PA643192|PA795156|PA643157|PA841381|PA840793|PA794270|PA608172|PA607553|PA840955|PA841367|PA341981|PA342196|PA826635|PA841327|PA841717|PA841243|PA774960|PA340343|PA841091|PA841681|PA841893|PA719930|PA794494|PA720992,"M.&#160;Delautrette,  M.&#160;Leseul, Mme&#160;Battistel, Mme&#160;Godard, M.&#160;Emmanuel&#160;Gr&#233;goire, Mme&#160;Karamanli, M.&#160;Lhardit, Mme&#160;Mercier, M.&#160;Oberti, Mme&#160;Rossi, Mme&#160;Thomin, Mme&#160;Allemand, M.&#160;Aviragnet, M.&#160;Baptiste, M.&#160;Barusseau, M.&#160;Baumel, Mme&#160;Bellay, M.&#160;Benbrahim, M.&#160;Bouloux, M.&#160;Philippe&#160;Brun, M.&#160;Califer, Mme&#160;Capdevielle, M.&#160;Christophle, M.&#160;Courbon, M.&#160;David, M.&#160;Delaporte, Mme&#160;Diop, Mme&#160;Dombre&#160;Coste, M.&#160;Dufau, M.&#160;Echaniz, M.&#160;Eskenazi, M.&#160;Faure, M.&#160;F&#233;gn&#233;, M.&#160;Garot, M.&#160;Gokel, Mme&#160;Got, M.&#160;Guedj, M.&#160;Hablot, Mme&#160;Hadizadeh, Mme&#160;Herouin-L&#233;autey, Mme&#160;C&#233;line&#160;Hervieu, M.&#160;Hollande, Mme&#160;Jourdan, Mme&#160;Keloua&#160;Hachi, M.&#160;Naillet, Mme&#160;Pantel, M.&#160;Pena, Mme&#160;Pic, Mme&#160;Pir&#232;s&#160;Beaune, M.&#160;Potier, M.&#160;Pribetich, M.&#160;Proen&#231;a, Mme&#160;R&#233;calde, Mme&#160;Rouaux, M.&#160;Aur&#233;lien&#160;Rousseau, M.&#160;Roussel, Mme&#160;Runel, M.&#160;Saint-Pasteur, Mme&#160;Santiago, M.&#160;Saulignac, M.&#160;Simion, M.&#160;Sother, Mme&#160;Thi&#233;bault-Martinez, M.&#160;Vallaud, M.&#160;Vicot, M.&#160;William et les membres du groupe Socialistes et apparent&#233;s","À l’alinéa 3, rétablir le 1° dans la rédaction suivante : « La sous-section 1 de la section 2 du chapitre I er du titre IV du livre I er du code de l’urbanisme est complétée par un article L. 141‑6‑1 ainsi rédigé : « Art. L. 141‑6‑1. – Le document d’orientation et d’objectifs peut proposer des orientations stratégiques d’implantation des centres de données prenant en compte les équilibres territoriaux et intégrant les enjeux de transition énergétique, d’attractivité et de consommation d’espace d","Cet amendement du groupe Socialistes et apparentés rétablit les alinéas 2 et 3 de l’article 15 tel qu’adopté par le Sénat, permettant au SCoT de fixer des orientations pour l’implantation des data centers Etant donné l’impact environnemental des data centers et le rôle du SCoT d’évaluation de l’impact environnemental de l’ensemble des projets permis par le SCoT, il est nécessaire de garder la possibilité pour le SCoT de donner des orientations pour l’implantation des data centers.",1010,2025-04-04,,data_center,/home/user/Operation_robespierre/Amendements/DLR5L16N49868/PRJLANR5L17BTC1191/AMANR5L17PO838901BTC1191P0D1N002163.json,Delautrette,Stéphane,Socialistes et apparentés,SOC,Haute-Vienne
amendement,AMANR5L17PO838901BTC1191P0D1N001617,1617,17,AN,PRJLANR5L17BTC1191,PA842029,PO845413,PA795228|PA793262|PA794906|PA794138|PA795588|PA795084|PA842105|PA841657|PA720430|PA793772|PA795616|PA793444|PA794938|PA795318|PA841023|PA796090|PA793912|PA842187|PA842037|PA791812|PA793736|PA721202|PA795136|PA793464|PA842155|PA795200|PA795844|PA841251|PA794786|PA794870|PA796070|PA795310|PA794478|PA841947|PA794082|PA794130|PA720846|PA841729|PA795516|PA841515|PA795672|PA795108|PA795298|PA791824|PA793532|PA795746|PA342384|PA795422|PA794686|PA841215|PA795482|PA610654|PA841191|PA721960|PA793872|PA720892|PA817211|PA793756|PA796062|PA719578|PA721062|PA841845|PA795982|PA795466|PA793744|PA720952|PA794106|PA794166|PA795164|PA795596,"Mme&#160;Lejeune,  Mme&#160;Abomangoli, M.&#160;Alexandre, M.&#160;Amard, Mme&#160;Amiot, Mme&#160;Amrani, M.&#160;Arenas, M.&#160;Arnault, Mme&#160;Belouassa-Cherifi, M.&#160;Bernalicis, M.&#160;Bex, M.&#160;Bilongo, M.&#160;Bompard, M.&#160;Boumertit, M.&#160;Boyard, M.&#160;Cadalen, M.&#160;Caron, M.&#160;Carri&#232;re, Mme&#160;Cathala, M.&#160;Cernon, Mme&#160;Chikirou, M.&#160;Clouet, M.&#160;Coquerel, M.&#160;Coulomme, M.&#160;Delogu, M.&#160;Diouara, Mme&#160;Dufour, Mme&#160;Erodi, Mme&#160;Feld, M.&#160;Fernandes, Mme&#160;Ferrer, M.&#160;Gaillard, Mme&#160;Guett&#233;, M.&#160;Guiraud, Mme&#160;Hamdane, Mme&#160;Hignet, M.&#160;Kerbrat, M.&#160;Lachaud, M.&#160;Lahmar, M.&#160;Laisney, M.&#160;Le&#160;Coq, M.&#160;Le&#160;Gall, Mme&#160;Leboucher, M.&#160;Legavre, Mme&#160;Legrain, Mme&#160;Lepvraud, M.&#160;L&#233;aument, Mme&#160;&#201;lisa&#160;Martin, M.&#160;Maudet, Mme&#160;Maximi, Mme&#160;Mesmeur, Mme&#160;Manon&#160;Meunier, M.&#160;Nilor, Mme&#160;Nosb&#233;, Mme&#160;Obono, Mme&#160;Oziol, Mme&#160;Panot, M.&#160;Pilato, M.&#160;Piquemal, M.&#160;Portes, M.&#160;Prud&apos;homme, M.&#160;Ratenon, M.&#160;Saint-Martin, M.&#160;Saintoul, Mme&#160;Soudais, Mme&#160;Stambach-Terrenoir, M.&#160;Tach&#233;, Mme&#160;Taurinya, M.&#160;Tavel, Mme&#160;Trouv&#233; et M.&#160;Vannier",Supprimer cet article.,"Par cet amendement, les député.es du groupe LFI-NFP proposent de supprimer l'article 22. Cet article simplifie considérablement le recours, par des promoteurs de recherches dans le domaine de la santé, aux traitements de données de santé à caractère personnel et leur utilisation à des fins de recherche. Et ce au détriment de la protection de ces données. Alors que ces traitements doivent faire l’objet d’une autorisation préalable par la Commission nationale de l'informatique et des libertés (CNIL), afin de s'assurer de leur conformité avec le droit à la vie privée de chacun.e et la protection des données personnelles, cet article assouplit ce régime d’autorisation en facilitant l’élaboration des référentiels applicables. Alors que l'élaboration de ces référentiels relève de la compétence de la CNIL, le texte octroie à d’autres acteurs la capacité d’en proposer à la Commission, tels que le ministère de la santé, ou des organismes publics, mais aussi des acteurs privés représentatifs des",2186,2025-04-04,,souverainete_numerique,/home/user/Operation_robespierre/Amendements/DLR5L16N49868/PRJLANR5L17BTC1191/AMANR5L17PO838901BTC1191P0D1N001617.json,Lejeune,Claire,La France insoumise - Nouveau Front Populaire,LFI-NFP,Essonne
amendement,AMANR5L17PO838901BTC1191P0D1N001780,1780,17,AN,PRJLANR5L17BTC1191,PA842029,PO845413,PA795228|PA793262|PA794906|PA794138|PA795588|PA795084|PA842105|PA841657|PA720430|PA793772|PA795616|PA793444|PA794938|PA795318|PA841023|PA796090|PA793912|PA842187|PA842037|PA791812|PA793736|PA721202|PA793464|PA842155|PA795200|PA795844|PA841251|PA794786|PA794870|PA796070|PA795310|PA794478|PA841947|PA794082|PA794130|PA720846|PA841729|PA795516|PA841515|PA795672|PA795108|PA795298|PA791824|PA793532|PA795746|PA342384|PA795422|PA794686|PA841215|PA795482|PA841191|PA721960|PA793872|PA720892|PA817211|PA793756|PA796062|PA719578|PA721062|PA841845|PA795982|PA795466|PA793744|PA720952|PA794106|PA794166|PA795164|PA795596,"Mme&#160;Lejeune,  Mme&#160;Abomangoli, M.&#160;Alexandre, M.&#160;Amard, Mme&#160;Amiot, Mme&#160;Amrani, M.&#160;Arenas, M.&#160;Arnault, Mme&#160;Belouassa-Cherifi, M.&#160;Bernalicis, M.&#160;Bex, M.&#160;Bilongo, M.&#160;Bompard, M.&#160;Boumertit, M.&#160;Boyard, M.&#160;Cadalen, M.&#160;Caron, M.&#160;Carri&#232;re, Mme&#160;Cathala, M.&#160;Cernon, Mme&#160;Chikirou, M.&#160;Clouet, M.&#160;Coquerel, M.&#160;Delogu, M.&#160;Diouara, Mme&#160;Dufour, Mme&#160;Erodi, Mme&#160;Feld, M.&#160;Fernandes, Mme&#160;Ferrer, M.&#160;Gaillard, Mme&#160;Guett&#233;, M.&#160;Guiraud, Mme&#160;Hamdane, Mme&#160;Hignet, M.&#160;Kerbrat, M.&#160;Lachaud, M.&#160;Lahmar, M.&#160;Laisney, M.&#160;Le&#160;Coq, M.&#160;Le&#160;Gall, Mme&#160;Leboucher, M.&#160;Legavre, Mme&#160;Legrain, Mme&#160;Lepvraud, M.&#160;L&#233;aument, Mme&#160;&#201;lisa&#160;Martin, M.&#160;Maudet, Mme&#160;Maximi, Mme&#160;Mesmeur, Mme&#160;Manon&#160;Meunier, Mme&#160;Nosb&#233;, Mme&#160;Obono, Mme&#160;Oziol, Mme&#160;Panot, M.&#160;Pilato, M.&#160;Piquemal, M.&#160;Portes, M.&#160;Prud&apos;homme, M.&#160;Ratenon, M.&#160;Saint-Martin, M.&#160;Saintoul, Mme&#160;Soudais, Mme&#160;Stambach-Terrenoir, M.&#160;Tach&#233;, Mme&#160;Taurinya, M.&#160;Tavel, Mme&#160;Trouv&#233; et M.&#160;Vannier",Supprimer les alinéas 55 à 112.,"Par cet amendement, les députés LFI-NFP s'opposent avec force à la suppression absurde des CESER. Les CESER, déclinaisons régionales du Conseil Economique Social et Environnemental (CESE), sont des éléments fondamentaux de la démocratie, comme le rappelle la CGT dans un communiqué. Ils sont complémentaires des Conseils régionaux et de leur exécutif, puisqu'ils ont notamment pour mission de « concourir à l’administration de la Région », en étant au plus près des territoires. Surtout, ils portent l’expression de la société civile organisée, notamment des organisations syndicales de salariés et d’employeurs et des associations. Leurs propositions et leurs recommandations relaient des paroles citoyennes, de travailleuses et travailleurs. Comme le rappelle la CGT, les CESER et le CESE sont un des rares endroits où des personnes aux intérêts contradictoires parviennent à débattre, confronter leurs points de vue et à proposer ensemble des solutions aux grandes problématiques du pays. Ce sont ",2827,2025-04-04,,ia_calcul,/home/user/Operation_robespierre/Amendements/DLR5L16N49868/PRJLANR5L17BTC1191/AMANR5L17PO838901BTC1191P0D1N001780.json,Lejeune,Claire,La France insoumise - Nouveau Front Populaire,LFI-NFP,Essonne
amendement,AMANR5L17PO838901BTC1191P0D1N000781,781,17,AN,PRJLANR5L17BTC1191,PA794426,PO845470,PA720230|PA722336|PA793398|PA793992|PA795026|PA721844|PA794278|PA794466|PA842125,"Mme&#160;Le&#160;H&#233;nanff,  Mme&#160;Lise&#160;Magnier, M.&#160;Thi&#233;baut, M.&#160;Patrier-Leitus, M.&#160;Alfandari, Mme&#160;Violland, Mme&#160;Piron, M.&#160;Albertini, M.&#160;Moulliere et M.&#160;Lam","À l’alinéa 9, supprimer les mots : « notamment en termes d’investissement, de puissance installée et ».","La possibilité de qualifier des centres de données de projets industriels d'intérêt national majeur (PIINM) est une avancée positive pour permettre le déploiement plus rapide de projets importants de centres de données en France et permettra au pays d’être attractif pour des investissements, y compris étrangers. Il est prévu que plusieurs critères puissent être considérés pour apprécier les projets avant les qualifier de PIINM, dont les investissements et la puissance installée. Il convient néanmoins de ne pas donner une importance disproportionnée à ces critères qui risquent de favoriser les projets émanants principalement de grandes entreprises ayant des capacités d’investissement importantes. Dans un contexte de développement de l’intelligence artificielle, les centres de données dédiés à l’entraînement, qui sont souvent des installations de grande taille avec une puissance installée importante (plus de 500 MW, et jusque 1GW annoncé pour certains), ont été mis à l’honneur, et ce en ",1861,2025-04-03,,cloud|data_center|ia_calcul,/home/user/Operation_robespierre/Amendements/DLR5L16N49868/PRJLANR5L17BTC1191/AMANR5L17PO838901BTC1191P0D1N000781.json,,,,,
amendement,AMANR5L17PO838901BTC1191P0D1N001605,1605,17,AN,PRJLANR5L17BTC1191,PA793980,PO845439,PA610968|PA793780|PA588884|PA841701|PA2940|PA795362|PA795454|PA840997|PA841885|PA841507|PA794008|PA721210|PA793452|PA841351|PA795010|PA841419|PA842013|PA840947|PA794022|PA794146|PA841223|PA795636|PA842045|PA793708|PA793664|PA794154|PA794778|PA793948|PA795076|PA722142|PA610002|PA795808|PA796018|PA736201|PA841713,"M.&#160;Fournier,  M.&#160;Amirshahi, Mme&#160;Arrighi, Mme&#160;Autain, Mme&#160;Balage&#160;El&#160;Mariky, Mme&#160;Voynet, Mme&#160;Belluco, M.&#160;Ben&#160;Cheikh, M.&#160;Biteau, M.&#160;Arnaud&#160;Bonnet, M.&#160;Nicolas&#160;Bonnet, Mme&#160;Chatelain, M.&#160;Corbi&#232;re, M.&#160;Davi, M.&#160;Duplessy, Mme&#160;Garin, M.&#160;Damien&#160;Girard, M.&#160;Gustave, Mme&#160;Catherine&#160;Hervieu, M.&#160;Iordanoff, Mme&#160;Laernoes, M.&#160;Lahais, M.&#160;Lucas-Lundy, Mme&#160;Ozenne, M.&#160;Peytavie, Mme&#160;Pochon, M.&#160;Raux, Mme&#160;Regol, M.&#160;Thierry, Mme&#160;Sandrine&#160;Rousseau, M.&#160;Ruffin, Mme&#160;Sas, Mme&#160;Sebaihi, Mme&#160;Simonnet, Mme&#160;Taill&#233;-Polian et M.&#160;Tavernier","À l’alinéa 3, rétablir le 1° dans la rédaction suivante : « La sous-section 1 de la section 2 du chapitre I er du titre IV du livre I er du code de l’urbanisme est complétée par un article L. 141‑6‑1 ainsi rédigé : « Art. L. 141‑6‑1. – Le document d’orientation et d’objectifs peut proposer des orientations stratégiques d’implantation des centres de données prenant en compte les équilibres territoriaux et intégrant les enjeux de transition énergétique, d’attractivité et de consommation d’espace d","Cet amendement vise à rétablir le 1° du I de l’article 15 tel que le prévoyait le texte de la commission afin de permettre aux communes ou groupement de communes de se prononcer dans leur SCoT sur l’implantation des centres de données. L’implantation des centres de données constitue un enjeu majeur d’aménagement du territoire, en raison de leur forte consommation énergétique, de leur impact foncier et de leur nécessité en infrastructures adaptées. À ce titre, il est crucial que les Schémas de Cohérence Territoriale (SCoT) puissent prendre des orientations stratégiques pour organiser leur implantation de manière cohérente et durable. Sans régulation spécifique, le développement des centres de données est un risque pour l’accélération del’artificialisation des sols, et en contradiction avec les objectifs de Zéro Artificialisation Nette d’ici 2050. Intégrer cette problématique dans les SCoT permettrait de d’encadrer les implantations pour privilégier des zones déjà artificialisées (friche",1677,2025-04-04,,data_center,/home/user/Operation_robespierre/Amendements/DLR5L16N49868/PRJLANR5L17BTC1191/AMANR5L17PO838901BTC1191P0D1N001605.json,Fournier,Charles,Écologiste et Social,ECOS,Indre-et-Loire
amendement,AMANR5L17PO838901BTC1191P0D1N002009,2009,17,AN,PRJLANR5L17BTC1191,PA842029,PO845413,PA841251|PA794786|PA794870|PA796070|PA795310|PA794478|PA841947|PA794082|PA794130,"Mme&#160;Lejeune,  Mme&#160;Feld, M.&#160;Fernandes, Mme&#160;Ferrer, M.&#160;Gaillard, Mme&#160;Guett&#233;, M.&#160;Guiraud, Mme&#160;Hamdane, Mme&#160;Hignet et M.&#160;Kerbrat",Supprimer cet article.,"Cet amendement du groupe LFI-NFP vise à la suppression de l'article 15, qui prévoit des régressions majeures en matière de protection de l'environnement, en particulier en facilitant la destruction d'espèces et d'habitats protégés au profit de grands projets inutiles et imposés, et en favorisant l'artificialisation des sols. Ces régressions sont par ailleurs introduites au motif fallacieux de la simplification, puisqu'en multipliant les dérogations, cet article rend le droit illisible et accentue son instabilité. En effet, l'article 15 prévoit d'une part de permettre de qualifier par décret de projets d’intérêt national majeur (PINM) les projets de data center et d'infrastructure, conformément au cadre introduit par la loi du 23 octobre 2023 relative à l’industrie verte. Cela aura pour effet de réduire les exigences environnementales et d'urbanisme qui s'imposeront pour l'implantation de data centers et pour les projets d'infrastructure, comme l'A69, sans lien avec les besoins et les e",3194,2025-04-04,,data_center,/home/user/Operation_robespierre/Amendements/DLR5L16N49868/PRJLANR5L17BTC1191/AMANR5L17PO838901BTC1191P0D1N002009.json,Lejeune,Claire,La France insoumise - Nouveau Front Populaire,LFI-NFP,Essonne
amendement,AMANR5L17PO838901BTC1191P0D1N001604,1604,17,AN,PRJLANR5L17BTC1191,PA793980,PO845439,PA610968|PA793780|PA588884|PA841701|PA2940|PA795362|PA795454|PA840997|PA841885|PA793948|PA794008|PA721210|PA793452|PA841351|PA795010|PA841419|PA842013|PA840947|PA794022|PA794146|PA841223|PA795636|PA842045|PA793708|PA793664|PA794154|PA794778|PA841713|PA795076|PA722142|PA610002|PA795808|PA796018|PA736201,"M.&#160;Fournier,  M.&#160;Amirshahi, Mme&#160;Arrighi, Mme&#160;Autain, Mme&#160;Balage&#160;El&#160;Mariky, Mme&#160;Voynet, Mme&#160;Belluco, M.&#160;Ben&#160;Cheikh, M.&#160;Biteau, M.&#160;Arnaud&#160;Bonnet, M.&#160;Thierry, Mme&#160;Chatelain, M.&#160;Corbi&#232;re, M.&#160;Davi, M.&#160;Duplessy, Mme&#160;Garin, M.&#160;Damien&#160;Girard, M.&#160;Gustave, Mme&#160;Catherine&#160;Hervieu, M.&#160;Iordanoff, Mme&#160;Laernoes, M.&#160;Lahais, M.&#160;Lucas-Lundy, Mme&#160;Ozenne, M.&#160;Peytavie, Mme&#160;Pochon, M.&#160;Raux, Mme&#160;Regol, M.&#160;Tavernier, Mme&#160;Sandrine&#160;Rousseau, M.&#160;Ruffin, Mme&#160;Sas, Mme&#160;Sebaihi, Mme&#160;Simonnet et Mme&#160;Taill&#233;-Polian","Après la première phrase de l’alinéa 18, insérer la phrase suivante : « Il précise également les critères selon lesquels le centre de données mentionné au I bis du présent article revêt une importance particulière pour la transition écologique en fixant des indicateurs chiffrés pour, au minimum : limiter la consommation d’espaces et l’artificialisation des sols notamment par l’utilisation de friches, limiter la consommation d’électricité, limiter l’utilisation de l’eau à des fins de refroidissem","Il convient de prévoir l’application de critères environnementaux aux centres de données qualifiés de projets d’intérêt national majeur pour la transition écologique. En effet, d’une part l’industrie est capable de prévoir des indicateurs chiffrés, par exemple : · le code de conduite européen pour l’efficience énergétique des centres informatiques en Europe, développé sous l’égide de la Commission européenne, · ou encore le Climate Neutral Data Center Pact de l’industrie UE des data center, qui existe depuis 2023. D’autre part, ne prévoir aucune conditionnalité ni aucun encadrement environnemental au niveau de la loi, pour de tels projets, résulterait dans des décisions prises sur des bases dispersées et non fondées. Cet amendement a été travaillé avec Green IT.",1339,2025-04-04,,data_center,/home/user/Operation_robespierre/Amendements/DLR5L16N49868/PRJLANR5L17BTC1191/AMANR5L17PO838901BTC1191P0D1N001604.json,Fournier,Charles,Écologiste et Social,ECOS,Indre-et-Loire
amendement,AMANR5L17PO838901BTC1191P0D1N002201,2201,17,AN,PRJLANR5L17BTC1191,PA841507,PO845439,PA610968|PA793780|PA588884|PA841701|PA795362|PA795454|PA840997|PA841885|PA794008|PA721210|PA793452|PA841351|PA793980|PA795010|PA841419|PA842013|PA840947|PA794022|PA794146|PA841223|PA795636|PA842045|PA793708|PA793664|PA794154|PA794778|PA795076|PA722142|PA610002|PA795808|PA736201|PA796018|PA841713|PA793948|PA2940,"M.&#160;Nicolas&#160;Bonnet,  M.&#160;Amirshahi, Mme&#160;Arrighi, Mme&#160;Autain, Mme&#160;Balage&#160;El&#160;Mariky, Mme&#160;Belluco, M.&#160;Ben&#160;Cheikh, M.&#160;Biteau, M.&#160;Arnaud&#160;Bonnet, Mme&#160;Chatelain, M.&#160;Corbi&#232;re, M.&#160;Davi, M.&#160;Duplessy, M.&#160;Fournier, Mme&#160;Garin, M.&#160;Damien&#160;Girard, M.&#160;Gustave, Mme&#160;Catherine&#160;Hervieu, M.&#160;Iordanoff, Mme&#160;Laernoes, M.&#160;Lahais, M.&#160;Lucas-Lundy, Mme&#160;Ozenne, M.&#160;Peytavie, Mme&#160;Pochon, M.&#160;Raux, Mme&#160;Regol, Mme&#160;Sandrine&#160;Rousseau, M.&#160;Ruffin, Mme&#160;Sas, Mme&#160;Sebaihi, Mme&#160;Taill&#233;-Polian, Mme&#160;Simonnet, M.&#160;Tavernier, M.&#160;Thierry et Mme&#160;Voynet",Substituer aux alinéas 20 à 30 l’alinéa suivant : « 1° Le troisième alinéa du I de l’article L. 123‑2 est supprimé ; ».,"Cet amendement vise à garantir la tenue d’une enquête publique pour les projets soumis à autorisation environnementale, et en particulier pour les datacenters. L’article 4 de la loi relative à l’industrie verte a introduit la possibilité de remplacer l’enquête publique par une consultation du public dite “parallélisée”, majoritairement menée par voie dématérialisée et ne permettant pas au commissaire enquêteur de présenter un avis favorable ou défavorable. Cette nouvelle procédure offre ainsi des garanties inférieures à celles d’une enquête publique en terme de participation du public.",712,2025-04-04,,data_center,/home/user/Operation_robespierre/Amendements/DLR5L16N49868/PRJLANR5L17BTC1191/AMANR5L17PO838901BTC1191P0D1N002201.json,Bonnet,Nicolas,Écologiste et Social,ECOS,Puy-de-Dôme
amendement,AMANR5L17PO838901BTC1191P0D1N002136,2136,17,AN,PRJLANR5L17BTC1191,PA841507,PO845439,PA795362|PA793452|PA793980|PA842045,"M.&#160;Nicolas&#160;Bonnet,  Mme&#160;Belluco, M.&#160;Davi, M.&#160;Fournier et Mme&#160;Ozenne","À l’alinéa 9, supprimer les mots : « ou la souveraineté nationale ».","Cet amendement propose de supprimer la mention de la notion de “souveraineté nationale”, laquelle est trop large et ne permet pas de préciser les conditions dans lesquelles un datacenter pourrait être qualifié par décret de projet national d’intérêt majeur (PINM). Par ailleurs, il convient de préciser la signification de la “souveraineté nationale” concernant le numérique. A minima, une “souveraineté numérique” doit prendre en compte trois éléments : l’accès aux matières premières stratégiques, comme les terres rares ou le gallium ; la production de matériel informatique, comme les disques durs ou les microprocesseurs ; l’existence de services et de logiciels informatiques, comme les outils de messagerie ou de bureautique. Ainsi, la mention de la souveraineté dans cet article est au mieux inutile, au pire dommageable dans le sens où elle élargit de manière indéfinie les conditions.",963,2025-04-04,,data_center|souverainete_numerique,/home/user/Operation_robespierre/Amendements/DLR5L16N49868/PRJLANR5L17BTC1191/AMANR5L17PO838901BTC1191P0D1N002136.json,Bonnet,Nicolas,Écologiste et Social,ECOS,Puy-de-Dôme
amendement,AMANR5L17PO838901BTC1191P0D1N000799,799,17,AN,PRJLANR5L17BTC1191,PA795120,PO845454,,Mme&#160;Ferrari,"I. – Par dérogation à l’avant-dernier alinéa de l’article L. 47 du code des postes et des communications électroniques, lorsque les demandes de permission de voirie ont pour objet le raccordement en fibre optique de centres de données mentionnés au I bis de l’article L. 300‑6-2 du code de l’urbanisme, l’autorité mentionnée au troisième alinéa de l’article L. 47 se prononce dans un délai de deux semaines à compter de leur réception. Le silence gardé par l’autorité à l’expiration de ce délai vaut ","L’article 15 du présent projet de loi étend aux centres de données en raison de leur importance pour la transition numérique, écologique ou la souveraineté nationale, le statut de « projet d'intérêt national majeur », introduit avec la loi n° 2023-973 du 23 octobre 2023 relative à l'industrie verte pour les projets industriels les plus stratégiques, afin d’accélérer et sécuriser leur implantation en France. Afin d’accompagner cette reconnaissance et d’accélérer leur déploiement, il est essentiel de faciliter leur raccordement aux réseaux de fibre optique. Cet amendement, réintroduit une disposition adoptée par le Sénat, qui réduit les délais d’examen des demandes de permission de voirie du domaine public ainsi que le délai laissé aux propriétaires ou aux syndics de copropriété pour présenter leurs observations pour l’implantation de servitudes télécoms. Ces dérogations permettront de réduire les délais administratifs, d’assurer une mise en service rapide de ces infrastructures stratégi",2535,2025-04-03,,data_center,/home/user/Operation_robespierre/Amendements/DLR5L16N49868/PRJLANR5L17BTC1191/AMANR5L17PO838901BTC1191P0D1N000799.json,,,,,
amendement,AMANR5L17PO838901BTC1191P0D1N000760,760,17,AN,PRJLANR5L17BTC1191,PA642695,PO845407,PA794426,M.&#160;Bothorel et Mme&#160;Le&#160;H&#233;nanff,"Rédiger ainsi l’alinéa 11 : « Dans le cas de projets intégrés où l’exploitant du centres de données a également vocation à être le responsable de traitements de données à caractère personnel opérés au sein dudit centre, ne peuvent bénéficier des dispositions du présent I bis, les projets de centres de données dont ledit responsable de traitement prévoit d’effectuer des transferts de données à caractère personnel vers un pays tiers à l'Union européenne sans garantir un niveau de protection en con","La Commission spéciale a adopté un amendement qui vise à interdire l’éligibilité au statut PINM pour les projets de centre de données dont le propriétaire ou l’opérateur est une société relevant, directement ou indirectement, de la législation d’un pays tiers de l’Union européenne lorsque le droit interne à cet État n’assure pas un niveau équivalent de protection des données à caractère personnel équivalent au RGPD. Ces dispositions apparaissent d’une part en contrariété avec le droit européen en restreignant l’accès à ce statut sur la base de considérations relatives au droit interne des propriétaires et opérateurs de projets de centres de données excédant ainsi les dispositions du droit européen. Elles posent aussi problème en faisant du Gouvernement et in fine du juge administratif français le juge de l’équivalence entre droit d’un pays tiers et droit de l’Union européenne. Mais surtout, ces dispositions nuisent très significativement à l’attractivité de notre territoire pour l’accu",2335,2025-04-03,,data_center|souverainete_numerique,/home/user/Operation_robespierre/Amendements/DLR5L16N49868/PRJLANR5L17BTC1191/AMANR5L17PO838901BTC1191P0D1N000760.json,Bothorel,Éric,Ensemble pour la République,EPR,Côtes-d'armor
amendement,AMANR5L17PO838901BTC1191P0D1N002120,2120,17,AN,PRJLANR5L17BTC1191,PA841507,PO845439,,M.&#160;Nicolas&#160;Bonnet,Supprimer les alinéas 1 à 18.,"Cet amendement propose de revenir sur l’extension du champ du statut de projet national d’intérêt majeur (PINM) aux datacenters. D’une part, cette extension crée une nouvelle dérogation aux procédures prévues par le code de l’urbanisme et le code de l’environnement qui n’est pas justifiée, l’installation d’un data center ne répondant pas a priori à un intérêt national majeur. Par exemple, un data center appartenant à une entreprise privée étrangère ne répond pas nécessairement à ce critère. D’autre part, la raison invoquée est de renforcer notre “souveraineté numérique”, ce qui est contestable puisque l’installation d’un data center ne répond pas automatiquement à des enjeux stratégiques. En somme, la nécessité d’étendre le champ du statut de PINM n’apparaît pas suffisamment justifiée ; au contraire, il est préférable que les projets de data centers suivent le cours des procédures actuellement prévues par la loi, lesquelles n’ont pas empêché l’installation de nombreux data centers en F",1056,2025-04-04,,data_center|souverainete_numerique,/home/user/Operation_robespierre/Amendements/DLR5L16N49868/PRJLANR5L17BTC1191/AMANR5L17PO838901BTC1191P0D1N002120.json,Bonnet,Nicolas,Écologiste et Social,ECOS,Puy-de-Dôme
amendement,AMANR5L17PO838901BTC1191P0D1N001002,1002 (Rect),17,AN,PRJLANR5L17BTC1191,PA795120,PO845454,PA721984,Mme&#160;Ferrari et M.&#160;Latombe,"À l’alinéa 11, substituer aux mots : « est une société relevant, directement ou indirectement, de la législation d’un pays tiers à l’Union européenne lorsque le droit interne de cet État n’assure pas un niveau de protection des données à caractère personnel équivalent à celui du », les mots : « transfère des données à caractère personnel à destination d’un pays tiers à l’Union européenne si le droit interne de cet État, ou les garanties appropriées et les règles d’entreprise contraigna","Le présent amendement vise à clarifier et à sécuriser la qualification de certains centres de données en tant que projets d’intérêt national majeur. C’est pourquoi, l’amendement réforme la clause d’exclusion applicable aux projets portés par des entités extra-européennes, en se fondant sur l’existence effective de mesures garantissant la protection des données personnelles dans le cadre de de transferts internationaux telles que prévues par le règlement 2016/679 en son chapitre V. Cette nouvelle rédaction, plus en adéquation avec la réalité du droit européen, assure une meilleure sécurité juridique tout en poursuivant les objectifs de souveraineté et de protection des données personnelles. Amendement travaillé avec l'AFNUM.",1422,2025-04-04,,souverainete_numerique,/home/user/Operation_robespierre/Amendements/DLR5L16N49868/PRJLANR5L17BTC1191/AMANR5L17PO838901BTC1191P0D1N001002.json,,,,,
amendement,AMANR5L17PO838901BTC1191P0D1N001923,1923,17,AN,PRJLANR5L17BTC1191,PA841191,PO845413,PA795228|PA793262|PA794906|PA794138|PA795588|PA795084|PA842105|PA841657|PA720430|PA793772|PA795616|PA793444|PA794938|PA795318|PA841023|PA796090|PA793912|PA842187|PA842037|PA791812|PA793736|PA721202|PA795136|PA793464|PA842155|PA795200|PA795844|PA841251|PA794786|PA794870|PA796070|PA795310|PA794478|PA841947|PA794082|PA794130|PA720846|PA841729|PA795516|PA841515|PA795672|PA795108|PA795298|PA791824|PA842029|PA793532|PA795746|PA342384|PA795422|PA794686|PA841215|PA795482|PA610654|PA721960|PA793872|PA720892|PA817211|PA793756|PA796062|PA719578|PA721062|PA841845|PA795982|PA795466|PA793744|PA720952|PA794106|PA794166|PA795164|PA795596,"Mme&#160;Nosb&#233;,  Mme&#160;Abomangoli, M.&#160;Alexandre, M.&#160;Amard, Mme&#160;Amiot, Mme&#160;Amrani, M.&#160;Arenas, M.&#160;Arnault, Mme&#160;Belouassa-Cherifi, M.&#160;Bernalicis, M.&#160;Bex, M.&#160;Bilongo, M.&#160;Bompard, M.&#160;Boumertit, M.&#160;Boyard, M.&#160;Cadalen, M.&#160;Caron, M.&#160;Carri&#232;re, Mme&#160;Cathala, M.&#160;Cernon, Mme&#160;Chikirou, M.&#160;Clouet, M.&#160;Coquerel, M.&#160;Coulomme, M.&#160;Delogu, M.&#160;Diouara, Mme&#160;Dufour, Mme&#160;Erodi, Mme&#160;Feld, M.&#160;Fernandes, Mme&#160;Ferrer, M.&#160;Gaillard, Mme&#160;Guett&#233;, M.&#160;Guiraud, Mme&#160;Hamdane, Mme&#160;Hignet, M.&#160;Kerbrat, M.&#160;Lachaud, M.&#160;Lahmar, M.&#160;Laisney, M.&#160;Le&#160;Coq, M.&#160;Le&#160;Gall, Mme&#160;Leboucher, M.&#160;Legavre, Mme&#160;Legrain, Mme&#160;Lejeune, Mme&#160;Lepvraud, M.&#160;L&#233;aument, Mme&#160;&#201;lisa&#160;Martin, M.&#160;Maudet, Mme&#160;Maximi, Mme&#160;Mesmeur, Mme&#160;Manon&#160;Meunier, M.&#160;Nilor, Mme&#160;Obono, Mme&#160;Oziol, Mme&#160;Panot, M.&#160;Pilato, M.&#160;Piquemal, M.&#160;Portes, M.&#160;Prud&apos;homme, M.&#160;Ratenon, M.&#160;Saint-Martin, M.&#160;Saintoul, Mme&#160;Soudais, Mme&#160;Stambach-Terrenoir, M.&#160;Tach&#233;, Mme&#160;Taurinya, M.&#160;Tavel, Mme&#160;Trouv&#233; et M.&#160;Vannier","I. – Supprimer l’alinéa 3. II. – En conséquence, supprimer les alinéas 5 et 6.","Par cet amendement de repli, les député.es LFI-NFP s'opposent à la réforme du collège de la CNIL qui ne vise qu'à l'entrisme des intérêts privés, et contre l'avis même de la Commission. Introduite en commission, cette mesure qui met mal à l'aise jusqu'au gouvernement, modifie la nature-même de son collège. Les cinq personnalités qualifiées qui y siègent, aujourd’hui choisies pour leur connaissance du numérique et des questions touchant aux libertés individuelles, seraient remplacées par des personnalités issues d'entreprises privées. Il s'agit ni plus ni moins de créer un nouveau mécanisme d'auto-régulation pour les entreprises, dont on connait la caractère illusoire. En effet, le collège siège notamment pour adopter les avis sur les projets de textes qui lui sont soumis par le Gouvernement ou pour émettre des actes de droit souple (référentiels, recommandations). La CNIL nous a alertés, dans ses observations sur le présent projet de loi : cette disposition ""risque de priver le collège",2663,2025-04-04,,souverainete_numerique|ia_calcul,/home/user/Operation_robespierre/Amendements/DLR5L16N49868/PRJLANR5L17BTC1191/AMANR5L17PO838901BTC1191P0D1N001923.json,Nosbé,Sandrine,La France insoumise - Nouveau Front Populaire,LFI-NFP,Isère
amendement,AMANR5L17PO838901BTC1191P0D1N000386,386,17,AN,PRJLANR5L17BTC1191,PA721984,PO845454,,M.&#160;Latombe,Supprimer les alinéas 5 et 6.,"Le présent amendement vise à conserver la configuration actuelle du collège de la Commission nationale de l’informatique et des libertés (CNIL) composé, entre autres, de cinq personnalités qualifiées désignées en raison de leur connaissance du numérique et des questions touchant aux libertés individuelles, parmi lesquelles : - Deux spécialistes en informatique et intelligence artificielle, issus de l’INRIA et du CNRS ; - Une chercheuse en santé, professeure des universités - praticienne hospitalière (PUPH) - dont l’apport est précieux dans tous les dossiers relatifs aux données de santé ; - Une professeure des universités spécialisée en droit des données à caractère personnel. La présence de ces profils académiques et de chercheurs en informatique est en effet essentielle au positionnement indépendant et équilibré de la CNIL. Par ailleurs, la représentation du monde de l’entreprise est actuellement assurée par les deux représentants du Conseil Économique Social et Environnemental (CESE",1612,2025-04-02,,ia_calcul,/home/user/Operation_robespierre/Amendements/DLR5L16N49868/PRJLANR5L17BTC1191/AMANR5L17PO838901BTC1191P0D1N000386.json,Latombe,Philippe,Les Démocrates,DEM,Vendée
amendement,AMANR5L17PO838901BTC1191P0D1N001375,1375,17,AN,PRJLANR5L17BTC1191,PA842045,PO845439,PA610968|PA793780|PA588884|PA841701|PA2940|PA795362|PA795454|PA840997|PA841885|PA841507|PA794008|PA721210|PA793452|PA841351|PA795010|PA841419|PA842013|PA840947|PA794022|PA794146|PA841223|PA795636|PA793708|PA793664|PA794154|PA794778|PA793948|PA795076|PA722142|PA610002|PA795808|PA796018|PA736201|PA841713,"Mme&#160;Ozenne,  M.&#160;Amirshahi, Mme&#160;Arrighi, Mme&#160;Autain, Mme&#160;Balage&#160;El&#160;Mariky, Mme&#160;Voynet, Mme&#160;Belluco, M.&#160;Ben&#160;Cheikh, M.&#160;Biteau, M.&#160;Arnaud&#160;Bonnet, M.&#160;Nicolas&#160;Bonnet, Mme&#160;Chatelain, M.&#160;Corbi&#232;re, M.&#160;Davi, M.&#160;Duplessy, Mme&#160;Garin, M.&#160;Damien&#160;Girard, M.&#160;Gustave, Mme&#160;Catherine&#160;Hervieu, M.&#160;Iordanoff, Mme&#160;Laernoes, M.&#160;Lahais, M.&#160;Lucas-Lundy, M.&#160;Peytavie, Mme&#160;Pochon, M.&#160;Raux, Mme&#160;Regol, M.&#160;Thierry, Mme&#160;Sandrine&#160;Rousseau, M.&#160;Ruffin, Mme&#160;Sas, Mme&#160;Sebaihi, Mme&#160;Simonnet, Mme&#160;Taill&#233;-Polian et M.&#160;Tavernier",Supprimer les alinéas 5 et 6.,"Le présent amendement vise à conserver la configuration actuelle du collège de la Commission nationale de l’informatique et des libertés (CNIL) composé, entre autres, de cinq personnalités qualifiées désignées en raison de leur connaissance du numérique et des questions touchant aux libertés individuelles, parmi lesquelles : - Deux spécialistes en informatique et intelligence artificielle, issus de l’INRIA et du CNRS ; - Une chercheuse en santé, professeure des universités - praticienne hospitalière (PUPH) - dont l’apport est précieux dans tous les dossiers relatifs aux données de santé ; - Une professeure des universités spécialisée en droit des données à caractère personnel. La présence de ces profils académiques et de chercheurs en informatique est en effet essentielle au positionnement indépendant et équilibré de la CNIL. Par ailleurs, la représentation du monde de l’entreprise est actuellement assurée par les deux représentants du Conseil Économique Social et Environnemental (CESE",1612,2025-04-04,,ia_calcul,/home/user/Operation_robespierre/Amendements/DLR5L16N49868/PRJLANR5L17BTC1191/AMANR5L17PO838901BTC1191P0D1N001375.json,Ozenne,Julie,Écologiste et Social,ECOS,Essonne
amendement,AMANR5L17PO838901BTC1191P0D1N002117,2117,17,AN,PRJLANR5L17BTC1191,PA842271,PO845514,PA795876|PA720838|PA794710|PA796106|PA795868|PA721896|PA795998|PA774962|PA335612|PA793174|PA796010|PA795820|PA721270|PA795240|PA605745|PA842299,"M.&#160;Maurel,  M.&#160;Rimane, Mme&#160;Bourouaha, M.&#160;Brugerolles, M.&#160;B&#233;nard, M.&#160;Castor, Mme&#160;Faucillon, Mme&#160;K/Bidi, Mme&#160;Lebon, M.&#160;Lecoq, M.&#160;Monnet, M.&#160;Maillot, M.&#160;Nadeau, M.&#160;Peu, Mme&#160;Reid&#160;Arbelot, M.&#160;Sansu et M.&#160;Tjibaou",Supprimer les alinéas 5 et 6.,"Cet alinéa vise à changer la composition du collège de la CNIL. Il impose que parmi le collège de la CNIL, les trois personnalités qualifiées pour leur connaissance du numérique et des questions touchant aux libertés individuelles, nommées par décret et les deux personnalités qualifiées pour leur connaissance du numérique et des questions touchant aux libertés individuelles, désignées respectivement par le président de l'Assemblée nationale et par le président du Sénat, proviennent d’entreprises privées. Ainsi, il prive la CNIL de profils indispensables à ses missions en particulier de scientifiques spécialisés en informatique et en intelligence artificielle, issus d'instituts de recherche reconnus. En l'état, l'adoption de cet article non modifié viendrait mettre fin à la présence au sein de la CNIL de deux spécialistes en informatique et intelligence artificielle, issus de l'INRIA et du CNRS, d'une chercheuse en santé, professeur des universités et praticienne hospitalière (PUPH) et ",1441,2025-04-04,,ia_calcul,/home/user/Operation_robespierre/Amendements/DLR5L16N49868/PRJLANR5L17BTC1191/AMANR5L17PO838901BTC1191P0D1N002117.json,Maurel,Emmanuel,Gauche Démocrate et Républicaine,GDR,Val-d'oise
amendement,AMANR5L17PO838901BTC1191P0D1N002224,2224,17,AN,PRJLANR5L17BTC1191,PA841507,PO845439,PA795362|PA793452|PA793980|PA842045,"M.&#160;Nicolas&#160;Bonnet,  Mme&#160;Belluco, M.&#160;Davi, M.&#160;Fournier et Mme&#160;Ozenne","Après l’alinéa 4, insérer l’alinéa suivant : « 1° bis Au 4° , après le mot « information » sont insérés les mots : « et de l’intelligence artificielle ».","Cet amendement vise à intégrer une mention explicite de l’intelligence artificielle dans le mandat de la commission nationale de l'informatique et des libertés (CNIL), en rappelant notamment la nécessité de veiller à la préservation des droits de l'homme et des libertés individuelles ou publiques ainsi qu’à la protection de la vie privée, mentionnés à l’article 1er de la loi Informatique et Libertés du 6 janvier 1978.",575,2025-04-04,,ia_calcul,/home/user/Operation_robespierre/Amendements/DLR5L16N49868/PRJLANR5L17BTC1191/AMANR5L17PO838901BTC1191P0D1N002224.json,Bonnet,Nicolas,Écologiste et Social,ECOS,Puy-de-Dôme
amendement,AMANR5L17PO838901BTC1191P0D1N001936,1936,17,AN,PRJLANR5L17BTC1191,PA794426,PO845470,PA793992|PA795278|PA842125|PA794278|PA332228|PA687214|PA719032|PA841339|PA642868|PA841431|PA267780|PA794234|PA794470|PA722070|PA719778|PA719052|PA719282|PA794838|PA720230|PA794466|PA720908|PA793398|PA721844|PA793572|PA719528|PA795270|PA720552|PA720138|PA722336|PA795350|PA795026,"Mme&#160;Le&#160;H&#233;nanff,  M.&#160;Alfandari, Mme&#160;Bellamy, M.&#160;Lam, M.&#160;Albertini, M.&#160;Benoit, M.&#160;Berrios, M.&#160;Bouyx, M.&#160;Brard, M.&#160;Christophe, Mme&#160;Colin-Oesterl&#233;, Mme&#160;Firmin&#160;Le&#160;Bodo, M.&#160;Gernigon, Mme&#160;G&#233;rard, M.&#160;Henriet, M.&#160;Jolivet, M.&#160;Kervran, M.&#160;Lacombe, M.&#160;Lemaire, Mme&#160;Lise&#160;Magnier, M.&#160;Moulliere, Mme&#160;Moutchou, M.&#160;Patrier-Leitus, Mme&#160;Piron, M.&#160;Plassard, M.&#160;Portarrieu, Mme&#160;Poussier-Winsback, Mme&#160;Rauch, Mme&#160;Saint-Paul, M.&#160;Thi&#233;baut, M.&#160;Valletoux et Mme&#160;Violland",Supprimer l’alinéa 11.,"Cet amendement propose de revenir sur l'exclusion des projets portés par des sociétés venant de pays tiers de l’Union européenne, adoptée en commission. Il s’agit d’un sujet éminemment important au coeur des enjeux de souveraineté numérique. Il doit toutefois être traité au niveau de l'Union européenne où se structurent les outils juridiques et techniques permettant de garantir une réelle autonomie stratégique en matière de données. Le véritable enjeu réside dans les DNS, c’est-à-dire dans la maîtrise des flux de données, de leur hébergement, de leur traitement et de leur gouvernance. Ce sont ces briques technologiques critiques qui doivent être renforcées, encadrées et sécurisées, en lien avec nos partenaires européens. Ce travail ne peut être efficacement mené par des dispositifs d’exclusion ciblés, aux effets opérationnels limités. Dans cette perspective, le débat légitime soulevé par l'amendement introduit en commission pourrait utilement se traduire par une résolution parlementair",1342,2025-04-04,,souverainete_numerique,/home/user/Operation_robespierre/Amendements/DLR5L16N49868/PRJLANR5L17BTC1191/AMANR5L17PO838901BTC1191P0D1N001936.json,,,,,
amendement,AMANR5L17PO838901BTC1191P0D1N000885,885,17,AN,PRJLANR5L17BTC1191,PA793664,PO845439,PA794022|PA794146|PA841223|PA795636|PA842045|PA793708|PA794154|PA794778|PA795076|PA722142|PA610002|PA795808|PA796018|PA736201|PA841713|PA793948|PA2940,"Mme&#160;Pochon,  M.&#160;Iordanoff, Mme&#160;Laernoes, M.&#160;Lahais, M.&#160;Lucas-Lundy, Mme&#160;Ozenne, M.&#160;Peytavie, M.&#160;Raux, Mme&#160;Regol, Mme&#160;Sandrine&#160;Rousseau, M.&#160;Ruffin, Mme&#160;Sas, Mme&#160;Sebaihi, Mme&#160;Simonnet, Mme&#160;Taill&#233;-Polian, M.&#160;Tavernier, M.&#160;Thierry et Mme&#160;Voynet",Supprimer les alinéas 9 à 33.,"Cet amendement vise à rétablir la Commission Supérieure du Numérique et des Postes (CSNP). Le Gouvernement par le présent projet de loi vise à supprimer les organes, organismes et comités ne s’étant pas réunis durant les 12 derniers mois. Ces suppressions font suite au discours de politique général du Premier ministre de l’époque le 30 janvier 2024. La CSNP, organisme bicaméral et transpartisan, composé de 7 députés et 7 sénateurs, accompagnés par 3 personnes qualifiées, ne répond pas à ces critères. En 2023 : 101 auditions et réunions en groupe de travail, 9 séances plénières, 10 avis rendus. En 2024, 98 auditions et réunions en groupe de travail, 9 séances plénières, 9 avis rendus (NIS 2, EUCS, usages de l’IA, etc…), 14 interventions de ses membres lors de colloques et salons thématiques. Depuis le 1er janvier 2025 : 3 séances plénières (audition de la Présidente de l’ARCEP, du Président du groupe La Poste, le directeur général de l’ANFR, la FFT,…) l’audition de Clara Chappaz, minist",3879,2025-04-04,,ia_calcul,/home/user/Operation_robespierre/Amendements/DLR5L16N49868/PRJLANR5L17BTC1191/AMANR5L17PO838901BTC1191P0D1N000885.json,Pochon,Marie,Écologiste et Social,ECOS,Drôme
amendement,AMANR5L17PO838901BTC1191P0D1N000839,839,17,AN,PRJLANR5L17BTC1191,PA795362,PO845439,PA610968|PA793780|PA588884|PA841701|PA795454|PA840997|PA841885|PA841507|PA794008|PA721210|PA793452|PA841351|PA793980|PA795010|PA841419|PA842013|PA840947,"Mme&#160;Belluco,  M.&#160;Amirshahi, Mme&#160;Arrighi, Mme&#160;Autain, Mme&#160;Balage&#160;El&#160;Mariky, M.&#160;Ben&#160;Cheikh, M.&#160;Biteau, M.&#160;Arnaud&#160;Bonnet, M.&#160;Nicolas&#160;Bonnet, Mme&#160;Chatelain, M.&#160;Corbi&#232;re, M.&#160;Davi, M.&#160;Duplessy, M.&#160;Fournier, Mme&#160;Garin, M.&#160;Damien&#160;Girard, M.&#160;Gustave et Mme&#160;Catherine&#160;Hervieu",Supprimer les alinéas 9 à 33.,"Cet amendement vise à rétablir la Commission Supérieure du Numérique et des Postes (CSNP). Le Gouvernement par le présent projet de loi vise à supprimer les organes, organismes et comités ne s’étant pas réunis durant les 12 derniers mois. Ces suppressions font suite au discours de politique général du Premier ministre de l’époque le 30 janvier 2024. La CSNP, organisme bicaméral et transpartisan, composé de 7 députés et 7 sénateurs, accompagnés par 3 personnes qualifiées, ne répond pas à ces critères. En 2023 : 101 auditions et réunions en groupe de travail, 9 séances plénières, 10 avis rendus. En 2024, 98 auditions et réunions en groupe de travail, 9 séances plénières, 9 avis rendus (NIS 2, EUCS, usages de l’IA, etc…), 14 interventions de ses membres lors de colloques et salons thématiques. Depuis le 1er janvier 2025 : 3 séances plénières (audition de la Présidente de l’ARCEP, du Président du groupe La Poste, le directeur général de l’ANFR, la FFT,…) l’audition de Clara Chappaz, minist",3879,2025-04-03,,ia_calcul,/home/user/Operation_robespierre/Amendements/DLR5L16N49868/PRJLANR5L17BTC1191/AMANR5L17PO838901BTC1191P0D1N000839.json,Belluco,Lisa,Écologiste et Social,ECOS,Vienne
amendement,AMANR5L17PO838901BTC1191P0D1N001456,1456 (Rect),17,AN,PRJLANR5L17BTC1191,PA722374,PO845454,,M.&#160;Isaac-Sibille,"Le code de la santé publique est ainsi modifié : 1° Avant le dernier alinéa de l’article L. 1122‑1-1, il est inséré un alinéa ainsi rédigé : « Le consentement de la personne dont la participation est sollicitée ou, le cas échéant, celui du ou des personnes, organes ou autorités précisées aux articles L. 1122‑1 1 er alinéa, L. 1122‑1I. - Après le troisième alinéa de l’article L. 1122‑1-1 du code de la santé publique, il est inséré -3 et L. 1122‑2 peut être recueilli de façon électronique. Les mod","Le présent amendement a été travaillé avec le LEEM. Les recherches cliniques décentralisées sont des recherches qui se déroulent sur plusieurs sites géographiques du lieu de recherche, en respectant le parcours du patient (par exemple au domicile du patient, dans un plateau médico-technique localisé hors du site principal du lieu de recherche). Se pose alors la question des modalités d’information et recueil du consentement de la personne. Les dispositions en vigueur, tant le Code civil français que la Loi n° 78-17 du 6 janvier 1978 modifiée (dite « Informatique et Libertés »), le Règlement général sur la protection des données (RGPD) et le Règlement (UE) n° 910/2014 (dit « eIDAS »), encadrent la validité du consentement sous forme électronique. L’article 1367 du Code civil reconnaît la valeur probante de la signature électronique, sous réserve de respecter l’identification et l’intégrité. Par ailleurs, le règlement eIDAS clarifie les règles existantes et introduit un cadre juridique p",5963,2025-04-04,,souverainete_numerique,/home/user/Operation_robespierre/Amendements/DLR5L16N49868/PRJLANR5L17BTC1191/AMANR5L17PO838901BTC1191P0D1N001456.json,Isaac-Sibille,Cyrille,Les Démocrates,DEM,Rhône
amendement,AMANR5L17PO838901BTC1191P0D1N002648,2648,17,AN,PRJLANR5L17BTC1191,,,,le Gouvernement,"Compléter cet article par l’alinéa suivant : « VI. − Pour l’implantation sur le territoire de projets d’infrastructures industrielles et numériques fortement consommatrices en électricité, le ministre chargé de l’énergie peut demander au gestionnaire du réseau public de transport d’électricité de réserver sur un ouvrage ou un ensemble d’ouvrages du réseau de transport une capacité de raccordement qui soit suffisante pour permettre l’accès au réseau de tels projets. »","Le présent amendement vise à faciliter l’implantation de projets industriels ou centres de données fortement consommateurs d’électricité, en permettant au ministre chargé de l’énergie de réserver une capacité de raccordement sur le réseau de transport dans des zones jugées favorable du point de vue du réseau de transport. Ainsi, une telle disposition permet à la fois de préparer l’arrivée de tels projets sur le territoire en anticipant et accélérant leur raccordement, mais également de minimiser l’impact sur le réseau de transport, dans la mesure où l’accueil de tels projets dans des zones moins favorables ou saturées pourrait nécessiter des adaptations et renforcements structurants du réseau de transport, avec la création de nouvelles infrastructures dont les coûts et les délais de réalisation seraient importants. La procédure de raccordement associée sera déclinée dans la documentation technique de RTE après consultation des parties prenantes et approbation de la Commission de régula",1490,2025-04-09,,data_center,/home/user/Operation_robespierre/Amendements/DLR5L16N49868/PRJLANR5L17BTC1191/AMANR5L17PO838901BTC1191P0D1N002648.json,,,,,
amendement,AMANR5L17PO838901BTC1191P0D1N000801,801,17,AN,PRJLANR5L17BTC1191,PA795120,PO845454,,Mme&#160;Ferrari,Supprimer les alinéas 9 à 33.,"Cet amendement vise à rétablir la Commission Supérieure du Numérique et des Postes (CSNP). Le Gouvernement par le présent projet de loi vise à supprimer les organes, organismes et comités ne s’étant pas réunis durant les 12 derniers mois. Ces suppressions font suite au discours de politique général du Premier ministre de l’époque le 30 janvier 2024. La CSNP, organisme bicaméral et transpartisan, composé de 7 députés et 7 sénateurs, accompagnés par 3 personnes qualifiées, ne répond pas à ces critères. En 2023 : 101 auditions et réunions en groupe de travail, 9 séances plénières, 10 avis rendus. En 2024, 98 auditions et réunions en groupe de travail, 9 séances plénières, 9 avis rendus (NIS 2, EUCS, usages de l’IA, etc…), 14 interventions de ses membres lors de colloques et salons thématiques. Depuis le 1er janvier 2025 : 3 séances plénières (audition de la Présidente de l’ARCEP, du Président du groupe La Poste, le directeur général de l’ANFR, la FFT,…) l’audition de Clara Chappaz, minist",3880,2025-04-03,,ia_calcul,/home/user/Operation_robespierre/Amendements/DLR5L16N49868/PRJLANR5L17BTC1191/AMANR5L17PO838901BTC1191P0D1N000801.json,,,,,
amendement,AMANR5L17PO838901BTC1191P0D1N001788,1788,17,AN,PRJLANR5L17BTC1191,PA795362,PO845439,PA793980|PA610968|PA793780|PA588884|PA841701|PA795454|PA840997|PA841885|PA841507|PA794008|PA721210|PA793452|PA841351|PA795010|PA841419|PA842013|PA840947|PA794022|PA794146|PA841223|PA795636|PA842045|PA793708|PA793664|PA794154|PA794778|PA795076|PA722142|PA610002|PA795808|PA796018|PA736201|PA841713|PA793948|PA2940,"Mme&#160;Belluco,  M.&#160;Fournier, M.&#160;Amirshahi, Mme&#160;Arrighi, Mme&#160;Autain, Mme&#160;Balage&#160;El&#160;Mariky, M.&#160;Ben&#160;Cheikh, M.&#160;Biteau, M.&#160;Arnaud&#160;Bonnet, M.&#160;Nicolas&#160;Bonnet, Mme&#160;Chatelain, M.&#160;Corbi&#232;re, M.&#160;Davi, M.&#160;Duplessy, Mme&#160;Garin, M.&#160;Damien&#160;Girard, M.&#160;Gustave, Mme&#160;Catherine&#160;Hervieu, M.&#160;Iordanoff, Mme&#160;Laernoes, M.&#160;Lahais, M.&#160;Lucas-Lundy, Mme&#160;Ozenne, M.&#160;Peytavie, Mme&#160;Pochon, M.&#160;Raux, Mme&#160;Regol, Mme&#160;Sandrine&#160;Rousseau, M.&#160;Ruffin, Mme&#160;Sas, Mme&#160;Sebaihi, Mme&#160;Simonnet, Mme&#160;Taill&#233;-Polian, M.&#160;Tavernier, M.&#160;Thierry et Mme&#160;Voynet",La section 1 du chapitre I er du titre I er du livre IV du code de l'environnement est ainsi modifiée : 1° Le 4° de l'article L. 411-2 est supprimé ; 2° L'article L. 411-2-1 est abrogé.,"L'objet de cet amendement est de supprimer les dérogations permettant la destruction des espèces protégées. D'une part, ces dérogations se multiplient pour permettre coûte que coûte des projets toujours plus nombreux : industries, unité d'énergie bas carbone, énergie nucléaire, data centers, infrastructures ... A mesure que la liste s'allonge, le principe même de la préservation des espèces protégées est attaquée. D'autre part, nous vivons aujourd'hui la 6e extinction massive du vivant. Il n'est plus temps de déroger à la protection des espèces protégées. Tel est l'objet de cet amendement.",782,2025-04-04,,data_center,/home/user/Operation_robespierre/Amendements/DLR5L16N49868/PRJLANR5L17BTC1191/AMANR5L17PO838901BTC1191P0D1N001788.json,Belluco,Lisa,Écologiste et Social,ECOS,Vienne
amendement,AMANR5L17PO838901BTC1191P0D1N001101,1101,17,AN,PRJLANR5L17BTC1191,PA795362,PO845439,PA793980|PA841507|PA793452|PA842045|PA610968|PA793780|PA588884|PA841701|PA795454|PA840997|PA841885|PA721210|PA841351|PA794008|PA795010|PA841419|PA842013|PA840947|PA794022|PA794146|PA841223|PA795636|PA793708|PA793664|PA794154|PA794778|PA795076|PA722142|PA610002|PA795808|PA796018|PA736201|PA841713|PA793948|PA2940,"Mme&#160;Belluco,  M.&#160;Fournier, M.&#160;Nicolas&#160;Bonnet, M.&#160;Davi, Mme&#160;Ozenne, M.&#160;Amirshahi, Mme&#160;Arrighi, Mme&#160;Autain, Mme&#160;Balage&#160;El&#160;Mariky, M.&#160;Ben&#160;Cheikh, M.&#160;Biteau, M.&#160;Arnaud&#160;Bonnet, M.&#160;Corbi&#232;re, M.&#160;Duplessy, Mme&#160;Chatelain, Mme&#160;Garin, M.&#160;Damien&#160;Girard, M.&#160;Gustave, Mme&#160;Catherine&#160;Hervieu, M.&#160;Iordanoff, Mme&#160;Laernoes, M.&#160;Lahais, M.&#160;Lucas-Lundy, M.&#160;Peytavie, Mme&#160;Pochon, M.&#160;Raux, Mme&#160;Regol, Mme&#160;Sandrine&#160;Rousseau, M.&#160;Ruffin, Mme&#160;Sas, Mme&#160;Sebaihi, Mme&#160;Simonnet, Mme&#160;Taill&#233;-Polian, M.&#160;Tavernier, M.&#160;Thierry et Mme&#160;Voynet","Substituer à l’alinéa 10 les quatre alinéas suivants : « L’intérêt général d’un projet ne peut être prononcé si : « 1° le projet accroît la demande en eau, et est mené dans une zone présentant, ou susceptible de présenter sous l’effet du changement climatique, une insuffisance, autre qu’exceptionnelle, des ressources par rapport aux besoins en eau ; « 2° le projet est mené dans une zone qui pourrait, du fait de l’utilisation de l’eau par et pour ce projet, présenter une insuffisance, autre qu’ex","L’objet de cet amendement est de conditionner l’implantation de data centers et d’industries à la présence d’une ressource en eau en qualité et en quantité suffisante. Si seuls 5 % de l’eau consommé en France l’est pour les usages industriels, certains procédés contribuent à une consommation très élevée de la ressource. C’est par exemple le cas des usines de fabrication comme STMicroelectronics en Isère, qui pourraient consommer autant d’eau qu’une ville de 160 000 habitants. C’est également le cas des data centers. Dans son rapport environnemental, Google a révélé avoir prélevé 28 milliards de litres d’eau dans l’année, dont les deux tiers — de l’eau potable — pour refroidir ses data centers. Entre 2018 et 2022, ses prélèvements ont bondi de 82 %. Alors que les centres de données sont construits partout dans le monde, avec un taux de croissance de 12,6 % par an, la publication des chiffres relatifs à la consommation d’eau reste soumise au bon vouloir des industriels, Google faisant fi",3280,2025-04-04,,data_center,/home/user/Operation_robespierre/Amendements/DLR5L16N49868/PRJLANR5L17BTC1191/AMANR5L17PO838901BTC1191P0D1N001101.json,Belluco,Lisa,Écologiste et Social,ECOS,Vienne
amendement,AMANR5L17PO838901BTC1191P0D1N002820,2820,17,AN,PRJLANR5L17BTC1191,,,,le Gouvernement,Supprimer cet article.,"Le projet d’amendement vise à supprimer l’article25 ter introduit en commission et donc à rétablir les articles L. 122‑7, L. 122‑8 et L. 122‑8‑1 du code de la construction et de l’habitation. A titre liminaire, on relèvera que les autres amendements déposés pour l’examen en commission des affaires économiques et portant une rédaction strictement identique (n° 1062, n°1139, n°578, n°572, n° 386, n° 374, n°141, n°80, n°58, n°47, n° 413 et n°403) ont tous été déclarés irrecevables. Sur le fond, les attestations de respect des règles de construction visées aux articles L. 122‑7, L. 122‑8 et L. 122‑8‑1 sont indispensables pour garantir la qualité et la sécurité des constructions nouvelles soumises aux règlementations en matière de performance énergétique et environnementale, de risques sismiques ou cycloniques ou lorsque la construction se situe dans un plan de prévention des risques. Ces documents, exigés lors du dépôt de la demande de permis de construire, permettent le contrôle du respec",3595,2025-06-12,,cloud,/home/user/Operation_robespierre/Amendements/DLR5L16N49868/PRJLANR5L17BTC1191/AMANR5L17PO838901BTC1191P0D1N002820.json,,,,,
amendement,AMANR5L17PO838901BTC1191P0D1N002436,2436,17,AN,PRJLANR5L17BTC1191,PA607395,PO845407,,M.&#160;Travert,Supprimer l’alinéa 11.,"La Commission spéciale a adopté un amendement qui vise à interdire l’éligibilité au statut PINM pour les projets de centre de données dont le propriétaire ou l’opérateur est une société relevant, directement ou indirectement, de la législation d’un pays tiers de l’Union européenne lorsque le droit interne à cet État n’assure pas un niveau équivalent de protection des données à caractère personnel équivalent au RGPD. Ces dispositions apparaissent d’une part en contrariété avec le droit européen en restreignant l’accès à ce statut sur la base de considérations relatives au droit interne des propriétaires et opérateurs de projets de centres de données excédant ainsi les dispositions du droit européen. Elles posent aussi problème en faisant du Gouvernement et in fine du juge administratif français le juge de l’équivalence entre droit d’un pays tiers et droit de l’Union européenne. Mais surtout, ces dispositions nuisent très significativement à l’attractivité de notre territoire pour l’accu",1511,2025-04-04,,data_center|souverainete_numerique,/home/user/Operation_robespierre/Amendements/DLR5L16N49868/PRJLANR5L17BTC1191/AMANR5L17PO838901BTC1191P0D1N002436.json,Travert,Stéphane,Ensemble pour la République,EPR,Manche
amendement,AMANR5L17PO838901BTC1191P0D1N002225,2225,17,AN,PRJLANR5L17BTC1191,PA795482,PO845413,PA795228|PA793262|PA794906|PA794138|PA795588|PA795084|PA842105|PA841657|PA720430|PA793772|PA795616|PA793444|PA794938|PA795318|PA841023|PA796090|PA793912|PA842187|PA842037|PA791812|PA793736|PA721202|PA795136|PA793464|PA842155|PA795200|PA795844|PA841251|PA794786|PA794870|PA796070|PA795310|PA794478|PA841947|PA794082|PA794130|PA720846|PA841729|PA795516|PA841515|PA795672|PA795108|PA795298|PA791824|PA842029|PA793532|PA795746|PA342384|PA795422|PA794686|PA841215|PA610654|PA841191|PA721960|PA793872|PA720892|PA817211|PA793756|PA796062|PA719578|PA721062|PA841845|PA795982|PA795466|PA793744|PA720952|PA794106|PA794166|PA795164|PA795596,"Mme&#160;Manon&#160;Meunier,  Mme&#160;Abomangoli, M.&#160;Alexandre, M.&#160;Amard, Mme&#160;Amiot, Mme&#160;Amrani, M.&#160;Arenas, M.&#160;Arnault, Mme&#160;Belouassa-Cherifi, M.&#160;Bernalicis, M.&#160;Bex, M.&#160;Bilongo, M.&#160;Bompard, M.&#160;Boumertit, M.&#160;Boyard, M.&#160;Cadalen, M.&#160;Caron, M.&#160;Carri&#232;re, Mme&#160;Cathala, M.&#160;Cernon, Mme&#160;Chikirou, M.&#160;Clouet, M.&#160;Coquerel, M.&#160;Coulomme, M.&#160;Delogu, M.&#160;Diouara, Mme&#160;Dufour, Mme&#160;Erodi, Mme&#160;Feld, M.&#160;Fernandes, Mme&#160;Ferrer, M.&#160;Gaillard, Mme&#160;Guett&#233;, M.&#160;Guiraud, Mme&#160;Hamdane, Mme&#160;Hignet, M.&#160;Kerbrat, M.&#160;Lachaud, M.&#160;Lahmar, M.&#160;Laisney, M.&#160;Le&#160;Coq, M.&#160;Le&#160;Gall, Mme&#160;Leboucher, M.&#160;Legavre, Mme&#160;Legrain, Mme&#160;Lejeune, Mme&#160;Lepvraud, M.&#160;L&#233;aument, Mme&#160;&#201;lisa&#160;Martin, M.&#160;Maudet, Mme&#160;Maximi, Mme&#160;Mesmeur, M.&#160;Nilor, Mme&#160;Nosb&#233;, Mme&#160;Obono, Mme&#160;Oziol, Mme&#160;Panot, M.&#160;Pilato, M.&#160;Piquemal, M.&#160;Portes, M.&#160;Prud&apos;homme, M.&#160;Ratenon, M.&#160;Saint-Martin, M.&#160;Saintoul, Mme&#160;Soudais, Mme&#160;Stambach-Terrenoir, M.&#160;Tach&#233;, Mme&#160;Taurinya, M.&#160;Tavel, Mme&#160;Trouv&#233; et M.&#160;Vannier",Compléter l’alinéa 9 par la phrase suivante : « Un décret en Conseil d’État précise également les critères selon lesquels le centre de données mentionné au présent alinéa revêt une importance particulière pour la transition écologique en fixant des indicateurs chiffrés en matière d’efficacité dans l’utilisation de la puissance et de limitation d’utilisation de l’eau à des fins de refroidissement. »,"Cet amendement de repli du groupe LFI-NFP vise à mieux maîtriser la consommation d'énergie et d'eau des datas center qui seraient qualifiés de projets d'intérêt national majeur (PINM) au titre du présent article. Il prévoit ainsi qu'un décret en Conseil d'Etat fixe des indicateurs chiffrés en matière d’efficacité dans l’utilisation de la puissance et de limitation d’utilisation de l’eau à des fins de refroidissement qui s'appliquent aux projets de data center qualifiés de PINM. En effet, les besoins en eau pour le refroidissement des centres de données sont considérables et entraînent déjà des conflits d’usage en Europe. C’est notamment le cas aux Pays-Bas où après avoir découvert qu’un centre de données avait consommé près de 84 millions de litres en 2021 en pleine période de sécheresse le gouvernement a mis en place un moratoire sur la construction de ce type de centres de données. Par ailleurs, en Irlande, où les centres de données sont légion, ils consomment aujourd’hui près de 18%",1677,2025-04-04,,data_center,/home/user/Operation_robespierre/Amendements/DLR5L16N49868/PRJLANR5L17BTC1191/AMANR5L17PO838901BTC1191P0D1N002225.json,Meunier,Manon,La France insoumise - Nouveau Front Populaire,LFI-NFP,Haute-Vienne
amendement,AMANR5L17PO838901BTC1191P0D1N002065,2065,17,AN,PRJLANR5L17BTC1191,PA841507,PO845439,,M.&#160;Nicolas&#160;Bonnet,Supprimer cet article.,"Cet article propose notamment d’étendre la qualification de projet national d’intérêt majeur (PINM) aux datacenters, lesquels sont présentés comme un moyen de conquérir une souveraineté numérique. Cela témoigne d’une méconnaissance de la nature et du fonctionnement des datacenters et des enjeux du numérique, ainsi que de la notion de souveraineté de manière plus générale, laquelle repose à la fois sur les matières premières, le matériel informatique et les services et logiciels informatiques. En effet, il n’est pas démontré que l’installation d’un data center contribue a priori à l’intérêt général et justifie des dérogations, en particulier au droit de l’environnement.",700,2025-04-04,,data_center|souverainete_numerique,/home/user/Operation_robespierre/Amendements/DLR5L16N49868/PRJLANR5L17BTC1191/AMANR5L17PO838901BTC1191P0D1N002065.json,Bonnet,Nicolas,Écologiste et Social,ECOS,Puy-de-Dôme
amendement,AMANR5L17PO838901BTC1191P0D1N000485,485,17,AN,PRJLANR5L17BTC1191,PA721458,PO845470,,M.&#160;Roseren,Supprimer l’alinéa 11.,"Cet alinéa introduit en commission spéciale exclut du statut de projet d’intérêt national majeur (PINM) les projets portés par des sociétés venant de pays tiers de l’Union européenne qui n’auraient pas mis en œuvre un système équivalent au RGPD dans leur pays d’origine. Or, il convient de noter que toutes les entreprises présentes sur le sol français ont l’obligation de respecter la réglementation française et européenne en matière de protection des données. Ainsi, cet alinéa est discriminatoire et ne se fonde pas sur des critères objectifs et techniques. L’objectif affiché dans ce projet de loi et par l’article 15 tout particulièrement ne sera donc pas satisfait, puisqu’il exclurait de fait les gros porteurs de projets. Ces derniers s’installeraient donc prioritairement dans les pays voisins. Cela priverait la France d’infrastructures stratégiques dans un contexte de développement de l’intelligence artificielle, et porterait un coup à notre souveraineté numérique. C’est pourquoi nous ",1077,2025-04-03,,souverainete_numerique|ia_calcul,/home/user/Operation_robespierre/Amendements/DLR5L16N49868/PRJLANR5L17BTC1191/AMANR5L17PO838901BTC1191P0D1N000485.json,Roseren,Xavier,Horizons & Indépendants,HOR,Haute-Savoie
amendement,AMANR5L17PO838901BTC1191P0D1N000245,245,17,AN,PRJLANR5L17BTC1191,PA774954,PO845425,PA793094|PA722390|PA1327,"Mme&#160;Blin,  M.&#160;Ray, Mme&#160;Corneloup et M.&#160;Forissier","Après l’alinéa 5, insérer l’alinéa suivant : « Un projet industriel ou d’infrastructure économique qui revêt, eu égard à son objet ou à son envergure une importance particulière pour la transition écologique ou la souveraineté nationale, peut être qualifié par décret de projet d’intérêt national majeur. Sont notamment concernés les projets d’investissement liés aux secteurs mentionnés à l’article R. 151‑3 du code monétaire et financier. »","Le présent amendement vise à adapter et à renforcer la qualification des projets d’intérêt national majeur pour répondre aux enjeux de souveraineté nationale dans un contexte où les technologies, les infrastructures et les investissements doivent être accélérés pour faire face aux défis économiques et géopolitiques actuels. Il introduit des évolutions majeures visant à rendre le dispositif plus adapté aux projets stratégiques contemporains. Principe d’élargissement du dispositif : - La notion d'infrastructure économique est ajoutée, afin d’intégrer les projets non-industriels mais avec une dimension significative d’investissement foncier, tels que l’installation d’infrastructures dans le secteur numérique. Ces projets représentent un marché mondial de 60 milliards d'euros en 2023, avec une croissance annuelle projetée de 5 à 8 % jusqu’en 2030 (source : IDC). - Les critères d’objet et d’envergure deviennent alternatifs, et non cumulatifs. - Les mots « notamment en termes d'investissemen",2334,2025-04-02,,data_center,/home/user/Operation_robespierre/Amendements/DLR5L16N49868/PRJLANR5L17BTC1191/AMANR5L17PO838901BTC1191P0D1N000245.json,Blin,Anne-Laure,Droite Républicaine,DR,Maine-et-Loire
amendement,AMANR5L17PO838901BTC1191P0D1N001950,1950,17,AN,PRJLANR5L17BTC1191,PA793904,PO845401,PA793432|PA841495|PA796118|PA794562|PA842279|PA793238|PA793374|PA793158|PA794434|PA841645|PA842001|PA720822|PA720668|PA794886|PA796042|PA793844|PA841487|PA841131|PA793182|PA793134|PA840075|PA720468|PA794198|PA840159|PA793548|PA795644|PA841613|PA642988|PA840119|PA793166|PA793928|PA794762|PA793146|PA840135|PA842073|PA841761|PA841621|PA793246|PA840143|PA840801|PA794678|PA841139|PA793892|PA841737|PA796034|PA793832|PA793102|PA841605|PA793362|PA794418|PA793592|PA840757|PA841451|PA794734|PA793218|PA795900|PA793632|PA842085|PA794598|PA841439|PA794030|PA841749|PA841075|PA840869|PA794354|PA795912|PA841837|PA720614|PA796026|PA840857|PA793290|PA793608|PA841873|PA840967|PA793672|PA721932|PA795974|PA794590|PA841587|PA841563|PA794530|PA840837|PA841825|PA794770|PA793330|PA793314|PA793616|PA719436|PA793354|PA795786|PA794322|PA793852|PA840915|PA793696|PA795552|PA794670|PA841199|PA794582|PA793656|PA795966|PA793230|PA793254|PA841955|PA841981|PA842227|PA794442|PA795410|PA842097|PA794894|PA794570|PA794954|PA796050|PA842255|PA793382|PA795778|PA794502|PA841553|PA793298|PA840781|PA794946|PA841575|PA841479,"M.&#160;Lopez-Liguori,  M.&#160;Allisio, M.&#160;Amblard, Mme&#160;Auzanot, M.&#160;Ballard, Mme&#160;Bamana, M.&#160;Barth&#232;s, M.&#160;Baubry, M.&#160;Beaurain, M.&#160;Bentz, M.&#160;Bernhardt, M.&#160;Bigot, M.&#160;Bilde, M.&#160;Blairy, Mme&#160;Blanc, M.&#160;Boccaletti, Mme&#160;Bordes, M.&#160;Boulogne, Mme&#160;Bouquin, M.&#160;Bovet, M.&#160;Buisson, M.&#160;Casterman, M.&#160;Chenu, M.&#160;Chudeau, M.&#160;Clavet, Mme&#160;Colombier, Mme&#160;Da&#160;Conceicao&#160;Carvalho, M.&#160;de&#160;Fleurian, M.&#160;de&#160;L&#233;pinau, Mme&#160;Delannoy, M.&#160;Dessigny, Mme&#160;Diaz, Mme&#160;Dogor-Such, M.&#160;Dragon, M.&#160;Dufosset, M.&#160;Dussausaye, M.&#160;Dutremble, M.&#160;Evrard, M.&#160;Falcon, M.&#160;Florquin, M.&#160;Fouquart, M.&#160;Frapp&#233;, M.&#160;Gabarron, Mme&#160;Galzy, M.&#160;Gery, M.&#160;Giletti, M.&#160;Gillet, M.&#160;Christian&#160;Girard, M.&#160;Golliot, M.&#160;Gonzalez, Mme&#160;Florence&#160;Goulet, Mme&#160;Grangier, Mme&#160;Griseti, M.&#160;Guibert, M.&#160;Guiniot, M.&#160;Guitton, Mme&#160;Hamelet, M.&#160;Houssin, M.&#160;Humbert, M.&#160;Jacobelli, M.&#160;Jenft, M.&#160;Jolly, Mme&#160;Joncour, Mme&#160;Josserand, Mme&#160;Joubert, Mme&#160;Laporte, Mme&#160;Lavalette, M.&#160;Le&#160;Bourgeois, Mme&#160;Le&#160;Pen, Mme&#160;Lechanteux, Mme&#160;Lechon, Mme&#160;Lelouis, Mme&#160;Levavasseur, M.&#160;Limongi, M.&#160;Lioret, Mme&#160;Loir, Mme&#160;Lorho, M.&#160;Lottiaux, M.&#160;Loubet, M.&#160;David&#160;Magnier, Mme&#160;Marais-Beuil, M.&#160;Marchio, M.&#160;Markowsky, M.&#160;Patrice&#160;Martin, Mme&#160;Martinez, M.&#160;Bryan&#160;Masson, Mme&#160;Alexandra&#160;Masson, M.&#160;Mauvieux, M.&#160;Meizonnet, Mme&#160;M&#233;lin, Mme&#160;M&#233;nach&#233;, M.&#160;M&#233;nag&#233;, M.&#160;Meurin, M.&#160;Monnier, M.&#160;Muller, M.&#160;Odoul, Mme&#160;Parmentier, M.&#160;Perez, M.&#160;Pfeffer, Mme&#160;Pollet, M.&#160;Rambaud, Mme&#160;Ranc, M.&#160;Rancoule, M.&#160;Renault, Mme&#160;Rimbert, M.&#160;Rivi&#232;re, Mme&#160;Robert-Dehault, Mme&#160;Roullaud, Mme&#160;Roy, Mme&#160;Sabatini, M.&#160;Sabatou, M.&#160;Salmon, M.&#160;Schreck, Mme&#160;Sicard, M.&#160;Tach&#233;&#160;de&#160;la&#160;Pagerie, M.&#160;Jean-Philippe&#160;Tanguy, M.&#160;Taverne, M.&#160;Tesson, M.&#160;Tivoli, M.&#160;Tonussi, M.&#160;Villedieu, M.&#160;Vos et M.&#160;Weber","À l’alinéa 5, substituer au taux : « 15 % » le taux : « 30 % ».","Le statut de jeune entreprise innovante (JEI), créé par l’article 44 sexies-0 A du Code général des impôts, vise à encourager la création et le développement de sociétés réalisant des investissements significatifs en recherche et développement (R&amp;D). Toutefois, ces jeunes entreprises se heurtent encore à de fortes barrières d’accès aux marchés publics, pourtant essentiels pour leur croissance, leur montée en charge industrielle, et la consolidation de leurs modèles économiques. Dans ce contexte, la commande publique représente un levier stratégique majeur pour soutenir l’innovation française. Elle peut jouer un rôle moteur dans la structuration de filières technologiques, dans l’industrialisation de solutions nouvelles, et dans le développement de champions nationaux, notamment dans les secteurs clés de la transition énergétique, du numérique souverain ou de la santé. C’est pourquoi le présent amendement propose de rehausser de 15 % à 30 % le plafond prévu par le présent article, p",1192,2025-04-04,,souverainete_numerique,/home/user/Operation_robespierre/Amendements/DLR5L16N49868/PRJLANR5L17BTC1191/AMANR5L17PO838901BTC1191P0D1N001950.json,Lopez-Liguori,Aurélien,Rassemblement National,RN,Hérault
amendement,AMANR5L17PO838901BTC1191P0D1N000007,7,17,AN,PRJLANR5L17BTC1191,PA774954,PO845425,PA346782|PA719272|PA722390|PA266808|PA607090|PA1327|PA841047,"Mme&#160;Blin,  M.&#160;Juvin, Mme&#160;Fr&#233;d&#233;rique&#160;Meunier, Mme&#160;Corneloup, M.&#160;Rolland, M.&#160;Jean-Pierre&#160;Vigier, M.&#160;Forissier et M.&#160;Ceccoli","I. – Le III de l’article 135 D du livre des procédures fiscales est ainsi modifié : 1° À la fin du premier alinéa, les mots : « , après avis favorable du comité du secret statistique institué par l’article 6 bis de la loi n° 51‑711 du 7 juin 1951 sur l’obligation, la coordination et le secret en matière de statistiques » sont supprimés ; 2° Les sept derniers alinéas sont supprimés. II. – L’article 6 bis de la loi n° 51‑711 du 7 juin 1951 sur l’obligation, la coordination et le secret en matière ","Le Comité du secret statistique veille au respect des règles du secret statistique et donne son avis sur les demandes de communication de données individuelles collectées par voie d’enquête statistique ou transmises au service statistique public, à des fins d’établissement des statistiques. Cependant, la Commission nationale de l’informatique et des libertés (CNIL) a déjà pour mission d’être le régulateur des données personnelles. S'agissant dès lors d'un doublon administratif, il convient de le supprimer.",1039,2025-04-01,,souverainete_numerique,/home/user/Operation_robespierre/Amendements/DLR5L16N49868/PRJLANR5L17BTC1191/AMANR5L17PO838901BTC1191P0D1N000007.json,Blin,Anne-Laure,Droite Républicaine,DR,Maine-et-Loire
amendement,AMANR5L17PO838901BTC1191P0D1N001981,1981,17,AN,PRJLANR5L17BTC1191,PA793744,PO845413,PA795228|PA793262|PA794906|PA794138|PA795588|PA795084|PA842105|PA841657|PA720430|PA793772|PA795616|PA793444|PA794938|PA795318|PA841023|PA796090|PA793912|PA842187|PA842037|PA791812|PA793736|PA721202|PA795136|PA793464|PA842155|PA795200|PA795844,"Mme&#160;Stambach-Terrenoir,  Mme&#160;Abomangoli, M.&#160;Alexandre, M.&#160;Amard, Mme&#160;Amiot, Mme&#160;Amrani, M.&#160;Arenas, M.&#160;Arnault, Mme&#160;Belouassa-Cherifi, M.&#160;Bernalicis, M.&#160;Bex, M.&#160;Bilongo, M.&#160;Bompard, M.&#160;Boumertit, M.&#160;Boyard, M.&#160;Cadalen, M.&#160;Caron, M.&#160;Carri&#232;re, Mme&#160;Cathala, M.&#160;Cernon, Mme&#160;Chikirou, M.&#160;Clouet, M.&#160;Coquerel, M.&#160;Coulomme, M.&#160;Delogu, M.&#160;Diouara, Mme&#160;Dufour et Mme&#160;Erodi",Supprimer cet article.,"Cet amendement du groupe LFI-NFP vise à la suppression de l'article 15, qui prévoit des régressions majeures en matière de protection de l'environnement, en particulier en facilitant la destruction d'espèces et d'habitats protégés au profit de grands projets inutiles et imposés, et en favorisant l'artificialisation des sols. Ces régressions sont par ailleurs introduites au motif fallacieux de la simplification, puisqu'en multipliant les dérogations, cet article rend le droit illisible et accentue son instabilité. En effet, l'article 15 prévoit d'une part de permettre de qualifier par décret de projets d’intérêt national majeur (PINM) les projets de data center et d'infrastructure, conformément au cadre introduit par la loi du 23 octobre 2023 relative à l’industrie verte. Cela aura pour effet de réduire les exigences environnementales et d'urbanisme qui s'imposeront pour l'implantation de data centers et pour les projets d'infrastructure, comme l'A69, sans lien avec les besoins et les e",3194,2025-04-04,,data_center,/home/user/Operation_robespierre/Amendements/DLR5L16N49868/PRJLANR5L17BTC1191/AMANR5L17PO838901BTC1191P0D1N001981.json,Stambach-Terrenoir,Anne,La France insoumise - Nouveau Front Populaire,LFI-NFP,Haute-Garonne
amendement,AMANR5L17PO838901BTC1191P0D1N001597,1597,17,AN,PRJLANR5L17BTC1191,PA793980,PO845439,PA794022|PA794146|PA841223|PA795636|PA842045|PA793708|PA793664|PA794154|PA794778|PA2940|PA795076|PA722142|PA610002|PA795808|PA796018|PA736201|PA841713|PA793948,"M.&#160;Fournier,  M.&#160;Iordanoff, Mme&#160;Laernoes, M.&#160;Lahais, M.&#160;Lucas-Lundy, Mme&#160;Ozenne, M.&#160;Peytavie, Mme&#160;Pochon, M.&#160;Raux, Mme&#160;Regol, Mme&#160;Voynet, Mme&#160;Sandrine&#160;Rousseau, M.&#160;Ruffin, Mme&#160;Sas, Mme&#160;Sebaihi, Mme&#160;Simonnet, Mme&#160;Taill&#233;-Polian, M.&#160;Tavernier et M.&#160;Thierry",Supprimer l’alinéa 9.,"Cet amendement vise à supprimer l'extension de la notion de PINM aux centres de données. Un projet d’intérêt national majeur, créé par la loi industrie verte, correspond à “tout projet industriel qui revêt, eu égard à son objet et à son envergure, notamment en termes d'investissement et d'emploi, une importance particulière pour la transition écologique ou la souveraineté nationale”. Ces projets permettent de s’extraire de plusieurs obligations relatives au droit de l’environnement, et correspondent également à une recentralisation des compétences en termes d’urbanisme, au détriment des élus locaux. Cet amendement vise à supprimer l’alinéa 9 de l’article 15 qui prévoit la possibilité d’inclure les datacenters dans la liste de ces projets. Ces projets d’intérêt national majeur sont qualifiés par décret et le périmètre d'octroi de qualification est très large. L’appréciation revient aux autorités, or n’importe quel data center ne devrait pas pouvoir bénéficier",1962,2025-04-04,,data_center,/home/user/Operation_robespierre/Amendements/DLR5L16N49868/PRJLANR5L17BTC1191/AMANR5L17PO838901BTC1191P0D1N001597.json,Fournier,Charles,Écologiste et Social,ECOS,Indre-et-Loire
amendement,AMANR5L17PO838901BTC1191P0D1N000837,837,17,AN,PRJLANR5L17BTC1191,PA793980,PO845439,PA610968|PA793780|PA588884|PA841701|PA2940|PA795362|PA795454|PA840997|PA841885|PA841507|PA794008|PA721210|PA793452|PA841351|PA795010|PA841419|PA842013|PA840947|PA794022|PA794146|PA841223|PA795636|PA842045|PA793708|PA793664|PA794154|PA794778|PA793948|PA795076|PA722142|PA610002|PA795808|PA796018|PA736201|PA841713,"M.&#160;Fournier,  M.&#160;Amirshahi, Mme&#160;Arrighi, Mme&#160;Autain, Mme&#160;Balage&#160;El&#160;Mariky, Mme&#160;Voynet, Mme&#160;Belluco, M.&#160;Ben&#160;Cheikh, M.&#160;Biteau, M.&#160;Arnaud&#160;Bonnet, M.&#160;Nicolas&#160;Bonnet, Mme&#160;Chatelain, M.&#160;Corbi&#232;re, M.&#160;Davi, M.&#160;Duplessy, Mme&#160;Garin, M.&#160;Damien&#160;Girard, M.&#160;Gustave, Mme&#160;Catherine&#160;Hervieu, M.&#160;Iordanoff, Mme&#160;Laernoes, M.&#160;Lahais, M.&#160;Lucas-Lundy, Mme&#160;Ozenne, M.&#160;Peytavie, Mme&#160;Pochon, M.&#160;Raux, Mme&#160;Regol, M.&#160;Thierry, Mme&#160;Sandrine&#160;Rousseau, M.&#160;Ruffin, Mme&#160;Sas, Mme&#160;Sebaihi, Mme&#160;Simonnet, Mme&#160;Taill&#233;-Polian et M.&#160;Tavernier","Compléter l’alinéa 9 par les mots : « , sous réserve de l’organisation préalable d’un débat public national organisé par la Commission nationale du débat public portant sur les catégories de centres de données susceptibles de bénéficier de cette qualification ».","Les centres de données sont considérés aujourd’hui comme des infrastructures essentielles à l'économie numérique, soutenant les services cloud, le stockage de données, et les applications de grande envergure telles que l'intelligence artificielle. Toutefois, ces centres génèrent un impact environnemental significatif, notamment en termes de consommation énergétique, d'émissions de gaz à effet de serre et d'utilisation des ressources naturelles. Dans un contexte de transition énergétique et de réduction des émissions de carbone, la question de savoir quels types de centres de données peuvent bénéficier d’une dérogation au statut de projet national d’intérêt majeur nécessite une réflexion approfondie et une concertation citoyenne. En effet, le fait qu’un centre de données bénéficie de ce statut ouvre la voie à des avantages administratifs et financiers importants, ce qui justifie la nécessité d'une évaluation démocratique et transparente de l'impact environnemental des projets concernés ",1728,2025-04-03,,cloud|data_center|ia_calcul,/home/user/Operation_robespierre/Amendements/DLR5L16N49868/PRJLANR5L17BTC1191/AMANR5L17PO838901BTC1191P0D1N000837.json,Fournier,Charles,Écologiste et Social,ECOS,Indre-et-Loire
amendement,AMANR5L17PO838901BTC1191P0D1N002237,2237,17,AN,PRJLANR5L17BTC1191,PA793744,PO845413,PA795228|PA793262|PA794906|PA794138|PA795588|PA795084|PA842105|PA841657|PA720430|PA793772|PA795616|PA793444|PA794938|PA795318|PA841023|PA796090|PA793912|PA842187|PA842037|PA791812|PA793736|PA721202|PA795136|PA793464|PA842155|PA795200|PA795844|PA841251|PA794786|PA794870|PA796070|PA795310|PA794478|PA841947|PA794082|PA794130|PA720846|PA841729|PA795516|PA841515|PA795672|PA795108|PA795298|PA791824|PA842029|PA793532|PA795746|PA342384|PA795422|PA794686|PA841215|PA795482|PA610654|PA841191|PA721960|PA793872|PA720892|PA817211|PA793756|PA796062|PA719578|PA721062|PA841845|PA795982|PA795466|PA720952|PA794106|PA794166|PA795164|PA795596,"Mme&#160;Stambach-Terrenoir,  Mme&#160;Abomangoli, M.&#160;Alexandre, M.&#160;Amard, Mme&#160;Amiot, Mme&#160;Amrani, M.&#160;Arenas, M.&#160;Arnault, Mme&#160;Belouassa-Cherifi, M.&#160;Bernalicis, M.&#160;Bex, M.&#160;Bilongo, M.&#160;Bompard, M.&#160;Boumertit, M.&#160;Boyard, M.&#160;Cadalen, M.&#160;Caron, M.&#160;Carri&#232;re, Mme&#160;Cathala, M.&#160;Cernon, Mme&#160;Chikirou, M.&#160;Clouet, M.&#160;Coquerel, M.&#160;Coulomme, M.&#160;Delogu, M.&#160;Diouara, Mme&#160;Dufour, Mme&#160;Erodi, Mme&#160;Feld, M.&#160;Fernandes, Mme&#160;Ferrer, M.&#160;Gaillard, Mme&#160;Guett&#233;, M.&#160;Guiraud, Mme&#160;Hamdane, Mme&#160;Hignet, M.&#160;Kerbrat, M.&#160;Lachaud, M.&#160;Lahmar, M.&#160;Laisney, M.&#160;Le&#160;Coq, M.&#160;Le&#160;Gall, Mme&#160;Leboucher, M.&#160;Legavre, Mme&#160;Legrain, Mme&#160;Lejeune, Mme&#160;Lepvraud, M.&#160;L&#233;aument, Mme&#160;&#201;lisa&#160;Martin, M.&#160;Maudet, Mme&#160;Maximi, Mme&#160;Mesmeur, Mme&#160;Manon&#160;Meunier, M.&#160;Nilor, Mme&#160;Nosb&#233;, Mme&#160;Obono, Mme&#160;Oziol, Mme&#160;Panot, M.&#160;Pilato, M.&#160;Piquemal, M.&#160;Portes, M.&#160;Prud&apos;homme, M.&#160;Ratenon, M.&#160;Saint-Martin, M.&#160;Saintoul, Mme&#160;Soudais, M.&#160;Tach&#233;, Mme&#160;Taurinya, M.&#160;Tavel, Mme&#160;Trouv&#233; et M.&#160;Vannier","Après l’alinéa 9, insérer l’alinéa suivant : « L’autorité administrative peut refuser l’octroi du permis de construire pour les centres de données dont l’implantation est prévue sur une surface non-artificialisée. »",Cet amendement de repli du groupe LFI-NFP prévoit que l’autorité administrative peut refuser l’octroi du permis de construire pour les centres de données dont l'implantation est prévue sur une surface non-artificialisée. Il vise à cibler l'implantation de data center sur les surfaces artificialisées afin de prévenir l'artificialisation des sols.,563,2025-04-04,,data_center,/home/user/Operation_robespierre/Amendements/DLR5L16N49868/PRJLANR5L17BTC1191/AMANR5L17PO838901BTC1191P0D1N002237.json,Stambach-Terrenoir,Anne,La France insoumise - Nouveau Front Populaire,LFI-NFP,Haute-Garonne
amendement,AMANR5L17PO838901BTC1191P0D1N001889,1889,17,AN,PRJLANR5L17BTC1191,PA330240,PO847173,PA841769|PA841207|PA841067|PA267561|PA840889|PA840701|PA840721|PA793322|PA840773|PA840983|PA841183|PA841395|PA840657|PA840685|PA840809,"M.&#160;Ciotti,  M.&#160;Michoux, M.&#160;Alloncle, M.&#160;Allegret-Pilot, Mme&#160;Bar&#232;ges, M.&#160;Bloch, M.&#160;Chaix, M.&#160;Chavent, Mme&#160;D&apos;Intorni, M.&#160;Fayssat, M.&#160;Lenoir, Mme&#160;Mansouri, M.&#160;Michelet, Mme&#160;Ricourt&#160;Vaginay, M.&#160;Tr&#233;buchet et M.&#160;Verny","I. – À la fin du III l’article L. 135 D du livre des procédures fiscales, les mots : « , après avis favorable du comité du secret statistique institué par l’article 6 bis de la loi n° 51‑711 du 7 juin 1951 sur l’obligation, la coordination et le secret en matière de statistiques » sont supprimés. II. – L’article 6 bis de la loi n° 51‑711 du 7 juin 1951 sur l’obligation, la coordination et le secret en matière de statistiques est abrogé.","Cet amendement déposé par le Groupe UDR vise à supprimer le Comité du secret statistique. Aux termes de l’article 6 bis de la loi n° 51-711 du 7 juin 1951 sur l'obligation, la coordination et le secret en matière de statistiques, le Comité du secret statistique est chargé de formuler un avis sur les demandes d’accès à des données individuelles collectées dans le cadre d’enquêtes statistiques ou transmises aux services statistiques publics à des fins de production de statistiques. Il intervient également sur les données couvertes par le secret fiscal, lorsqu’elles sont utilisées dans un objectif statistique. Toutefois, plusieurs éléments appellent aujourd’hui à remettre en cause son efficacité et son action : - Un doublon administratif avec la CNIL : Le champ de compétence du Comité du secret statistique se superpose très largement à celui de la Commission nationale de l’informatique et des libertés (CNIL), qui exerce un rôle de régulation des données personnelles. La CNIL évalue déjà l",2975,2025-04-04,,souverainete_numerique,/home/user/Operation_robespierre/Amendements/DLR5L16N49868/PRJLANR5L17BTC1191/AMANR5L17PO838901BTC1191P0D1N001889.json,Ciotti,Éric,Union des droites pour la République,UDDPLR,Alpes-Maritimes
amendement,AMANR5L17PO838901BTC1191P0D1N001946,1946,17,AN,PRJLANR5L17BTC1191,PA793904,PO845401,PA793432|PA841495|PA796118|PA794562|PA842279|PA793238|PA793374|PA793158|PA794434|PA841645|PA842001|PA720822|PA720668|PA794886|PA796042|PA793844|PA841487|PA841131|PA793182|PA793134|PA840075|PA720468|PA794198|PA840159|PA793548|PA795644|PA841613|PA642988|PA840119|PA793166|PA793928|PA794762|PA793146|PA840135|PA842073|PA841761|PA841621|PA793246|PA840143|PA840801|PA794678|PA841139|PA793892|PA841737|PA796034|PA793832|PA793102|PA841605|PA793362|PA794418|PA793592|PA840757|PA841451|PA794734|PA793218|PA795900|PA793632|PA842085|PA794598|PA841439|PA794030|PA841749|PA841075|PA840869|PA794354|PA795912|PA841837|PA720614|PA796026|PA840857|PA793290|PA793608|PA841873|PA840967|PA793672|PA721932|PA795974|PA794590|PA841587|PA841563|PA794530|PA840837|PA841825|PA794770|PA793314|PA793330|PA793616|PA719436|PA793354|PA795786|PA794322|PA793852|PA840915|PA793696|PA795552|PA794670|PA841199|PA794582|PA793656|PA795966|PA793230|PA793254|PA841955|PA841981|PA842227|PA794442|PA795410|PA842097|PA794894|PA794570|PA794954|PA796050|PA842255|PA793382|PA795778|PA794502|PA841553|PA793298|PA840781|PA794946|PA841575|PA841479,"M.&#160;Lopez-Liguori,  M.&#160;Allisio, M.&#160;Amblard, Mme&#160;Auzanot, M.&#160;Ballard, Mme&#160;Bamana, M.&#160;Barth&#232;s, M.&#160;Baubry, M.&#160;Beaurain, M.&#160;Bentz, M.&#160;Bernhardt, M.&#160;Bigot, M.&#160;Bilde, M.&#160;Blairy, Mme&#160;Blanc, M.&#160;Boccaletti, Mme&#160;Bordes, M.&#160;Boulogne, Mme&#160;Bouquin, M.&#160;Bovet, M.&#160;Buisson, M.&#160;Casterman, M.&#160;Chenu, M.&#160;Chudeau, M.&#160;Clavet, Mme&#160;Colombier, Mme&#160;Da&#160;Conceicao&#160;Carvalho, M.&#160;de&#160;Fleurian, M.&#160;de&#160;L&#233;pinau, Mme&#160;Delannoy, M.&#160;Dessigny, Mme&#160;Diaz, Mme&#160;Dogor-Such, M.&#160;Dragon, M.&#160;Dufosset, M.&#160;Dussausaye, M.&#160;Dutremble, M.&#160;Evrard, M.&#160;Falcon, M.&#160;Florquin, M.&#160;Fouquart, M.&#160;Frapp&#233;, M.&#160;Gabarron, Mme&#160;Galzy, M.&#160;Gery, M.&#160;Giletti, M.&#160;Gillet, M.&#160;Christian&#160;Girard, M.&#160;Golliot, M.&#160;Gonzalez, Mme&#160;Florence&#160;Goulet, Mme&#160;Grangier, Mme&#160;Griseti, M.&#160;Guibert, M.&#160;Guiniot, M.&#160;Guitton, Mme&#160;Hamelet, M.&#160;Houssin, M.&#160;Humbert, M.&#160;Jacobelli, M.&#160;Jenft, M.&#160;Jolly, Mme&#160;Joncour, Mme&#160;Josserand, Mme&#160;Joubert, Mme&#160;Laporte, Mme&#160;Lavalette, M.&#160;Le&#160;Bourgeois, Mme&#160;Le&#160;Pen, Mme&#160;Lechanteux, Mme&#160;Lechon, Mme&#160;Lelouis, Mme&#160;Levavasseur, M.&#160;Limongi, M.&#160;Lioret, Mme&#160;Loir, Mme&#160;Lorho, M.&#160;Lottiaux, M.&#160;Loubet, M.&#160;David&#160;Magnier, Mme&#160;Marais-Beuil, M.&#160;Marchio, M.&#160;Markowsky, M.&#160;Patrice&#160;Martin, Mme&#160;Martinez, Mme&#160;Alexandra&#160;Masson, M.&#160;Bryan&#160;Masson, M.&#160;Mauvieux, M.&#160;Meizonnet, Mme&#160;M&#233;lin, Mme&#160;M&#233;nach&#233;, M.&#160;M&#233;nag&#233;, M.&#160;Meurin, M.&#160;Monnier, M.&#160;Muller, M.&#160;Odoul, Mme&#160;Parmentier, M.&#160;Perez, M.&#160;Pfeffer, Mme&#160;Pollet, M.&#160;Rambaud, Mme&#160;Ranc, M.&#160;Rancoule, M.&#160;Renault, Mme&#160;Rimbert, M.&#160;Rivi&#232;re, Mme&#160;Robert-Dehault, Mme&#160;Roullaud, Mme&#160;Roy, Mme&#160;Sabatini, M.&#160;Sabatou, M.&#160;Salmon, M.&#160;Schreck, Mme&#160;Sicard, M.&#160;Tach&#233;&#160;de&#160;la&#160;Pagerie, M.&#160;Jean-Philippe&#160;Tanguy, M.&#160;Taverne, M.&#160;Tesson, M.&#160;Tivoli, M.&#160;Tonussi, M.&#160;Villedieu, M.&#160;Vos et M.&#160;Weber","Après l’alinéa 5, insérer les trois alinéas suivants : « L’entreprise opérant la plateforme doit répondre aux critères suivants : « 1° Son siège statutaire, son administration centrale et son principal établissement doivent être établis au sein d’un État membre de l’Union européenne ; « 2° Son capital social et les droits de vote dans la société du prestataire ne doivent pas être, directement ou indirectement, individuellement détenus à plus de 24 %, et collectivement détenus à plus de 39 %, par","Le canadien CGI a été choisi en novembre 2024 par l’État pour opérer la plateforme de dématérialisation PLACE. Cette situation porte gravement atteinte à notre souveraineté numérique. Au regard de la sensibilité des données hébergées et du risque d’intelligence économique qui en découle, il est nécessaire que cette situation change urgemment. Il est ainsi proposé par cet amendement de repli de confier la gestion de la plateforme à une plateforme française ou européenne.",1133,2025-04-04,,souverainete_numerique,/home/user/Operation_robespierre/Amendements/DLR5L16N49868/PRJLANR5L17BTC1191/AMANR5L17PO838901BTC1191P0D1N001946.json,Lopez-Liguori,Aurélien,Rassemblement National,RN,Hérault
amendement,AMANR5L17PO838901BTC1191P0D1N000362,362,17,AN,PRJLANR5L17BTC1191,PA607395,PO845407,,M.&#160;Travert,Supprimer les alinéas 9 à 33.,"Cet amendement vise à rétablir la Commission Supérieure du Numérique et des Postes (CSNP). Le Gouvernement, par le présent projet de loi, vise à supprimer les organes, organismes et comités ne s’étant pas réunis durant les 12 derniers mois. Ces suppressions font suite au discours de politique général du Premier ministre de l’époque le 30 janvier 2024. La CSNP, organisme bicaméral et transpartisan, composé de 7 députés et 7 sénateurs, accompagnés par 3 personnes qualifiées, ne répond pas à ces critères. En 2023 : 101 auditions et réunions en groupe de travail, 9 séances plénières, 10 avis rendus. En 2024, 98 auditions et réunions en groupe de travail, 9 séances plénières, 9 avis rendus (NIS 2, EUCS, usages de l’IA, etc...), 14 interventions de ses membres lors de colloques et salons thématiques. Depuis le 1er janvier 2025 : 3 séances plénières (audition de la Présidente de l’ARCEP, du Président du groupe La Poste, le directeur général de l’ANFR, la ",4051,2025-04-02,,ia_calcul,/home/user/Operation_robespierre/Amendements/DLR5L16N49868/PRJLANR5L17BTC1191/AMANR5L17PO838901BTC1191P0D1N000362.json,Travert,Stéphane,Ensemble pour la République,EPR,Manche
amendement,AMANR5L17PO838901BTC1191P0D1N002278,2278,17,AN,PRJLANR5L17BTC1191,PA841207,PO847173,PA841769|PA841183|PA793852|PA793166|PA267561,"M.&#160;Alloncle,  M.&#160;Michoux, Mme&#160;Mansouri, M.&#160;Meurin, M.&#160;Dessigny et Mme&#160;Bar&#232;ges","À l’alinéa 3, substituer aux mots : « prend également en compte » le mot : « priorise ».","Cet amendement réécrit les missions de la CNIL en priorisant son rôle d’appui à l’innovation sur l’ensemble de ses autres rôles. En effet, le zèle de la CNIL en matière de sanctions freine l’innovation de nombreuses entreprises, découragées par la réglementation très lourde en matière de traitement des données personnelles. Cet amendement va au-delà de la rédaction du projet de loi initial, en n’affirmant pas seulement une prise en compte à une juste mesure de l’innovation vis-à-vis des autres enjeux – formulation incertaine laissant libre cours à l’interprétation - mais bien une priorisation de l’impératif d’innovation sur respect de la vie privée et la protection des données personnelles.",788,2025-04-04,,souverainete_numerique,/home/user/Operation_robespierre/Amendements/DLR5L16N49868/PRJLANR5L17BTC1191/AMANR5L17PO838901BTC1191P0D1N002278.json,Alloncle,Charles,Union des droites pour la République,UDDPLR,Hérault
amendement,AMANR5L17PO838901BTC1191P0D1N002054,2054,17,AN,PRJLANR5L17BTC1191,PA795482,PO845413,PA720846|PA841729|PA795516|PA841515|PA795672|PA795108|PA795298|PA791824|PA793532|PA795746|PA342384|PA795422|PA794686|PA841215|PA610654,"Mme&#160;Manon&#160;Meunier,  M.&#160;Lachaud, M.&#160;Lahmar, M.&#160;Laisney, M.&#160;Le&#160;Coq, M.&#160;Le&#160;Gall, Mme&#160;Leboucher, M.&#160;Legavre, Mme&#160;Legrain, Mme&#160;Lepvraud, M.&#160;L&#233;aument, Mme&#160;&#201;lisa&#160;Martin, M.&#160;Maudet, Mme&#160;Maximi, Mme&#160;Mesmeur et M.&#160;Nilor",Supprimer cet article.,"Cet amendement du groupe LFI-NFP vise à la suppression de l'article 15, qui prévoit des régressions majeures en matière de protection de l'environnement, en particulier en facilitant la destruction d'espèces et d'habitats protégés au profit de grands projets inutiles et imposés, et en favorisant l'artificialisation des sols. Ces régressions sont par ailleurs introduites au motif fallacieux de la simplification, puisqu'en multipliant les dérogations, cet article rend le droit illisible et accentue son instabilité. En effet, l'article 15 prévoit d'une part de permettre de qualifier par décret de projets d’intérêt national majeur (PINM) les projets de data center et d'infrastructure, conformément au cadre introduit par la loi du 23 octobre 2023 relative à l’industrie verte. Cela aura pour effet de réduire les exigences environnementales et d'urbanisme qui s'imposeront pour l'implantation de data centers et pour les projets d'infrastructure, comme l'A69, sans lien avec les besoins et les e",3194,2025-04-04,,data_center,/home/user/Operation_robespierre/Amendements/DLR5L16N49868/PRJLANR5L17BTC1191/AMANR5L17PO838901BTC1191P0D1N002054.json,Meunier,Manon,La France insoumise - Nouveau Front Populaire,LFI-NFP,Haute-Vienne
amendement,AMANR5L17PO838901BTC1191P0D1N002195,2195,17,AN,PRJLANR5L17BTC1191,PA793980,PO845439,PA610968|PA793780|PA588884|PA841701|PA2940|PA795362|PA795454|PA840997|PA841885|PA841507|PA794008|PA721210|PA793452|PA841351|PA795010|PA841419|PA842013|PA840947|PA794022|PA794146|PA841223|PA795636|PA842045|PA793708|PA793664|PA794154|PA794778|PA793948|PA795076|PA722142|PA610002|PA795808|PA796018|PA736201|PA841713,"M.&#160;Fournier,  M.&#160;Amirshahi, Mme&#160;Arrighi, Mme&#160;Autain, Mme&#160;Balage&#160;El&#160;Mariky, Mme&#160;Voynet, Mme&#160;Belluco, M.&#160;Ben&#160;Cheikh, M.&#160;Biteau, M.&#160;Arnaud&#160;Bonnet, M.&#160;Nicolas&#160;Bonnet, Mme&#160;Chatelain, M.&#160;Corbi&#232;re, M.&#160;Davi, M.&#160;Duplessy, Mme&#160;Garin, M.&#160;Damien&#160;Girard, M.&#160;Gustave, Mme&#160;Catherine&#160;Hervieu, M.&#160;Iordanoff, Mme&#160;Laernoes, M.&#160;Lahais, M.&#160;Lucas-Lundy, Mme&#160;Ozenne, M.&#160;Peytavie, Mme&#160;Pochon, M.&#160;Raux, Mme&#160;Regol, M.&#160;Thierry, Mme&#160;Sandrine&#160;Rousseau, M.&#160;Ruffin, Mme&#160;Sas, Mme&#160;Sebaihi, Mme&#160;Simonnet, Mme&#160;Taill&#233;-Polian et M.&#160;Tavernier","Il est instauré une obligation pour les datas center et les installations industrielles d’une puissance thermique de plus de 5 mégawatts, et soumis à enregistrement, autorisation ou déclaration installations classées pour la protection de l’environnement, de réaliser une étude de potentiel de valorisation de la chaleur fatale.","Le présent amendement vise à inciter fortement l’activité industrielle, forte consommatrice de chaleur, à décarboner ses consommations. Les gisements non exploités de chaleur fatale à proximité de réseaux de chaleur est estimé à 15 TWh. Il s’agit d’étendre dès 2025, l’obligation pour toute installation industrielle ICPE existante ou en projet, d’étudier le potentiel de valorisation de chaleur fatale : cette disposition qui existe à date dans le code de l’environnement serait ainsi étendue aux data centers et installations industrielles ICPE d’une puissance thermique de plus de 5MW.",917,2025-04-04,,data_center,/home/user/Operation_robespierre/Amendements/DLR5L16N49868/PRJLANR5L17BTC1191/AMANR5L17PO838901BTC1191P0D1N002195.json,Fournier,Charles,Écologiste et Social,ECOS,Indre-et-Loire
amendement,AMANR5L17PO838901BTC1191P0D1N002098,2098,17,AN,PRJLANR5L17BTC1191,PA607395,PO845407,,M.&#160;Travert,Supprimer les alinéas 5 et 6.,"Le présent amendement vise à conserver la configuration actuelle du collège de la Commission nationale de l’informatique et des libertés (CNIL) composé, entre autres, de cinq personnalités qualifiées désignées en raison de leur connaissance du numérique et des questions touchant aux libertés individuelles, parmi lesquelles : - Deux spécialistes en informatique et intelligence artificielle, issus de l’INRIA et du CNRS ; - Une chercheuse en santé, professeure des universités - praticienne hospitalière (PUPH) - dont l’apport est précieux dans tous les dossiers relatifs aux données de santé ; - Une professeure des universités spécialisée en droit des données à caractère personnel. La présence de ces profils académiques et de chercheurs en informatique est en effet essentielle au positionnement indépendant et équilibré de la CNIL. Par ailleurs, la représentation du monde de l’entreprise est actuellement assurée par les deux représentants du Conseil Économique Social et Environnemental (CESE",1612,2025-04-04,,ia_calcul,/home/user/Operation_robespierre/Amendements/DLR5L16N49868/PRJLANR5L17BTC1191/AMANR5L17PO838901BTC1191P0D1N002098.json,Travert,Stéphane,Ensemble pour la République,EPR,Manche
amendement,AMANR5L17PO838901BTC1191P0D1N001908,1908,17,AN,PRJLANR5L17BTC1191,PA795482,PO845413,PA720952|PA794106|PA794166|PA795164|PA795596,"Mme&#160;Manon&#160;Meunier,  M.&#160;Tach&#233;, Mme&#160;Taurinya, M.&#160;Tavel, Mme&#160;Trouv&#233; et M.&#160;Vannier",Supprimer cet article.,"Par cet amendement, les député.es LFI-NFP s'opposent à la réforme du collège de la CNIL qui ne vise qu'à l'entrisme des intérêts privés, et contre l'avis même de la Commission. Introduite en commission, cette mesure qui met mal à l'aise jusqu'au gouvernement, modifie la nature-même de son collège. Les cinq personnalités qualifiées qui y siègent, aujourd’hui choisies pour leur connaissance du numérique et des questions touchant aux libertés individuelles, seraient remplacées par des personnalités issues d'entreprises privées. Il s'agit ni plus ni moins de créer un nouveau mécanisme d'auto-régulation pour les entreprises, dont on connait la caractère illusoire. En effet, le collège siège notamment pour adopter les avis sur les projets de textes qui lui sont soumis par le Gouvernement ou pour émettre des actes de droit souple (référentiels, recommandations). La CNIL nous a alertés, dans ses observations sur le présent projet de loi : cette disposition ""risque de priver le collège de profi",2598,2025-04-04,,souverainete_numerique|ia_calcul,/home/user/Operation_robespierre/Amendements/DLR5L16N49868/PRJLANR5L17BTC1191/AMANR5L17PO838901BTC1191P0D1N001908.json,Meunier,Manon,La France insoumise - Nouveau Front Populaire,LFI-NFP,Haute-Vienne
amendement,AMANR5L17PO838901BTC1191P0D1N001863,1863,17,AN,PRJLANR5L17BTC1191,PA841191,PO845413,PA721960|PA793872|PA720892|PA817211|PA793756|PA796062|PA719578|PA721062|PA841845|PA795982|PA795466,"Mme&#160;Nosb&#233;,  Mme&#160;Obono, Mme&#160;Oziol, Mme&#160;Panot, M.&#160;Pilato, M.&#160;Piquemal, M.&#160;Portes, M.&#160;Prud&apos;homme, M.&#160;Ratenon, M.&#160;Saint-Martin, M.&#160;Saintoul et Mme&#160;Soudais",Supprimer cet article.,"Par cet amendement, les député.es LFI-NFP s'opposent à la réforme du collège de la CNIL qui ne vise qu'à l'entrisme des intérêts privés, et contre l'avis même de la Commission. Introduite en commission, cette mesure qui met mal à l'aise jusqu'au gouvernement, modifie la nature-même de son collège. Les cinq personnalités qualifiées qui y siègent, aujourd’hui choisies pour leur connaissance du numérique et des questions touchant aux libertés individuelles, seraient remplacées par des personnalités issues d'entreprises privées. Il s'agit ni plus ni moins de créer un nouveau mécanisme d'auto-régulation pour les entreprises, dont on connait la caractère illusoire. En effet, le collège siège notamment pour adopter les avis sur les projets de textes qui lui sont soumis par le Gouvernement ou pour émettre des actes de droit souple (référentiels, recommandations). La CNIL nous a alertés, dans ses observations sur le présent projet de loi : cette disposition ""risque de priver le collège de profi",2598,2025-04-04,,souverainete_numerique|ia_calcul,/home/user/Operation_robespierre/Amendements/DLR5L16N49868/PRJLANR5L17BTC1191/AMANR5L17PO838901BTC1191P0D1N001863.json,Nosbé,Sandrine,La France insoumise - Nouveau Front Populaire,LFI-NFP,Isère
amendement,AMANR5L17PO838901BTC1191P0D1N002642,2642,17,AN,PRJLANR5L17BTC1191,,,,le Gouvernement,"I. – Au début de l’alinéa 35, substituer aux mots : « Le dernier » les mots : « L’avant-dernier ». II. – En conséquence, à l’alinéa 37, substituer aux mots : « au dernier » le mot : « à l’avant-dernier ».","Le présent amendement vise à corriger une erreur matérielle dans le III l’article 15 du présent projet de loi. Ce III vise à faire bénéficier les centres de données déclarés d’intérêt national majeur des mesures d’accélération introduites par les articles 27 et 28 de la loi APER de 2023. Ce faisant il insère de nouvelles dispositions au sein du I de l’article 27 conduisant à réécrire le dernier alinéa de cet article, alors que seul l’avant dernier alinéa devrait être modifié pour tenir compte des nouvelles catégories de projet pouvant être déclarées d’intérêt national majeur. L’amendement procède ainsi à la substitution des références au dernier alinéa du I de l’article 27 de la loi APER par des références à son avant-dernier alinéa.",948,2025-04-08,,data_center,/home/user/Operation_robespierre/Amendements/DLR5L16N49868/PRJLANR5L17BTC1191/AMANR5L17PO838901BTC1191P0D1N002642.json,,,,,
amendement,AMANR5L17PO838901BTC1191P0D1N000487,487,17,AN,PRJLANR5L17BTC1191,PA721458,PO845470,,M.&#160;Roseren,"I. – À l’alinéa 11, substituer aux mots : « est une société relevant, directement ou indirectement, de la législation d’ » les mots : « effectue des transferts de données vers ». II. – En conséquence, au même alinéa 11, substituer aux mots : « le droit interne de cet État n’assure » les mots : « ces transferts n’assurent ».","Cet amendement vise à modifier les dispositions de l’alinéa 11, introduit en commission spéciale, en excluant uniquement les entreprises extra-européennes qui transfèrent effectivement des données à des pays tiers ne respectant par les dispositions du RGPD. Cette nouvelle formulation, plus cohérente avec l’esprit de l’article et qui se fonde sur un critère objectif et effectif, permettra la réalisation de projets stratégiques d’envergure nationale et européenne que la rédaction actuelle empêche.",826,2025-04-03,,souverainete_numerique,/home/user/Operation_robespierre/Amendements/DLR5L16N49868/PRJLANR5L17BTC1191/AMANR5L17PO838901BTC1191P0D1N000487.json,Roseren,Xavier,Horizons & Indépendants,HOR,Haute-Savoie
amendement,AMANR5L17PO838901BTC1191P0D1N001496,1496,17,AN,PRJLANR5L17BTC1191,PA795362,PO845439,PA610968|PA793780|PA588884|PA841701|PA795454|PA840997|PA841885|PA841507|PA794008|PA721210|PA793452|PA841351|PA793980|PA795010|PA841419|PA842013|PA840947|PA794022|PA794146|PA841223|PA795636|PA842045|PA793708|PA793664|PA794154|PA794778|PA795076|PA722142|PA610002|PA795808|PA796018|PA736201|PA841713|PA793948|PA2940,"Mme&#160;Belluco,  M.&#160;Amirshahi, Mme&#160;Arrighi, Mme&#160;Autain, Mme&#160;Balage&#160;El&#160;Mariky, M.&#160;Ben&#160;Cheikh, M.&#160;Biteau, M.&#160;Arnaud&#160;Bonnet, M.&#160;Nicolas&#160;Bonnet, Mme&#160;Chatelain, M.&#160;Corbi&#232;re, M.&#160;Davi, M.&#160;Duplessy, M.&#160;Fournier, Mme&#160;Garin, M.&#160;Damien&#160;Girard, M.&#160;Gustave, Mme&#160;Catherine&#160;Hervieu, M.&#160;Iordanoff, Mme&#160;Laernoes, M.&#160;Lahais, M.&#160;Lucas-Lundy, Mme&#160;Ozenne, M.&#160;Peytavie, Mme&#160;Pochon, M.&#160;Raux, Mme&#160;Regol, Mme&#160;Sandrine&#160;Rousseau, M.&#160;Ruffin, Mme&#160;Sas, Mme&#160;Sebaihi, Mme&#160;Simonnet, Mme&#160;Taill&#233;-Polian, M.&#160;Tavernier, M.&#160;Thierry et Mme&#160;Voynet","À l’alinéa 10, substituer aux mots : « centre de données » le mot : « projet ».","Si l'autorité administrative doit pouvoir refuser l'implantation d'un data center faute d'eau, la logique doit être étendue à l'ensemble des projets. C'est l'objet de cet amendement.",262,2025-04-04,,data_center,/home/user/Operation_robespierre/Amendements/DLR5L16N49868/PRJLANR5L17BTC1191/AMANR5L17PO838901BTC1191P0D1N001496.json,Belluco,Lisa,Écologiste et Social,ECOS,Vienne
amendement,AMANR5L17PO838901BTC1191P0D1N002279,2279 (Rect),17,AN,PRJLANR5L17BTC1191,PA841207,PO847173,PA841769|PA841183|PA793852|PA793166|PA267561|PA841067,"M.&#160;Alloncle,  M.&#160;Michoux, Mme&#160;Mansouri, M.&#160;Meurin, M.&#160;Dessigny, Mme&#160;Bar&#232;ges et M.&#160;Allegret-Pilot","Après l’alinéa 6, insérer les deux alinéas suivants : « I bis . – Le II du même article 8 de la même loi n° 78‑17 du 6 janvier 1978 est complété par un alinéa ainsi rédigé : « Dans le cadre de ces recommandations, décisions individuelles et réglementaires, elle s’efforce, en particulier au travers des avis qu’elle rend et des sanctions qu’elle prononce, à faire preuve de souplesse en raison de la complexité technique qu’implique les exigences de respect de la vie privée de protection des données","Cet amendement invite la CNIL à faire preuve de souplesse au travers des avis qu’elle rend et des sanctions qu’elle prononce, en particulier concernant des TPE-PME, des associations ou autres établissements publics de petite envergure. En effet, la réglementation RGPD et plus généralement le traitement des données personnelles sont une source de complexité si conséquente que de nombreuses entreprises dépensent des montants importants pesant sur leurs marges, tout en craignant être poursuivies pour un manque de respect suffisant de la réglementation. Réduire le poids des sanctions potentielles permettrait ainsi de retirer un risque juridique qui pèse lourdement sur de nombreuses entreprises, associations et organismes publics de taille modeste.",1510,2025-04-04,,souverainete_numerique,/home/user/Operation_robespierre/Amendements/DLR5L16N49868/PRJLANR5L17BTC1191/AMANR5L17PO838901BTC1191P0D1N002279.json,Alloncle,Charles,Union des droites pour la République,UDDPLR,Hérault
amendement,AMANR5L17PO838901BTC1191P0D1N001461,1461,17,AN,PRJLANR5L17BTC1191,PA642695,PO845407,PA795950|PA721158|PA795144|PA722190|PA642935|PA719218|PA606507|PA795990|PA794330|PA719890|PA722000|PA794798|PA721750|PA795330|PA842311|PA719922|PA793940|PA719472|PA795864|PA795908|PA719118|PA794982|PA722382|PA720154|PA794658|PA722134|PA840235|PA722366|PA719736|PA722358|PA721024|PA718674|PA721296|PA721764|PA841709|PA267200|PA720354|PA719372|PA643184|PA719798|PA721004|PA841693|PA720022|PA719412|PA719404|PA345722|PA719388|PA719756|PA720342|PA721852|PA712014|PA795386|PA721134|PA841601|PA720446|PA717379|PA794206|PA719080|PA720146|PA677483|PA719338|PA720370|PA795176|PA795664|PA817203|PA795962|PA795722|PA719632|PA721916|PA335758|PA721426|PA720066|PA722252|PA795528|PA841927|PA795888|PA793270|PA757225|PA793416|PA794802|PA720190|PA794486|PA719550|PA721584|PA795920|PA722102|PA719512|PA721170|PA2960|PA795046,"M.&#160;Bothorel,  M.&#160;Amiel, M.&#160;Anglade, M.&#160;Armand, M.&#160;Attal, M.&#160;Becht, M.&#160;Berville, M.&#160;Boudi&#233;, Mme&#160;Bregeon, M.&#160;Brosse, Mme&#160;Brulebois, M.&#160;Buchou, Mme&#160;Buffet, Mme&#160;Calvez, Mme&#160;Caroit, M.&#160;Caure, M.&#160;Causse, M.&#160;Cazenave, M.&#160;Jean-Ren&#233;&#160;Cazeneuve, M.&#160;Pierre&#160;Cazeneuve, M.&#160;Chenevard, M.&#160;Cormier-Bouligeon, Mme&#160;Delpech, M.&#160;Dirx, Mme&#160;Dubr&#233;-Chirat, M.&#160;Fait, M.&#160;Fi&#233;vet, M.&#160;Fr&#233;bault, M.&#160;Fugit, Mme&#160;Galliard-Minier, M.&#160;Gassilloud, Mme&#160;Genetet, Mme&#160;Givernet, M.&#160;Gouffier&#160;Valente, Mme&#160;Olivia&#160;Gr&#233;goire, Mme&#160;Hoffman, M.&#160;Huyghe, M.&#160;Jacques, M.&#160;Kasbarian, Mme&#160;Klinkert, M.&#160;Labaronne, Mme&#160;Lakrafi, M.&#160;Laussucq, M.&#160;Lauzzana, Mme&#160;Le&#160;Feur, M.&#160;Le&#160;Gac, Mme&#160;Le&#160;Grip, Mme&#160;Le&#160;Meur, Mme&#160;Le&#160;Nabour, Mme&#160;Le&#160;Peih, Mme&#160;Lebec, M.&#160;Ledoux, M.&#160;Lef&#232;vre, M.&#160;Lescure, Mme&#160;Levasseur, Mme&#160;Liso, M.&#160;Maillard, M.&#160;Marion, Mme&#160;Marsaud, M.&#160;Mass&#233;glia, M.&#160;Mazars, Mme&#160;Melchior, M.&#160;Mendes, M.&#160;Metzdorf, M.&#160;Midy, Mme&#160;Miller, Mme&#160;Missoffe, M.&#160;Olive, Mme&#160;Panonacle, Mme&#160;Pouzyreff, M.&#160;Riester, Mme&#160;Riotton, Mme&#160;Rist, Mme&#160;Rixain, M.&#160;Rodwell, Mme&#160;Ronceret, Mme&#160;Rousselot, M.&#160;Rousset, M.&#160;Seo, M.&#160;Sertin, M.&#160;Sitzenstuhl, M.&#160;Sorre, Mme&#160;Spillebout, Mme&#160;Liliana&#160;Tanguy, M.&#160;Terlier, Mme&#160;Thevenot, Mme&#160;Vidal, Mme&#160;Vignon, M.&#160;Vojetta, M.&#160;Woerth et Mme&#160;Yadan",Supprimer l’alinéa 11.,"La Commission spéciale a adopté un amendement visant à exclure du statut de Projet d’Intérêt National Majeur (PINM) les projets de centres de données dont le propriétaire ou l’opérateur est une société soumise, directement ou indirectement, à la législation d’un pays tiers à l’Union européenne, lorsque le droit de cet État n’offre pas un niveau de protection des données personnelles équivalent à celui du RGPD. L'intention est parfaitement compréhensible. Toutefois, l'application de ces dispositions risquerait d'entraîner des effets négatifs. - Ces mesures risquent de porter un préjudice important à l’attractivité économique de la France pour l’implantation de datacenters. - Elles sont contraires au droit européen en imposant des restrictions à l’accès au statut PINM basées sur des critères liés au droit interne des propriétaires et opérateurs, allant ainsi au-delà des exigences prévues par le cadre juridique européen - Elles posent problème en faisant du Gouvernement et in fine du juge",1131,2025-04-04,,data_center|souverainete_numerique,/home/user/Operation_robespierre/Amendements/DLR5L16N49868/PRJLANR5L17BTC1191/AMANR5L17PO838901BTC1191P0D1N001461.json,Bothorel,Éric,Ensemble pour la République,EPR,Côtes-d'armor
amendement,AMANR5L17PO838901BTC1191P0D1N001945,1945,17,AN,PRJLANR5L17BTC1191,PA793904,PO845401,PA793432|PA841495|PA796118|PA794562|PA842279|PA793238|PA793374|PA793158|PA794434|PA841645|PA842001|PA720822|PA720668|PA794886|PA796042|PA793844|PA841487|PA841131|PA793182|PA793134|PA840075|PA720468|PA794198|PA840159|PA793548|PA795644|PA841613|PA642988|PA840119|PA793166|PA793928|PA794762|PA793146|PA840135|PA842073|PA841761|PA841621|PA793246|PA840143|PA840801|PA794678|PA841139|PA793892|PA841737|PA796034|PA793832|PA793102|PA841605|PA793362|PA794418|PA793592|PA840757|PA841451|PA794734|PA793218|PA795900|PA793632|PA842085|PA794598|PA841439|PA794030|PA841749|PA841075|PA840869|PA794354|PA795912|PA841837|PA720614|PA796026|PA840857|PA793290|PA793608|PA841873|PA840967|PA793672|PA721932|PA795974|PA794590|PA841587|PA841563|PA794530|PA840837|PA841825|PA794770|PA793330|PA793314|PA793616|PA719436|PA793354|PA795786|PA794322|PA793852|PA840915|PA793696|PA795552|PA794670|PA841199|PA794582|PA793656|PA795966|PA793230|PA793254|PA841955|PA841981|PA842227|PA794442|PA795410|PA842097|PA794894|PA794570|PA794954|PA796050|PA842255|PA793382|PA795778|PA794502|PA841553|PA793298|PA840781|PA794946|PA841575|PA841479,"M.&#160;Lopez-Liguori,  M.&#160;Allisio, M.&#160;Amblard, Mme&#160;Auzanot, M.&#160;Ballard, Mme&#160;Bamana, M.&#160;Barth&#232;s, M.&#160;Baubry, M.&#160;Beaurain, M.&#160;Bentz, M.&#160;Bernhardt, M.&#160;Bigot, M.&#160;Bilde, M.&#160;Blairy, Mme&#160;Blanc, M.&#160;Boccaletti, Mme&#160;Bordes, M.&#160;Boulogne, Mme&#160;Bouquin, M.&#160;Bovet, M.&#160;Buisson, M.&#160;Casterman, M.&#160;Chenu, M.&#160;Chudeau, M.&#160;Clavet, Mme&#160;Colombier, Mme&#160;Da&#160;Conceicao&#160;Carvalho, M.&#160;de&#160;Fleurian, M.&#160;de&#160;L&#233;pinau, Mme&#160;Delannoy, M.&#160;Dessigny, Mme&#160;Diaz, Mme&#160;Dogor-Such, M.&#160;Dragon, M.&#160;Dufosset, M.&#160;Dussausaye, M.&#160;Dutremble, M.&#160;Evrard, M.&#160;Falcon, M.&#160;Florquin, M.&#160;Fouquart, M.&#160;Frapp&#233;, M.&#160;Gabarron, Mme&#160;Galzy, M.&#160;Gery, M.&#160;Giletti, M.&#160;Gillet, M.&#160;Christian&#160;Girard, M.&#160;Golliot, M.&#160;Gonzalez, Mme&#160;Florence&#160;Goulet, Mme&#160;Grangier, Mme&#160;Griseti, M.&#160;Guibert, M.&#160;Guiniot, M.&#160;Guitton, Mme&#160;Hamelet, M.&#160;Houssin, M.&#160;Humbert, M.&#160;Jacobelli, M.&#160;Jenft, M.&#160;Jolly, Mme&#160;Joncour, Mme&#160;Josserand, Mme&#160;Joubert, Mme&#160;Laporte, Mme&#160;Lavalette, M.&#160;Le&#160;Bourgeois, Mme&#160;Le&#160;Pen, Mme&#160;Lechanteux, Mme&#160;Lechon, Mme&#160;Lelouis, Mme&#160;Levavasseur, M.&#160;Limongi, M.&#160;Lioret, Mme&#160;Loir, Mme&#160;Lorho, M.&#160;Lottiaux, M.&#160;Loubet, M.&#160;David&#160;Magnier, Mme&#160;Marais-Beuil, M.&#160;Marchio, M.&#160;Markowsky, M.&#160;Patrice&#160;Martin, Mme&#160;Martinez, M.&#160;Bryan&#160;Masson, Mme&#160;Alexandra&#160;Masson, M.&#160;Mauvieux, M.&#160;Meizonnet, Mme&#160;M&#233;lin, Mme&#160;M&#233;nach&#233;, M.&#160;M&#233;nag&#233;, M.&#160;Meurin, M.&#160;Monnier, M.&#160;Muller, M.&#160;Odoul, Mme&#160;Parmentier, M.&#160;Perez, M.&#160;Pfeffer, Mme&#160;Pollet, M.&#160;Rambaud, Mme&#160;Ranc, M.&#160;Rancoule, M.&#160;Renault, Mme&#160;Rimbert, M.&#160;Rivi&#232;re, Mme&#160;Robert-Dehault, Mme&#160;Roullaud, Mme&#160;Roy, Mme&#160;Sabatini, M.&#160;Sabatou, M.&#160;Salmon, M.&#160;Schreck, Mme&#160;Sicard, M.&#160;Tach&#233;&#160;de&#160;la&#160;Pagerie, M.&#160;Jean-Philippe&#160;Tanguy, M.&#160;Taverne, M.&#160;Tesson, M.&#160;Tivoli, M.&#160;Tonussi, M.&#160;Villedieu, M.&#160;Vos et M.&#160;Weber","Substituer à l’alinéa 11 les trois alinéas suivants : « Seuls les projets de centre de données dont le propriétaire ou l’opérateur remplit les conditions suivantes peuvent bénéficier des dispositions du présent I bis « 1° Les siège statutaire, administration centrale et principal établissement sont établis au sein d’un État membre de l’Union Européenne « 2° Le capital social et les droits de vote dans la société ne sont pas, directement ou indirectement, individuellement détenus à plus de 24 % e","L’alinéa concerné, tel qu’adopté en commission, ouvre le bénéfice du dispositif de projet d’intérêt national majeur (PINM) aux entreprises européennes, ainsi qu’aux entreprises extra-européennes à condition que ces dernières assurent un niveau de protection des données à caractère personnel équivalent à celui du règlement général sur la protection des données (RGPD). Ce mécanisme repose sur la notion d’« équivalence de protection », appréciée au regard des décisions d’adéquation rendues par la Commission européenne. Or, cette notion, outre son caractère mouvant, présente une fragilité juridique importante. La décision d’adéquation du 10 juillet 2023, conclue entre l’Union européenne et les États-Unis, en constitue une illustration parlante : bien qu’elle autorise la libre circulation des données entre les deux blocs, elle est déjà l’objet de nombreuses critiques et fait l’objet d’un recours devant la Cour de justice de l’Union européenne. Ce scénario est d’autant plus préoccupant que d",3818,2025-04-04,,cloud|data_center|souverainete_numerique,/home/user/Operation_robespierre/Amendements/DLR5L16N49868/PRJLANR5L17BTC1191/AMANR5L17PO838901BTC1191P0D1N001945.json,Lopez-Liguori,Aurélien,Rassemblement National,RN,Hérault
amendement,AMANR5L17PO838901BTC1191P0D1N002249,2249,17,AN,PRJLANR5L17BTC1191,PA793744,PO845413,PA795228|PA793262|PA794906|PA794138|PA795588|PA795084|PA842105|PA841657|PA720430|PA793772|PA795616|PA793444|PA794938|PA795318|PA841023|PA796090|PA793912|PA842187|PA842037|PA791812|PA793736|PA721202|PA795136|PA793464|PA842155|PA795200|PA795844|PA841251|PA794786|PA794870|PA796070|PA795310|PA794478|PA841947|PA794082|PA794130|PA720846|PA841729|PA795516|PA841515|PA795672|PA795108|PA795298|PA791824|PA842029|PA793532|PA795746|PA342384|PA795422|PA794686|PA841215|PA795482|PA610654|PA841191|PA721960|PA793872|PA720892|PA817211|PA793756|PA796062|PA719578|PA721062|PA841845|PA795982|PA795466|PA720952|PA794106|PA794166|PA795164|PA795596,"Mme&#160;Stambach-Terrenoir,  Mme&#160;Abomangoli, M.&#160;Alexandre, M.&#160;Amard, Mme&#160;Amiot, Mme&#160;Amrani, M.&#160;Arenas, M.&#160;Arnault, Mme&#160;Belouassa-Cherifi, M.&#160;Bernalicis, M.&#160;Bex, M.&#160;Bilongo, M.&#160;Bompard, M.&#160;Boumertit, M.&#160;Boyard, M.&#160;Cadalen, M.&#160;Caron, M.&#160;Carri&#232;re, Mme&#160;Cathala, M.&#160;Cernon, Mme&#160;Chikirou, M.&#160;Clouet, M.&#160;Coquerel, M.&#160;Coulomme, M.&#160;Delogu, M.&#160;Diouara, Mme&#160;Dufour, Mme&#160;Erodi, Mme&#160;Feld, M.&#160;Fernandes, Mme&#160;Ferrer, M.&#160;Gaillard, Mme&#160;Guett&#233;, M.&#160;Guiraud, Mme&#160;Hamdane, Mme&#160;Hignet, M.&#160;Kerbrat, M.&#160;Lachaud, M.&#160;Lahmar, M.&#160;Laisney, M.&#160;Le&#160;Coq, M.&#160;Le&#160;Gall, Mme&#160;Leboucher, M.&#160;Legavre, Mme&#160;Legrain, Mme&#160;Lejeune, Mme&#160;Lepvraud, M.&#160;L&#233;aument, Mme&#160;&#201;lisa&#160;Martin, M.&#160;Maudet, Mme&#160;Maximi, Mme&#160;Mesmeur, Mme&#160;Manon&#160;Meunier, M.&#160;Nilor, Mme&#160;Nosb&#233;, Mme&#160;Obono, Mme&#160;Oziol, Mme&#160;Panot, M.&#160;Pilato, M.&#160;Piquemal, M.&#160;Portes, M.&#160;Prud&apos;homme, M.&#160;Ratenon, M.&#160;Saint-Martin, M.&#160;Saintoul, Mme&#160;Soudais, M.&#160;Tach&#233;, Mme&#160;Taurinya, M.&#160;Tavel, Mme&#160;Trouv&#233; et M.&#160;Vannier","À la fin de l’alinéa 12, supprimer les mots : « , ainsi que pour les activités qui y sont directement liées ».","Cet amendement de repli du groupe LFI-NFP vise à mieux encadrer la définition des data center pouvant être qualifiés par décret de projets d'intérêt national majeur (PINM). Les PINM bénéficient notamment de facilités pour déroger à l'interdiction de destruction des espèces et habitats protégés, il convient donc d'encadrer plus strictement la définition des centre de données pouvant bénéficier de ce statut. En l'état, le présent article définit les centres de données pouvant bénéficier du statut de PINM ""comme une infrastructure ou un groupe d’infrastructures servant à héberger, à connecter et à exploiter des systèmes et des serveurs informatiques et du matériel connexe pour le stockage, le traitement ou la distribution de données ainsi que pour les activités qui y sont directement liées."" Cet amendement propose de conserver la même définition mais d'en exclure ""les activités qui y sont directement liées"", une formulation floue qui ouvre la porte à des dérives extensives.",1096,2025-04-04,,data_center,/home/user/Operation_robespierre/Amendements/DLR5L16N49868/PRJLANR5L17BTC1191/AMANR5L17PO838901BTC1191P0D1N002249.json,Stambach-Terrenoir,Anne,La France insoumise - Nouveau Front Populaire,LFI-NFP,Haute-Garonne
amendement,AMANR5L17PO838901BTC1191P0D1N002209,2209,17,AN,PRJLANR5L17BTC1191,PA841507,PO845439,PA793452|PA793980|PA842045,"M.&#160;Nicolas&#160;Bonnet,  M.&#160;Davi, M.&#160;Fournier et Mme&#160;Ozenne",Supprimer l’alinéa 31.,"Cet amendement vise à revenir sur la possibilité pour un décret qualifiant un projet de datacenter de projet d'intérêt national majeur de lui reconnaître le caractère de projet répondant à une raison impérative d'intérêt public majeur (RIIPM). La RIIPM, mentionnée à l’article L.411-2 du code de l’environnement, est l’un des motifs permettant l’obtention d’une dérogation espèces protégées. Cet amendement vise à réaffirmer que la RIIPM doit être appréciée au cas par cas concernant les projets de datacenters, et non reconnue de manière anticipée.",572,2025-04-04,,data_center,/home/user/Operation_robespierre/Amendements/DLR5L16N49868/PRJLANR5L17BTC1191/AMANR5L17PO838901BTC1191P0D1N002209.json,Bonnet,Nicolas,Écologiste et Social,ECOS,Puy-de-Dôme
amendement,AMANR5L17PO838901BTC1191P0D1N001092,1092 (Rect),17,AN,PRJLANR5L17BTC1191,PA721984,PO845454,,M.&#160;Latombe,"I. – À l’alinéa 6, substituer aux mots : « cinq » le mot : « deux ». II. – En conséquence, au même alinéa 6, substituer aux mots : « aux 6° et 7° » les mots : « au 7° ». III. – En conséquence, compléter cet article par l'alinéa suivant : « II. – Le 2° du I n’affecte pas les mandats en cours et s’applique au prochain renouvellement des membres mentionnés au même 2°. »","Afin de garantir la présence de spécialistes en informatique et intelligence artificielle et de chercheurs au sein du collège de la CNIL, qui ne peuvent en principe être nommés que parmi les personnalités qualifiées au sein du collège, cet amendement de repli vise à intégrer au sein du collège de la Commission nationale de l’informatique et des libertés (CNIL) deux personnalités qualifiées provenant d’entreprises privées sans prévoir que les cinq doivent toutes provenir d’entreprises. Ainsi, les trois autres personnalités qualifiées pourront continuer à apporter à des profils et des compétences dont la Commission a besoin. Cet amendement définit par ailleurs les modalités d’application dans le temps de cette disposition afin de tenir compte de la jurisprudence européenne sur l’interruption des mandats en cours des membres des autorités administratives indépendantes (voir en ce sens CJUE, grande chambre, 8 avril 2014, Commission / Hongrie, C-288/12).",1333,2025-04-04,,ia_calcul,/home/user/Operation_robespierre/Amendements/DLR5L16N49868/PRJLANR5L17BTC1191/AMANR5L17PO838901BTC1191P0D1N001092.json,Latombe,Philippe,Les Démocrates,DEM,Vendée
amendement,AMANR5L17PO838901BTC1191P0D1N000472,472,17,AN,PRJLANR5L17BTC1191,PA721170,PO845407,,M.&#160;Vojetta,Supprimer les alinéas 9 à 33.,"Cet amendement vise à rétablir la Commission Supérieure du Numérique et des Postes (CSNP). Le Gouvernement par le présent projet de loi vise à supprimer les organes, organismes et comités ne s’étant pas réunis durant les 12 derniers mois. Ces suppressions font suite au discours de politique général du Premier ministre de l’époque le 30 janvier 2024. La CSNP, organisme bicaméral et transpartisan, composé de 7 députés et 7 sénateurs, accompagnés par 3 personnes qualifiées, ne répond pas à ces critères. En 2023 : 101 auditions et réunions en groupe de travail, 9 séances plénières, 10 avis rendus. En 2024, 98 auditions et réunions en groupe de travail, 9 séances plénières, 9 avis rendus (NIS 2, EUCS, usages de l’IA, etc...), 14 interventions de ses membres lors de colloques et salons thématiques. Depuis le 1er janvier 2025 : 3 séances plénières (audition de la Présidente de l’ARCEP, du Président du groupe La Poste, le directeur général de l’ANFR, la FF",4030,2025-04-03,,ia_calcul,/home/user/Operation_robespierre/Amendements/DLR5L16N49868/PRJLANR5L17BTC1191/AMANR5L17PO838901BTC1191P0D1N000472.json,,,,,
amendement,AMANR5L17PO838901BTC1191P0D1N001373,1373 (Rect),17,AN,PRJLANR5L17BTC1191,PA842045,PO845439,PA610968|PA793780|PA588884|PA841701|PA2940|PA795362|PA795454|PA840997|PA841885|PA841507|PA794008|PA721210|PA793452|PA841351|PA793980|PA795010|PA841419|PA842013|PA840947|PA794022|PA794146|PA841223|PA795636|PA793708|PA793664|PA794154|PA794778|PA793948|PA795076|PA722142|PA610002|PA795808|PA796018|PA736201|PA841713,"Mme&#160;Ozenne,  M.&#160;Amirshahi, Mme&#160;Arrighi, Mme&#160;Autain, Mme&#160;Balage&#160;El&#160;Mariky, Mme&#160;Voynet, Mme&#160;Belluco, M.&#160;Ben&#160;Cheikh, M.&#160;Biteau, M.&#160;Arnaud&#160;Bonnet, M.&#160;Nicolas&#160;Bonnet, Mme&#160;Chatelain, M.&#160;Corbi&#232;re, M.&#160;Davi, M.&#160;Duplessy, M.&#160;Fournier, Mme&#160;Garin, M.&#160;Damien&#160;Girard, M.&#160;Gustave, Mme&#160;Catherine&#160;Hervieu, M.&#160;Iordanoff, Mme&#160;Laernoes, M.&#160;Lahais, M.&#160;Lucas-Lundy, M.&#160;Peytavie, Mme&#160;Pochon, M.&#160;Raux, Mme&#160;Regol, M.&#160;Thierry, Mme&#160;Sandrine&#160;Rousseau, M.&#160;Ruffin, Mme&#160;Sas, Mme&#160;Sebaihi, Mme&#160;Simonnet, Mme&#160;Taill&#233;-Polian et M.&#160;Tavernier","I. – À l’alinéa 6, substituer aux mots : « cinq » le mot : « deux ». II. – En conséquence, au même alinéa 6, substituer aux mots : « aux 6° et 7° » les mots : « au 7° ». III. – En conséquence, compléter cet article par l'alinéa suivant : « II. – Le 2° du I n’affecte pas les mandats en cours et s’applique au prochain renouvellement des membres mentionnés au même 2°. »","Afin de garantir la présence de spécialistes en informatique et intelligence artificielle et de chercheurs au sein du collège de la CNIL, qui ne peuvent en principe être nommés que parmi les personnalités qualifiées au sein du collège, cet amendement de repli vise à intégrer au sein du collège de la Commission nationale de l’informatique et des libertés (CNIL) deux personnalités qualifiées provenant d’entreprises privées sans prévoir que les cinq doivent toutes provenir d’entreprises. Ainsi, les trois autres personnalités qualifiées pourront continuer à apporter à des profils et des compétences dont la Commission a besoin. Cet amendement définit par ailleurs les modalités d’application dans le temps de cette disposition afin de tenir compte de la jurisprudence européenne sur l’interruption des mandats en cours des membres des autorités administratives indépendantes (voir en ce sens CJUE, grande chambre, 8 avril 2014, Commission / Hongrie, C-288/12). Cet amendement a été travaillé avec ",1377,2025-04-04,,ia_calcul,/home/user/Operation_robespierre/Amendements/DLR5L16N49868/PRJLANR5L17BTC1191/AMANR5L17PO838901BTC1191P0D1N001373.json,Ozenne,Julie,Écologiste et Social,ECOS,Essonne
amendement,AMANR5L17PO838901BTC1191P0D1N001852,1852,17,AN,PRJLANR5L17BTC1191,PA721764,PO845407,PA719388|PA841927|PA267200|PA794486|PA719512|PA607395|PA719372|PA794658|PA719798|PA794802|PA840235|PA795950|PA721158|PA795144|PA722190|PA642935|PA719218|PA642695|PA606507|PA795990|PA794330|PA719890|PA722000|PA794798|PA721750|PA795330|PA842311|PA719922|PA793940|PA719472|PA795864|PA795908|PA719118|PA794982|PA722382|PA720154|PA722134|PA722366|PA719736|PA722358|PA721024|PA718674|PA721296|PA841709|PA720354|PA643184|PA721004|PA841693|PA720022|PA719412|PA719404|PA345722|PA719756|PA720342|PA721852|PA712014|PA795386|PA721134|PA841601|PA720446|PA717379|PA794206|PA719080|PA720146|PA677483|PA719338|PA720370|PA795176|PA795664|PA817203|PA795962|PA795722|PA719632|PA721916|PA335758|PA721426|PA720066|PA722252|PA795528|PA795888|PA793270|PA757225|PA793416|PA793122|PA332228|PA721458|PA720362|PA794810|PA842125|PA720190|PA719550|PA721584|PA795920|PA719822|PA722336|PA722102|PA721170|PA2960|PA795046,"Mme&#160;Olivia&#160;Gr&#233;goire,  Mme&#160;Le&#160;Meur, Mme&#160;Ronceret, M.&#160;Huyghe, Mme&#160;Spillebout, Mme&#160;Vignon, M.&#160;Travert, M.&#160;Kasbarian, M.&#160;Fait, M.&#160;Labaronne, M.&#160;Sitzenstuhl, M.&#160;Fr&#233;bault, M.&#160;Amiel, M.&#160;Anglade, M.&#160;Armand, M.&#160;Attal, M.&#160;Becht, M.&#160;Berville, M.&#160;Bothorel, M.&#160;Boudi&#233;, Mme&#160;Bregeon, M.&#160;Brosse, Mme&#160;Brulebois, M.&#160;Buchou, Mme&#160;Buffet, Mme&#160;Calvez, Mme&#160;Caroit, M.&#160;Caure, M.&#160;Causse, M.&#160;Cazenave, M.&#160;Jean-Ren&#233;&#160;Cazeneuve, M.&#160;Pierre&#160;Cazeneuve, M.&#160;Chenevard, M.&#160;Cormier-Bouligeon, Mme&#160;Delpech, M.&#160;Dirx, Mme&#160;Dubr&#233;-Chirat, M.&#160;Fi&#233;vet, M.&#160;Fugit, Mme&#160;Galliard-Minier, M.&#160;Gassilloud, Mme&#160;Genetet, Mme&#160;Givernet, M.&#160;Gouffier&#160;Valente, Mme&#160;Hoffman, M.&#160;Jacques, Mme&#160;Klinkert, Mme&#160;Lakrafi, M.&#160;Laussucq, M.&#160;Lauzzana, Mme&#160;Le&#160;Feur, M.&#160;Le&#160;Gac, Mme&#160;Le&#160;Grip, Mme&#160;Le&#160;Nabour, Mme&#160;Le&#160;Peih, Mme&#160;Lebec, M.&#160;Ledoux, M.&#160;Lef&#232;vre, M.&#160;Lescure, Mme&#160;Levasseur, Mme&#160;Liso, M.&#160;Maillard, M.&#160;Marion, Mme&#160;Marsaud, M.&#160;Mass&#233;glia, M.&#160;Mazars, Mme&#160;Melchior, M.&#160;Mendes, M.&#160;Metzdorf, M.&#160;Midy, Mme&#160;Miller, Mme&#160;Missoffe, M.&#160;Olive, Mme&#160;Panonacle, Mme&#160;Pouzyreff, M.&#160;Riester, Mme&#160;Riotton, Mme&#160;Rist, Mme&#160;Rixain, M.&#160;Rodwell, Mme&#160;Rousselot, M.&#160;Rousset, M.&#160;Seo, M.&#160;Sertin, M.&#160;Daubi&#233;, M.&#160;Benoit, M.&#160;Roseren, M.&#160;Belhaddad, Mme&#160;Morel, M.&#160;Lam, M.&#160;Sorre, Mme&#160;Liliana&#160;Tanguy, M.&#160;Terlier, Mme&#160;Thevenot, Mme&#160;Thillaye, M.&#160;Thi&#233;baut, Mme&#160;Vidal, M.&#160;Vojetta, M.&#160;Woerth et Mme&#160;Yadan","Compléter cet article par l’alinéa suivant : « IV. – Au deuxième alinéa de l’article 226-22 du code pénal, les mots : « de trois ans d’emprisonnement et » sont supprimés. »","Conformément à l’article 226-22 code pénal le chef d’entreprise peut être condamné à une peine d’emprisonnement lorsqu’il porte à la connaissance d’un tiers, sans autorisation de l’intéressé, des données à caractère personnel dont la divulgation aurait pour effet de porter atteinte à la considération de l’intéressé ou à l’intimité de sa vie privée. La possibilité pour un chef d'entreprise d'être condamné à une peine d'emprisonnement pour une divulgation non autorisée de données personnelles, même par imprudence ou négligence, semble disproportionnée par rapport à la nature de l'infraction. Comme évoqué, le RGPD est une réglementation complexe à connaître pour le dirigeant de TPE- PME, ce qui peut conduire à des erreurs commises par imprudence. Sanctionner d’emprisonnement l’entrepreneur en cas de faute non-intentionnelle paraît donc disproportionné. C’est pourquoi, il est proposé de supprimer les peines d’emprisonnement en cas de non-respect de la ",1314,2025-04-04,,souverainete_numerique,/home/user/Operation_robespierre/Amendements/DLR5L16N49868/PRJLANR5L17BTC1191/AMANR5L17PO838901BTC1191P0D1N001852.json,Grégoire,Olivia,Ensemble pour la République,EPR,Paris
amendement,AMANR5L17PO838901BTC1191P0D1N002435,2435,17,AN,PRJLANR5L17BTC1191,PA794702,PO845454,,Mme&#160;Lingemann,"Substituer à l’alinéa 11 les trois alinéas suivants : « Seuls les projets de centre de données dont le propriétaire ou l’opérateur remplit les conditions suivantes peuvent bénéficier des dispositions du présent I bis « 1° Les siège statutaire, administration centrale et principal établissement sont établis au sein d’un État membre de l’Union Européenne « 2° Le capital social et les droits de vote dans la société ne sont pas, directement ou indirectement, individuellement détenus à plus de 24 % e","L’alinéa concerné, tel qu’adopté en commission, ouvre le bénéfice du dispositif de projet d’intérêt national majeur (PINM) aux entreprises européennes, ainsi qu’aux entreprises extra-européennes à condition que ces dernières assurent un niveau de protection des données à caractère personnel équivalent à celui du règlement général sur la protection des données (RGPD). Ce mécanisme repose sur la notion d’« équivalence de protection », appréciée au regard des décisions d’adéquation rendues par la Commission européenne. Or, cette notion, outre son caractère mouvant, présente une fragilité juridique importante. La décision d’adéquation du 10 juillet 2023, conclue entre l’Union européenne et les États-Unis, en constitue une illustration parlante : bien qu’elle autorise la libre circulation des données entre les deux blocs, elle est déjà l’objet de nombreuses critiques et fait l’objet d’un recours devant la Cour de justice de l’Union européenne. Ce scénario est d’autant plus préoccupant que d",3818,2025-04-04,,cloud|data_center|souverainete_numerique,/home/user/Operation_robespierre/Amendements/DLR5L16N49868/PRJLANR5L17BTC1191/AMANR5L17PO838901BTC1191P0D1N002435.json,Lingemann,Delphine,Les Démocrates,DEM,Puy-de-Dôme
amendement,AMANR5L17PO838901BTC1191P0D1N001874,1874,17,AN,PRJLANR5L17BTC1191,PA330240,PO847173,PA841207|PA841769|PA841067|PA267561|PA840889|PA840701|PA840721|PA793322|PA840773|PA840983|PA841183|PA841395|PA840657|PA840685|PA840809,"M.&#160;Ciotti,  M.&#160;Alloncle, M.&#160;Michoux, M.&#160;Allegret-Pilot, Mme&#160;Bar&#232;ges, M.&#160;Bloch, M.&#160;Chaix, M.&#160;Chavent, Mme&#160;D&apos;Intorni, M.&#160;Fayssat, M.&#160;Lenoir, Mme&#160;Mansouri, M.&#160;Michelet, Mme&#160;Ricourt&#160;Vaginay, M.&#160;Tr&#233;buchet et M.&#160;Verny",Supprimer cet article.,"Cet amendement déposé par le Groupe UDR vise à supprimer l'article 4 de ce projet de loi. L'amendement vise à supprimer l’obligation faite aux personnes morales de droit public ainsi qu’aux organismes de sécurité sociale de recourir à la plateforme de dématérialisation des marchés publics « PLACE », mise gratuitement à disposition par l’État. Si l’intention initiale d'harmoniser et simplifier les procédures de passation des marchés publics, mutualiser les coûts et faciliter l’accès à la commande publique, peut être saluée, plusieurs réserves sérieuses doivent être formulées quant à la mise en œuvre d’une telle obligation. En premier lieu, l’instauration d’un quasi-monopole public dans le domaine de la dématérialisation des marchés soulève une problématique économique et concurrentielle majeure. En centralisant les publications et échanges autour d’une unique plateforme étatique, on fragilise durablement l’écosystème constitué d’éditeurs privés, de plateformes numériques concurrentes, m",2117,2025-04-04,,data_center|souverainete_numerique,/home/user/Operation_robespierre/Amendements/DLR5L16N49868/PRJLANR5L17BTC1191/AMANR5L17PO838901BTC1191P0D1N001874.json,Ciotti,Éric,Union des droites pour la République,UDDPLR,Alpes-Maritimes
amendement,AMANR5L17PO838901BTC1191P0D1N001775,1775,17,AN,PRJLANR5L17BTC1191,PA793744,PO845413,PA795228|PA793262|PA794906|PA794138|PA795588|PA795084|PA842105|PA841657|PA720430|PA793772|PA795616|PA793444|PA794938|PA795318|PA841023|PA796090|PA793912|PA842187|PA842037|PA791812|PA793736|PA721202|PA795136|PA793464|PA842155|PA795200|PA795844,"Mme&#160;Stambach-Terrenoir,  Mme&#160;Abomangoli, M.&#160;Alexandre, M.&#160;Amard, Mme&#160;Amiot, Mme&#160;Amrani, M.&#160;Arenas, M.&#160;Arnault, Mme&#160;Belouassa-Cherifi, M.&#160;Bernalicis, M.&#160;Bex, M.&#160;Bilongo, M.&#160;Bompard, M.&#160;Boumertit, M.&#160;Boyard, M.&#160;Cadalen, M.&#160;Caron, M.&#160;Carri&#232;re, Mme&#160;Cathala, M.&#160;Cernon, Mme&#160;Chikirou, M.&#160;Clouet, M.&#160;Coquerel, M.&#160;Coulomme, M.&#160;Delogu, M.&#160;Diouara, Mme&#160;Dufour et Mme&#160;Erodi",Supprimer cet article.,"Par cet amendement, les député.es LFI-NFP s'opposent à la réforme du collège de la CNIL qui ne vise qu'à l'entrisme des intérêts privés, et contre l'avis même de la Commission. Introduite en commission, cette mesure qui met mal à l'aise jusqu'au gouvernement, modifie la nature-même de son collège. Les cinq personnalités qualifiées qui y siègent, aujourd’hui choisies pour leur connaissance du numérique et des questions touchant aux libertés individuelles, seraient remplacées par des personnalités issues d'entreprises privées. Il s'agit ni plus ni moins de créer un nouveau mécanisme d'auto-régulation pour les entreprises, dont on connait la caractère illusoire. En effet, le collège siège notamment pour adopter les avis sur les projets de textes qui lui sont soumis par le Gouvernement ou pour émettre des actes de droit souple (référentiels, recommandations). La CNIL nous a alertés, dans ses observations sur le présent projet de loi : cette disposition ""risque de priver le collège de profi",2598,2025-04-04,,souverainete_numerique|ia_calcul,/home/user/Operation_robespierre/Amendements/DLR5L16N49868/PRJLANR5L17BTC1191/AMANR5L17PO838901BTC1191P0D1N001775.json,Stambach-Terrenoir,Anne,La France insoumise - Nouveau Front Populaire,LFI-NFP,Haute-Garonne
amendement,AMANR5L17PO838901BTC1191P0D1N002221,2221,17,AN,PRJLANR5L17BTC1191,PA793744,PO845413,PA795228|PA793262|PA794906|PA794138|PA795588|PA795084|PA842105|PA841657|PA720430|PA793772|PA795616|PA793444|PA794938|PA795318|PA841023|PA796090|PA793912|PA842187|PA842037|PA791812|PA793736|PA721202|PA795136|PA793464|PA842155|PA795200|PA795844|PA841251|PA794786|PA794870|PA796070|PA795310|PA794478|PA841947|PA794082|PA794130|PA720846|PA841729|PA795516|PA841515|PA795672|PA795108|PA795298|PA791824|PA842029|PA793532|PA795746|PA342384|PA795422|PA794686|PA841215|PA795482|PA610654|PA841191|PA721960|PA793872|PA720892|PA817211|PA793756|PA796062|PA719578|PA721062|PA841845|PA795982|PA795466|PA720952|PA794106|PA794166|PA795164|PA795596,"Mme&#160;Stambach-Terrenoir,  Mme&#160;Abomangoli, M.&#160;Alexandre, M.&#160;Amard, Mme&#160;Amiot, Mme&#160;Amrani, M.&#160;Arenas, M.&#160;Arnault, Mme&#160;Belouassa-Cherifi, M.&#160;Bernalicis, M.&#160;Bex, M.&#160;Bilongo, M.&#160;Bompard, M.&#160;Boumertit, M.&#160;Boyard, M.&#160;Cadalen, M.&#160;Caron, M.&#160;Carri&#232;re, Mme&#160;Cathala, M.&#160;Cernon, Mme&#160;Chikirou, M.&#160;Clouet, M.&#160;Coquerel, M.&#160;Coulomme, M.&#160;Delogu, M.&#160;Diouara, Mme&#160;Dufour, Mme&#160;Erodi, Mme&#160;Feld, M.&#160;Fernandes, Mme&#160;Ferrer, M.&#160;Gaillard, Mme&#160;Guett&#233;, M.&#160;Guiraud, Mme&#160;Hamdane, Mme&#160;Hignet, M.&#160;Kerbrat, M.&#160;Lachaud, M.&#160;Lahmar, M.&#160;Laisney, M.&#160;Le&#160;Coq, M.&#160;Le&#160;Gall, Mme&#160;Leboucher, M.&#160;Legavre, Mme&#160;Legrain, Mme&#160;Lejeune, Mme&#160;Lepvraud, M.&#160;L&#233;aument, Mme&#160;&#201;lisa&#160;Martin, M.&#160;Maudet, Mme&#160;Maximi, Mme&#160;Mesmeur, Mme&#160;Manon&#160;Meunier, M.&#160;Nilor, Mme&#160;Nosb&#233;, Mme&#160;Obono, Mme&#160;Oziol, Mme&#160;Panot, M.&#160;Pilato, M.&#160;Piquemal, M.&#160;Portes, M.&#160;Prud&apos;homme, M.&#160;Ratenon, M.&#160;Saint-Martin, M.&#160;Saintoul, Mme&#160;Soudais, M.&#160;Tach&#233;, Mme&#160;Taurinya, M.&#160;Tavel, Mme&#160;Trouv&#233; et M.&#160;Vannier",Supprimer l’alinéa 9.,"Cet amendement du groupe LFI-NFP vise à la suppression de l'alinéa 9 de l'article 15, qui prévoit de permettre, par décret, de qualifier un centre de données de projet d'intérêt national majeur. Cela aura pour effet, notamment, de faciliter la destruction d'espèces et d'habitats protégés pour l'implantation de projets de datas center, et plus globalement, de réduire les exigences environnementales et d'urbanisme qui s'imposeront pour l'implantation de data centers, sans lien avec les besoins et les exigences de la bifurcation écologique. Ce statut de projet d'intérêt national majeur (PINM), instauré par la loi industrie verte de 2023, permet en effet de bénéficier des mesures d’accélération suivantes : - Mise en compatibilité des documents de planification ou d’urbanisme par l’État. Le préfet pourra délivrer ensuite directement le permis de construire ; - Reconnaissance anticipée de la raison impérative d’intérêt public majeur (RIIPM) du projet, soit l’une des conditions nécessaires à ",1734,2025-04-04,,data_center,/home/user/Operation_robespierre/Amendements/DLR5L16N49868/PRJLANR5L17BTC1191/AMANR5L17PO838901BTC1191P0D1N002221.json,Stambach-Terrenoir,Anne,La France insoumise - Nouveau Front Populaire,LFI-NFP,Haute-Garonne
amendement,AMANR5L17PO838901BTC1191P0D1N001902,1902,17,AN,PRJLANR5L17BTC1191,PA841575,PO845401,PA793432|PA841495|PA796118|PA842279|PA794562|PA793374|PA793238|PA793158|PA841645|PA794434|PA720822|PA842001|PA794886|PA841487|PA793844|PA793182|PA841131|PA840075|PA793134|PA720468|PA794198|PA796042|PA720668|PA793548|PA840159|PA795644|PA642988|PA793166|PA794762|PA793146|PA793928|PA842073|PA840135|PA841761|PA793246|PA841621|PA840801|PA840143|PA794678|PA793892|PA841139|PA840119|PA841613|PA793832|PA841605|PA793362|PA794418|PA793592|PA840757|PA793102|PA796034|PA841451|PA841737|PA794734|PA793218|PA795900|PA793632|PA842085|PA794598|PA794030|PA841749|PA841075|PA841439|PA840869|PA794354|PA795912|PA841837|PA720614|PA796026|PA840857|PA793290|PA793608|PA840967|PA793672|PA793904|PA721932|PA841873|PA795974|PA794590|PA841587|PA841563|PA794530|PA840837|PA794770|PA841825|PA793314|PA793330|PA793616|PA719436|PA793852|PA840915|PA793696|PA793354|PA795786|PA794322|PA795552|PA794670|PA841199|PA794582|PA793656|PA795966|PA793230|PA793254|PA841955|PA841981|PA842227|PA794442|PA795410|PA842097|PA794894|PA794570|PA794954|PA796050|PA842255|PA793382|PA795778|PA794502|PA841553|PA793298|PA840781|PA794946|PA841479,"M.&#160;Vos,  M.&#160;Allisio, M.&#160;Amblard, Mme&#160;Auzanot, Mme&#160;Bamana, M.&#160;Ballard, M.&#160;Baubry, M.&#160;Barth&#232;s, M.&#160;Beaurain, M.&#160;Bernhardt, M.&#160;Bentz, M.&#160;Bilde, M.&#160;Bigot, Mme&#160;Blanc, M.&#160;Boulogne, Mme&#160;Bordes, M.&#160;Bovet, Mme&#160;Bouquin, M.&#160;Casterman, M.&#160;Buisson, M.&#160;Chenu, M.&#160;Chudeau, M.&#160;Boccaletti, M.&#160;Blairy, Mme&#160;Colombier, M.&#160;Clavet, Mme&#160;Da&#160;Conceicao&#160;Carvalho, M.&#160;de&#160;L&#233;pinau, M.&#160;Dessigny, Mme&#160;Dogor-Such, M.&#160;Dragon, Mme&#160;Diaz, M.&#160;Dussausaye, M.&#160;Dufosset, M.&#160;Dutremble, M.&#160;Falcon, M.&#160;Evrard, M.&#160;Fouquart, M.&#160;Florquin, M.&#160;Frapp&#233;, Mme&#160;Galzy, M.&#160;Gabarron, Mme&#160;Delannoy, M.&#160;de&#160;Fleurian, M.&#160;Gillet, M.&#160;Golliot, M.&#160;Gonzalez, Mme&#160;Florence&#160;Goulet, Mme&#160;Grangier, Mme&#160;Griseti, M.&#160;Christian&#160;Girard, M.&#160;Giletti, M.&#160;Guibert, M.&#160;Gery, M.&#160;Guiniot, M.&#160;Guitton, Mme&#160;Hamelet, M.&#160;Houssin, M.&#160;Humbert, M.&#160;Jacobelli, M.&#160;Jolly, Mme&#160;Joncour, Mme&#160;Josserand, M.&#160;Jenft, Mme&#160;Joubert, Mme&#160;Laporte, Mme&#160;Lavalette, M.&#160;Le&#160;Bourgeois, Mme&#160;Le&#160;Pen, Mme&#160;Lechanteux, Mme&#160;Lechon, Mme&#160;Lelouis, Mme&#160;Levavasseur, M.&#160;Lioret, Mme&#160;Loir, M.&#160;Lopez-Liguori, Mme&#160;Lorho, M.&#160;Limongi, M.&#160;Lottiaux, M.&#160;Loubet, M.&#160;David&#160;Magnier, Mme&#160;Marais-Beuil, M.&#160;Marchio, M.&#160;Markowsky, Mme&#160;Martinez, M.&#160;Patrice&#160;Martin, Mme&#160;Alexandra&#160;Masson, M.&#160;Bryan&#160;Masson, M.&#160;Mauvieux, M.&#160;Meizonnet, M.&#160;Meurin, M.&#160;Monnier, M.&#160;Muller, Mme&#160;M&#233;lin, Mme&#160;M&#233;nach&#233;, M.&#160;M&#233;nag&#233;, M.&#160;Odoul, Mme&#160;Parmentier, M.&#160;Perez, M.&#160;Pfeffer, Mme&#160;Pollet, M.&#160;Rambaud, Mme&#160;Ranc, M.&#160;Rancoule, M.&#160;Renault, Mme&#160;Rimbert, M.&#160;Rivi&#232;re, Mme&#160;Robert-Dehault, Mme&#160;Roullaud, Mme&#160;Roy, Mme&#160;Sabatini, M.&#160;Sabatou, M.&#160;Salmon, M.&#160;Schreck, Mme&#160;Sicard, M.&#160;Tach&#233;&#160;de&#160;la&#160;Pagerie, M.&#160;Jean-Philippe&#160;Tanguy, M.&#160;Taverne, M.&#160;Tesson, M.&#160;Tivoli, M.&#160;Tonussi, M.&#160;Villedieu et M.&#160;Weber","L’article L. 122-3 du code de l’environnement est complété par un III ainsi rédigé : « III-. L’étude d’impact inclue toute information permettant d’évaluer si le projet est conforme aux exigences de l’article des articles L411-1 du code de l’environnement et, le cas échéant, s’il répond à une raison impérative d'intérêt public majeur au sens du c du 4° de l’article L411-2 du même code ».","Cet amendement tend à ce que la déclaration d’utilité publique (DUP) concernant un projet de construction indique si ledit projet est conforme aux exigences de la protection de l’environnement. En effet la délivrance de la DUP exige déjà l’accomplissement d’une étude d’impact prenant en compte les conséquences environnementales du projet. Néanmoins, en application de la théorie de l’indépendance des législations, même en cas de validation définitive de la DUP, le projet peut être annulé postérieurement sur le fondement d’une illégalité de l’autorisation environnementale qui lui a été accordée. Ainsi le projet d’autoroute A 69 – pourtant reconnu d’utilité publique - est-il pour le moment arrêté, un tribunal administratif ayant conclu à l’illégalité de l’autorisation environnementale. De même, pourraient être entravés les projets d’infrastructures comme les centres de données numériques, essentiels au développement futur de notre pays dans le domaine de l’intelligence artificielle. Cette",1796,2025-04-04,,data_center|ia_calcul,/home/user/Operation_robespierre/Amendements/DLR5L16N49868/PRJLANR5L17BTC1191/AMANR5L17PO838901BTC1191P0D1N001902.json,Vos,Frédéric-Pierre,Rassemblement National,RN,Oise
amendement,AMANR5L17PO838901BTC1191P0D1N001624,1624,17,AN,PRJLANR5L17BTC1191,PA841191,PO845413,PA795228|PA793262|PA794906|PA794138|PA795588|PA795084|PA842105|PA841657|PA720430|PA793772|PA795616|PA793444|PA794938|PA795318|PA841023|PA796090|PA793912|PA842187|PA842037|PA791812|PA793736|PA721202|PA795136|PA793464|PA842155|PA795200|PA795844|PA841251|PA794786|PA794870|PA796070|PA795310|PA794478|PA841947|PA794082|PA794130|PA720846|PA841729|PA795516|PA841515|PA795672|PA795108|PA795298|PA791824|PA842029|PA793532|PA795746|PA342384|PA795422|PA794686|PA841215|PA795482|PA610654|PA721960|PA793872|PA720892|PA817211|PA793756|PA796062|PA719578|PA721062|PA841845|PA795982|PA795466|PA793744|PA720952|PA794106|PA794166|PA795164|PA795596,"Mme&#160;Nosb&#233;,  Mme&#160;Abomangoli, M.&#160;Alexandre, M.&#160;Amard, Mme&#160;Amiot, Mme&#160;Amrani, M.&#160;Arenas, M.&#160;Arnault, Mme&#160;Belouassa-Cherifi, M.&#160;Bernalicis, M.&#160;Bex, M.&#160;Bilongo, M.&#160;Bompard, M.&#160;Boumertit, M.&#160;Boyard, M.&#160;Cadalen, M.&#160;Caron, M.&#160;Carri&#232;re, Mme&#160;Cathala, M.&#160;Cernon, Mme&#160;Chikirou, M.&#160;Clouet, M.&#160;Coquerel, M.&#160;Coulomme, M.&#160;Delogu, M.&#160;Diouara, Mme&#160;Dufour, Mme&#160;Erodi, Mme&#160;Feld, M.&#160;Fernandes, Mme&#160;Ferrer, M.&#160;Gaillard, Mme&#160;Guett&#233;, M.&#160;Guiraud, Mme&#160;Hamdane, Mme&#160;Hignet, M.&#160;Kerbrat, M.&#160;Lachaud, M.&#160;Lahmar, M.&#160;Laisney, M.&#160;Le&#160;Coq, M.&#160;Le&#160;Gall, Mme&#160;Leboucher, M.&#160;Legavre, Mme&#160;Legrain, Mme&#160;Lejeune, Mme&#160;Lepvraud, M.&#160;L&#233;aument, Mme&#160;&#201;lisa&#160;Martin, M.&#160;Maudet, Mme&#160;Maximi, Mme&#160;Mesmeur, Mme&#160;Manon&#160;Meunier, M.&#160;Nilor, Mme&#160;Obono, Mme&#160;Oziol, Mme&#160;Panot, M.&#160;Pilato, M.&#160;Piquemal, M.&#160;Portes, M.&#160;Prud&apos;homme, M.&#160;Ratenon, M.&#160;Saint-Martin, M.&#160;Saintoul, Mme&#160;Soudais, Mme&#160;Stambach-Terrenoir, M.&#160;Tach&#233;, Mme&#160;Taurinya, M.&#160;Tavel, Mme&#160;Trouv&#233; et M.&#160;Vannier",Supprimer l'alinéa 7.,"Par cet amendement de repli, les député.es du groupe LFI-NFP proposent a minima de supprimer la dérogation prévue par cet article 23. La droite sénatoriale a prévu une dérogation aux règles relatives au droit de communication des documents administratifs s'agissant des documents reçus ou produits par la Commission nationale de l’informatique et des libertés dans le cadre de l’instruction des demandes de conseil ou des programmes d’accompagnement aux entreprises, sous prétexte d'encourager le recours à ces services par ces dernières. Or, permettre aux entreprises de déroger à ces règles de communication, qui permettent à tout à chacun d'accéder à la plupart des documents administratifs (soit en ligne soit en en faisant la demande) pose un évident problème de transparence, la CNIL ayant vocation à préserver les libertés individuelles à l’ère du tout numérique, en accompagnant et en contrôlant l’usage des données personnelles. A titre d'exemple, de telles dérogations sont aujourd'hui très",2268,2025-04-04,,souverainete_numerique|ia_calcul,/home/user/Operation_robespierre/Amendements/DLR5L16N49868/PRJLANR5L17BTC1191/AMANR5L17PO838901BTC1191P0D1N001624.json,Nosbé,Sandrine,La France insoumise - Nouveau Front Populaire,LFI-NFP,Isère
amendement,AMANR5L17PO838901BTC1191P0D1N001532,1532,17,AN,PRJLANR5L17BTC1191,PA795362,PO845439,PA610968|PA793780|PA588884|PA841701|PA795454|PA840997|PA841885|PA794008|PA721210|PA793452|PA841351|PA795010|PA841419|PA842013|PA840947,"Mme&#160;Belluco,  M.&#160;Amirshahi, Mme&#160;Arrighi, Mme&#160;Autain, Mme&#160;Balage&#160;El&#160;Mariky, M.&#160;Ben&#160;Cheikh, M.&#160;Biteau, M.&#160;Arnaud&#160;Bonnet, Mme&#160;Chatelain, M.&#160;Corbi&#232;re, M.&#160;Davi, M.&#160;Duplessy, Mme&#160;Garin, M.&#160;Damien&#160;Girard, M.&#160;Gustave et Mme&#160;Catherine&#160;Hervieu",Supprimer les alinéas 8 à 16.,"Le groupe écologiste est opposé à la notion de la notion de PINM, plus encore à son extension aux data centers. Il faut donc supprimer ces alinéas.",177,2025-04-04,,data_center,/home/user/Operation_robespierre/Amendements/DLR5L16N49868/PRJLANR5L17BTC1191/AMANR5L17PO838901BTC1191P0D1N001532.json,Belluco,Lisa,Écologiste et Social,ECOS,Vienne
amendement,AMANR5L17PO838901BTC1191P0D1N001606,1606,17,AN,PRJLANR5L17BTC1191,PA793980,PO845439,PA610968|PA793780|PA588884|PA841701|PA2940|PA795362|PA795454|PA840997|PA841885|PA841507|PA794008|PA721210|PA793452|PA841351|PA795010|PA841419|PA842013|PA840947|PA794022|PA794146|PA841223|PA795636|PA842045|PA793708|PA793664|PA794154|PA794778|PA793948|PA795076|PA722142|PA610002|PA795808|PA796018|PA736201|PA841713,"M.&#160;Fournier,  M.&#160;Amirshahi, Mme&#160;Arrighi, Mme&#160;Autain, Mme&#160;Balage&#160;El&#160;Mariky, Mme&#160;Voynet, Mme&#160;Belluco, M.&#160;Ben&#160;Cheikh, M.&#160;Biteau, M.&#160;Arnaud&#160;Bonnet, M.&#160;Nicolas&#160;Bonnet, Mme&#160;Chatelain, M.&#160;Corbi&#232;re, M.&#160;Davi, M.&#160;Duplessy, Mme&#160;Garin, M.&#160;Damien&#160;Girard, M.&#160;Gustave, Mme&#160;Catherine&#160;Hervieu, M.&#160;Iordanoff, Mme&#160;Laernoes, M.&#160;Lahais, M.&#160;Lucas-Lundy, Mme&#160;Ozenne, M.&#160;Peytavie, Mme&#160;Pochon, M.&#160;Raux, Mme&#160;Regol, M.&#160;Thierry, Mme&#160;Sandrine&#160;Rousseau, M.&#160;Ruffin, Mme&#160;Sas, Mme&#160;Sebaihi, Mme&#160;Simonnet, Mme&#160;Taill&#233;-Polian et M.&#160;Tavernier","Après le premier alinéa du 2° du II de l’article L. 229‑26 du code de l’environnement, il est inséré un alinéa ainsi rédigé : « Ce programme d’actions comporte un volet spécifique sur la stratégie en matière d’implantation équilibrée des centres de données sur le territoire en cohérence avec les objectifs d’atténuation et d’adaptation au changement climatique et de consommation d’espace de ces infrastructures. »","Le travail de connaissance des centres de données du territoire mené par le SCOT et l’identification des enjeux spécifiques et stratégiques liés identifiés dans le PADD, doivent nécessairement être menés en étroite collaboration avec les Plans Climat Air Énergie Territoriaux (PCAET), qui intègrent désormais des actions liées à la réduction de l’empreinte environnementale du numérique, en anticipant les risques climatiques propres à chaque territoire (inondations, sécheresses, sensibilité aux canicules...) et les éventuels documents sur la stratégie foncière des territoires. L'un des enjeux majeurs pour une meilleure intégration des centres de données dans les territoires consiste en l'élaboration de stratégies énergétiques/foncières/numériques croisées et connectées. Cet amendement vise à rationaliser la politique d’implantation des centres de données en croisant les documents d’urbanisme et climat-air-énergie pour une meilleure intégration dans les territoires, en prenant en compte le",1565,2025-04-04,,data_center,/home/user/Operation_robespierre/Amendements/DLR5L16N49868/PRJLANR5L17BTC1191/AMANR5L17PO838901BTC1191P0D1N001606.json,Fournier,Charles,Écologiste et Social,ECOS,Indre-et-Loire
amendement,AMANR5L17PO838901BTC1191P0D1N000232,232,17,AN,PRJLANR5L17BTC1191,PA718784,PO845425,PA721442|PA642725|PA719272|PA720386|PA722390|PA793508,"M.&#160;Pauget,  Mme&#160;Petex, M.&#160;Li&#233;geon, Mme&#160;Fr&#233;d&#233;rique&#160;Meunier, M.&#160;Di&#160;Filippo, Mme&#160;Corneloup et M.&#160;Brigand","I. – À la fin du III l’article L. 135 D du livre des procédures fiscales, les mots : « , après avis favorable du comité du secret statistique institué par l’article 6 bis de la loi n° 51‑711 du 7 juin 1951 sur l’obligation, la coordination et le secret en matière de statistiques » sont supprimés. II. – L’article 6 bis de la loi n° 51‑711 du 7 juin 1951 sur l’obligation, la coordination et le secret en matière de statistiques est abrogé.","Le Comité du secret statistique veille au respect des règles du secret statistique et donne son avis sur les demandes de communication de données individuelles collectées par voie d’enquête statistique ou transmises au service statistique public, à des fins d’établissement des statistiques. Il constitue un doublon administratif avec la CNIL Commission nationale de l’informatique et des libertés régulateur des données personnelles. Le présent amendement vise donc à le supprimer.",923,2025-04-02,,souverainete_numerique,/home/user/Operation_robespierre/Amendements/DLR5L16N49868/PRJLANR5L17BTC1191/AMANR5L17PO838901BTC1191P0D1N000232.json,Pauget,Éric,Droite Républicaine,DR,Alpes-Maritimes
amendement,AMANR5L17PO838901BTC1191P0D1N002231,2231,17,AN,PRJLANR5L17BTC1191,PA793744,PO845413,PA795228|PA793262|PA794906|PA794138|PA795588|PA795084|PA842105|PA841657|PA720430|PA793772|PA795616|PA793444|PA794938|PA795318|PA841023|PA796090|PA793912|PA842187|PA842037|PA791812|PA793736|PA721202|PA795136|PA793464|PA842155|PA795200|PA795844|PA841251|PA794786|PA794870|PA796070|PA795310|PA794478|PA841947|PA794082|PA794130|PA720846|PA841729|PA795516|PA841515|PA795672|PA795108|PA795298|PA791824|PA842029|PA793532|PA795746|PA342384|PA795422|PA794686|PA841215|PA795482|PA610654|PA841191|PA721960|PA793872|PA720892|PA817211|PA793756|PA796062|PA719578|PA721062|PA841845|PA795982|PA795466|PA720952|PA794106|PA794166|PA795164|PA795596,"Mme&#160;Stambach-Terrenoir,  Mme&#160;Abomangoli, M.&#160;Alexandre, M.&#160;Amard, Mme&#160;Amiot, Mme&#160;Amrani, M.&#160;Arenas, M.&#160;Arnault, Mme&#160;Belouassa-Cherifi, M.&#160;Bernalicis, M.&#160;Bex, M.&#160;Bilongo, M.&#160;Bompard, M.&#160;Boumertit, M.&#160;Boyard, M.&#160;Cadalen, M.&#160;Caron, M.&#160;Carri&#232;re, Mme&#160;Cathala, M.&#160;Cernon, Mme&#160;Chikirou, M.&#160;Clouet, M.&#160;Coquerel, M.&#160;Coulomme, M.&#160;Delogu, M.&#160;Diouara, Mme&#160;Dufour, Mme&#160;Erodi, Mme&#160;Feld, M.&#160;Fernandes, Mme&#160;Ferrer, M.&#160;Gaillard, Mme&#160;Guett&#233;, M.&#160;Guiraud, Mme&#160;Hamdane, Mme&#160;Hignet, M.&#160;Kerbrat, M.&#160;Lachaud, M.&#160;Lahmar, M.&#160;Laisney, M.&#160;Le&#160;Coq, M.&#160;Le&#160;Gall, Mme&#160;Leboucher, M.&#160;Legavre, Mme&#160;Legrain, Mme&#160;Lejeune, Mme&#160;Lepvraud, M.&#160;L&#233;aument, Mme&#160;&#201;lisa&#160;Martin, M.&#160;Maudet, Mme&#160;Maximi, Mme&#160;Mesmeur, Mme&#160;Manon&#160;Meunier, M.&#160;Nilor, Mme&#160;Nosb&#233;, Mme&#160;Obono, Mme&#160;Oziol, Mme&#160;Panot, M.&#160;Pilato, M.&#160;Piquemal, M.&#160;Portes, M.&#160;Prud&apos;homme, M.&#160;Ratenon, M.&#160;Saint-Martin, M.&#160;Saintoul, Mme&#160;Soudais, M.&#160;Tach&#233;, Mme&#160;Taurinya, M.&#160;Tavel, Mme&#160;Trouv&#233; et M.&#160;Vannier","Après l’alinéa 12, insérer l’alinéa suivant : « Pour bénéficier des dispositions du présent I bis , les projets de centre de données doivent être implantés sur des surfaces déjà artificialisées. »","Cet amendement de repli du groupe LFI-NFP prévoit que seuls les projets de data center implantés sur des surfaces déjà artificialisées puissent être qualifiées par décret de projet d'intérêt national majeur (PINM), et bénéficier ainsi de certaines facilités d'urbanisme et environnementales. Le statut de PINM a pour effet de faciliter la destruction d'espèces et d'habitats protégés, cet amendement a pour objectif de prévenir ces destructions et de lutter contre l'artificialisation des sols.",691,2025-04-04,,data_center,/home/user/Operation_robespierre/Amendements/DLR5L16N49868/PRJLANR5L17BTC1191/AMANR5L17PO838901BTC1191P0D1N002231.json,Stambach-Terrenoir,Anne,La France insoumise - Nouveau Front Populaire,LFI-NFP,Haute-Garonne
amendement,AMANR5L17PO838901BTC1191P0D1N002324,2324,17,AN,PRJLANR5L17BTC1191,,,,le Gouvernement,"À l’alinéa 116, après le mot : « disposition » insérer les mots : « , à l’exception de celles dont la communication porterait atteinte aux intérêts de la défense nationale, ».","Le présent amendement vise à exclure du champ des données mises à disposition dans le cadre de travaux de recherche dans le domaine de la santé, les données dont la communication porterait atteinte aux intérêts de la défense nationale. En effet, quel que soit le champ d’analyse de ces données, dans la mesure où elles concernent le personnel militaire, il convient de les considérer comme sensibles pour les intérêts de la défense nationale. En effet, leur agrégation est susceptible de générer des informations opérationnelles de nature à affecter les missions ou la sécurité du personnel du ministère. Le rapprochement de ces données avec d’autres sources publiques ainsi qu’avec les réseaux sociaux (professionnels ou non) peut permettre, en fonction de la puissance de calcul mise en œuvre, l’identification de certains personnels.",1012,2025-04-04,,ia_calcul,/home/user/Operation_robespierre/Amendements/DLR5L16N49868/PRJLANR5L17BTC1191/AMANR5L17PO838901BTC1191P0D1N002324.json,,,,,
amendement,AMANR5L17PO838901BTC1191P0D1N002132,2132,17,AN,PRJLANR5L17BTC1191,PA841507,PO845439,PA610968|PA793780|PA588884|PA841701|PA795362|PA795454|PA841885|PA840997|PA794008|PA721210|PA793452|PA841351|PA793980|PA795010|PA841419|PA842013|PA840947|PA794022|PA794146|PA841223|PA795636|PA842045|PA793708|PA793664|PA794154|PA794778|PA795076|PA722142|PA610002|PA795808|PA796018|PA736201|PA841713|PA793948|PA2940,"M.&#160;Nicolas&#160;Bonnet,  M.&#160;Amirshahi, Mme&#160;Arrighi, Mme&#160;Autain, Mme&#160;Balage&#160;El&#160;Mariky, Mme&#160;Belluco, M.&#160;Ben&#160;Cheikh, M.&#160;Arnaud&#160;Bonnet, M.&#160;Biteau, Mme&#160;Chatelain, M.&#160;Corbi&#232;re, M.&#160;Davi, M.&#160;Duplessy, M.&#160;Fournier, Mme&#160;Garin, M.&#160;Damien&#160;Girard, M.&#160;Gustave, Mme&#160;Catherine&#160;Hervieu, M.&#160;Iordanoff, Mme&#160;Laernoes, M.&#160;Lahais, M.&#160;Lucas-Lundy, Mme&#160;Ozenne, M.&#160;Peytavie, Mme&#160;Pochon, M.&#160;Raux, Mme&#160;Regol, Mme&#160;Sandrine&#160;Rousseau, M.&#160;Ruffin, Mme&#160;Sas, Mme&#160;Sebaihi, Mme&#160;Simonnet, Mme&#160;Taill&#233;-Polian, M.&#160;Tavernier, M.&#160;Thierry et Mme&#160;Voynet","À l’alinéa 9, supprimer les mots : « d’investissement, ».","Cet amendement propose de revenir sur le critère du montant d’investissement dans les conditions qui permettent à un datacenter d’être qualifié par décret de projet national d’intérêt majeur (PINM). En effet, il n’existe aucun lien entre le montant de l’investissement réalisé pour un datacenter et sa contribution à l’intérêt général.",393,2025-04-04,,data_center,/home/user/Operation_robespierre/Amendements/DLR5L16N49868/PRJLANR5L17BTC1191/AMANR5L17PO838901BTC1191P0D1N002132.json,Bonnet,Nicolas,Écologiste et Social,ECOS,Puy-de-Dôme
amendement,AMANR5L17PO838901BTC1191P0D1N000678,678,17,AN,PRJLANR5L17BTC1191,PA722390,PO845425,PA793508|PA721442|PA794994|PA721816,"Mme&#160;Corneloup,  M.&#160;Brigand, Mme&#160;Petex, M.&#160;Portier et M.&#160;Boucard",Il ne peut être délivré de permis de construire pour un centre de données que dans les zones qui ne sont pas soumises à des tensions structurelles sur l’eau telles que définies au plan d’action pour une gestion résiliente et concertée de l’eau ou dans le plan national d’adaptation au changement climatique.,"Les projections concernant les pénuries d'eau en France à l'horizon 2040 sont préoccupantes, avec un déficit hydrique national estimé entre 2 et 4 milliards de mètres cubes par an. Les régions les plus fortement touchées connaîtront des déficits pouvant atteindre 50% des ressources actuelles en période estivale et les débits moyens des rivières pourraient diminuer de 10% à 40%, avec des baisses encore plus marquées en été. Cette situation entraînera de fortes tensions sur l’accès à l’eau. L'approvisionnement en eau potable sera sous tension dans près de 40% des communes. La production d'hydroélectricité pourrait baisser de 15 à 20%. Et l'agriculture sera particulièrement affectée, avec des réductions d'eau disponible pour l'irrigation. Sachant que les centres informatiques consomment de très grandes quantités d’eau douce, à la fois pour produire l’électricité et pour refroidir les équipements informatiques (une situation décuplée dans le cas de l’inte",1687,2025-04-03,,data_center|ia_calcul,/home/user/Operation_robespierre/Amendements/DLR5L16N49868/PRJLANR5L17BTC1191/AMANR5L17PO838901BTC1191P0D1N000678.json,Corneloup,Josiane,Droite Républicaine,DR,Saône-et-Loire
amendement,AMANR5L17PO838901BTC1191P0D1N001812,1812,17,AN,PRJLANR5L17BTC1191,PA842029,PO845413,PA841251|PA794786|PA794870|PA796070|PA795310|PA794478|PA841947|PA794082|PA794130|PA720846|PA841729|PA795516|PA841515|PA795672|PA795108|PA795298|PA791824|PA793532|PA795746|PA342384|PA795422|PA794686|PA841215|PA610654,"Mme&#160;Lejeune,  Mme&#160;Feld, M.&#160;Fernandes, Mme&#160;Ferrer, M.&#160;Gaillard, Mme&#160;Guett&#233;, M.&#160;Guiraud, Mme&#160;Hamdane, Mme&#160;Hignet, M.&#160;Kerbrat, M.&#160;Lachaud, M.&#160;Lahmar, M.&#160;Laisney, M.&#160;Le&#160;Coq, M.&#160;Le&#160;Gall, Mme&#160;Leboucher, M.&#160;Legavre, Mme&#160;Legrain, Mme&#160;Lepvraud, M.&#160;L&#233;aument, Mme&#160;&#201;lisa&#160;Martin, M.&#160;Maudet, Mme&#160;Maximi, Mme&#160;Mesmeur et M.&#160;Nilor",Supprimer cet article.,"Par cet amendement, les député.es LFI-NFP s'opposent à la réforme du collège de la CNIL qui ne vise qu'à l'entrisme des intérêts privés, et contre l'avis même de la Commission. Introduite en commission, cette mesure qui met mal à l'aise jusqu'au gouvernement, modifie la nature-même de son collège. Les cinq personnalités qualifiées qui y siègent, aujourd’hui choisies pour leur connaissance du numérique et des questions touchant aux libertés individuelles, seraient remplacées par des personnalités issues d'entreprises privées. Il s'agit ni plus ni moins de créer un nouveau mécanisme d'auto-régulation pour les entreprises, dont on connait la caractère illusoire. En effet, le collège siège notamment pour adopter les avis sur les projets de textes qui lui sont soumis par le Gouvernement ou pour émettre des actes de droit souple (référentiels, recommandations). La CNIL nous a alertés, dans ses observations sur le présent projet de loi : cette disposition ""risque de priver le collège de profi",2598,2025-04-04,,souverainete_numerique|ia_calcul,/home/user/Operation_robespierre/Amendements/DLR5L16N49868/PRJLANR5L17BTC1191/AMANR5L17PO838901BTC1191P0D1N001812.json,Lejeune,Claire,La France insoumise - Nouveau Front Populaire,LFI-NFP,Essonne
amendement,AMANR5L17PO838901BTC1191P0D1N001972,1972,17,AN,PRJLANR5L17BTC1191,PA793452,PO845439,PA610968|PA793780|PA588884|PA841701|PA795362|PA795454|PA840997|PA841885|PA841507|PA794008|PA721210|PA841351|PA793980|PA795010|PA841419|PA842013|PA840947|PA794022|PA794146|PA841223|PA795636|PA842045|PA793708|PA793664|PA794154|PA794778|PA795076|PA722142|PA610002|PA795808|PA796018|PA736201|PA841713|PA793948|PA2940,"M.&#160;Davi,  M.&#160;Amirshahi, Mme&#160;Arrighi, Mme&#160;Autain, Mme&#160;Balage&#160;El&#160;Mariky, Mme&#160;Belluco, M.&#160;Ben&#160;Cheikh, M.&#160;Biteau, M.&#160;Arnaud&#160;Bonnet, M.&#160;Nicolas&#160;Bonnet, Mme&#160;Chatelain, M.&#160;Corbi&#232;re, M.&#160;Duplessy, M.&#160;Fournier, Mme&#160;Garin, M.&#160;Damien&#160;Girard, M.&#160;Gustave, Mme&#160;Catherine&#160;Hervieu, M.&#160;Iordanoff, Mme&#160;Laernoes, M.&#160;Lahais, M.&#160;Lucas-Lundy, Mme&#160;Ozenne, M.&#160;Peytavie, Mme&#160;Pochon, M.&#160;Raux, Mme&#160;Regol, Mme&#160;Sandrine&#160;Rousseau, M.&#160;Ruffin, Mme&#160;Sas, Mme&#160;Sebaihi, Mme&#160;Simonnet, Mme&#160;Taill&#233;-Polian, M.&#160;Tavernier, M.&#160;Thierry et Mme&#160;Voynet","Compléter l’alinéa 9 par les mots : « , sous réserve que l’opération n’engendre pas d’artificialisation des sols au sens du neuvième alinéa de l’article L. 101‑2‑1 ».","Par cet amendement de repli, le groupe Écologiste et social entend s’opposer à la construction de centres de données dans les espaces non-artificialisés. En France, entre 20 000 et 30 000 hectares d’espaces naturels, agricoles et forestiers sont consommés chaque année. Ce phénomène se poursuit à un rythme 4 fois plus important que celui de l’augmentation de la population. En métropole, ce phénomène affecte notamment les prairies, qui sont des écosystèmes très riches : elles représentent le premier type de milieux détruit par l’artificialisation entre 1990 et 2018 (plus de 55 000 hectares détruits soit plus de 2 fois la superficie de Marseille). Le territoire français dispose de nombreuses friches industrielles et d’une grande quantité de zones déjà artificialisées pouvant accueillir des centres de données : les terres qui échappent encore au béton ne sauraient être sacrifiées pour satisfaire des intérêts privés.",1092,2025-04-04,,data_center,/home/user/Operation_robespierre/Amendements/DLR5L16N49868/PRJLANR5L17BTC1191/AMANR5L17PO838901BTC1191P0D1N001972.json,Davi,Hendrik,Écologiste et Social,ECOS,Bouches-du-Rhône
amendement,AMANR5L17PO838901BTC1191P0D1N000421,421,17,AN,PRJLANR5L17BTC1191,PA721584,PO845407,PA642695,M.&#160;Terlier et M.&#160;Bothorel,"I. – À la fin de l’alinéa 6, substituer aux mots : « proviennent d’entreprises privées » les mots : « ont une expérience reconnue dans le traitement des données personnelles ». II. – En conséquence, compléter le même alinéa 6 par les deux phrases suivantes : « Sur ces cinq membres, au moins trois exercent dans le secteur privé. Un décret en Conseil d’État précise les modalités d’application du présent alinéa. »","Cet amendement vise à réécrire l’alinéa 6 afin : - d’assouplir l’obligation de nommer des membres issus d’entreprises privées au sein du collège de la Commission nationale de l’informatique et des libertés (CNIL) ; - à des fins de clarification, de renvoyer à un décret en Conseil d’Etat permettant de préciser les modalités d’application, qui ne doivent pas interrompre les mandats en cours. Bien entendu, l’obligation s’appliquera au renouvellement des membres visés. Compte tenu de la complexité croissante des problématiques traitées par la CNIL et de la nécessité d’œuvrer en faveur d’une meilleure conciliation entre protection des données et développement d’une économie de la donnée, l’élargissement du collège de la CNIL paraît absolument nécessaire pour renforcer son expertise et assurer une meilleure prise en compte des enjeux liés à l’innovation et aux usages numériques. Alors même que la CNIL, de par ses missions, régule de larges pans de l’économie, son collège est marqué par l’abs",2304,2025-04-03,,souverainete_numerique,/home/user/Operation_robespierre/Amendements/DLR5L16N49868/PRJLANR5L17BTC1191/AMANR5L17PO838901BTC1191P0D1N000421.json,Terlier,Jean,Ensemble pour la République,EPR,Tarn
amendement,AMANR5L17PO838901BTC1191P0D1N002616,2616,17,AN,PRJLANR5L17BTC1191,,,,le Gouvernement,"À l’alinéa 9, substituer aux mots : « de puissance installée et de soutien » les mots : « et de puissance installée, et à sa contribution ».","Dans sa rédaction initiale, le texte permettait déjà l'octroi du statut PINM à des projets au titre de la contribution à la souveraineté nationale et l’ajout de la Commission ne semble pas strictement nécessaire au Gouvernement. Toutefois, le Gouvernement comprend votre préoccupation et je souhaite rappeler notre volonté que chaque projet d'implantation de data centers se déroule dans les meilleurs délais possibles, que ce soit des projets nationaux ou internationaux. La nouvelle formulation proposée permet que le critère de contribution à l’émergence d’écosystèmes domestiques compétitifs soit pleinement considéré, sans pour autant exclure des projets répondant à d’autres critères d’importance.",844,2025-04-04,,data_center,/home/user/Operation_robespierre/Amendements/DLR5L16N49868/PRJLANR5L17BTC1191/AMANR5L17PO838901BTC1191P0D1N002616.json,,,,,
amendement,AMANR5L17PO838901BTC1191P0D1N002236,2236,17,AN,PRJLANR5L17BTC1191,PA841067,PO847173,,M.&#160;Allegret-Pilot,"Substituer à l’alinéa 11 les trois alinéas suivants : « Seuls les projets de centre de données dont le propriétaire ou l’opérateur remplit les conditions suivantes peuvent bénéficier des dispositions du présent I bis « 1° Les siège statutaire, administration centrale et principal établissement sont établis au sein d’un État membre de l’Union Européenne « 2° Le capital social et les droits de vote dans la société ne sont pas, directement ou indirectement, individuellement détenus à plus de 24 % e","L’alinéa concerné, tel qu’adopté en commission, ouvre le bénéfice du dispositif de projet d’intérêt national majeur (PINM) aux entreprises européennes, ainsi qu’aux entreprises extra-européennes à condition que ces dernières assurent un niveau de protection des données à caractère personnel équivalent à celui du règlement général sur la protection des données (RGPD). Ce mécanisme repose sur la notion d’« équivalence de protection », appréciée au regard des décisions d’adéquation rendues par la Commission européenne. Or, cette notion, outre son caractère mouvant, présente une fragilité juridique importante. La décision d’adéquation du 10 juillet 2023, conclue entre l’Union européenne et les États-Unis, en constitue une illustration parlante : bien qu’elle autorise la libre circulation des données entre les deux blocs, elle est déjà l’objet de nombreuses critiques et fait l’objet d’un recours devant la Cour de justice de l’Union européenne. Ce scénario est d’autant plus préoccupant que d",3818,2025-04-04,,cloud|data_center|souverainete_numerique,/home/user/Operation_robespierre/Amendements/DLR5L16N49868/PRJLANR5L17BTC1191/AMANR5L17PO838901BTC1191P0D1N002236.json,Allegret-Pilot,Alexandre,Union des droites pour la République,UDDPLR,Gard
amendement,AMANR5L17PO838901BTC1191P0D1N002280,2280 (Rect),17,AN,PRJLANR5L17BTC1191,PA841207,PO847173,PA841769|PA841183|PA793852|PA793166|PA267561|PA841067,"M.&#160;Alloncle,  M.&#160;Michoux, Mme&#160;Mansouri, M.&#160;Meurin, M.&#160;Dessigny, Mme&#160;Bar&#232;ges et M.&#160;Allegret-Pilot","Après l’article 20‑1 de la loi n° 78‑17 du 6 janvier 1978 relative à l’informatique, aux fichiers et aux libertés, il est inséré un article 20‑2 ainsi rédigé : « Art. 20‑2 . – I. – Conformément à sa mission d’accompagnement des responsables de traitement et des sous-traitants, la Commission nationale de l’informatique et des libertés accorde un droit à l’erreur aux organismes ayant commis un manquement involontaire à leurs obligations en matière de protection des données personnelles. « II. – Ce","Si la Commission nationale de l’informatique et des libertés (CNIL) dispose déjà d’un pouvoir d’appréciation dans le cadre de ses contrôles, il n’existe pas aujourd’hui de dispositif formel instaurant un droit à l’erreur en matière de protection des données personnelles. Pourtant, dans d’autres domaines du droit, notamment avec la loi ESSOC (Loi pour un État au service d’une société de confiance), le législateur a déjà consacré le principe selon lequel une erreur commise de bonne foi ne doit pas nécessairement donner lieu à une sanction immédiate, à condition qu’elle soit corrigée rapidement. Le présent amendement vise donc à introduire un droit à l’erreur encadré pour les entreprises et les organismes publics en matière de protection des données personnelles. Ce droit s’appliquerait aux manquements involontaires et non graves, sous réserve qu’ils soient corrigés dans un délai raisonnable et que l’organisme concerné coopère pleinement avec la CNIL. Cet amendement vise ainsi offrir une ",3605,2025-04-04,,souverainete_numerique,/home/user/Operation_robespierre/Amendements/DLR5L16N49868/PRJLANR5L17BTC1191/AMANR5L17PO838901BTC1191P0D1N002280.json,Alloncle,Charles,Union des droites pour la République,UDDPLR,Hérault
amendement,AMANR5L17PO838901BTC1191P0D1N000132,132,17,AN,PRJLANR5L17BTC1191,PA642988,PO845401,PA793166|PA841605|PA793218|PA841837|PA793904|PA794590|PA719436|PA793852|PA842097|PA841955|PA794954|PA793382|PA841553|PA793432|PA841495|PA796118|PA794562|PA842279|PA793238|PA793374|PA793158|PA794434|PA841645|PA842001|PA720822|PA720668|PA794886|PA796042|PA793844|PA841487|PA841131|PA793182|PA793134|PA840075|PA720468|PA794198|PA840159|PA793548|PA795644|PA841613|PA840119|PA793928|PA794762|PA793146|PA840135|PA842073|PA841761|PA841621|PA793246|PA840143|PA840801|PA794678|PA841139|PA793892|PA841737|PA796034|PA793832|PA793102|PA793362|PA794418|PA793592|PA840757|PA841451|PA794734|PA795900|PA793632|PA842085|PA794598|PA841439|PA794030|PA841749|PA841075|PA840869|PA794354|PA795912|PA720614|PA796026|PA840857|PA793290|PA793608|PA841873|PA840967|PA793672|PA721932|PA795974|PA841587|PA841563|PA794530|PA840837|PA841825|PA794770|PA793314|PA793330|PA793616|PA840915|PA793696|PA793354|PA795786|PA794322|PA795552|PA794670|PA841199|PA794582|PA793656|PA795966|PA793230|PA793254|PA841981|PA842227|PA794442|PA795410|PA794894|PA794570|PA796050|PA842255|PA795778|PA794502|PA793298|PA840781|PA794946|PA841575|PA841479,"M.&#160;de&#160;L&#233;pinau,  M.&#160;Dessigny, M.&#160;Golliot, M.&#160;Guitton, M.&#160;Le&#160;Bourgeois, M.&#160;Lopez-Liguori, M.&#160;Loubet, M.&#160;Meizonnet, M.&#160;Meurin, Mme&#160;Roy, M.&#160;Renault, M.&#160;Salmon, M.&#160;Tach&#233;&#160;de&#160;la&#160;Pagerie, M.&#160;Tesson, M.&#160;Allisio, M.&#160;Amblard, Mme&#160;Auzanot, M.&#160;Ballard, Mme&#160;Bamana, M.&#160;Barth&#232;s, M.&#160;Baubry, M.&#160;Beaurain, M.&#160;Bentz, M.&#160;Bernhardt, M.&#160;Bigot, M.&#160;Bilde, M.&#160;Blairy, Mme&#160;Blanc, M.&#160;Boccaletti, Mme&#160;Bordes, M.&#160;Boulogne, Mme&#160;Bouquin, M.&#160;Bovet, M.&#160;Buisson, M.&#160;Casterman, M.&#160;Chenu, M.&#160;Chudeau, M.&#160;Clavet, Mme&#160;Colombier, Mme&#160;Da&#160;Conceicao&#160;Carvalho, M.&#160;de&#160;Fleurian, Mme&#160;Delannoy, Mme&#160;Diaz, Mme&#160;Dogor-Such, M.&#160;Dragon, M.&#160;Dufosset, M.&#160;Dussausaye, M.&#160;Dutremble, M.&#160;Evrard, M.&#160;Falcon, M.&#160;Florquin, M.&#160;Fouquart, M.&#160;Frapp&#233;, M.&#160;Gabarron, Mme&#160;Galzy, M.&#160;Gery, M.&#160;Giletti, M.&#160;Gillet, M.&#160;Christian&#160;Girard, M.&#160;Gonzalez, Mme&#160;Florence&#160;Goulet, Mme&#160;Grangier, Mme&#160;Griseti, M.&#160;Guibert, M.&#160;Guiniot, Mme&#160;Hamelet, M.&#160;Houssin, M.&#160;Humbert, M.&#160;Jacobelli, M.&#160;Jenft, M.&#160;Jolly, Mme&#160;Joncour, Mme&#160;Josserand, Mme&#160;Joubert, Mme&#160;Laporte, Mme&#160;Lavalette, Mme&#160;Le&#160;Pen, Mme&#160;Lechanteux, Mme&#160;Lechon, Mme&#160;Lelouis, Mme&#160;Levavasseur, M.&#160;Limongi, M.&#160;Lioret, Mme&#160;Loir, Mme&#160;Lorho, M.&#160;Lottiaux, M.&#160;David&#160;Magnier, Mme&#160;Marais-Beuil, M.&#160;Marchio, M.&#160;Markowsky, M.&#160;Patrice&#160;Martin, Mme&#160;Martinez, Mme&#160;Alexandra&#160;Masson, M.&#160;Bryan&#160;Masson, M.&#160;Mauvieux, M.&#160;Monnier, M.&#160;Muller, Mme&#160;M&#233;lin, Mme&#160;M&#233;nach&#233;, M.&#160;M&#233;nag&#233;, M.&#160;Odoul, Mme&#160;Parmentier, M.&#160;Perez, M.&#160;Pfeffer, Mme&#160;Pollet, M.&#160;Rambaud, Mme&#160;Ranc, M.&#160;Rancoule, Mme&#160;Rimbert, M.&#160;Rivi&#232;re, Mme&#160;Robert-Dehault, Mme&#160;Roullaud, Mme&#160;Sabatini, M.&#160;Sabatou, M.&#160;Schreck, Mme&#160;Sicard, M.&#160;Jean-Philippe&#160;Tanguy, M.&#160;Taverne, M.&#160;Tivoli, M.&#160;Tonussi, M.&#160;Villedieu, M.&#160;Vos et M.&#160;Weber",Supprimer cet article.,"L’article 4 du projet de loi vise à étendre le recours à une plateforme unique dématérialisée pour la gestion de la commande publique (PLACE). Cette disposition prétend simplifier l’accès aux marchés publics pour les opérateurs concernés, notamment certains établissements publics, et inciter fortement les collectivités locales à y recourir. Cependant, loin de simplifier véritablement la vie économique, cette mesure entraînerait des conséquences socio-économiques extrêmement négatives. Elle conduirait notamment à la destruction d’un écosystème dynamique de plateformes privées spécialisées, qui ont largement contribué à atteindre les objectifs de dématérialisation fixés par l’État depuis plus de vingt ans. La disparition progressive de ces plateformes privées provoquerait une perte significative de revenus pour la presse quotidienne régionale (PQR) et la presse professionnelle spécialisée, estimée à plus de 20 millions d’euros par an, menaçant ainsi leur viabilité économique et la plural",2183,2025-04-01,,souverainete_numerique,/home/user/Operation_robespierre/Amendements/DLR5L16N49868/PRJLANR5L17BTC1191/AMANR5L17PO838901BTC1191P0D1N000132.json,de Lépinau,Hervé,Rassemblement National,RN,Vaucluse
amendement,AMANR5L17PO838901BTC1191P0D1N000219,219,17,AN,PRJLANR5L17BTC1191,PA717379,PO845407,PA841339|PA794470,"M.&#160;Maillard,  M.&#160;Brard et Mme&#160;G&#233;rard","Après l’alinéa 10, insérer les huit alinéas suivants : « 3° En cas d’absence de ce document, l’opérateur de téléphonie mobile peut s’opposer à la souscription d’une convention d’hébergement avec la personne mentionnée à l’article L. 34‑9‑1‑1, devenue détentrice du bail d’un emplacement accueillant une infrastructure supportant des antennes d’émission ou de réception de signaux radioélectriques aux fins de fournir au public un service de communications électroniques, à la condition qu’il dispose ","La Cour d’appel d’Aix-en-Provence, tout comme celle de Montpellier, ont eu ces dernières semaines à se prononcer sur l’article 17 du Projet de loi dit de « simplification » qui avait été introduit dans la procédure par des opérateurs d’infrastructures (« Towerco ») historiques pour convaincre le juge de préserver la position dont ils jouissaient sur les sites de diffusion de téléphonie mobile, quand bien même leur bail était arrivé à expiration. Non seulement ces juges, comme des dizaines d’autres, se sont prononcés en faveur de l’exercice de la concurrence dans ce domaine, mais ils ont également relevé que la rédaction actuelle de l’article 17, si elle était maintenue en l’état, aurait pour effet de faire bénéficier l’oligopole des Towerco historiques d’un « bail perpétuel » sur ces sites stratégiques, engendrant des problèmes de constitutionnalité au regard du droit de propriété et de respect des règles de concurrence. Il est à noter que le caractère perpétuel de ce monopole de fait ",4258,2025-04-02,,souverainete_numerique,/home/user/Operation_robespierre/Amendements/DLR5L16N49868/PRJLANR5L17BTC1191/AMANR5L17PO838901BTC1191P0D1N000219.json,Maillard,Sylvain,Ensemble pour la République,EPR,Paris
amendement,AMANR5L17PO838901BTC1191P0D1N002185,2185,17,AN,PRJLANR5L17BTC1191,PA793744,PO845413,PA795228|PA793262|PA794906|PA794138|PA795588|PA795084|PA842105|PA841657|PA720430|PA793772|PA795616|PA793444|PA794938|PA795318|PA841023|PA796090|PA793912|PA842187|PA842037|PA791812|PA793736|PA721202|PA795136|PA793464|PA842155|PA795200|PA795844|PA841251|PA794786|PA794870|PA796070|PA795310|PA794478|PA841947|PA794082|PA794130|PA720846|PA841729|PA795516|PA841515|PA795672|PA795108|PA795298|PA791824|PA842029|PA793532|PA795746|PA342384|PA795422|PA794686|PA841215|PA795482|PA610654|PA841191|PA721960|PA793872|PA720892|PA817211|PA793756|PA796062|PA719578|PA721062|PA841845|PA795982|PA795466|PA720952|PA794106|PA794166|PA795164|PA795596,"Mme&#160;Stambach-Terrenoir,  Mme&#160;Abomangoli, M.&#160;Alexandre, M.&#160;Amard, Mme&#160;Amiot, Mme&#160;Amrani, M.&#160;Arenas, M.&#160;Arnault, Mme&#160;Belouassa-Cherifi, M.&#160;Bernalicis, M.&#160;Bex, M.&#160;Bilongo, M.&#160;Bompard, M.&#160;Boumertit, M.&#160;Boyard, M.&#160;Cadalen, M.&#160;Caron, M.&#160;Carri&#232;re, Mme&#160;Cathala, M.&#160;Cernon, Mme&#160;Chikirou, M.&#160;Clouet, M.&#160;Coquerel, M.&#160;Coulomme, M.&#160;Delogu, M.&#160;Diouara, Mme&#160;Dufour, Mme&#160;Erodi, Mme&#160;Feld, M.&#160;Fernandes, Mme&#160;Ferrer, M.&#160;Gaillard, Mme&#160;Guett&#233;, M.&#160;Guiraud, Mme&#160;Hamdane, Mme&#160;Hignet, M.&#160;Kerbrat, M.&#160;Lachaud, M.&#160;Lahmar, M.&#160;Laisney, M.&#160;Le&#160;Coq, M.&#160;Le&#160;Gall, Mme&#160;Leboucher, M.&#160;Legavre, Mme&#160;Legrain, Mme&#160;Lejeune, Mme&#160;Lepvraud, M.&#160;L&#233;aument, Mme&#160;&#201;lisa&#160;Martin, M.&#160;Maudet, Mme&#160;Maximi, Mme&#160;Mesmeur, Mme&#160;Manon&#160;Meunier, M.&#160;Nilor, Mme&#160;Nosb&#233;, Mme&#160;Obono, Mme&#160;Oziol, Mme&#160;Panot, M.&#160;Pilato, M.&#160;Piquemal, M.&#160;Portes, M.&#160;Prud&apos;homme, M.&#160;Ratenon, M.&#160;Saint-Martin, M.&#160;Saintoul, Mme&#160;Soudais, M.&#160;Tach&#233;, Mme&#160;Taurinya, M.&#160;Tavel, Mme&#160;Trouv&#233; et M.&#160;Vannier",Supprimer l’alinéa 31.,"Cet amendement du groupe LFI-NFP vise à la suppression de l'alinéa 31 de l'article 15, qui facilite la destruction d'espèces protégées pour l'implantation de data center. Cet alinéa prévoit en effet de permettre par décret de reconnaître de façon anticipée à un projet de data center le caractère de projet répondant à une raison impérative d'intérêt public majeur (RIIPM). La raison impérative d’intérêt public majeur (RIIPM) est l’une des trois conditions nécessaires à l’obtention d’une dérogation « espèces protégées ». La RIIPM sera présumée acquise (présomption simple, la loi ne pouvant reconnaitre ce critère d’office) au stade du PINM (projet d'intérêt national majeur), et non plus au moment ultérieur de l’examen de la dérogation espèces protégées. En cas de contentieux pour remise en cause de la RIIPM, le requérant devra attaquer directement le décret PINM, la RIIPM lui étant directement attachée. L'implantation de data center ne justifie absolument pas de bénéficier de façon anticip",1145,2025-04-04,,data_center,/home/user/Operation_robespierre/Amendements/DLR5L16N49868/PRJLANR5L17BTC1191/AMANR5L17PO838901BTC1191P0D1N002185.json,Stambach-Terrenoir,Anne,La France insoumise - Nouveau Front Populaire,LFI-NFP,Haute-Garonne
amendement,AMANR5L17PO838901BTC1191P0D1N001141,1141,17,AN,PRJLANR5L17BTC1191,PA795362,PO845439,PA793980|PA841507|PA793452|PA842045|PA610968|PA793780|PA588884|PA841701|PA795454|PA840997|PA841885|PA794008|PA721210|PA841351|PA795010|PA841419|PA842013|PA840947|PA794022|PA794146|PA841223|PA795636|PA793708|PA793664|PA794154|PA794778|PA795076|PA722142|PA610002|PA795808|PA796018|PA736201|PA841713|PA793948|PA2940,"Mme&#160;Belluco,  M.&#160;Fournier, M.&#160;Nicolas&#160;Bonnet, M.&#160;Davi, Mme&#160;Ozenne, M.&#160;Amirshahi, Mme&#160;Arrighi, Mme&#160;Autain, Mme&#160;Balage&#160;El&#160;Mariky, M.&#160;Ben&#160;Cheikh, M.&#160;Biteau, M.&#160;Arnaud&#160;Bonnet, Mme&#160;Chatelain, M.&#160;Corbi&#232;re, M.&#160;Duplessy, Mme&#160;Garin, M.&#160;Damien&#160;Girard, M.&#160;Gustave, Mme&#160;Catherine&#160;Hervieu, M.&#160;Iordanoff, Mme&#160;Laernoes, M.&#160;Lahais, M.&#160;Lucas-Lundy, M.&#160;Peytavie, Mme&#160;Pochon, M.&#160;Raux, Mme&#160;Regol, Mme&#160;Sandrine&#160;Rousseau, M.&#160;Ruffin, Mme&#160;Sas, Mme&#160;Sebaihi, Mme&#160;Simonnet, Mme&#160;Taill&#233;-Polian, M.&#160;Tavernier, M.&#160;Thierry et Mme&#160;Voynet","Le paragraphe 4 de la sous-section 2 de la section 3 du chapitre II du titre I er du livre III du code des impositions sur les biens et services est complété par un article L. 312‑88 ainsi rédigé : « Art. 312‑88 . – Relève d’un tarif particulier de l’accise l’électricité consommée pour les besoins d’une infrastructure consacrée au stockage physique, au traitement, au transport et à la diffusion de données numériques. Cette accise est majorée de 50 %, hormis pour les infrastructures mentionnées à","L'objet de cet amendement est de compléter l'article L. 312‑70 du présent code, qui prévoit une exonération pour les infrastructures numériques qui auraient des engagements environnementaux. S'il est vertueux de vouloir récompenser les efforts effectués, étant donnée la croissance de la pollution associée au numérique, il est nécessaire de renforcer la taxation sur les produits énergétiques de ceux qui, à l'inverse, ne prennent pas ces engagements. Tel est l'objet de cet amendement.",1011,2025-04-04,,data_center,/home/user/Operation_robespierre/Amendements/DLR5L16N49868/PRJLANR5L17BTC1191/AMANR5L17PO838901BTC1191P0D1N001141.json,Belluco,Lisa,Écologiste et Social,ECOS,Vienne
amendement,AMANR5L17PO838901BTC1191P0D1N001405,1405,17,AN,PRJLANR5L17BTC1191,PA721984,PO845454,,M.&#160;Latombe,"Après l’alinéa 12, insérer l’alinéa suivant : « L’exploitant d’un centre de données qualifié de projet d’intérêt national majeur, qui est également éditeur de licences de logiciels, garantit le respect des principes de libre concurrence en assurant un accès ouvert et équitable aux services numériques pour les utilisateurs de services d’informatique en nuage, et prévient toute pratique anticoncurrentielle de nature technologique, tarifaire ou commerciale qui entraverait la compétitivité européenn","Cet amendement a été rédigé avec l'aide de différentes parties prenantes de l'écosystème numérique. L’implantation de centres de données soulève de nombreux enjeux économiques majeurs, notamment en ce qui concerne la libre concurrence et l’accès équitable aux infrastructures numériques. À l’échelle internationale, le rôle des autorités de régulation dans la préservation d’un équilibre concurrentiel face aux partenariats technologiques devient crucial. L’exemple récent de l’Autorité de la concurrence et des marchés (CMA) du Royaume-Uni, qui a publié en janvier 2025 les conclusions provisoires de son enquête sur les services de centres de données, illustre les risques liés à la concentration du marché. Selon la CMA, la domination des deux principaux fournisseurs américains de services d’informatique en nuage, qui captent chacun jusqu’à 40 % des dépenses des clients de centres de données au Royaume-Uni, pose un problème pour la concurrence. L’autorité souligne que les barrières techniques",2269,2025-04-04,,cloud|data_center,/home/user/Operation_robespierre/Amendements/DLR5L16N49868/PRJLANR5L17BTC1191/AMANR5L17PO838901BTC1191P0D1N001405.json,Latombe,Philippe,Les Démocrates,DEM,Vendée
amendement,AMANR5L17PO838901BTC1191P0D1N001386,1386,17,AN,PRJLANR5L17BTC1191,PA607395,PO845407,,M.&#160;Travert,Supprimer cet article.,"Le présent amendement propose la suppression de l’article 15 bis A, introduit en commission dans le but de prévoir une reconnaissance automatique du caractère de raison impérative d’intérêt public majeur (RIIPM) pour certaines catégories de projets. Si l’intention de sécuriser juridiquement des projets stratégiques, notamment en matière d’énergies renouvelables ou d’aménagement d’intérêt général, peut être entendue, la méthode retenue soulève toutefois des réserves de fond comme de forme, dans la mesure où elle remet en cause l’équilibre atteint par l’article 15 du projet de loi. Ce dernier a en effet été élaboré dans un souci de conciliation entre les objectifs de développement économique — en particulier l’implantation de centres de données — et les exigences liées à la protection de l’environnement et à la sécurité juridique des procédures d’autorisation. Il s’appuie sur un traitement au cas par cas des projets, dans le respect des procédures prévues par le droit de l’environnement ",1884,2025-04-04,,data_center,/home/user/Operation_robespierre/Amendements/DLR5L16N49868/PRJLANR5L17BTC1191/AMANR5L17PO838901BTC1191P0D1N001386.json,Travert,Stéphane,Ensemble pour la République,EPR,Manche
amendement,AMANR5L17PO838901BTC1191P0D1N000838,838,17,AN,PRJLANR5L17BTC1191,PA793980,PO845439,PA610968|PA793780|PA588884|PA841701|PA2940|PA795362|PA795454|PA840997|PA841885|PA841507|PA794008|PA721210|PA793452|PA841351|PA795010|PA841419|PA842013|PA840947|PA794022|PA794146|PA841223|PA795636|PA842045|PA793708|PA793664|PA794154|PA794778|PA793948|PA795076|PA722142|PA610002|PA795808|PA796018|PA736201|PA841713,"M.&#160;Fournier,  M.&#160;Amirshahi, Mme&#160;Arrighi, Mme&#160;Autain, Mme&#160;Balage&#160;El&#160;Mariky, Mme&#160;Voynet, Mme&#160;Belluco, M.&#160;Ben&#160;Cheikh, M.&#160;Biteau, M.&#160;Arnaud&#160;Bonnet, M.&#160;Nicolas&#160;Bonnet, Mme&#160;Chatelain, M.&#160;Corbi&#232;re, M.&#160;Davi, M.&#160;Duplessy, Mme&#160;Garin, M.&#160;Damien&#160;Girard, M.&#160;Gustave, Mme&#160;Catherine&#160;Hervieu, M.&#160;Iordanoff, Mme&#160;Laernoes, M.&#160;Lahais, M.&#160;Lucas-Lundy, Mme&#160;Ozenne, M.&#160;Peytavie, Mme&#160;Pochon, M.&#160;Raux, Mme&#160;Regol, M.&#160;Thierry, Mme&#160;Sandrine&#160;Rousseau, M.&#160;Ruffin, Mme&#160;Sas, Mme&#160;Sebaihi, Mme&#160;Simonnet, Mme&#160;Taill&#233;-Polian et M.&#160;Tavernier","À la fin de l’alinéa 12, supprimer les mots : « , ainsi que pour les activités qui y sont directement liées ».","En l’état l’article 15 permettrait une libre interprétation des activités « directement liées », or celles-ci peuvent être de plusieurs ordres. Il sera difficile d’empêcher un opérateur bénéficiant du label PINM pour un projet de centre de données dans un premier temps d’y associer par la suite un entrepôt pour développer ses activités de e-commerce. Or le développement des géants du e-commerce issues de pays tiers de l’Union Européenne est destructeur d’emploi dans le commerce de proximité et les grandes chaînes de distributions textiles notamment. En 10 ans ce sont plus de 85 000 emplois net qui ont ainsi été détruits (étude Banque des territoires, 2022). Il est donc inconcevable que ce type d’infrastructure puisse bénéficier du label PINM et il convient de préciser le cadre de ce label. Cet amendement a été travaillé avec Green IT.",957,2025-04-03,,data_center,/home/user/Operation_robespierre/Amendements/DLR5L16N49868/PRJLANR5L17BTC1191/AMANR5L17PO838901BTC1191P0D1N000838.json,Fournier,Charles,Écologiste et Social,ECOS,Indre-et-Loire
amendement,AMANR5L17PO838901BTC1191P0D1N002179,2179,17,AN,PRJLANR5L17BTC1191,PA841507,PO845439,PA610968|PA793780|PA588884|PA841701|PA795362|PA795454|PA840997|PA794008|PA841885|PA721210|PA793452|PA841351|PA793980|PA795010|PA841419|PA842013|PA840947|PA794022|PA794146|PA841223|PA795636|PA842045|PA793708|PA793664|PA794154|PA794778|PA795076|PA722142|PA610002|PA795808|PA796018|PA736201|PA841713|PA793948|PA2940,"M.&#160;Nicolas&#160;Bonnet,  M.&#160;Amirshahi, Mme&#160;Arrighi, Mme&#160;Autain, Mme&#160;Balage&#160;El&#160;Mariky, Mme&#160;Belluco, M.&#160;Ben&#160;Cheikh, M.&#160;Biteau, Mme&#160;Chatelain, M.&#160;Arnaud&#160;Bonnet, M.&#160;Corbi&#232;re, M.&#160;Davi, M.&#160;Duplessy, M.&#160;Fournier, Mme&#160;Garin, M.&#160;Damien&#160;Girard, M.&#160;Gustave, Mme&#160;Catherine&#160;Hervieu, M.&#160;Iordanoff, Mme&#160;Laernoes, M.&#160;Lahais, M.&#160;Lucas-Lundy, Mme&#160;Ozenne, M.&#160;Peytavie, Mme&#160;Pochon, M.&#160;Raux, Mme&#160;Regol, Mme&#160;Sandrine&#160;Rousseau, M.&#160;Ruffin, Mme&#160;Sas, Mme&#160;Sebaihi, Mme&#160;Simonnet, Mme&#160;Taill&#233;-Polian, M.&#160;Tavernier, M.&#160;Thierry et Mme&#160;Voynet",Compléter l’alinéa 18 par les mots : « ainsi que des enjeux liés à la disponibilité de la ressource en eau et à la consommation d’énergie ».,"Cet amendement vise à préciser les conditions dans lesquelles un projet de data center peut être qualifié de projet d’intérêt national majeur, en insistant notamment sur la nécessité de prendre en compte la disponibilité de la ressource en eau et la consommation d’énergie. D’après l’édition 2024 de l’enquête annuelle “Pour un numérique soutenable” de l’Ademe et de l’Arcep, les émissions de gaz à effet de serre des data centers ont augmenté de 14% entre 2021 et 2022 en France, la consommation électrique de 15% et le volume d’eau prélevée de 20%. Il est nécessaire de réfléchir aux implantations de datacenters à l’échelle nationale et de privilégier les territoires ne présentant pas de tensions sur la disponibilité de la ressource en eau, d’autant plus qu’il n’existe pas de besoin de proximité des datacenters.",959,2025-04-04,,data_center,/home/user/Operation_robespierre/Amendements/DLR5L16N49868/PRJLANR5L17BTC1191/AMANR5L17PO838901BTC1191P0D1N002179.json,Bonnet,Nicolas,Écologiste et Social,ECOS,Puy-de-Dôme
amendement,AMANR5L17PO838901BTC1191P0D1N001901,1901,17,AN,PRJLANR5L17BTC1191,PA841575,PO845401,PA793432|PA841495|PA796118|PA842279|PA794562|PA793374|PA793238|PA793158|PA841645|PA794434|PA720822|PA842001|PA794886|PA841487|PA793844|PA793182|PA841131|PA840075|PA793134|PA720468|PA794198|PA796042|PA720668|PA793548|PA840159|PA795644|PA642988|PA793166|PA794762|PA793146|PA793928|PA842073|PA840135|PA841761|PA793246|PA841621|PA840801|PA840143|PA794678|PA793892|PA841139|PA840119|PA841613|PA793832|PA841605|PA793362|PA794418|PA793592|PA840757|PA793102|PA796034|PA841451|PA841737|PA794734|PA793218|PA795900|PA793632|PA842085|PA794598|PA794030|PA841749|PA841075|PA841439|PA840869|PA794354|PA795912|PA841837|PA720614|PA796026|PA840857|PA793290|PA793608|PA840967|PA793672|PA793904|PA721932|PA841873|PA795974|PA794590|PA841587|PA841563|PA794530|PA840837|PA794770|PA841825|PA793314|PA793330|PA793616|PA719436|PA793852|PA840915|PA793696|PA793354|PA795786|PA794322|PA795552|PA794670|PA841199|PA794582|PA793656|PA795966|PA793230|PA793254|PA841955|PA841981|PA842227|PA794442|PA795410|PA842097|PA794894|PA794570|PA794954|PA796050|PA842255|PA793382|PA795778|PA794502|PA841553|PA793298|PA840781|PA794946|PA841479,"M.&#160;Vos,  M.&#160;Allisio, M.&#160;Amblard, Mme&#160;Auzanot, Mme&#160;Bamana, M.&#160;Ballard, M.&#160;Baubry, M.&#160;Barth&#232;s, M.&#160;Beaurain, M.&#160;Bernhardt, M.&#160;Bentz, M.&#160;Bilde, M.&#160;Bigot, Mme&#160;Blanc, M.&#160;Boulogne, Mme&#160;Bordes, M.&#160;Bovet, Mme&#160;Bouquin, M.&#160;Casterman, M.&#160;Buisson, M.&#160;Chenu, M.&#160;Chudeau, M.&#160;Boccaletti, M.&#160;Blairy, Mme&#160;Colombier, M.&#160;Clavet, Mme&#160;Da&#160;Conceicao&#160;Carvalho, M.&#160;de&#160;L&#233;pinau, M.&#160;Dessigny, Mme&#160;Dogor-Such, M.&#160;Dragon, Mme&#160;Diaz, M.&#160;Dussausaye, M.&#160;Dufosset, M.&#160;Dutremble, M.&#160;Falcon, M.&#160;Evrard, M.&#160;Fouquart, M.&#160;Florquin, M.&#160;Frapp&#233;, Mme&#160;Galzy, M.&#160;Gabarron, Mme&#160;Delannoy, M.&#160;de&#160;Fleurian, M.&#160;Gillet, M.&#160;Golliot, M.&#160;Gonzalez, Mme&#160;Florence&#160;Goulet, Mme&#160;Grangier, Mme&#160;Griseti, M.&#160;Christian&#160;Girard, M.&#160;Giletti, M.&#160;Guibert, M.&#160;Gery, M.&#160;Guiniot, M.&#160;Guitton, Mme&#160;Hamelet, M.&#160;Houssin, M.&#160;Humbert, M.&#160;Jacobelli, M.&#160;Jolly, Mme&#160;Joncour, Mme&#160;Josserand, M.&#160;Jenft, Mme&#160;Joubert, Mme&#160;Laporte, Mme&#160;Lavalette, M.&#160;Le&#160;Bourgeois, Mme&#160;Le&#160;Pen, Mme&#160;Lechanteux, Mme&#160;Lechon, Mme&#160;Lelouis, Mme&#160;Levavasseur, M.&#160;Lioret, Mme&#160;Loir, M.&#160;Lopez-Liguori, Mme&#160;Lorho, M.&#160;Limongi, M.&#160;Lottiaux, M.&#160;Loubet, M.&#160;David&#160;Magnier, Mme&#160;Marais-Beuil, M.&#160;Marchio, M.&#160;Markowsky, Mme&#160;Martinez, M.&#160;Patrice&#160;Martin, Mme&#160;Alexandra&#160;Masson, M.&#160;Bryan&#160;Masson, M.&#160;Mauvieux, M.&#160;Meizonnet, M.&#160;Meurin, M.&#160;Monnier, M.&#160;Muller, Mme&#160;M&#233;lin, Mme&#160;M&#233;nach&#233;, M.&#160;M&#233;nag&#233;, M.&#160;Odoul, Mme&#160;Parmentier, M.&#160;Perez, M.&#160;Pfeffer, Mme&#160;Pollet, M.&#160;Rambaud, Mme&#160;Ranc, M.&#160;Rancoule, M.&#160;Renault, Mme&#160;Rimbert, M.&#160;Rivi&#232;re, Mme&#160;Robert-Dehault, Mme&#160;Roullaud, Mme&#160;Roy, Mme&#160;Sabatini, M.&#160;Sabatou, M.&#160;Salmon, M.&#160;Schreck, Mme&#160;Sicard, M.&#160;Tach&#233;&#160;de&#160;la&#160;Pagerie, M.&#160;Jean-Philippe&#160;Tanguy, M.&#160;Taverne, M.&#160;Tesson, M.&#160;Tivoli, M.&#160;Tonussi, M.&#160;Villedieu et M.&#160;Weber","Après l’article L. 411‑2-1 du code de l’environnement, il est inséré un article L. 411‑2-2 ainsi rédigé : « Art. L. 411‑2-2. – Les projets ayant fait l’objet d’une déclaration d’utilité publique en application de l’article L. 122‑1 du code de l’expropriation pour cause d’utilité publique sont réputés répondre à une raison impérative d’intérêt public majeur, au sens du c du 4° du I de l’article L. 411‑2 du présent code ».","Cet amendement tend à ce que tout projet, et non seulement d’infrastructure, soit considéré comme répondant de plein droit à toutes les exigences posées par la loi pour l’obtention de l’autorisation environnementale, dès lors qu’il a fait l’objet d’une « déclaration d’utilité publique ». En effet la délivrance de la DUP exige déjà l’accomplissement d’une étude d’impact prenant en compte les conséquences environnementales du projet. Néanmoins, en application de la théorie de l’indépendance des législations, même en cas de validation définitive de la DUP, le projet peut être annulé postérieurement sur le fondement d’une illégalité de l’autorisation environnementale qui lui a été accordée. Ainsi le projet d’autoroute A 69 – pourtant reconnu d’utilité publique - est-il pour le moment arrêté, un tribunal administratif ayant conclu à l’illégalité de l’autorisation environnementale. De même, pourraient être entravés les projets d’infrastructures comme les centres de données numériques, essent",1962,2025-04-04,,data_center|ia_calcul,/home/user/Operation_robespierre/Amendements/DLR5L16N49868/PRJLANR5L17BTC1191/AMANR5L17PO838901BTC1191P0D1N001901.json,Vos,Frédéric-Pierre,Rassemblement National,RN,Oise
amendement,AMANR5L17PO838901BTC1191P0D1N000834,834,17,AN,PRJLANR5L17BTC1191,PA793980,PO845439,PA794022|PA794146|PA841223|PA795636|PA842045|PA793708|PA793664|PA794154|PA794778|PA795076|PA722142|PA610002|PA795808|PA796018|PA736201|PA841713|PA793948|PA2940,"M.&#160;Fournier,  M.&#160;Iordanoff, Mme&#160;Laernoes, M.&#160;Lahais, M.&#160;Lucas-Lundy, Mme&#160;Ozenne, M.&#160;Peytavie, Mme&#160;Pochon, M.&#160;Raux, Mme&#160;Regol, Mme&#160;Sandrine&#160;Rousseau, M.&#160;Ruffin, Mme&#160;Sas, Mme&#160;Sebaihi, Mme&#160;Simonnet, Mme&#160;Taill&#233;-Polian, M.&#160;Tavernier, M.&#160;Thierry et Mme&#160;Voynet",Supprimer cet article.,"Un projet d’intérêt national majeur, créé par la loi industrie verte, correspond à “tout projet industriel qui revêt, eu égard à son objet et à son envergure, notamment en termes d'investissement et d'emploi, une importance particulière pour la transition écologique ou la souveraineté nationale”. Ces projets permettent de s’extraire de plusieurs obligations relatives au droit de l’environnement, et correspondent également à une recentralisation des compétences en termes d’urbanisme, au détriment des élus locaux. Cet amendement vise à supprimer l’article 15 qui prévoit la possibilité d’inclure les datacenters dans la liste de ces projets, agrégeant aux passages en commission les projets d’infrastructures ce qui est intolérable. Ces projets d’intérêt national majeur sont qualifiés par décret et le périmètre d'octroi de qualification est très large. L’appréciation revient aux autorités, or n’importe quel data center ne devrait pas pouvoir bénéficier de ce dispo",1966,2025-04-03,,data_center,/home/user/Operation_robespierre/Amendements/DLR5L16N49868/PRJLANR5L17BTC1191/AMANR5L17PO838901BTC1191P0D1N000834.json,Fournier,Charles,Écologiste et Social,ECOS,Indre-et-Loire
amendement,AMANR5L17PO838901BTC1191P0D1N001113,1113,17,AN,PRJLANR5L17BTC1191,PA721984,PO845454,,M.&#160;Latombe,"Substituer à l’alinéa 11 les trois alinéas suivants : « Seuls les projets de centre de données dont le propriétaire ou l’opérateur remplit les conditions suivantes peuvent bénéficier des dispositions du présent I bis « 1° Les siège statutaire, administration centrale et principal établissement sont établis au sein d’un État membre de l’Union Européenne « 2° Le capital social et les droits de vote dans la société ne sont pas, directement ou indirectement, individuellement détenus à plus de 24 % e","Il s’agit d’un amendement transpartisan du Groupe d’études Économie, sécurité et souveraineté numériques. L’alinéa concerné, tel qu’adopté en commission, ouvre le bénéfice du dispositif de projet d’intérêt national majeur (PINM) aux entreprises européennes, ainsi qu’aux entreprises extra-européennes à condition que ces dernières assurent un niveau de protection des données à caractère personnel équivalent à celui du règlement général sur la protection des données (RGPD). Ce mécanisme repose sur la notion d’« équivalence de protection », appréciée au regard des décisions d’adéquation rendues par la Commission européenne. Or, cette notion, outre son caractère mouvant, présente une fragilité juridique importante. La décision d’adéquation du 10 juillet 2023, conclue entre l’Union européenne et les États-Unis, en constitue une illustration parlante : bien qu’elle autorise la libre circulation des données entre les deux blocs, elle est déjà l’objet de nombreuses critiques et fait l’objet d’u",3924,2025-04-04,,cloud|data_center|souverainete_numerique,/home/user/Operation_robespierre/Amendements/DLR5L16N49868/PRJLANR5L17BTC1191/AMANR5L17PO838901BTC1191P0D1N001113.json,Latombe,Philippe,Les Démocrates,DEM,Vendée
amendement,AMANR5L17PO838901BTC1191P0D1N002128,2128,17,AN,PRJLANR5L17BTC1191,PA841507,PO845439,PA610968|PA793780|PA588884|PA841701|PA795362|PA795454|PA840997|PA841885|PA794008|PA721210|PA793452|PA841351|PA793980|PA795010|PA841419|PA842013|PA840947|PA794022|PA794146|PA841223|PA795636|PA842045|PA793708|PA793664|PA794154|PA794778|PA795076|PA722142|PA610002|PA795808|PA796018|PA736201|PA841713|PA793948|PA2940,"M.&#160;Nicolas&#160;Bonnet,  M.&#160;Amirshahi, Mme&#160;Arrighi, Mme&#160;Autain, Mme&#160;Balage&#160;El&#160;Mariky, Mme&#160;Belluco, M.&#160;Ben&#160;Cheikh, M.&#160;Biteau, M.&#160;Arnaud&#160;Bonnet, Mme&#160;Chatelain, M.&#160;Corbi&#232;re, M.&#160;Davi, M.&#160;Duplessy, M.&#160;Fournier, Mme&#160;Garin, M.&#160;Damien&#160;Girard, M.&#160;Gustave, Mme&#160;Catherine&#160;Hervieu, M.&#160;Iordanoff, Mme&#160;Laernoes, M.&#160;Lahais, M.&#160;Lucas-Lundy, Mme&#160;Ozenne, M.&#160;Peytavie, Mme&#160;Pochon, M.&#160;Raux, Mme&#160;Regol, Mme&#160;Sandrine&#160;Rousseau, M.&#160;Ruffin, Mme&#160;Sas, Mme&#160;Sebaihi, Mme&#160;Simonnet, Mme&#160;Taill&#233;-Polian, M.&#160;Tavernier, M.&#160;Thierry et Mme&#160;Voynet","Rédiger ainsi l’alinéa 9 : « I bis . – Un centre de données peut également être qualifié par décret de projet d’intérêt national majeur lorsqu’il est la propriété des administrations, des services publics et des entités de droit privé ou de droit public poursuivant une mission de service public, et qu’il est consacré à l’hébergement de leurs données ».","Cet amendement propose de conditionner la possibilité de décréter un datacenter projet national d’intérêt majeur (PINM) à l’hébergement et au traitement de données publiques, c'est-à-dire les données des administrations, des services publics et des entités de droit privé ou de droit public poursuivant une mission de service public, comme les ministères, les universités ou encore les hôpitaux. En effet, l’intérêt de l’installation d’un datacenter pour la “souveraineté numérique” pourrait s’apprécier au regard du caractère d’intérêt général des données. Par exemple, la création de datacenters destinés à héberger les données des universités et de leurs laboratoires de recherche participerait au renforcement de l’autonomie de notre recherche.",1103,2025-04-04,,data_center|souverainete_numerique,/home/user/Operation_robespierre/Amendements/DLR5L16N49868/PRJLANR5L17BTC1191/AMANR5L17PO838901BTC1191P0D1N002128.json,Bonnet,Nicolas,Écologiste et Social,ECOS,Puy-de-Dôme
amendement,AMANR5L17PO838901BTC1191P0D1N002584,2584,17,AN,PRJLANR5L17BTC1191,,,,le Gouvernement,"I. – À l’alinéa 9, substituer à la première occurrence du mot : « et » le signe : « , ». II. – En conséquence, au même alinéa 9, après le mot : « investissement » insérer le mot : « et ». III. – En conséquence, audit alinéa 9, substituer aux mots : « de soutien » les mots : « à sa contribution ».","Dans sa rédaction initiale, le texte permettait déjà l'octroi du statut PINM à des projets au titre de la contribution à la souveraineté nationale et l’ajout de la Commission ne semble pas strictement nécessaire au Gouvernement. Toutefois, le Gouvernement comprend votre préoccupation et je souhaite rappeler notre volonté que chaque projet d'implantation de data centers se déroule dans les meilleurs délais possibles, que ce soit des projets nationaux ou internationaux. La nouvelle formulation proposée permet que le critère de contribution à l’émergence d’écosystèmes domestiques compétitifs soit pleinement considéré, sans pour autant exclure des projets répondant à d’autres critères d’importance.",1001,2025-04-04,,data_center,/home/user/Operation_robespierre/Amendements/DLR5L16N49868/PRJLANR5L17BTC1191/AMANR5L17PO838901BTC1191P0D1N002584.json,,,,,
amendement,AMANR5L17PO838901BTC1191P0D1N002019,2019,17,AN,PRJLANR5L17BTC1191,,,,le Gouvernement,Supprimer cet article.,"Le présent amendement vise à revenir sur le report d’un an de la mise en œuvre de la facturation électronique. Il a ainsi pour effet de rétablir le calendrier de mise en œuvre de la réforme défini à l’automne 2023, conformément au souhait du Gouvernement, à savoir une entrée en vigueur le 1er septembre 2026 pour les grandes entreprises et les ETI, et le 1er septembre 2027 pour les PME, TPE et microentreprises. Un report prolongerait l’incertitude et retarderait le développement de solutions adaptées aux besoins des entreprises. Surtout, contrairement aux inquiétudes exprimées en commission des affaires économiques ayant conduit à l’adoption d’un amendement de report, la facturation électronique constitue un levier d’efficacité et de compétitivité, y compris pour les TPE et les PME. En effet, le coût d’une facture électronique est en moyenne dix fois inférieur à celui d’une facture papier. Par ailleurs, la réforme de la facturation électronique permettra de simplifier et d’alléger les o",1998,2025-04-04,,cloud|souverainete_numerique,/home/user/Operation_robespierre/Amendements/DLR5L16N49868/PRJLANR5L17BTC1191/AMANR5L17PO838901BTC1191P0D1N002019.json,,,,,
amendement,AMANR5L17PO838901BTC1191P0D1N000840,840,17,AN,PRJLANR5L17BTC1191,PA793980,PO845439,PA610968|PA793780|PA588884|PA841701|PA2940|PA795362|PA795454|PA840997|PA841885|PA841507|PA794008|PA721210|PA793452|PA841351|PA795010|PA841419|PA842013|PA840947|PA794022|PA794146|PA841223|PA795636|PA842045|PA793708|PA793664|PA794154|PA794778|PA793948|PA795076|PA722142|PA610002|PA795808|PA796018|PA736201|PA841713,"M.&#160;Fournier,  M.&#160;Amirshahi, Mme&#160;Arrighi, Mme&#160;Autain, Mme&#160;Balage&#160;El&#160;Mariky, Mme&#160;Voynet, Mme&#160;Belluco, M.&#160;Ben&#160;Cheikh, M.&#160;Biteau, M.&#160;Arnaud&#160;Bonnet, M.&#160;Nicolas&#160;Bonnet, Mme&#160;Chatelain, M.&#160;Corbi&#232;re, M.&#160;Davi, M.&#160;Duplessy, Mme&#160;Garin, M.&#160;Damien&#160;Girard, M.&#160;Gustave, Mme&#160;Catherine&#160;Hervieu, M.&#160;Iordanoff, Mme&#160;Laernoes, M.&#160;Lahais, M.&#160;Lucas-Lundy, Mme&#160;Ozenne, M.&#160;Peytavie, Mme&#160;Pochon, M.&#160;Raux, Mme&#160;Regol, M.&#160;Thierry, Mme&#160;Sandrine&#160;Rousseau, M.&#160;Ruffin, Mme&#160;Sas, Mme&#160;Sebaihi, Mme&#160;Simonnet, Mme&#160;Taill&#233;-Polian et M.&#160;Tavernier","Après l’alinéa 12, insérer l’alinéa suivant : « À compter du 1 er janvier 2027, les centre de données ayant été qualifiés de projet d’intérêt national majeur ont un approvisionnement énergétique composé à 45 % d’énergie produite à partir de sources renouvelables. »","Le présent amendement vise à introduire une obligation d'approvisionnement en énergies renouvelables à hauteur de 45% minimum dans le mix énergétique des centres de données reconnus comme projets industriels d’intérêt national majeur, au sens de l'article 19 de la loi relative à l'industrie verte. Selon l’étude Ademe-Arcep de janvier 2025, les datacenters français ont consommé en 2022 environ 39 TWh d'électricité, soit près de 8,7% de la consommation électrique française. La dernière révision de la directive européenne énergies renouvelables (RED III) établit l’objectif de la part d'énergies renouvelables qui devra être utilisée d’ici 2030 à 42,5%. Les États membres qui le souhaitent peuvent compléter cet objectif par un supplément indicatif de 2,5% qui permettrait d’atteindre 45%. Des objectifs ont également été fixés par secteurs d'activité ; tel que le secteur de l'industrie, qui doit augmenter son utilisation d'énergies renouvelables de 1,6% par an. Cet amendement vise donc à faire",1835,2025-04-03,,data_center,/home/user/Operation_robespierre/Amendements/DLR5L16N49868/PRJLANR5L17BTC1191/AMANR5L17PO838901BTC1191P0D1N000840.json,Fournier,Charles,Écologiste et Social,ECOS,Indre-et-Loire
amendement,AMANR5L17PO838901BTC1191P0D1N000211,211,17,AN,PRJLANR5L17BTC1191,PA718838,PO845425,PA794994|PA718884|PA266793|PA721816|PA720386|PA721442|PA712015,"M.&#160;Fabrice&#160;Brun,  M.&#160;Portier, Mme&#160;Bazin-Malgras, M.&#160;Bony, M.&#160;Boucard, M.&#160;Di&#160;Filippo, Mme&#160;Petex et M.&#160;Dive","I. – Par dérogation à l’avant-dernier alinéa de l’article L. 47 du code des postes et des communications électroniques, lorsque les demandes de permission de voirie ont pour objet le raccordement en fibre optique de centres de données mentionnés au I bis de l’article L. 300‑6‑2 du code de l’urbanisme, l’autorité mentionnée au troisième alinéa de l’article L. 47 se prononce dans un délai de deux semaines à compter de leur réception. Le silence gardé par l’autorité à l’expiration de ce délai vaut ","L’article 15 du présent projet de loi étend aux centres de données en raison de leur importance pour la transition numérique, écologique ou la souveraineté nationale, le statut de « projet d'intérêt national majeur », introduit avec la loi n° 2023-973 du 23 octobre 2023 relative à l'industrie verte pour les projets industriels les plus stratégiques, afin d’accélérer et sécuriser leur implantation en France. Afin d’accompagner cette reconnaissance et d’accélérer leur déploiement, il est essentiel de faciliter leur raccordement aux réseaux de fibre optique. Cet amendement, réintroduit une disposition adoptée par le Sénat, qui réduit les délais d’examen des demandes de permission de voirie du domaine public ainsi que le délai laissé aux propriétaires ou aux syndics de copropriété pour présenter leurs observations pour l’implantation de servitudes télécoms. Ces dérogations permettront de réduire les délais administratifs, d’assurer une mise en service rapide de ces infrastructures stratégi",2471,2025-04-01,,data_center,/home/user/Operation_robespierre/Amendements/DLR5L16N49868/PRJLANR5L17BTC1191/AMANR5L17PO838901BTC1191P0D1N000211.json,Brun,Fabrice,Droite Républicaine,DR,Ardèche
amendement,AMANR5L17PO838901BTC1191P0D1N002152,2152,17,AN,PRJLANR5L17BTC1191,PA841507,PO845439,PA610968|PA793780|PA588884|PA841701|PA795362|PA795454|PA840997|PA841885|PA794008|PA721210|PA793452|PA841351|PA793980|PA795010|PA841419|PA842013|PA840947|PA794022|PA794146|PA841223|PA795636|PA842045|PA793708|PA793664|PA794154|PA794778|PA722142|PA795076|PA610002|PA795808|PA736201|PA796018|PA841713|PA793948|PA2940,"M.&#160;Nicolas&#160;Bonnet,  M.&#160;Amirshahi, Mme&#160;Arrighi, Mme&#160;Autain, Mme&#160;Balage&#160;El&#160;Mariky, Mme&#160;Belluco, M.&#160;Ben&#160;Cheikh, M.&#160;Biteau, M.&#160;Arnaud&#160;Bonnet, Mme&#160;Chatelain, M.&#160;Corbi&#232;re, M.&#160;Davi, M.&#160;Duplessy, M.&#160;Fournier, Mme&#160;Garin, M.&#160;Damien&#160;Girard, M.&#160;Gustave, Mme&#160;Catherine&#160;Hervieu, M.&#160;Iordanoff, Mme&#160;Laernoes, M.&#160;Lahais, M.&#160;Lucas-Lundy, Mme&#160;Ozenne, M.&#160;Peytavie, Mme&#160;Pochon, M.&#160;Raux, Mme&#160;Regol, M.&#160;Ruffin, Mme&#160;Sandrine&#160;Rousseau, Mme&#160;Sas, Mme&#160;Sebaihi, Mme&#160;Taill&#233;-Polian, Mme&#160;Simonnet, M.&#160;Tavernier, M.&#160;Thierry et Mme&#160;Voynet","Après l’alinéa 11, insérer l’alinéa suivant : « Les informations relatives à l’identité du propriétaire, à l’identité de l’opérateur, à l’identité des entreprises utilisatrices, à la consommation énergétique, à la consommation en eau, aux émissions de gaz à effet de serre prévues et à l’artificialisation des sols concernant un centre de données qualifié par décret de projet d’intérêt national majeur sont rendues publiques au moment de la publication du décret mentionné au I bis . »","Cet amendement vise à garantir la transparence des informations les plus importantes concernant un data center qui aurait été qualifié par décret de projet d’intérêt national majeur (PINM). En particulier, il vise à connaître l’identité du propriétaire et de l’opérateur, ainsi que les impacts climatiques, environnementaux et énergétiques. La publication de ces informations est indispensable à la bonne information du public, d’autant plus justifiée lorsque les projets bénéficient d’un statut particulier dit “d’intérêt national majeur”.",1027,2025-04-04,,data_center,/home/user/Operation_robespierre/Amendements/DLR5L16N49868/PRJLANR5L17BTC1191/AMANR5L17PO838901BTC1191P0D1N002152.json,Bonnet,Nicolas,Écologiste et Social,ECOS,Puy-de-Dôme
amendement,AMANR5L17PO838901BTC1191P0D1N000782,782,17,AN,PRJLANR5L17BTC1191,PA794426,PO845470,PA795026|PA721844|PA794278|PA794466|PA842125|PA795350,"Mme&#160;Le&#160;H&#233;nanff,  Mme&#160;Violland, Mme&#160;Piron, M.&#160;Albertini, M.&#160;Moulliere, M.&#160;Lam et M.&#160;Valletoux","I. – Par dérogation à l’avant-dernier alinéa de l’article L. 47 du code des postes et des communications électroniques, lorsque les demandes de permission de voirie ont pour objet le raccordement en fibre optique de centres de données mentionnés au I bis de l’article L. 300‑6-2 du code de l’urbanisme, l’autorité mentionnée au troisième alinéa de l’article L. 47 se prononce dans un délai de deux semaines à compter de leur réception. Le silence gardé par l’autorité à l’expiration de ce délai vaut ","L’article 15 du présent projet de loi étend aux centres de données, en raison de leur importance pour la transition numérique, écologique ou la souveraineté nationale, le statut de « projet d'intérêt national majeur », introduit avec la loi n° 2023-973 du 23 octobre 2023 relative à l'industrie verte pour les projets industriels les plus stratégiques, afin d’accélérer et sécuriser leur implantation en France. Afin d’accompagner cette reconnaissance et d’accélérer leur déploiement, il est essentiel de faciliter leur raccordement aux réseaux de fibre optique. Cet amendement, réintroduit une disposition, adoptée par le Sénat, qui réduit les délais d’examen des demandes de permission de voirie du domaine public ainsi que le délai laissé aux propriétaires ou aux syndics de copropriété pour présenter leurs observations pour l’implantation de servitudes télécoms. Ces dérogations permettront de réduire les délais administratifs, d’assurer une mise en service rapide de ces infrastructures straté",2473,2025-04-03,,data_center,/home/user/Operation_robespierre/Amendements/DLR5L16N49868/PRJLANR5L17BTC1191/AMANR5L17PO838901BTC1191P0D1N000782.json,,,,,
amendement,AMANR5L17PO838901BTC1191P0D1N000423,423,17,AN,PRJLANR5L17BTC1191,PA721584,PO845407,PA642695,M.&#160;Terlier et M.&#160;Bothorel,"I. – À l’alinéa 6, substituer au mot : « cinq » le mot : « trois ». II. – En conséquence, au même alinéa 6, substituer aux mots : « aux 6 et et 7° » les mots : « au 6° ». III. – En conséquence, compléter ledit alinéa 6 par la phrase suivante : « Un décret en Conseil d’État précise les modalités d’application du présent alinéa. »","Cet amendement vise à intégrer une obligation de nommer trois membres issus d’entreprises privées au sein du collège de la CNIL. Compte tenu de la complexité croissante des problématiques traitées par la CNIL et de la nécessité d’œuvrer en faveur d’une meilleure conciliation entre protection des données et développement d’une économie de la donnée, l’élargissement du collège de la CNIL paraît absolument nécessaire pour renforcer son expertise et assurer une meilleure prise en compte des enjeux liés à l’innovation et aux usages numériques. Alors même que la CNIL, de par ses missions, régule de larges pans de l’économie, son collège est marqué par l’absence de membres ayant une connaissance opérationnelle des usages. Le fait que la CNIL soit un régulateur trans-sectoriel représente un défi majeur, supposant une prise en compte de l’innovation dans tous les domaines dans lesquels elle est amenée à intervenir et une nécessaire montée en compétences sur l’ensemble des sujets couverts. L’évo",2082,2025-04-03,,souverainete_numerique,/home/user/Operation_robespierre/Amendements/DLR5L16N49868/PRJLANR5L17BTC1191/AMANR5L17PO838901BTC1191P0D1N000423.json,Terlier,Jean,Ensemble pour la République,EPR,Tarn
amendement,AMANR5L17PO59048B0118P0D1N000014,CF14,17,CION_FIN,PIONANR5L17B0118,PA720146,PO845407,PA721750,"M.&#160;Mass&#233;glia, rapporteur et Mme&#160;Calvez","À l’alinéa 10, substituer aux mots : « y compris digitales » les mots : « hors recettes tirées de la diffusion de messages d’intérêt général et de publicités sur le numérique ».","Cet amendement vise à supprimer l'inscription d'un plafond de recettes publicitaires et de parrainage sur le numérique pour les sociétés de l'audiovisuel public mentionnées. En effet, la nature du marché de la publicité digitale, tel que décrit par l'étude de l'Arcom et de la DGMIC de janvier 2024 (Perspectives d’évolution du marché publicitaire français à l’horizon 2030), implique une concurrence sur ce marché non pas entre acteurs nationaux de l'audiovisuel mais avec les grandes plateformes mondiales (GAFAM). L'étude précitée prévoit que les quatre grandes plateformes numériques extra-européennes (Alphabet, Meta, Amazon, Bytedance) capteront une part de plus en plus significative du marché publicitaire dans les prochaines années : cette part s'élèvera à 45% en 2030 contre 36% en 2022 et 13% en 2012. Ainsi, la mise en place d'un plafond sur les recettes digitales bénéficierait essentiellement aux grandes plateformes et non aux acteurs privés français de l'audiovisuel. Par ailleurs, il",1682,2025-03-28,,souverainete_numerique,/home/user/Operation_robespierre/Amendements/DLR5L16N47697/PIONANR5L17B0118/AMANR5L17PO59048B0118P0D1N000014.json,Masséglia,Denis,Ensemble pour la République,EPR,Maine-et-Loire
amendement,AMANR5L17PO419604B0118P0D1N000984,AC984,17,CION-CEDU,PIONANR5L17B0118,PA720146,PO845407,PA721750,M.&#160;Mass&#233;glia et Mme&#160;Calvez,"À l’alinéa 10, substituer aux mots : « y compris digitales » les mots : « hors recettes tirées de la diffusion de messages d’intérêt général et de publicités sur le numérique ».","Cet amendement vise à supprimer l’inscription d’un plafond de recettes publicitaires et de parrainage sur le numérique pour les sociétés de l’audiovisuel public mentionnées. En effet, la nature du marché de la publicité digitale, tel que décrit par l’étude de l’Arcom et de la DGMIC de janvier 2024 (Perspectives d’évolution du marché publicitaire français à l’horizon 2030), implique une concurrence sur ce marché non pas entre acteurs nationaux de l’audiovisuel mais avec les grandes plateformes mondiales (GAFAM). L’étude précitée prévoit que les quatre grandes plateformes numériques extra-européennes (Alphabet, Meta, Amazon, Bytedance) capteront une part de plus en plus significative du marché publicitaire dans les prochaines années : cette part s’élèvera à 45 % en 2030 contre 36 % en 2022 et 13 % en 2012. Ainsi, la mise en place d’un plafond sur les recettes digitales bénéficierait essentiellement aux grandes plateformes et non aux acteurs privés français de l’audiovisuel. Par ailleurs,",1686,2025-03-28,,souverainete_numerique,/home/user/Operation_robespierre/Amendements/DLR5L16N47697/PIONANR5L17B0118/AMANR5L17PO419604B0118P0D1N000984.json,Masséglia,Denis,Ensemble pour la République,EPR,Maine-et-Loire
amendement,AMANR5L17PO419604B0118P0D1N000982,AC982,17,CION-CEDU,PIONANR5L17B0118,PA720146,PO845407,PA721750,M.&#160;Mass&#233;glia et Mme&#160;Calvez,"À l’alinéa 10, supprimer les mots : « France Télévisions ».","Cet amendement vise à exclure la société France Télévisions du plafond de recettes publicitaires et de parrainage inscrit dans la convention stratégique pluriannuelle de la société France Médias. En effet, France Télévisions n’est aujourd’hui pas soumis à un plafond de recettes publicitaires et connaît déjà un certain nombre de restrictions sur les messages publicitaires (horaires de soirée, programmes pour enfants). Par ailleurs, dans un contexte d’attrition des ressources publiques affectées à France Télévisions (-17,3 millions d’euros entre la LFI 2024 et la LFI 2025 sur la dotation socle uniquement, hors crédits du programme de transformation), et de manque de visibilité pluriannuelle sur son financement, la mise en place d’un plafonnement des recettes publicitaires et de parrainage, qui représentent aujourd’hui 15 à 20 % des ressources de FTV, aurait des effets négatifs sur son activité, d’autant que ces recettes sont variables, notamment eu égard aux grands événements sportifs (J",1387,2025-03-28,,souverainete_numerique,/home/user/Operation_robespierre/Amendements/DLR5L16N47697/PIONANR5L17B0118/AMANR5L17PO419604B0118P0D1N000982.json,Masséglia,Denis,Ensemble pour la République,EPR,Maine-et-Loire
amendement,AMANR5L17PO59048B0118P0D1N000015,CF15,17,CION_FIN,PIONANR5L17B0118,PA720146,PO845407,PA721750,"M.&#160;Mass&#233;glia, rapporteur et Mme&#160;Calvez","À l’alinéa 10, supprimer les mots : « France Télévisions, ».","Cet amendement vise à exclure la société France Télévisions du plafond de recettes publicitaires et de parrainage inscrit dans la convention stratégique pluriannuelle de la société France Médias. En effet, France Télévisions n'est aujourd'hui pas soumis à un plafond de recettes publicitaires et connaît déjà un certain nombre de restrictions sur les messages publicitaires (horaires de soirée, programmes pour enfants). Par ailleurs, dans un contexte d'attrition des ressources publiques affectées à France Télévisions (-17,3 millions d'euros entre la LFI 2024 et la LFI 2025 sur la dotation socle uniquement, hors crédits du programme de transformation), et de manque de visibilité pluriannuelle sur son financement, la mise en place d'un plafonnement des recettes publicitaires et de parrainage, qui représentent aujourd'hui 15 à 20% des ressources de FTV, aurait des effets négatifs sur son activité, d'autant que ces recettes sont variables, notamment eu égard aux grands événements sportifs (Je",1387,2025-03-28,,souverainete_numerique,/home/user/Operation_robespierre/Amendements/DLR5L16N47697/PIONANR5L17B0118/AMANR5L17PO59048B0118P0D1N000015.json,Masséglia,Denis,Ensemble pour la République,EPR,Maine-et-Loire
amendement,AMANR5L17PO419604B0118P0D1N000930,AC930,17,CION-CEDU,PIONANR5L17B0118,PA721750,PO845407,PA719338|PA719890|PA794982|PA794658|PA721024|PA841693|PA794206|PA720190|PA794486|PA795920|PA841601|PA720146,"Mme&#160;Calvez,  Mme&#160;Melchior, Mme&#160;Brulebois, Mme&#160;Delpech, M.&#160;Fait, Mme&#160;Genetet, M.&#160;Laussucq, M.&#160;Marion, M.&#160;Sorre, Mme&#160;Spillebout, Mme&#160;Thevenot, Mme&#160;Levasseur et M.&#160;Mass&#233;glia","À l’alinéa 12, compléter la première phrase par les mots : « notamment sur l’impact et les opportunités de l’intelligence artificielle ».","L’INA est un acteur très investi sur le terrain de la recherche et de l’innovation. Il utilise déjà l’intelligence artificielle pour analyser la place des femmes dans les médias. Cet apport a été valorisé dans le rapport sur « la place des femmes dans les médias en période de crise », présentée par Céline Calvez, auteure de cet amendement. A l’heure où la France présente des volontés et des capacités d’investissements sur le sujet de l’intelligence artificielle, il apparait essentiel de consacrer le caractère moteur et incontournable de l’INA en la matière et de continuer à soutenir ses actions qui bénéficient en premier lieu, aux médias publics mais également à tout l’écosystème médiatique de notre pays.",852,2025-03-28,,ia_calcul,/home/user/Operation_robespierre/Amendements/DLR5L16N47697/PIONANR5L17B0118/AMANR5L17PO419604B0118P0D1N000930.json,Calvez,Céline,Ensemble pour la République,EPR,Hauts-de-Seine
amendement,AMANR5L17PO419604B0118P0D1N001064,AC1064,17,CION-CEDU,PIONANR5L17B0118,PA721750,PO845407,,Mme&#160;Calvez,"À l’alinéa 13, compléter la première phrase par les mots : « notamment sur l’impact et les opportunités de l’intelligence artificielle ».","L’INA est un acteur très investi sur le terrain de la recherche et de l’innovation. Il utilise déjà l’intelligence artificielle pour analyser la place des femmes dans les médias. Cet apport a été valorisé dans le rapport sur « la place des femmes dans les médias en période de crise », présentée par Céline Calvez, auteure de cet amendement. A l’heure où la France présente des volontés et des capacités d’investissements sur le sujet de l’intelligence artificielle, il apparait essentiel de consacrer le caractère moteur et incontournable de l’INA en la matière et de continuer à soutenir ses actions qui bénéficient en premier lieu, aux médias publics mais également à tout l’écosystème médiatique de notre pays.",852,2025-04-01,,ia_calcul,/home/user/Operation_robespierre/Amendements/DLR5L16N47697/PIONANR5L17B0118/AMANR5L17PO419604B0118P0D1N001064.json,Calvez,Céline,Ensemble pour la République,EPR,Hauts-de-Seine
amendement,AMANR5L17PO419604B0118P0D1N000083,AC83,17,CION-CEDU,PIONANR5L17B0118,PA795982,PO845413,PA795228|PA793262|PA794906|PA794138|PA795588|PA795084|PA842105|PA841657|PA720430|PA793772|PA795616|PA793444|PA794938|PA795318|PA841023|PA796090|PA793912|PA842187|PA842037|PA791812|PA793736|PA721202|PA795136|PA793464|PA842155|PA795200|PA795844|PA841251|PA794786|PA794870|PA796070|PA795310|PA794478|PA841947|PA794082|PA794130|PA720846|PA841729|PA795516|PA841515|PA795672|PA795108|PA795298|PA791824|PA842029|PA793532|PA795746|PA342384|PA795422|PA794686|PA841215|PA795482|PA610654|PA841191|PA721960|PA793872|PA720892|PA817211|PA793756|PA796062|PA719578|PA721062|PA841845|PA795466|PA793744|PA720952|PA794106|PA794166|PA795164|PA795596,"M.&#160;Saintoul,  Mme&#160;Abomangoli, M.&#160;Alexandre, M.&#160;Amard, Mme&#160;Amiot, Mme&#160;Amrani, M.&#160;Arenas, M.&#160;Arnault, Mme&#160;Belouassa-Cherifi, M.&#160;Bernalicis, M.&#160;Bex, M.&#160;Bilongo, M.&#160;Bompard, M.&#160;Boumertit, M.&#160;Boyard, M.&#160;Cadalen, M.&#160;Caron, M.&#160;Carri&#232;re, Mme&#160;Cathala, M.&#160;Cernon, Mme&#160;Chikirou, M.&#160;Clouet, M.&#160;Coquerel, M.&#160;Coulomme, M.&#160;Delogu, M.&#160;Diouara, Mme&#160;Dufour, Mme&#160;Erodi, Mme&#160;Feld, M.&#160;Fernandes, Mme&#160;Ferrer, M.&#160;Gaillard, Mme&#160;Guett&#233;, M.&#160;Guiraud, Mme&#160;Hamdane, Mme&#160;Hignet, M.&#160;Kerbrat, M.&#160;Lachaud, M.&#160;Lahmar, M.&#160;Laisney, M.&#160;Le&#160;Coq, M.&#160;Le&#160;Gall, Mme&#160;Leboucher, M.&#160;Legavre, Mme&#160;Legrain, Mme&#160;Lejeune, Mme&#160;Lepvraud, M.&#160;L&#233;aument, Mme&#160;&#201;lisa&#160;Martin, M.&#160;Maudet, Mme&#160;Maximi, Mme&#160;Mesmeur, Mme&#160;Manon&#160;Meunier, M.&#160;Nilor, Mme&#160;Nosb&#233;, Mme&#160;Obono, Mme&#160;Oziol, Mme&#160;Panot, M.&#160;Pilato, M.&#160;Piquemal, M.&#160;Portes, M.&#160;Prud&apos;homme, M.&#160;Ratenon, M.&#160;Saint-Martin, Mme&#160;Soudais, Mme&#160;Stambach-Terrenoir, M.&#160;Tach&#233;, Mme&#160;Taurinya, M.&#160;Tavel, Mme&#160;Trouv&#233; et M.&#160;Vannier",Supprimer cet article.,"Par cet amendement, le groupe LFI-NFP réaffirme son souhait de s’opposer à la création de la holding « France Médias ». Cette holding est d’autant plus inutile qu’elle implique de profonds changements pour l’INA, alors même qu’ils sont injustifiés. Depuis sa création en 1974, l’INA - actuellement un établissement public à caractère industriel et commercial - remplit des missions particulières au sein de l’audiovisuel public : conservation des archives, recherche et création audiovisuelles, formation professionnelle, dépôt légal de la télévision et de la radio depuis 1992… Tout cela participe à la Constitution d’un patrimoine public de l’audiovisuel public exceptionnel à disposition de toutes et tous. Loin des caricatures qui sont parfois attribuées aux entités de l’audiovisuel public, l’INA a su se moderniser pour répondre aux nouvelles attentes des Français, comme avec la création d’une offre de streaming dont la richesse des contenus proposés séduit de plus en plus de Français. Sans ",2154,2025-03-26,,ia_calcul,/home/user/Operation_robespierre/Amendements/DLR5L16N47697/PIONANR5L17B0118/AMANR5L17PO419604B0118P0D1N000083.json,Saintoul,Aurélien,La France insoumise - Nouveau Front Populaire,LFI-NFP,Hauts-de-Seine
amendement,AMANR5L17PO838901BTC1591P0D1N000010,10,17,AN,PIONANR5L17BTC1591,PA795982,PO845413,PA795228|PA793262|PA794906|PA794138|PA795588|PA795084|PA842105|PA841657|PA720430|PA793772|PA795616|PA793444|PA794938|PA795318|PA841023|PA796090|PA793912|PA842187|PA842037|PA791812|PA793736|PA721202|PA795136|PA793464|PA842155|PA795200|PA795844|PA841251|PA794786|PA794870|PA796070|PA795310|PA794478|PA841947|PA794082|PA794130|PA720846|PA841729|PA795516|PA841515|PA795672|PA795108|PA795298|PA791824|PA842029|PA793532|PA795746|PA342384|PA795422|PA794686|PA841215|PA795482|PA610654|PA841191|PA721960|PA793872|PA720892|PA817211|PA793756|PA796062|PA719578|PA721062|PA841845|PA795466|PA793744|PA720952|PA794106|PA794166|PA795164|PA795596,"M.&#160;Saintoul,  Mme&#160;Abomangoli, M.&#160;Alexandre, M.&#160;Amard, Mme&#160;Amiot, Mme&#160;Amrani, M.&#160;Arenas, M.&#160;Arnault, Mme&#160;Belouassa-Cherifi, M.&#160;Bernalicis, M.&#160;Bex, M.&#160;Bilongo, M.&#160;Bompard, M.&#160;Boumertit, M.&#160;Boyard, M.&#160;Cadalen, M.&#160;Caron, M.&#160;Carri&#232;re, Mme&#160;Cathala, M.&#160;Cernon, Mme&#160;Chikirou, M.&#160;Clouet, M.&#160;Coquerel, M.&#160;Coulomme, M.&#160;Delogu, M.&#160;Diouara, Mme&#160;Dufour, Mme&#160;Erodi, Mme&#160;Feld, M.&#160;Fernandes, Mme&#160;Ferrer, M.&#160;Gaillard, Mme&#160;Guett&#233;, M.&#160;Guiraud, Mme&#160;Hamdane, Mme&#160;Hignet, M.&#160;Kerbrat, M.&#160;Lachaud, M.&#160;Lahmar, M.&#160;Laisney, M.&#160;Le&#160;Coq, M.&#160;Le&#160;Gall, Mme&#160;Leboucher, M.&#160;Legavre, Mme&#160;Legrain, Mme&#160;Lejeune, Mme&#160;Lepvraud, M.&#160;L&#233;aument, Mme&#160;&#201;lisa&#160;Martin, M.&#160;Maudet, Mme&#160;Maximi, Mme&#160;Mesmeur, Mme&#160;Manon&#160;Meunier, M.&#160;Nilor, Mme&#160;Nosb&#233;, Mme&#160;Obono, Mme&#160;Oziol, Mme&#160;Panot, M.&#160;Pilato, M.&#160;Piquemal, M.&#160;Portes, M.&#160;Prud&apos;homme, M.&#160;Ratenon, M.&#160;Saint-Martin, Mme&#160;Soudais, Mme&#160;Stambach-Terrenoir, M.&#160;Tach&#233;, Mme&#160;Taurinya, M.&#160;Tavel, Mme&#160;Trouv&#233; et M.&#160;Vannier",Supprimer cet article.,"Par cet amendement, le groupe LFI-NFP réaffirme son souhait de s’opposer à la création de la holding “France Médias”. Cette holding est d’autant plus inutile qu’elle implique de profonds changements pour l’INA, alors même qu’ils sont injustifiés. Depuis sa création en 1974, l’INA - actuellement un établissement public à caractère industriel et commercial - remplit des missions particulières au sein de l’audiovisuel public : conservation des archives, recherche et création audiovisuelles, formation professionnelle, dépôt légal de la télévision et de la radio depuis 1992… Tout cela participe à la constitution d’un patrimoine public de l’audiovisuel public exceptionnel à disposition de toutes et tous. Loin des caricatures qui sont parfois attribuées aux entités de l’audiovisuel public, l’INA a su se moderniser pour répondre aux nouvelles attentes des Français, comme avec la création d’une offre de streaming dont la richesse des contenus proposés séduit de plus en plus de Français. Sans au",2148,2025-06-20,,ia_calcul,/home/user/Operation_robespierre/Amendements/DLR5L16N47697/PIONANR5L17BTC1591/AMANR5L17PO838901BTC1591P0D1N000010.json,Saintoul,Aurélien,La France insoumise - Nouveau Front Populaire,LFI-NFP,Hauts-de-Seine
amendement,AMANR5L17PO838901BTC1591P0D1N000046,46,17,AN,PIONANR5L17BTC1591,PA796090,PO845413,PA795228|PA793262|PA794906|PA794138|PA795588|PA795084|PA842105|PA841657|PA720430|PA793772|PA795616|PA793444|PA794938|PA795318|PA841023|PA793912|PA842187|PA842037|PA791812|PA793736|PA721202|PA795136|PA793464|PA842155|PA795200|PA795844|PA841251|PA794786|PA794870|PA796070|PA795310|PA794478|PA841947|PA794082|PA794130|PA720846|PA841729|PA795516|PA841515|PA795672|PA795108|PA795298|PA791824|PA842029|PA793532|PA795746|PA342384|PA795422|PA794686|PA841215|PA795482|PA610654|PA841191|PA721960|PA793872|PA720892|PA817211|PA793756|PA796062|PA719578|PA721062|PA841845|PA795982|PA795466|PA793744|PA720952|PA794106|PA794166|PA795164|PA795596,"M.&#160;Caron,  Mme&#160;Abomangoli, M.&#160;Alexandre, M.&#160;Amard, Mme&#160;Amiot, Mme&#160;Amrani, M.&#160;Arenas, M.&#160;Arnault, Mme&#160;Belouassa-Cherifi, M.&#160;Bernalicis, M.&#160;Bex, M.&#160;Bilongo, M.&#160;Bompard, M.&#160;Boumertit, M.&#160;Boyard, M.&#160;Cadalen, M.&#160;Carri&#232;re, Mme&#160;Cathala, M.&#160;Cernon, Mme&#160;Chikirou, M.&#160;Clouet, M.&#160;Coquerel, M.&#160;Coulomme, M.&#160;Delogu, M.&#160;Diouara, Mme&#160;Dufour, Mme&#160;Erodi, Mme&#160;Feld, M.&#160;Fernandes, Mme&#160;Ferrer, M.&#160;Gaillard, Mme&#160;Guett&#233;, M.&#160;Guiraud, Mme&#160;Hamdane, Mme&#160;Hignet, M.&#160;Kerbrat, M.&#160;Lachaud, M.&#160;Lahmar, M.&#160;Laisney, M.&#160;Le&#160;Coq, M.&#160;Le&#160;Gall, Mme&#160;Leboucher, M.&#160;Legavre, Mme&#160;Legrain, Mme&#160;Lejeune, Mme&#160;Lepvraud, M.&#160;L&#233;aument, Mme&#160;&#201;lisa&#160;Martin, M.&#160;Maudet, Mme&#160;Maximi, Mme&#160;Mesmeur, Mme&#160;Manon&#160;Meunier, M.&#160;Nilor, Mme&#160;Nosb&#233;, Mme&#160;Obono, Mme&#160;Oziol, Mme&#160;Panot, M.&#160;Pilato, M.&#160;Piquemal, M.&#160;Portes, M.&#160;Prud&apos;homme, M.&#160;Ratenon, M.&#160;Saint-Martin, M.&#160;Saintoul, Mme&#160;Soudais, Mme&#160;Stambach-Terrenoir, M.&#160;Tach&#233;, Mme&#160;Taurinya, M.&#160;Tavel, Mme&#160;Trouv&#233; et M.&#160;Vannier","Dans un délai de six mois à compter de la promulgation de la présente loi, le Gouvernement remet au Parlement un rapport sur l’opportunité ou non de transformer l’Institut national de l’audiovisuel en société anonyme.","Par cet amendement du groupe LFI-NFP, nous nous opposons à la transformation de l'INA - établissement public à caractère industriel et commercial - en société anonyme. Cela ne répond absolument pas aux nouveaux défis qui émergent dans le domaine de la protection des archives audiovisuelles, telles que l'irruption de l'intelligence artificielle, et représente une étape supplémentaire de la marchandisation de la société.",640,2025-06-20,,ia_calcul,/home/user/Operation_robespierre/Amendements/DLR5L16N47697/PIONANR5L17BTC1591/AMANR5L17PO838901BTC1591P0D1N000046.json,Caron,Aymeric,La France insoumise - Nouveau Front Populaire,LFI-NFP,Paris
amendement,AMANR5L17PO838901BTC1591P0D1N000034,34,17,AN,PIONANR5L17BTC1591,PA795982,PO845413,PA795228|PA793262|PA794906|PA794138|PA795588|PA795084|PA842105|PA841657|PA720430|PA793772|PA795616|PA793444|PA794938|PA795318|PA841023|PA796090|PA793912|PA842187|PA842037|PA791812|PA793736|PA721202|PA795136|PA793464|PA842155|PA795200|PA795844|PA841251|PA794786|PA794870|PA796070|PA795310|PA794478|PA841947|PA794082|PA794130|PA720846|PA841729|PA795516|PA841515|PA795672|PA795108|PA795298|PA791824|PA842029|PA793532|PA795746|PA342384|PA795422|PA794686|PA841215|PA795482|PA610654|PA841191|PA721960|PA793872|PA720892|PA817211|PA793756|PA796062|PA719578|PA721062|PA841845|PA795466|PA793744|PA720952|PA794106|PA794166|PA795164|PA795596,"M.&#160;Saintoul,  Mme&#160;Abomangoli, M.&#160;Alexandre, M.&#160;Amard, Mme&#160;Amiot, Mme&#160;Amrani, M.&#160;Arenas, M.&#160;Arnault, Mme&#160;Belouassa-Cherifi, M.&#160;Bernalicis, M.&#160;Bex, M.&#160;Bilongo, M.&#160;Bompard, M.&#160;Boumertit, M.&#160;Boyard, M.&#160;Cadalen, M.&#160;Caron, M.&#160;Carri&#232;re, Mme&#160;Cathala, M.&#160;Cernon, Mme&#160;Chikirou, M.&#160;Clouet, M.&#160;Coquerel, M.&#160;Coulomme, M.&#160;Delogu, M.&#160;Diouara, Mme&#160;Dufour, Mme&#160;Erodi, Mme&#160;Feld, M.&#160;Fernandes, Mme&#160;Ferrer, M.&#160;Gaillard, Mme&#160;Guett&#233;, M.&#160;Guiraud, Mme&#160;Hamdane, Mme&#160;Hignet, M.&#160;Kerbrat, M.&#160;Lachaud, M.&#160;Lahmar, M.&#160;Laisney, M.&#160;Le&#160;Coq, M.&#160;Le&#160;Gall, Mme&#160;Leboucher, M.&#160;Legavre, Mme&#160;Legrain, Mme&#160;Lejeune, Mme&#160;Lepvraud, M.&#160;L&#233;aument, Mme&#160;&#201;lisa&#160;Martin, M.&#160;Maudet, Mme&#160;Maximi, Mme&#160;Mesmeur, Mme&#160;Manon&#160;Meunier, M.&#160;Nilor, Mme&#160;Nosb&#233;, Mme&#160;Obono, Mme&#160;Oziol, Mme&#160;Panot, M.&#160;Pilato, M.&#160;Piquemal, M.&#160;Portes, M.&#160;Prud&apos;homme, M.&#160;Ratenon, M.&#160;Saint-Martin, Mme&#160;Soudais, Mme&#160;Stambach-Terrenoir, M.&#160;Tach&#233;, Mme&#160;Taurinya, M.&#160;Tavel, Mme&#160;Trouv&#233; et M.&#160;Vannier",Le II de l’article 20‑7 de la loi n° 86‑1067 du 30 septembre 1986 relative à la liberté de communication est complété par un alinéa ainsi rédigé : « « Le traitement des données personnelles des utilisateurs par les interfaces visées par le présent article est interdit sauf si la personne concernée a consenti au traitement de ses données à caractère personnel tel que prévu par l’article 6 du Règlement (UE) 2016/679 du Parlement européen et du Conseil du 27 avril 2016 relatif à la protection des p,"Par cet amendement, le groupe LFI-NFP souhaite que l’application de visibilité des chaînes de la TNT sur les écrans connectés garantisse l’anonymat des utilisateurs et l’absence de recueil de leurs données personnelles. Face à l’atomisation croissante de l’offre sur les téléviseurs connectés, la visibilité des chaînes de la TNT est désormais promue grâce au dispositif dit des services d’intérêt général (SIG) introduit par la directive SMA. Dans un projet de délibération récemment publié par l’Arcom, cette dernière propose de qualifier de SIG l’ensemble de chaînes gratuites présentes sur la TNT et propose ainsi que la garantie d’une « exposition appropriée » sur les interfaces des utilisateurs soit ainsi étendue à l’ensemble des chaînes nationales gratuites. Dans le cadre de la mise en œuvre du dispositif de « visibilité appropriée » des SIG, l’Arcom propose qu’une application ou une interface commune permettent aux utilisateurs d’accéder, depuis leur écran de téléviseur connecté ou d’a",2079,2025-06-20,,souverainete_numerique,/home/user/Operation_robespierre/Amendements/DLR5L16N47697/PIONANR5L17BTC1591/AMANR5L17PO838901BTC1591P0D1N000034.json,Saintoul,Aurélien,La France insoumise - Nouveau Front Populaire,LFI-NFP,Hauts-de-Seine
amendement,AMANR5L17PO838901BTC1591P0D1N000614,614,17,AN,PIONANR5L17BTC1591,PA720146,PO845407,,M.&#160;Mass&#233;glia,"À la première phrase de l’alinéa 11, supprimer les mots : « France Télévisions, ».","Cet amendement vise à exclure la société France Télévisions du plafond de recettes publicitaires et de parrainage inscrit dans la convention stratégique pluriannuelle de la société France Médias. En effet, France Télévisions n’est aujourd’hui pas soumis à un plafond de recettes publicitaires et connaît déjà un certain nombre de restrictions sur les messages publicitaires (horaires de soirée, programmes pour enfants). Par ailleurs, dans un contexte d’attrition des ressources publiques affectées à France Télévisions (-17,3 millions d’euros entre la LFI 2024 et la LFI 2025 sur la dotation socle uniquement, hors crédits du programme de transformation), et de manque de visibilité pluriannuelle sur son financement, la mise en place d’un plafonnement des recettes publicitaires et de parrainage, qui représentent aujourd’hui 15 à 20 % des ressources de FTV, aurait des effets négatifs sur son activité, d’autant que ces recettes sont variables, notamment eu égard aux grands événements sportifs (J",1410,2025-06-26,,souverainete_numerique,/home/user/Operation_robespierre/Amendements/DLR5L16N47697/PIONANR5L17BTC1591/AMANR5L17PO838901BTC1591P0D1N000614.json,Masséglia,Denis,Ensemble pour la République,EPR,Maine-et-Loire
amendement,AMANR5L17PO838901BTC1591P0D1N000255,255,17,AN,PIONANR5L17BTC1591,PA736201,PO845439,PA841885|PA721210|PA842013|PA794154|PA610968|PA793780|PA588884|PA841701|PA795362|PA795454|PA840997|PA841507|PA794008|PA793452|PA841351|PA793980|PA795010|PA841419|PA840947|PA794022|PA794146|PA841223|PA795636|PA842045|PA793708|PA793664|PA794778|PA795076|PA722142|PA610002|PA795808|PA796018|PA841713|PA793948|PA2940,"Mme&#160;Taill&#233;-Polian,  M.&#160;Arnaud&#160;Bonnet, M.&#160;Corbi&#232;re, M.&#160;Gustave, M.&#160;Raux, M.&#160;Amirshahi, Mme&#160;Arrighi, Mme&#160;Autain, Mme&#160;Balage&#160;El&#160;Mariky, Mme&#160;Belluco, M.&#160;Ben&#160;Cheikh, M.&#160;Biteau, M.&#160;Nicolas&#160;Bonnet, Mme&#160;Chatelain, M.&#160;Davi, M.&#160;Duplessy, M.&#160;Fournier, Mme&#160;Garin, M.&#160;Damien&#160;Girard, Mme&#160;Catherine&#160;Hervieu, M.&#160;Iordanoff, Mme&#160;Laernoes, M.&#160;Lahais, M.&#160;Lucas-Lundy, Mme&#160;Ozenne, M.&#160;Peytavie, Mme&#160;Pochon, Mme&#160;Regol, Mme&#160;Sandrine&#160;Rousseau, M.&#160;Ruffin, Mme&#160;Sas, Mme&#160;Sebaihi, Mme&#160;Simonnet, M.&#160;Tavernier, M.&#160;Thierry et Mme&#160;Voynet",Compléter l’alinéa 6 par la phrase suivante : « Elle veille à protéger les archives audiovisuelles dont elle a la charge des tentatives de pillage de données visant à entraîner des intelligences artificielles génératives. »,Cet amendement vise à compléter la définition de la mission d’archivage audiovisuel de l’Ina afin de renforcer l’exigence de protection des données dont elle à la charge face aux tentatives de pillage des contenus sans autorisation afin d’entraîner des IA génératives.,492,2025-06-25,,souverainete_numerique|ia_calcul,/home/user/Operation_robespierre/Amendements/DLR5L16N47697/PIONANR5L17BTC1591/AMANR5L17PO838901BTC1591P0D1N000255.json,Taillé-Polian,Sophie,Écologiste et Social,ECOS,Val-de-Marne
amendement,AMANR5L17PO838901BTC1591P0D1N000077,77,17,AN,PIONANR5L17BTC1591,PA795982,PO845413,PA795228|PA793262|PA794906|PA794138|PA795588|PA795084|PA842105|PA841657|PA720430|PA793772|PA795616|PA793444|PA794938|PA795318|PA841023|PA796090|PA793912|PA842187|PA842037|PA791812|PA793736|PA721202|PA795136|PA793464|PA842155|PA795200|PA795844|PA841251|PA794786|PA794870|PA796070|PA795310|PA794478|PA841947|PA794082|PA794130|PA720846|PA841729|PA795516|PA841515|PA795672|PA795108|PA795298|PA791824|PA842029|PA793532|PA795746|PA342384|PA795422|PA794686|PA841215|PA795482|PA610654|PA841191|PA721960|PA793872|PA720892|PA817211|PA793756|PA796062|PA719578|PA721062|PA841845|PA795466|PA793744|PA720952|PA794106|PA794166|PA795164|PA795596,"M.&#160;Saintoul,  Mme&#160;Abomangoli, M.&#160;Alexandre, M.&#160;Amard, Mme&#160;Amiot, Mme&#160;Amrani, M.&#160;Arenas, M.&#160;Arnault, Mme&#160;Belouassa-Cherifi, M.&#160;Bernalicis, M.&#160;Bex, M.&#160;Bilongo, M.&#160;Bompard, M.&#160;Boumertit, M.&#160;Boyard, M.&#160;Cadalen, M.&#160;Caron, M.&#160;Carri&#232;re, Mme&#160;Cathala, M.&#160;Cernon, Mme&#160;Chikirou, M.&#160;Clouet, M.&#160;Coquerel, M.&#160;Coulomme, M.&#160;Delogu, M.&#160;Diouara, Mme&#160;Dufour, Mme&#160;Erodi, Mme&#160;Feld, M.&#160;Fernandes, Mme&#160;Ferrer, M.&#160;Gaillard, Mme&#160;Guett&#233;, M.&#160;Guiraud, Mme&#160;Hamdane, Mme&#160;Hignet, M.&#160;Kerbrat, M.&#160;Lachaud, M.&#160;Lahmar, M.&#160;Laisney, M.&#160;Le&#160;Coq, M.&#160;Le&#160;Gall, Mme&#160;Leboucher, M.&#160;Legavre, Mme&#160;Legrain, Mme&#160;Lejeune, Mme&#160;Lepvraud, M.&#160;L&#233;aument, Mme&#160;&#201;lisa&#160;Martin, M.&#160;Maudet, Mme&#160;Maximi, Mme&#160;Mesmeur, Mme&#160;Manon&#160;Meunier, M.&#160;Nilor, Mme&#160;Nosb&#233;, Mme&#160;Obono, Mme&#160;Oziol, Mme&#160;Panot, M.&#160;Pilato, M.&#160;Piquemal, M.&#160;Portes, M.&#160;Prud&apos;homme, M.&#160;Ratenon, M.&#160;Saint-Martin, Mme&#160;Soudais, Mme&#160;Stambach-Terrenoir, M.&#160;Tach&#233;, Mme&#160;Taurinya, M.&#160;Tavel, Mme&#160;Trouv&#233; et M.&#160;Vannier",Supprimer l'alinéa 12.,"Par cet amendement de cohérence, le groupe LFI-NFP souhaite réaffirmer son souhait d'exclure l’Institut national de l’audiovisuel (INA) du périmètre de la holding. Nous y sommes d'autant plus opposés que la rédaction de cet alinéa prévoit que l'INA se penche sur les opportunités que représente l'intelligence artificielle dans le cadre de ses missions. Or, jusqu'à présent, la direction de cette dernière s'est illustrée par son hypocrisie sur la question et n'y a jamais apporté aucune réponse satisfaisante : en effet, déjà dans un communiqué du 26 mars 2024 intitulé : “Avenir de l’audiovisuel public : la holding de tous les dangers” et signé par les différentes sections CGT de l’audiovisuel public, dont la CGT INA, ces derniers soulignaient leur souhait d'introduire l’intelligence artificielle “sur tous les métiers” au sein de la société. Néanmoins, la direction ne répondait sur aucune question de fond : quels seront les impacts sur l’organisation interne de l’INA ? Sur les missions des ",1116,2025-06-25,,ia_calcul,/home/user/Operation_robespierre/Amendements/DLR5L16N47697/PIONANR5L17BTC1591/AMANR5L17PO838901BTC1591P0D1N000077.json,Saintoul,Aurélien,La France insoumise - Nouveau Front Populaire,LFI-NFP,Hauts-de-Seine
amendement,AMANR5L17PO838901BTC1591P0D1N000078,78,17,AN,PIONANR5L17BTC1591,PA795982,PO845413,PA795228|PA793262|PA794906|PA794138|PA795588|PA795084|PA842105|PA841657|PA720430|PA793772|PA795616|PA793444|PA794938|PA795318|PA841023|PA796090|PA793912|PA842187|PA842037|PA791812|PA793736|PA721202|PA795136|PA793464|PA842155|PA795200|PA795844|PA841251|PA794786|PA794870|PA796070|PA795310|PA794478|PA841947|PA794082|PA794130|PA720846|PA841729|PA795516|PA841515|PA795672|PA795108|PA795298|PA791824|PA842029|PA793532|PA795746|PA342384|PA795422|PA794686|PA841215|PA795482|PA610654|PA841191|PA721960|PA793872|PA720892|PA817211|PA793756|PA796062|PA719578|PA721062|PA841845|PA795466|PA793744|PA720952|PA794106|PA794166|PA795164|PA795596,"M.&#160;Saintoul,  Mme&#160;Abomangoli, M.&#160;Alexandre, M.&#160;Amard, Mme&#160;Amiot, Mme&#160;Amrani, M.&#160;Arenas, M.&#160;Arnault, Mme&#160;Belouassa-Cherifi, M.&#160;Bernalicis, M.&#160;Bex, M.&#160;Bilongo, M.&#160;Bompard, M.&#160;Boumertit, M.&#160;Boyard, M.&#160;Cadalen, M.&#160;Caron, M.&#160;Carri&#232;re, Mme&#160;Cathala, M.&#160;Cernon, Mme&#160;Chikirou, M.&#160;Clouet, M.&#160;Coquerel, M.&#160;Coulomme, M.&#160;Delogu, M.&#160;Diouara, Mme&#160;Dufour, Mme&#160;Erodi, Mme&#160;Feld, M.&#160;Fernandes, Mme&#160;Ferrer, M.&#160;Gaillard, Mme&#160;Guett&#233;, M.&#160;Guiraud, Mme&#160;Hamdane, Mme&#160;Hignet, M.&#160;Kerbrat, M.&#160;Lachaud, M.&#160;Lahmar, M.&#160;Laisney, M.&#160;Le&#160;Coq, M.&#160;Le&#160;Gall, Mme&#160;Leboucher, M.&#160;Legavre, Mme&#160;Legrain, Mme&#160;Lejeune, Mme&#160;Lepvraud, M.&#160;L&#233;aument, Mme&#160;&#201;lisa&#160;Martin, M.&#160;Maudet, Mme&#160;Maximi, Mme&#160;Mesmeur, Mme&#160;Manon&#160;Meunier, M.&#160;Nilor, Mme&#160;Nosb&#233;, Mme&#160;Obono, Mme&#160;Oziol, Mme&#160;Panot, M.&#160;Pilato, M.&#160;Piquemal, M.&#160;Portes, M.&#160;Prud&apos;homme, M.&#160;Ratenon, M.&#160;Saint-Martin, Mme&#160;Soudais, Mme&#160;Stambach-Terrenoir, M.&#160;Tach&#233;, Mme&#160;Taurinya, M.&#160;Tavel, Mme&#160;Trouv&#233; et M.&#160;Vannier","À la fin de la première phrase de l’alinéa 12, supprimer les mots : « , notamment sur les effets et sur les opportunités de l’intelligence artificielle ».","Par cet amendement de cohérence, le groupe LFI-NFP souhaite réaffirmer son souhait d'exclure l’Institut national de l’audiovisuel (INA) du périmètre de la holding. Nous y sommes d'autant plus opposés que la rédaction de cet alinéa prévoit que l'INA se penche sur les opportunités que représente l'intelligence artificielle dans le cadre de ses missions. Or, jusqu'à présent, la direction de cette dernière s'est illustrée par son hypocrisie sur la question et n'y a jamais apporté aucune réponse satisfaisante : en effet, déjà dans un communiqué du 26 mars 2024 intitulé : “Avenir de l’audiovisuel public : la holding de tous les dangers” et signé par les différentes sections CGT de l’audiovisuel public, dont la CGT INA, ces derniers soulignaient leur souhait d'introduire l’intelligence artificielle “sur tous les métiers” au sein de la société. Néanmoins, la direction ne répondait sur aucune question de fond : quels seront les impacts sur l’organisation interne de l’INA ? Sur les missions des ",1248,2025-06-25,,ia_calcul,/home/user/Operation_robespierre/Amendements/DLR5L16N47697/PIONANR5L17BTC1591/AMANR5L17PO838901BTC1591P0D1N000078.json,Saintoul,Aurélien,La France insoumise - Nouveau Front Populaire,LFI-NFP,Hauts-de-Seine
amendement,AMANR5L17PO838901BTC1591P0D1N000912,912,17,AN,PIONANR5L17BTC1591,PA736201,PO845439,PA721210|PA610968|PA793780|PA588884|PA841701|PA795362|PA795454|PA840997|PA841885|PA841507|PA794008|PA793452|PA841351|PA793980|PA795010|PA841419|PA842013|PA840947|PA794022|PA794146|PA841223|PA795636|PA842045|PA793708|PA793664|PA794154|PA794778|PA795076|PA722142|PA610002|PA795808|PA796018|PA841713|PA793948|PA2940,"Mme&#160;Taill&#233;-Polian,  M.&#160;Corbi&#232;re, M.&#160;Amirshahi, Mme&#160;Arrighi, Mme&#160;Autain, Mme&#160;Balage&#160;El&#160;Mariky, Mme&#160;Belluco, M.&#160;Ben&#160;Cheikh, M.&#160;Biteau, M.&#160;Arnaud&#160;Bonnet, M.&#160;Nicolas&#160;Bonnet, Mme&#160;Chatelain, M.&#160;Davi, M.&#160;Duplessy, M.&#160;Fournier, Mme&#160;Garin, M.&#160;Damien&#160;Girard, M.&#160;Gustave, Mme&#160;Catherine&#160;Hervieu, M.&#160;Iordanoff, Mme&#160;Laernoes, M.&#160;Lahais, M.&#160;Lucas-Lundy, Mme&#160;Ozenne, M.&#160;Peytavie, Mme&#160;Pochon, M.&#160;Raux, Mme&#160;Regol, Mme&#160;Sandrine&#160;Rousseau, M.&#160;Ruffin, Mme&#160;Sas, Mme&#160;Sebaihi, Mme&#160;Simonnet, M.&#160;Tavernier, M.&#160;Thierry et Mme&#160;Voynet",Compléter la deuxième phrase de l’alinéa 3 par les mots : « en concertation avec les représentants élus des salariés ».,"Cet amendement vise à garantir que la mise en œuvre des projets de développement intégrant les nouvelles techniques de diffusion et de production puisse se faire en concertation avec les représentants élus des salariés. L'usage des nouvelles techniques de diffusion et de production, notamment de l'intelligence artificielle générative, peut avoir pour effet de réduire la qualité de l'information produite mais aussi avoir des conséquences sur l'organisation du travail. C'est pourquoi, les co-signataires de cet amendement considèrent que le déploiement des nouvelles technologies doit se faire dans le respect du droit des salariés et de l'éthique journalistique.",786,2025-06-26,,ia_calcul,/home/user/Operation_robespierre/Amendements/DLR5L16N47697/PIONANR5L17BTC1591/AMANR5L17PO838901BTC1591P0D1N000912.json,Taillé-Polian,Sophie,Écologiste et Social,ECOS,Val-de-Marne
amendement,AMANR5L17PO838901BTC1591P0D1N000683,683,17,AN,PIONANR5L17BTC1591,PA720838,PO845514,PA796010|PA794710|PA796106|PA795868|PA721896|PA795998|PA774962|PA335612|PA842271|PA793174|PA795820|PA721270|PA795240|PA795876|PA605745|PA842299,"Mme&#160;Bourouaha,  M.&#160;Maillot, M.&#160;Brugerolles, M.&#160;B&#233;nard, M.&#160;Castor, Mme&#160;Faucillon, Mme&#160;K/Bidi, Mme&#160;Lebon, M.&#160;Lecoq, M.&#160;Maurel, M.&#160;Monnet, M.&#160;Nadeau, M.&#160;Peu, Mme&#160;Reid&#160;Arbelot, M.&#160;Rimane, M.&#160;Sansu et M.&#160;Tjibaou",Compléter la deuxième phrase de l’alinéa 3 par les mots : « en concertation avec les représentants élus des salariés ».,"Cet amendement vise à garantir que la mise en oeuvre des projets de développement intégrant les nouvelles techniques de diffusion et de production puisse se faire en concertation avec les représentants élus des salariés. L'usage des nouvelles techniques de diffusion et de production, notamment de l'intelligence artificielle générative, peut avoir pour effet de réduire la qualité de l'information produite mais aussi avoir des conséquences sur l'organisation du travail. C'est pourquoi, les co-signataires de cet amendement considèrent que le déploiement des nouvelles technologies doit se faire dans le respect du droit des salariés et de l'éthique journalistique.",787,2025-06-26,,ia_calcul,/home/user/Operation_robespierre/Amendements/DLR5L16N47697/PIONANR5L17BTC1591/AMANR5L17PO838901BTC1591P0D1N000683.json,Bourouaha,Soumya,Gauche Démocrate et Républicaine,GDR,Seine-Saint-Denis
amendement,AMANR5L17PO838901BTC1591P0D1N000466,466,17,AN,PIONANR5L17BTC1591,PA840171,PO845419,PA841853|PA795156|PA841295|PA841813|PA841367|PA342196|PA840665|PA642764|PA643143|PA840829|PA342415|PA606793|PA842211|PA841315|PA794094|PA793624|PA795762|PA608264|PA840903|PA1008|PA793394|PA795430|PA841919|PA606573|PA841633|PA794854|PA842195|PA609332|PA841665|PA333285|PA840939|PA841539|PA331973|PA1567|PA841471|PA842263|PA1654|PA643192|PA335054|PA774958|PA840765|PA841463|PA643157|PA841107|PA841381|PA840793|PA794270|PA608172|PA607553|PA840955|PA341981|PA840673|PA826635|PA841327|PA841717|PA841243|PA774960|PA340343|PA841091|PA841681|PA841893|PA793816|PA719930|PA794494|PA720992,"M.&#160;Emmanuel&#160;Gr&#233;goire,  Mme&#160;C&#233;line&#160;Hervieu, Mme&#160;Keloua&#160;Hachi, M.&#160;Courbon, Mme&#160;Herouin-L&#233;autey, M.&#160;Proen&#231;a, Mme&#160;Rouaux, Mme&#160;Allemand, M.&#160;Aviragnet, M.&#160;Baptiste, M.&#160;Barusseau, Mme&#160;Battistel, M.&#160;Baumel, Mme&#160;Bellay, M.&#160;Benbrahim, M.&#160;Bouloux, M.&#160;Philippe&#160;Brun, M.&#160;Califer, Mme&#160;Capdevielle, M.&#160;Christophle, M.&#160;David, M.&#160;Delaporte, M.&#160;Delautrette, Mme&#160;Diop, Mme&#160;Dombre&#160;Coste, M.&#160;Dufau, M.&#160;Echaniz, M.&#160;Eskenazi, M.&#160;Faure, M.&#160;F&#233;gn&#233;, M.&#160;Garot, Mme&#160;Godard, M.&#160;Gokel, Mme&#160;Got, M.&#160;Guedj, M.&#160;Hablot, Mme&#160;Hadizadeh, M.&#160;Hollande, Mme&#160;Jourdan, Mme&#160;Karamanli, M.&#160;Leseul, M.&#160;Lhardit, Mme&#160;Mercier, M.&#160;Naillet, M.&#160;Oberti, Mme&#160;Pantel, M.&#160;Pena, Mme&#160;Pic, Mme&#160;Pir&#232;s&#160;Beaune, M.&#160;Potier, M.&#160;Pribetich, Mme&#160;R&#233;calde, Mme&#160;Rossi, M.&#160;Aur&#233;lien&#160;Rousseau, M.&#160;Roussel, Mme&#160;Runel, M.&#160;Saint-Pasteur, Mme&#160;Santiago, M.&#160;Saulignac, M.&#160;Simion, M.&#160;Sother, Mme&#160;Thi&#233;bault-Martinez, Mme&#160;Thomin, M.&#160;Vallaud, M.&#160;Vicot, M.&#160;William et les membres du groupe Socialistes et apparent&#233;s",Compléter la seconde phrase de l’alinéa 12 par les mots : « notamment sur l’impact et les opportunités de l’intelligence artificielle et les phénomènes de désinformation dans le débat public ».,"Cet amendement vise à compléter la définition de la mission d’innovation et de recherche de l’Ina dans le domaine de la production et de la communication audiovisuelle par l’étude des phénomènes de désinformation à grande échelle. L’accélération des tensions géopolitiques liées à la guerre en Ukraine et au revirement états-unien accentue les tentatives de déstabilisation du débat public européen qui visent à saper sa cohésion. Ces ingérences étrangères profitent de la grande liberté de communication qu’offre Internet pour mettre en œuvre des stratégies de désinformation à grande échelle, que des industriels milliardaires comme Vincent Bolloré et Pierre-Edouard Stérin s’empressent d’amplifier via leurs multiples acquisitions dans le domaine de l’influence, la culture, de la communication et des médias. Il est important que cette loi qui redéfinisse les missions et priorités de l’audiovisuel public français soit l’occasion de doter l’Ina d’une mission de recherche sur de tels phénomènes ",1249,2025-06-25,,ia_calcul,/home/user/Operation_robespierre/Amendements/DLR5L16N47697/PIONANR5L17BTC1591/AMANR5L17PO838901BTC1591P0D1N000466.json,Grégoire,Emmanuel,Socialistes et apparentés,SOC,Paris
amendement,AMANR5L17PO838901BTC1591P0D1N000613,613,17,AN,PIONANR5L17BTC1591,PA720146,PO845407,,M.&#160;Mass&#233;glia,"À la première phrase de l’alinéa 11, substituer aux mots : « y compris numériques » les mots : « hors recettes tirées de la diffusion de messages d’intérêt général et de publicités sur le numérique ».","Cet amendement vise à supprimer l’inscription d’un plafond de recettes publicitaires et de parrainage sur le numérique pour les sociétés de l’audiovisuel public mentionnées. En effet, la nature du marché de la publicité digitale, tel que décrit par l’étude de l’Arcom et de la DGMIC de janvier 2024 (Perspectives d’évolution du marché publicitaire français à l’horizon 2030), implique une concurrence sur ce marché non pas entre acteurs nationaux de l’audiovisuel mais avec les grandes plateformes mondiales (GAFAM). L’étude précitée prévoit que les quatre grandes plateformes numériques extra-européennes (Alphabet, Meta, Amazon, Bytedance) capteront une part de plus en plus significative du marché publicitaire dans les prochaines années : cette part s’élèvera à 45 % en 2030 contre 36 % en 2022 et 13 % en 2012. Ainsi, la mise en place d’un plafond sur les recettes digitales bénéficierait essentiellement aux grandes plateformes et non aux acteurs privés français de l’audiovisuel. Par ailleurs,",1709,2025-06-25,,souverainete_numerique,/home/user/Operation_robespierre/Amendements/DLR5L16N47697/PIONANR5L17BTC1591/AMANR5L17PO838901BTC1591P0D1N000613.json,Masséglia,Denis,Ensemble pour la République,EPR,Maine-et-Loire
amendement,AMANR5L17PO838901BTC1591P0D1N000256,256,17,AN,PIONANR5L17BTC1591,PA736201,PO845439,PA841885|PA721210|PA842013|PA794154|PA610968|PA793780|PA588884|PA841701|PA795362|PA795454|PA840997|PA841507|PA794008|PA793452|PA841351|PA793980|PA795010|PA841419|PA840947|PA794022|PA794146|PA841223|PA795636|PA842045|PA793708|PA793664|PA794778|PA795076|PA722142|PA610002|PA795808|PA796018|PA841713|PA793948|PA2940,"Mme&#160;Taill&#233;-Polian,  M.&#160;Arnaud&#160;Bonnet, M.&#160;Corbi&#232;re, M.&#160;Gustave, M.&#160;Raux, M.&#160;Amirshahi, Mme&#160;Arrighi, Mme&#160;Autain, Mme&#160;Balage&#160;El&#160;Mariky, Mme&#160;Belluco, M.&#160;Ben&#160;Cheikh, M.&#160;Biteau, M.&#160;Nicolas&#160;Bonnet, Mme&#160;Chatelain, M.&#160;Davi, M.&#160;Duplessy, M.&#160;Fournier, Mme&#160;Garin, M.&#160;Damien&#160;Girard, Mme&#160;Catherine&#160;Hervieu, M.&#160;Iordanoff, Mme&#160;Laernoes, M.&#160;Lahais, M.&#160;Lucas-Lundy, Mme&#160;Ozenne, M.&#160;Peytavie, Mme&#160;Pochon, Mme&#160;Regol, Mme&#160;Sandrine&#160;Rousseau, M.&#160;Ruffin, Mme&#160;Sas, Mme&#160;Sebaihi, Mme&#160;Simonnet, M.&#160;Tavernier, M.&#160;Thierry et Mme&#160;Voynet",Compléter la seconde phrase de l’alinéa 12 par les mots : « notamment sur l’impact et les opportunités de l’intelligence artificielle et les phénomènes de désinformation dans le débat public ».,"Cet amendement vise à compléter la définition de la mission d’innovation et de recherche de l’Ina dans le domaine de la production et de la communication audiovisuelle par l’étude des phénomènes de désinformation à grande échelle. L’accélération des tensions géopolitiques liées à la guerre en Ukraine et au revirement états-unien accentue les tentatives de déstabilisation du débat public européen qui visent à saper sa cohésion. Ces ingérences étrangères profitent de la grande liberté de communication qu’offre Internet pour mettre en œuvre des stratégies de désinformation à grande échelle, que des industriels milliardaires comme Vincent Bolloré et Pierre-Edouard Stérin s’empressent d’amplifier via leurs multiples acquisitions dans le domaine de l’influence, la culture, de la communication et des médias. Le groupe écologiste et social estime important que cette loi qui redéfinit les missions et priorités de l’audiovisuel public français soit l’occasion de doter l’Ina d’une mission de rech",1278,2025-06-25,,ia_calcul,/home/user/Operation_robespierre/Amendements/DLR5L16N47697/PIONANR5L17BTC1591/AMANR5L17PO838901BTC1591P0D1N000256.json,Taillé-Polian,Sophie,Écologiste et Social,ECOS,Val-de-Marne
amendement,AMANR5L17PO838901BTC1591P0D1N000465,465,17,AN,PIONANR5L17BTC1591,PA840171,PO845419,PA841853|PA795156|PA841295|PA841813|PA841367|PA342196|PA840665|PA642764|PA643143|PA840829|PA342415|PA606793|PA842211|PA841315|PA794094|PA793624|PA795762|PA608264|PA840903|PA1008|PA793394|PA795430|PA841919|PA606573|PA841633|PA794854|PA842195|PA609332|PA841665|PA333285|PA840939|PA841539|PA331973|PA1567|PA841471|PA842263|PA1654|PA643192|PA335054|PA774958|PA840765|PA841463|PA643157|PA841107|PA841381|PA840793|PA794270|PA608172|PA607553|PA840955|PA341981|PA840673|PA826635|PA841327|PA841717|PA841243|PA774960|PA340343|PA841091|PA841681|PA841893|PA793816|PA719930|PA794494|PA720992,"M.&#160;Emmanuel&#160;Gr&#233;goire,  Mme&#160;C&#233;line&#160;Hervieu, Mme&#160;Keloua&#160;Hachi, M.&#160;Courbon, Mme&#160;Herouin-L&#233;autey, M.&#160;Proen&#231;a, Mme&#160;Rouaux, Mme&#160;Allemand, M.&#160;Aviragnet, M.&#160;Baptiste, M.&#160;Barusseau, Mme&#160;Battistel, M.&#160;Baumel, Mme&#160;Bellay, M.&#160;Benbrahim, M.&#160;Bouloux, M.&#160;Philippe&#160;Brun, M.&#160;Califer, Mme&#160;Capdevielle, M.&#160;Christophle, M.&#160;David, M.&#160;Delaporte, M.&#160;Delautrette, Mme&#160;Diop, Mme&#160;Dombre&#160;Coste, M.&#160;Dufau, M.&#160;Echaniz, M.&#160;Eskenazi, M.&#160;Faure, M.&#160;F&#233;gn&#233;, M.&#160;Garot, Mme&#160;Godard, M.&#160;Gokel, Mme&#160;Got, M.&#160;Guedj, M.&#160;Hablot, Mme&#160;Hadizadeh, M.&#160;Hollande, Mme&#160;Jourdan, Mme&#160;Karamanli, M.&#160;Leseul, M.&#160;Lhardit, Mme&#160;Mercier, M.&#160;Naillet, M.&#160;Oberti, Mme&#160;Pantel, M.&#160;Pena, Mme&#160;Pic, Mme&#160;Pir&#232;s&#160;Beaune, M.&#160;Potier, M.&#160;Pribetich, Mme&#160;R&#233;calde, Mme&#160;Rossi, M.&#160;Aur&#233;lien&#160;Rousseau, M.&#160;Roussel, Mme&#160;Runel, M.&#160;Saint-Pasteur, Mme&#160;Santiago, M.&#160;Saulignac, M.&#160;Simion, M.&#160;Sother, Mme&#160;Thi&#233;bault-Martinez, Mme&#160;Thomin, M.&#160;Vallaud, M.&#160;Vicot, M.&#160;William et les membres du groupe Socialistes et apparent&#233;s",Compléter l’alinéa 6 par la phrase suivante : « Elle veille à protéger les archives audiovisuelles dont elle a la charge des tentatives de pillage de données visant à entraîner des intelligences artificielles génératives. »,Cet amendement vise à compléter la définition de la mission d’archivage audiovisuel de l’Ina afin de renforcer l’exigence de protection des données dont elle à la charge face aux tentatives de pillage des contenus sans autorisation afin d’entraîner des IA génératives.,492,2025-06-25,,souverainete_numerique|ia_calcul,/home/user/Operation_robespierre/Amendements/DLR5L16N47697/PIONANR5L17BTC1591/AMANR5L17PO838901BTC1591P0D1N000465.json,Grégoire,Emmanuel,Socialistes et apparentés,SOC,Paris
amendement,AMANR5L17PO838901BTC1591P0D1N000318,318,17,AN,PIONANR5L17BTC1591,PA736201,PO845439,PA841885|PA721210|PA842013|PA794154|PA610968|PA793780|PA588884|PA841701|PA795362|PA795454|PA840997|PA841507|PA794008|PA793452|PA841351|PA793980|PA795010|PA841419|PA840947|PA794022|PA794146|PA841223|PA795636|PA842045|PA793708|PA793664|PA794778|PA795076|PA722142|PA610002|PA795808|PA796018|PA841713|PA793948|PA2940,"Mme&#160;Taill&#233;-Polian,  M.&#160;Arnaud&#160;Bonnet, M.&#160;Corbi&#232;re, M.&#160;Gustave, M.&#160;Raux, M.&#160;Amirshahi, Mme&#160;Arrighi, Mme&#160;Autain, Mme&#160;Balage&#160;El&#160;Mariky, Mme&#160;Belluco, M.&#160;Ben&#160;Cheikh, M.&#160;Biteau, M.&#160;Nicolas&#160;Bonnet, Mme&#160;Chatelain, M.&#160;Davi, M.&#160;Duplessy, M.&#160;Fournier, Mme&#160;Garin, M.&#160;Damien&#160;Girard, Mme&#160;Catherine&#160;Hervieu, M.&#160;Iordanoff, Mme&#160;Laernoes, M.&#160;Lahais, M.&#160;Lucas-Lundy, Mme&#160;Ozenne, M.&#160;Peytavie, Mme&#160;Pochon, Mme&#160;Regol, Mme&#160;Sandrine&#160;Rousseau, M.&#160;Ruffin, Mme&#160;Sas, Mme&#160;Sebaihi, Mme&#160;Simonnet, M.&#160;Tavernier, M.&#160;Thierry et Mme&#160;Voynet","Après l’alinéa 10, insérer l’alinéa suivant : « 7° La part de ressources consacrées à la sous traitance et à la production interne de contenus audiovisuels. Elle mentionne également l’objectif de réduction progressive du recours à la sous traitance de l’offre de service public. »","Cet amendement vise à encadrer le recours à la sous traitance de contenus audiovisuels par le service public de l’audiovisuel. En plus d’éloigner les médias publics de leur mission de service public, la stratégie de sous traitance est essentiellement une stratégie d’affichage qui permet aux médias publics d’afficher un plus faible nombre de personnels sans permettre pour autant de réduire les coûts, bien au contraire, puisqu’elle rémunère la marge des entreprises partenaires. De plus, elle est souvent responsable de conditions de travail détériorées pour les salariés qui ne peuvent appartenir au collectif de travail. Le groupe Écologiste et Social s’oppose tout particulièrement à la sous traitance de main d’oeuvre en matière de contenus rédactionnels, à l’image des éditeurs visuels qui assurent la mise en images des matinales radios filmées avec des contrats précaires et illégaux sans bénéficier du même salaire, des mêmes grilles et des mêmes droits ou prestations sociales des CSE que ",1851,2025-06-25,,ia_calcul,/home/user/Operation_robespierre/Amendements/DLR5L16N47697/PIONANR5L17BTC1591/AMANR5L17PO838901BTC1591P0D1N000318.json,Taillé-Polian,Sophie,Écologiste et Social,ECOS,Val-de-Marne
amendement,AMANR5L17PO838901BTC1591P0D1N000814,814,17,AN,PIONANR5L17BTC1591,PA840171,PO845419,PA841853|PA842263|PA795156|PA841295|PA841813|PA841367|PA342196|PA794854|PA840665|PA642764|PA643143|PA840829|PA342415|PA606793|PA842211|PA841315|PA794094|PA793624|PA795762|PA608264|PA840903|PA1008|PA793394|PA795430|PA841919|PA606573|PA841633|PA842195|PA609332|PA841665|PA333285|PA840939|PA841539|PA331973|PA1567|PA841471|PA1654|PA643192|PA335054|PA774958|PA840765|PA841463|PA643157|PA841107|PA841381|PA840793|PA794270|PA608172|PA607553|PA840955|PA840673|PA826635|PA841327|PA841717|PA341981|PA841243|PA774960|PA340343|PA841091|PA841681|PA841893|PA793816|PA719930|PA794494|PA720992,"M.&#160;Emmanuel&#160;Gr&#233;goire,  Mme&#160;C&#233;line&#160;Hervieu, Mme&#160;Hadizadeh, Mme&#160;Keloua&#160;Hachi, M.&#160;Courbon, Mme&#160;Herouin-L&#233;autey, M.&#160;Proen&#231;a, Mme&#160;Rouaux, M.&#160;Echaniz, Mme&#160;Allemand, M.&#160;Aviragnet, M.&#160;Baptiste, M.&#160;Barusseau, Mme&#160;Battistel, M.&#160;Baumel, Mme&#160;Bellay, M.&#160;Benbrahim, M.&#160;Bouloux, M.&#160;Philippe&#160;Brun, M.&#160;Califer, Mme&#160;Capdevielle, M.&#160;Christophle, M.&#160;David, M.&#160;Delaporte, M.&#160;Delautrette, Mme&#160;Diop, Mme&#160;Dombre&#160;Coste, M.&#160;Dufau, M.&#160;Eskenazi, M.&#160;Faure, M.&#160;F&#233;gn&#233;, M.&#160;Garot, Mme&#160;Godard, M.&#160;Gokel, Mme&#160;Got, M.&#160;Guedj, M.&#160;Hablot, M.&#160;Hollande, Mme&#160;Jourdan, Mme&#160;Karamanli, M.&#160;Leseul, M.&#160;Lhardit, Mme&#160;Mercier, M.&#160;Naillet, M.&#160;Oberti, Mme&#160;Pantel, M.&#160;Pena, Mme&#160;Pic, Mme&#160;Pir&#232;s&#160;Beaune, M.&#160;Potier, M.&#160;Pribetich, Mme&#160;Rossi, M.&#160;Aur&#233;lien&#160;Rousseau, M.&#160;Roussel, Mme&#160;Runel, Mme&#160;R&#233;calde, M.&#160;Saint-Pasteur, Mme&#160;Santiago, M.&#160;Saulignac, M.&#160;Simion, M.&#160;Sother, Mme&#160;Thi&#233;bault-Martinez, Mme&#160;Thomin, M.&#160;Vallaud, M.&#160;Vicot et M.&#160;William","Dans un délai de six mois à compter de la promulgation de la présente loi, le Gouvernement remet au Parlement un rapport sur l’opportunité ou non de transformer l’Institut national de l’audiovisuel en société anonyme.","Par cet amendement, nous nous opposons à la transformation de l'INA - établissement public à caractère industriel et commercial - en société anonyme. Cela ne répond absolument pas aux nouveaux défis qui émergent dans le domaine de la protection des archives audiovisuelles, telles que l'irruption de l'intelligence artificielle, et représente une étape supplémentaire de la marchandisation de la société.",622,2025-06-26,,ia_calcul,/home/user/Operation_robespierre/Amendements/DLR5L16N47697/PIONANR5L17BTC1591/AMANR5L17PO838901BTC1591P0D1N000814.json,Grégoire,Emmanuel,Socialistes et apparentés,SOC,Paris
amendement,AMANR5L17PO838901BTC1591P0D1N000749,749,17,AN,PIONANR5L17BTC1591,PA840171,PO845419,PA841853|PA842263|PA795156|PA841295|PA841813|PA841367|PA342196|PA794854|PA840665|PA642764|PA643143|PA840829|PA342415|PA606793|PA842211|PA841315|PA794094|PA793624|PA795762|PA608264|PA840903|PA1008|PA793394|PA795430|PA841919|PA606573|PA841633|PA842195|PA609332|PA841665|PA333285|PA840939|PA841539|PA331973|PA1567|PA841471|PA1654|PA643192|PA335054|PA774958|PA840765|PA841463|PA643157|PA841107|PA841381|PA840793|PA794270|PA608172|PA607553|PA840955|PA840673|PA826635|PA841327|PA841717|PA341981|PA841243|PA774960|PA340343|PA841091|PA841681|PA841893|PA793816|PA719930|PA794494|PA720992,"M.&#160;Emmanuel&#160;Gr&#233;goire,  Mme&#160;C&#233;line&#160;Hervieu, Mme&#160;Hadizadeh, Mme&#160;Keloua&#160;Hachi, M.&#160;Courbon, Mme&#160;Herouin-L&#233;autey, M.&#160;Proen&#231;a, Mme&#160;Rouaux, M.&#160;Echaniz, Mme&#160;Allemand, M.&#160;Aviragnet, M.&#160;Baptiste, M.&#160;Barusseau, Mme&#160;Battistel, M.&#160;Baumel, Mme&#160;Bellay, M.&#160;Benbrahim, M.&#160;Bouloux, M.&#160;Philippe&#160;Brun, M.&#160;Califer, Mme&#160;Capdevielle, M.&#160;Christophle, M.&#160;David, M.&#160;Delaporte, M.&#160;Delautrette, Mme&#160;Diop, Mme&#160;Dombre&#160;Coste, M.&#160;Dufau, M.&#160;Eskenazi, M.&#160;Faure, M.&#160;F&#233;gn&#233;, M.&#160;Garot, Mme&#160;Godard, M.&#160;Gokel, Mme&#160;Got, M.&#160;Guedj, M.&#160;Hablot, M.&#160;Hollande, Mme&#160;Jourdan, Mme&#160;Karamanli, M.&#160;Leseul, M.&#160;Lhardit, Mme&#160;Mercier, M.&#160;Naillet, M.&#160;Oberti, Mme&#160;Pantel, M.&#160;Pena, Mme&#160;Pic, Mme&#160;Pir&#232;s&#160;Beaune, M.&#160;Potier, M.&#160;Pribetich, Mme&#160;Rossi, M.&#160;Aur&#233;lien&#160;Rousseau, M.&#160;Roussel, Mme&#160;Runel, Mme&#160;R&#233;calde, M.&#160;Saint-Pasteur, Mme&#160;Santiago, M.&#160;Saulignac, M.&#160;Simion, M.&#160;Sother, Mme&#160;Thi&#233;bault-Martinez, Mme&#160;Thomin, M.&#160;Vallaud, M.&#160;Vicot et M.&#160;William","À la fin de la première phrase de l’alinéa 12, supprimer les mots : « , notamment sur les effets et sur les opportunités de l’intelligence artificielle ».","Par cet amendement de cohérence, le groupe Socialistes et apparentés souhaite réaffirmer son souhait d'exclure l’Institut national de l’audiovisuel (INA) du périmètre de la holding. Nous y sommes d'autant plus opposés que la rédaction de cet alinéa prévoit que l'INA se penche sur les opportunités que représente l'intelligence artificielle dans le cadre de ses missions. Or, jusqu'à présent, la direction de cette dernière s'est illustrée par son hypocrisie sur la question et n'y a jamais apporté aucune réponse satisfaisante : en effet, déjà dans un communiqué du 26 mars 2024 intitulé : “Avenir de l’audiovisuel public : la holding de tous les dangers” et signé par les différentes sections CGT de l’audiovisuel public, dont la CGT INA, ces derniers soulignaient leur souhait d'introduire l’intelligence artificielle “sur tous les métiers” au sein de la société. Néanmoins, la direction ne répondait sur aucune question de fond : quels seront les impacts sur l’organisation interne de l’INA ? Sur",1266,2025-06-26,,ia_calcul,/home/user/Operation_robespierre/Amendements/DLR5L16N47697/PIONANR5L17BTC1591/AMANR5L17PO838901BTC1591P0D1N000749.json,Grégoire,Emmanuel,Socialistes et apparentés,SOC,Paris
amendement,AMANR5L17PO420120B0119P0D1N000008,AS8,17,CION-SOC,PIONANR5L17B0119,PA794678,PO845401,PA842279|PA794434|PA841645|PA840119|PA794762|PA842073|PA840143|PA795912|PA793608|PA793672|PA794322|PA793354|PA793696|PA793230|PA793382,"M.&#160;Frapp&#233;,  Mme&#160;Bamana, M.&#160;Bentz, M.&#160;Bernhardt, Mme&#160;Delannoy, Mme&#160;Dogor-Such, M.&#160;Dussausaye, M.&#160;Florquin, Mme&#160;Lavalette, Mme&#160;Levavasseur, Mme&#160;Loir, M.&#160;M&#233;nag&#233;, Mme&#160;M&#233;lin, M.&#160;Muller, Mme&#160;Ranc et M.&#160;Tach&#233;&#160;de&#160;la&#160;Pagerie","Après l’alinéa 9, insérer l’alinéa suivant : « L’accès aux données du registre national des cancers peut être autorisé, dans des conditions déterminées par décret en Conseil d’État, à des fins de recherche, d’étude ou d’évaluation, notamment par les organismes de recherche publique ou par les établissements de santé, dans le respect des dispositions relatives à la protection des données personnelles. »","Le registre ne doit pas être une simple base statistique passive. Cet amendement vise à ouvrir son potentiel à la recherche publique, dans le strict respect du RGPD et des règles de la CNIL. Il s’inscrit dans la stratégie nationale de lutte contre le cancer en facilitant les études épidémiologiques, la veille sanitaire, ou les projets innovants sur les inégalités d’accès aux soins.",790,2025-06-14,,souverainete_numerique,/home/user/Operation_robespierre/Amendements/DLR5L16N47676/PIONANR5L17B0119/AMANR5L17PO420120B0119P0D1N000008.json,Frappé,Thierry,Rassemblement National,RN,Pas-de-Calais
amendement,AMANR5L17PO420120B0119P0D1N000006,AS6,17,CION-SOC,PIONANR5L17B0119,PA794678,PO845401,PA842279|PA794434|PA841645|PA840119|PA794762|PA842073|PA840143|PA795912|PA793608|PA793672|PA794322|PA793354|PA793696|PA793230|PA793382,"M.&#160;Frapp&#233;,  Mme&#160;Bamana, M.&#160;Bentz, M.&#160;Bernhardt, Mme&#160;Delannoy, Mme&#160;Dogor-Such, M.&#160;Dussausaye, M.&#160;Florquin, Mme&#160;Lavalette, Mme&#160;Levavasseur, Mme&#160;Loir, M.&#160;M&#233;nag&#233;, Mme&#160;M&#233;lin, M.&#160;Muller, Mme&#160;Ranc et M.&#160;Tach&#233;&#160;de&#160;la&#160;Pagerie","Après l’alinéa 9, insérer l’alinéa suivant : « Les données collectées dans le cadre du registre national des cancers sont hébergées sur des serveurs situés sur le territoire national, par un hébergeur certifié au sens de l’article L. 1111‑8. »","Cet amendement vise à renforcer la souveraineté sanitaire et numérique de la France en s’assurant que les données sensibles du registre national des cancers soient hébergées en France, conformément aux exigences du code de la santé publique relatives à l’hébergement de données de santé. Cela garantit à la fois un haut niveau de sécurité et la protection contre tout transfert non contrôlé à des puissances étrangères.",663,2025-06-14,,data_center|souverainete_numerique,/home/user/Operation_robespierre/Amendements/DLR5L16N47676/PIONANR5L17B0119/AMANR5L17PO420120B0119P0D1N000006.json,Frappé,Thierry,Rassemblement National,RN,Pas-de-Calais
amendement,AMANR5L17PO838901B0324P2D1N000979,II-979,17,AN,PRJLANR5L17B0324,PA795298,PO845413,PA841251|PA795228|PA793262|PA794906|PA794138|PA795588|PA795084|PA842105|PA841657|PA720430|PA793772|PA795616|PA793444|PA794938|PA795318|PA841023|PA796090|PA793912|PA842187|PA842037|PA791812|PA793736|PA795136|PA793464|PA842155|PA795200|PA795844|PA794786|PA794870|PA796070|PA795310|PA794478|PA841947|PA794082|PA794130|PA720846|PA841729|PA795516|PA795672|PA841515|PA795108|PA791824|PA842029|PA793532|PA795746|PA342384|PA795422|PA794686|PA841215|PA795482|PA610654|PA841191|PA721960|PA793872|PA720892|PA817211|PA793756|PA796062|PA719578|PA721062|PA841845|PA795982|PA795466|PA793744|PA720952|PA794106|PA794166|PA795164|PA795596,"M.&#160;Legavre, rapporteur sp&#233;cial au nom de la commission des finances,  Mme&#160;Feld, Mme&#160;Abomangoli, M.&#160;Alexandre, M.&#160;Amard, Mme&#160;Amiot, Mme&#160;Amrani, M.&#160;Arenas, M.&#160;Arnault, Mme&#160;Belouassa-Cherifi, M.&#160;Bernalicis, M.&#160;Bex, M.&#160;Bilongo, M.&#160;Bompard, M.&#160;Boumertit, M.&#160;Boyard, M.&#160;Cadalen, M.&#160;Caron, M.&#160;Carri&#232;re, Mme&#160;Cathala, M.&#160;Cernon, Mme&#160;Chikirou, M.&#160;Clouet, M.&#160;Coulomme, M.&#160;Delogu, M.&#160;Diouara, Mme&#160;Dufour, Mme&#160;Erodi, M.&#160;Fernandes, Mme&#160;Ferrer, M.&#160;Gaillard, Mme&#160;Guett&#233;, M.&#160;Guiraud, Mme&#160;Hamdane, Mme&#160;Hignet, M.&#160;Kerbrat, M.&#160;Lachaud, M.&#160;Lahmar, M.&#160;Laisney, M.&#160;Le&#160;Gall, M.&#160;Le&#160;Coq, Mme&#160;Leboucher, Mme&#160;Legrain, Mme&#160;Lejeune, Mme&#160;Lepvraud, M.&#160;L&#233;aument, Mme&#160;&#201;lisa&#160;Martin, M.&#160;Maudet, Mme&#160;Maximi, Mme&#160;Mesmeur, Mme&#160;Manon&#160;Meunier, M.&#160;Nilor, Mme&#160;Nosb&#233;, Mme&#160;Obono, Mme&#160;Oziol, Mme&#160;Panot, M.&#160;Pilato, M.&#160;Piquemal, M.&#160;Portes, M.&#160;Prud&apos;homme, M.&#160;Ratenon, M.&#160;Saint-Martin, M.&#160;Saintoul, Mme&#160;Soudais, Mme&#160;Stambach-Terrenoir, M.&#160;Tach&#233;, Mme&#160;Taurinya, M.&#160;Tavel, Mme&#160;Trouv&#233; et M.&#160;Vannier",,"Cet amendement vise à amorcer un plan massif de recrutement d’agents de la direction générale des finances publiques, afin de créer service d’expertise dédié à l’étude des schémas de fraude et d’optimisation agressive qui alimenterait les paramètres des outils de data mining, tout en amplifiant le travail de lutte contre l’évasion réalisé par des analystes. L’intelligence artificielle utilisée de manière croissante par la direction générale des finances publiques pour repérer les situations de fraude est un outil intéressant mais encore largement imparfait, son développement ne doit donc surtout pas être synonyme d’une baisse des effectifs humains responsables de la lutte contre la fraude et l’évasion fiscales. En tout état de cause, l’IA ne peut remplacer le travail humain des agents de la direction générale des finances publiques. Surtout, ce système a besoin de données fiables pour progresser et s’améliorer. C’est pourquoi la direction générale des finances publiques a besoin de met",3037,2024-11-04,,ia_calcul,/home/user/Operation_robespierre/Amendements/DLR5L17N50198/PRJLANR5L17B0324/AMANR5L17PO838901B0324P2D1N000979.json,Legavre,Jérôme,La France insoumise - Nouveau Front Populaire,LFI-NFP,Seine-Saint-Denis
amendement,AMANR5L17PO838901B0324P2D1N001141,II-1141,17,AN,PRJLANR5L17B0324,PA793624,PO845419,PA606793|PA643143|PA794094|PA841463|PA841107|PA841381|PA608172|PA840665|PA642764|PA840829|PA342415|PA842211|PA841315|PA795762|PA608264|PA840903|PA841295|PA1008|PA793394|PA795430|PA841919|PA606573|PA841633|PA794854|PA842195|PA609332|PA841665|PA333285|PA840939|PA841539|PA331973|PA840171|PA1567|PA841471|PA842263|PA841813|PA841853|PA1654|PA643192|PA335054|PA795156|PA774958|PA840765|PA643157|PA840793|PA794270|PA607553|PA840955|PA841367|PA840673|PA342196|PA826635|PA841327|PA841717|PA341981|PA841243|PA774960|PA340343|PA841091|PA841681|PA841893|PA793816|PA719930|PA794494|PA720992,"M.&#160;Philippe&#160;Brun,  M.&#160;Baumel, M.&#160;Baptiste, M.&#160;Bouloux, Mme&#160;Mercier, M.&#160;Oberti, Mme&#160;Pantel, Mme&#160;Pir&#232;s&#160;Beaune, Mme&#160;Allemand, M.&#160;Aviragnet, M.&#160;Barusseau, Mme&#160;Battistel, Mme&#160;Bellay, M.&#160;Benbrahim, M.&#160;Califer, Mme&#160;Capdevielle, M.&#160;Christophle, M.&#160;Courbon, M.&#160;David, M.&#160;Delaporte, M.&#160;Delautrette, Mme&#160;Diop, Mme&#160;Dombre&#160;Coste, M.&#160;Dufau, M.&#160;Echaniz, M.&#160;Eskenazi, M.&#160;Faure, M.&#160;F&#233;gn&#233;, M.&#160;Garot, Mme&#160;Godard, M.&#160;Gokel, Mme&#160;Got, M.&#160;Emmanuel&#160;Gr&#233;goire, M.&#160;Guedj, M.&#160;Hablot, Mme&#160;Hadizadeh, Mme&#160;Herouin-L&#233;autey, Mme&#160;C&#233;line&#160;Hervieu, M.&#160;Hollande, Mme&#160;Jourdan, Mme&#160;Karamanli, Mme&#160;Keloua&#160;Hachi, M.&#160;Leseul, M.&#160;Lhardit, M.&#160;Naillet, M.&#160;Pena, Mme&#160;Pic, M.&#160;Potier, M.&#160;Pribetich, M.&#160;Proen&#231;a, Mme&#160;Rossi, Mme&#160;Rouaux, M.&#160;Aur&#233;lien&#160;Rousseau, M.&#160;Roussel, Mme&#160;Runel, Mme&#160;R&#233;calde, M.&#160;Saint-Pasteur, Mme&#160;Santiago, M.&#160;Saulignac, M.&#160;Simion, M.&#160;Sother, Mme&#160;Thi&#233;bault-Martinez, Mme&#160;Thomin, M.&#160;Vallaud, M.&#160;Vicot, M.&#160;William et les membres du groupe Socialistes et apparent&#233;s",,"Cet amendement des députés Socialistes et apparentés vise à revenir sur la réduction de 494 postes de lutte contre la fraude fiscale prévue dans le PLF, qui serait contre-productive pour les finances publiques. Après des suppressions de 4000 postes de lutte contre la fraude depuis 2010, en mai 2023, le ministre délégué auprès du ministre de l’Économie, des finances et de la souveraineté industrielle et numérique, chargé des comptes publics, a présenté la feuille de route gouvernementale de lutte contre toutes les fraudes aux finances publiques. Cette feuille de route constitue un nouveau jalon dans l'adaptation et le renforcement de l'efficacité du contrôle fiscal, face à une fraude qui s'internationalise, se numérise et se complexifie. Pour ce faire, l'administration mobilise plus de 10 000 agents, dont environ 3 900 vérificateurs. En 2022, la DGFiP a ainsi atteint un niveau de montants mis en recouvrement après contrôle fiscal de 14,6 Mds euros soit 8,2 % de plus qu'en 2021, puis 15,",3678,2024-11-04,,ia_calcul,/home/user/Operation_robespierre/Amendements/DLR5L17N50198/PRJLANR5L17B0324/AMANR5L17PO838901B0324P2D1N001141.json,Brun,Philippe,Socialistes et apparentés,SOC,Eure
amendement,AMANR5L17PO838901B0324P2D1N000911,II-911,17,AN,PRJLANR5L17B0324,PA841381,PO845419,PA795422,Mme&#160;Pantel et M.&#160;Maudet,,"Cet amendement d’appel vise à créer un fonds national de soutien à la recherche et à l’innovation en matière de sécurité civile. La sécurité civile fait aujourd’hui face à de profondes transformations, en particulier sous l’effet du changement climatique qui étend et intensifie les risques sur l’ensemble du territoire. Les incendies remontent vers le nord du pays et couvrent une plus longue partie de l’année, si bien que la notion de « saison des feux » perd de sa pertinence. Les pluies et les tempêtes ont vocation à augmenter en hiver, avec de forts risques d’inondations. Il arrive même que des inondations et des feux de forêt se produisent en même temps sur un même territoire. L’ensemble de ces risques pose d’importants défis logistiques (équipement de l’ensemble des départements pour y faire face), humains (tous les sapeurs-pompiers doivent désormais être formés à l’ensemble du spectre des interventions) et budgétaires, qu’il faut savoir anticiper le plus rapidement possible. Les ré",3875,2024-10-31,,ia_calcul,/home/user/Operation_robespierre/Amendements/DLR5L17N50198/PRJLANR5L17B0324/AMANR5L17PO838901B0324P2D1N000911.json,Pantel,Sophie,Socialistes et apparentés,SOC,Lozère
amendement,AMANR5L17PO59048B0324P1D1N001747,I-CF1747,17,CION_FIN,PRJLANR5L17B0324,PA842271,PO845514,PA720838|PA796106|PA795868|PA267306|PA721896|PA795998|PA774962|PA335612|PA796010|PA793174|PA795820|PA721270|PA795240|PA795876|PA605745|PA842299,"M.&#160;Maurel,  Mme&#160;Bourouaha, M.&#160;B&#233;nard, M.&#160;Castor, M.&#160;Chassaigne, Mme&#160;Faucillon, Mme&#160;K/Bidi, Mme&#160;Lebon, M.&#160;Lecoq, M.&#160;Maillot, M.&#160;Monnet, M.&#160;Nadeau, M.&#160;Peu, Mme&#160;Reid&#160;Arbelot, M.&#160;Rimane, M.&#160;Sansu et M.&#160;Tjibaou","À la fin du dernier alinéa de l’article L. 453‑70 du code des impositions sur les biens et services, le taux : « 3 % » est remplacé par le taux : « 6 % ».",Cet amendement vise à accroitre de trois points le rendement de la taxe sur les services numériques (taxe GAFAM).,268,2024-10-13,,souverainete_numerique,/home/user/Operation_robespierre/Amendements/DLR5L17N50198/PRJLANR5L17B0324/AMANR5L17PO59048B0324P1D1N001747.json,Maurel,Emmanuel,Gauche Démocrate et Républicaine,GDR,Val-d'oise
amendement,AMANR5L17PO838901B0324P1D1N001049,I-1049,17,AN,PRJLANR5L17B0324,PA795778,PO845401,,M.&#160;Jean-Philippe&#160;Tanguy et les membres du groupe Rassemblement National,Le chapitre III du titre V du livre IV du code des impositions sur les biens et services est complété par une section 6 ainsi rédigée : « Section 6 : Contribution sur l’utilisation des réseaux de communication par les fournisseurs de contenus internet « Art. L. 453‑84 . – Une contribution annuelle forfaitaire est acquittée par les personnes morales fournisseurs de contenu et d’applications qui font appel à un ou plusieurs intermédiaires pour acheminer leur contenu jusqu’aux utilisateurs finaux. ,"Amendement d’appel Depuis plusieurs décennies, les pouvoirs publics et les fournisseurs d’accès à internet investissent des sommes très importantes, de l’ordre de plusieurs centaines de milliards d’euros cumulés, pour développer et entretenir un réseau internet de qualité, qu’il soit fixe ou mobile. Le coût de ce réseau est donc assuré par les contribuables et les consommateurs à travers leurs impôts et leurs forfaits internet. En revanche, les fournisseurs de contenu et d’application (FCA) ne participent presqu’en rien aux investissements et aux coûts d’entretien alors que leurs activités est totalement dépendante de l’existence et de la qualité de l’infrastructure. Dénoncé depuis longtemps, ce comportement de « passager clandestin » devient d’autant plus intolérable qu’un tout petit nombre de FCA, généralement des multinationales américaines parfois proches de situation oligopolistique, occupent à elles seuls l’essentiel de la bande passante mise gratuitement à disposition par nos ré",3411,2024-10-17,,souverainete_numerique,/home/user/Operation_robespierre/Amendements/DLR5L17N50198/PRJLANR5L17B0324/AMANR5L17PO838901B0324P1D1N001049.json,Tanguy,Jean-Philippe,Rassemblement National,RN,Somme
amendement,AMANR5L17PO420120B0324P2D1N000046,II-AS46,17,CION-SOC,PRJLANR5L17B0324,PA840673,PO845419,PA841381|PA840939|PA642764|PA842211|PA795762|PA793394|PA606573|PA1567|PA841717|PA841091,"Mme&#160;Rossi,  Mme&#160;Pantel, Mme&#160;Godard, M.&#160;Aviragnet, Mme&#160;Bellay, M.&#160;Califer, M.&#160;Delaporte, Mme&#160;Dombre&#160;Coste, M.&#160;Guedj, Mme&#160;Runel et M.&#160;Simion",,"Cet amendement des députés socialistes et apparentés vise à revaloriser l’aide au poste des associations intermédiaires, en la passant de 1 588 euros à 3 176 euros, pour un montant total de 30 millions d’euros. L’association intermédiaire se présente comme un employeur d’insertion qui assure l’accueil dynamique d’un public diversifié et construit un projet professionnel sur mesure adapté aux besoins des salariés. Le maillage territorial qu’elles tissent font d’elles, bien souvent, les seules structures présentes dans les territoires déprimés économiquement. Elles assurent donc un rôle essentiel de créateur de lien social, d’accueil, d’écoute, d’accompagnement socio-professionnel et d’orientation : en bref, un quasi-service public de l’emploi. Pourtant paradoxalement les AI sont de très loin le dispositif le moins aidé (moins de 3 % du budget consacré à l’IAE) malgré un taux de sorties excellent (près de 60 % de sorties en emploi selon le rapport de la Cour des Comptes de 2019) et alors",2632,2024-10-27,,ia_calcul,/home/user/Operation_robespierre/Amendements/DLR5L17N50198/PRJLANR5L17B0324/AMANR5L17PO420120B0324P2D1N000046.json,Rossi,Valérie,Socialistes et apparentés,SOC,Hautes-Alpes
amendement,AMANR5L17PO59048B0324P1D1N001743,I-CF1743,17,CION_FIN,PRJLANR5L17B0324,PA841107,PO845419,PA793624|PA643192|PA841381|PA840673,"M.&#160;Oberti,  M.&#160;Philippe&#160;Brun, Mme&#160;Jourdan, Mme&#160;Pantel et Mme&#160;Rossi","Le III de l’article 1519 H du code général des impôts est ainsi modifié : 1° Au début, le montant : « 1 827 € » est remplacé par le montant : « 2 007 € ». 2° Il est complété par un alinéa ainsi rédigé : « Le montant de l’imposition forfaitaire est réévalué au 1 er janvier de chaque année de manière indexée au niveau de l’inflation. »","Cet amendement propose d’augmenter l’imposition forfaitaire appliquées aux antennes radioélectriques et de l’indexer au niveau de l’inflation. Les recettes ainsi dégagées par ces modifications permettront d’abonder l’enveloppe dédiée à l’action 3 « Inclusion numérique » du programme 343 « France Très Haut Débit » afin de pérenniser les 4000 postes de conseillers numériques France Services. Les conseillers numériques France Services jouent un rôle clé dans la lutte contre l’illectronisme et pour l’inclusion numérique, en facilitant et accompagnant l’utilisation des outils digitaux par toutes et tous. La dématérialisation des procédures administratives complique l'accès aux droits pour les personnes éloignées du numérique, concernant 30% des Français aujourd’hui. Cet éloignement contribue à creuser les inégalités et la fracture numérique, constituant un obstacle de taille dans des démarches pourtant essentielles (accès aux aides, aux services publics, à des emplois dans le domaine du num",2479,2024-10-13,,souverainete_numerique,/home/user/Operation_robespierre/Amendements/DLR5L17N50198/PRJLANR5L17B0324/AMANR5L17PO59048B0324P1D1N001743.json,Oberti,Jacques,Socialistes et apparentés,SOC,Haute-Garonne
amendement,AMANR5L17PO419604B0324P2D1N000211,II-AC211,17,CION-CEDU,PRJLANR5L17B0324,PA840159,PO845401,,M.&#160;Clavet,,"Cet amendement prévoit de diminuer les crédits, en autorisation d’engagement et en crédits de paiement, d’un montant de 150 000 000 euros pour l’action n° 1 « France Télévisions » du programme 372 « France Télévisions » et de diminuer les crédits, en autorisation d’engagement et en crédits de paiement, d’un montant de 50 000 000 euros pour l’action n° 1 « Radio France » du programme 374 « Radio France » Pour France Télévisions , cette somme correspond environ au budget de France 4 , France 5 , France TV Slash et de Culture box dont les cessions peuvent être envisagées. Pour Radio France , cette somme correspond environ au budget de France Musique , FIP et de Mouv' dont les cessions peuvent être envisagées. Cet amendement de repli vise à demander à ces deux entités de recentrer leurs activités et de revoir leur modèle économique afin de moins peser sur les finances publiques . Il vise plus globalement à dessiner les contours d’une réforme plus profonde du paysage audiovisuel français pa",2893,2024-10-18,,souverainete_numerique,/home/user/Operation_robespierre/Amendements/DLR5L17N50198/PRJLANR5L17B0324/AMANR5L17PO419604B0324P2D1N000211.json,Clavet,Bruno,Rassemblement National,RN,Pas-de-Calais
amendement,AMANR5L17PO838901B0324P2D1N000399,II-399,17,AN,PRJLANR5L17B0324,PA736201,PO845439,PA841885|PA721210|PA842013|PA794154|PA610968|PA793780|PA588884|PA841701|PA795362|PA795454|PA840997|PA841507|PA794008|PA793452|PA841351|PA793980|PA795010|PA841419|PA840947|PA794022|PA794146|PA841223|PA795636|PA842045|PA793708|PA793664|PA794778|PA795076|PA722142|PA610002|PA795808|PA796018|PA841713|PA793948|PA2940,"Mme&#160;Taill&#233;-Polian,  M.&#160;Arnaud&#160;Bonnet, M.&#160;Corbi&#232;re, M.&#160;Gustave, M.&#160;Raux, M.&#160;Amirshahi, Mme&#160;Arrighi, Mme&#160;Autain, Mme&#160;Balage&#160;El&#160;Mariky, Mme&#160;Belluco, M.&#160;Ben&#160;Cheikh, M.&#160;Biteau, M.&#160;Nicolas&#160;Bonnet, Mme&#160;Chatelain, M.&#160;Davi, M.&#160;Duplessy, M.&#160;Fournier, Mme&#160;Garin, M.&#160;Damien&#160;Girard, Mme&#160;Catherine&#160;Hervieu, M.&#160;Iordanoff, Mme&#160;Laernoes, M.&#160;Lahais, M.&#160;Lucas-Lundy, Mme&#160;Ozenne, M.&#160;Peytavie, Mme&#160;Pochon, Mme&#160;Regol, Mme&#160;Sandrine&#160;Rousseau, M.&#160;Ruffin, Mme&#160;Sas, Mme&#160;Sebaihi, Mme&#160;Simonnet, M.&#160;Tavernier, M.&#160;Thierry et Mme&#160;Voynet",,"Cet amendement vise à investir 100 millions d’€ supplémentaires dans l’action 2 Aides à la presse du programme 180 – Presse et médias. Pour respecter les règles de recevabilité financière imposées par l’article 40 de la Constitution, l’amendement prélève en CP et AE 100 millions d’€ l’action 01 – Livre et lecture du programme 334 Livre et industries culturelles. Le groupe Écologiste appelle le Gouvernement à gager cet amendement par l’instauration d’une taxe sur la publicité numérique pour éviter d’en faire reposer le coût sur le programme Livre et industries culturelles qui connaît lui-même une coupe budgétaire d’1,3 millions d’€. Cet amendement va de paire avec un amendement déposé dans la 1ère partie du PLF qui vise à rétablir une taxe de 1 % sur le chiffre d’affaires de la publicité numérique afin de financer une refonte des aides à la presse. Les aides à la presse font l’objet d’une coupe de 2 millions d’€ au PLF25, malgré un contexte de crise économique aiguë dans les médias. L’a",2609,2024-10-30,,souverainete_numerique,/home/user/Operation_robespierre/Amendements/DLR5L17N50198/PRJLANR5L17B0324/AMANR5L17PO838901B0324P2D1N000399.json,Taillé-Polian,Sophie,Écologiste et Social,ECOS,Val-de-Marne
amendement,AMANR5L17PO59048B0324P2D1N000698,II-CF698,17,CION_FIN,PRJLANR5L17B0324,PA840159,PO845401,,M.&#160;Clavet et les membres du groupe Rassemblement National,,"Cet amendement prévoit de diminuer les crédits, en autorisation d’engagement et en crédits de paiement, d’un montant de 150 000 000 euros pour l’action n° 1 « France Télévisions » du programme 372 « France Télévisions » et de diminuer les crédits, en autorisation d’engagement et en crédits de paiement, d’un montant de 50 000 000 euros pour l’action n° 1 « Radio France » du programme 374 « Radio France » · Pour France Télévisions, cette somme correspond environ au budget de France 4, France 5, France TV Slash et deCulture box dont les cessions peuvent être envisagées. · Pour Radio France, cette somme correspond environ au budget de France Musique, FIP et de Mouv' dont les cessions peuvent être envisagées. Cet amendement de repli vise à demander à ces deux entités de recentrer leurs activités et de revoir leur modèle économique afin de moins peser sur les finances publiques. Il vise plus globalement à dessiner les contours d’une réforme plus profonde du paysage audiovisuel français par l",2883,2024-10-23,,souverainete_numerique,/home/user/Operation_robespierre/Amendements/DLR5L17N50198/PRJLANR5L17B0324/AMANR5L17PO59048B0324P2D1N000698.json,Clavet,Bruno,Rassemblement National,RN,Pas-de-Calais
amendement,AMANR5L17PO838901B0324P2D1N003199,II-3199,17,AN,PRJLANR5L17B0324,PA342384,PO845413,PA795228|PA793262|PA794906|PA794138|PA795588|PA795084|PA842105|PA841657|PA720430|PA793772|PA795616|PA793444|PA794938|PA795318|PA841023|PA796090|PA793912|PA842187|PA842037|PA791812|PA793736|PA721202|PA795136|PA793464|PA842155|PA795200|PA795844|PA841251|PA794786|PA794870|PA796070|PA795310|PA794478|PA841947|PA794082|PA794130|PA720846|PA841729|PA795516|PA841515|PA795672|PA795108|PA795298|PA791824|PA842029|PA793532|PA795746|PA795422|PA794686|PA841215|PA795482|PA610654|PA841191|PA721960|PA793872|PA720892|PA817211|PA793756|PA796062|PA719578|PA721062|PA841845|PA795982|PA795466|PA793744|PA720952|PA794106|PA794166|PA795164|PA795596,"Mme&#160;&#201;lisa&#160;Martin,  Mme&#160;Abomangoli, M.&#160;Alexandre, M.&#160;Amard, Mme&#160;Amiot, Mme&#160;Amrani, M.&#160;Arenas, M.&#160;Arnault, Mme&#160;Belouassa-Cherifi, M.&#160;Bernalicis, M.&#160;Bex, M.&#160;Bilongo, M.&#160;Bompard, M.&#160;Boumertit, M.&#160;Boyard, M.&#160;Cadalen, M.&#160;Caron, M.&#160;Carri&#232;re, Mme&#160;Cathala, M.&#160;Cernon, Mme&#160;Chikirou, M.&#160;Clouet, M.&#160;Coquerel, M.&#160;Coulomme, M.&#160;Delogu, M.&#160;Diouara, Mme&#160;Dufour, Mme&#160;Erodi, Mme&#160;Feld, M.&#160;Fernandes, Mme&#160;Ferrer, M.&#160;Gaillard, Mme&#160;Guett&#233;, M.&#160;Guiraud, Mme&#160;Hamdane, Mme&#160;Hignet, M.&#160;Kerbrat, M.&#160;Lachaud, M.&#160;Lahmar, M.&#160;Laisney, M.&#160;Le&#160;Coq, M.&#160;Le&#160;Gall, Mme&#160;Leboucher, M.&#160;Legavre, Mme&#160;Legrain, Mme&#160;Lejeune, Mme&#160;Lepvraud, M.&#160;L&#233;aument, M.&#160;Maudet, Mme&#160;Maximi, Mme&#160;Mesmeur, Mme&#160;Manon&#160;Meunier, M.&#160;Nilor, Mme&#160;Nosb&#233;, Mme&#160;Obono, Mme&#160;Oziol, Mme&#160;Panot, M.&#160;Pilato, M.&#160;Piquemal, M.&#160;Portes, M.&#160;Prud&apos;homme, M.&#160;Ratenon, M.&#160;Saint-Martin, M.&#160;Saintoul, Mme&#160;Soudais, Mme&#160;Stambach-Terrenoir, M.&#160;Tach&#233;, Mme&#160;Taurinya, M.&#160;Tavel, Mme&#160;Trouv&#233; et M.&#160;Vannier",,"Par cet amendement, le groupe LFI-NFP propose de mettre un coup d'arrêt au déploiement de la vidéosurveillance algorithmique (VSA), technologie de surveillance de masse particulièrement liberticide que nous combattons. La VSA consiste en l'ajout d'algorithmes aux caméras dans le but de détecter des personnes et comportements dans l'espace public afin de catégoriser des ""mouvements suspects"". Elle a été légalisée, prétendument à titre expérimental, par la loi du 19 mai 2023 relative aux Jeux olympiques et paralympiques de 2024 et portant diverses autres dispositions. Comme nous le soupçonnions, ce texte n'était que l'occasion de déployer une nouvelle technologie de contrôle social, sous couvert de gestion d'un évènement de grande ampleur, pour mieux la pérenniser par la suite. Il semblerait que le gouvernement n'attende même pas les conclusions de la commission d'évaluation, prévues pour la fin d'année. Cette nouvelle surenchère sécuritaire se fait une nouvelle fois au prix des libertés",4754,2024-11-08,,souverainete_numerique,/home/user/Operation_robespierre/Amendements/DLR5L17N50198/PRJLANR5L17B0324/AMANR5L17PO838901B0324P2D1N003199.json,Martin,Élisa,La France insoumise - Nouveau Front Populaire,LFI-NFP,Isère
amendement,AMANR5L17PO59051B0324P2D1N000490,II-CL490,17,CION_LOIS,PRJLANR5L17B0324,PA793374,PO845401,,"M.&#160;Baubry, rapporteur",,"Cet amendement vise à financer l’intégration de l’intelligence artificielle (IA) dans les systèmes de vidéosurveillance de nos établissements pénitentiaires. L’intégration de l’IA permettrait notamment la détection de situations à risque (rassemblement de détenus, agressions...) et mettrait en évidence la caméra correspondante sur l’écran de surveillance, secondant ainsi efficacement le travail réalisé par les personnels. L’IA pourrait ainsi être programmée pour détecter un certain nombre d’événements et effectuer ainsi des signalements. Il ne s’agirait pas de substituer la surveillance algorithmique à la surveillance humaine, mais de compléter cette dernière pour apporter une solution efficace au manque d’effectif qui souvent oblige les agents pénitentiaires à accomplir des missions multiples, parfois même de manière simultanée. Le présent amendement prévoit pour cela : - d’abonder d’un montant de neuf millions d’euros les crédits, en autorisations d’engagement et en crédits de paieme",1440,2024-11-04,,ia_calcul,/home/user/Operation_robespierre/Amendements/DLR5L17N50198/PRJLANR5L17B0324/AMANR5L17PO59051B0324P2D1N000490.json,Baubry,Romain,Rassemblement National,RN,Bouches-du-Rhône
amendement,AMANR5L17PO59048B0324P1D1N000527,I-CF527,17,CION_FIN,PRJLANR5L17B0324,PA608826,PO845425,,Mme&#160;Duby-Muller,Le j du II de l’article 244 quater B du code général des impôts est supprimé.,"Le présent amendement vise à exclure la veille technologique des dépenses éligibles au crédit d’impôt recherche (CIR). Il s’agit des dépenses liées à l’abonnement à des revues scientifiques, l’achat d’études technologiques ou la participation à des congrès scientifiques pour suivre les avancées de l’état de l’art liées à des travaux de recherche. Les activités de veille technologique ne font pas partie des activités de R&amp;D en tant que telles, mais sont éligibles au CIR dans la limite de 60 000 euros par an dès lors qu’elles sont concomitantes à la réalisation d’opérations de R&amp;D. Dans la course aux technologies comme l’intelligence artificielle, la veille technologique peut constituer un atout pour les TPE et PME qui souhaitent rester à la pointe de l’innovation. Il s’agit toutefois d’un poste de dépenses pouvant être davantage supporté par l’entreprise que d’autres dépenses éligibles au CIR (dépenses de R&amp;D, de personnel, etc.) D’après le Co",1261,2024-10-12,,ia_calcul,/home/user/Operation_robespierre/Amendements/DLR5L17N50198/PRJLANR5L17B0324/AMANR5L17PO59048B0324P1D1N000527.json,Duby-Muller,Virginie,Droite Républicaine,DR,Haute-Savoie
amendement,AMANR5L17PO59048B0324P2D1N001682,II-CF1682,17,CION_FIN,PRJLANR5L17B0324,PA841107,PO845419,PA793624|PA643143|PA606793|PA794094|PA841463|PA841381|PA608172,"M.&#160;Oberti,  M.&#160;Philippe&#160;Brun, M.&#160;Baptiste, M.&#160;Baumel, M.&#160;Bouloux, Mme&#160;Mercier, Mme&#160;Pantel, Mme&#160;Pir&#232;s&#160;Beaune et les membres du groupe Socialistes et apparent&#233;s","Dans un délai de trois mois à compter de la promulgation de la présente loi, le Gouvernement remet au Parlement un rapport d’étude d’impact des impositions forfaitaires des entreprises de réseaux sur les stations radioélectriques et sur les répartiteurs principaux de la boucle locale cuivre et des réseaux de communications électroniques en fibre optique et en câble coaxial. Le rapport présente un bilan de l’évolution des recettes dégagées et du nombre de redevables concernés ainsi que de l’impac","Par cet amendement, il est demandé au Gouvernement une évaluation des impacts des IFER dits “fixe” et “mobile”, appliquée aux antennes radioélectriques ainsi qu’aux répartiteurs principaux de la boucle locale cuivre, aux points de mutualisation des réseaux de communications électroniques et nœuds de raccordement optique des réseaux de communications électroniques en fibre optique avec terminaison en câble coaxial. Depuis la création des IFER mobile et fixe, le nombre de stations radioélectriques et d'autres infrastructures télécoms a augmenté en raison de l’expansion des réseaux mobiles et fibre optique. Toutefois, il n'existe, à ce jour, aucun rapport détaillé retraçant l'impact de ces évolutions sur les recettes dégagées par ces impôts. De fait, alors que l'IFER suscite des débats entre, d'une part, les collectivités territoriales qui dépendent de ces recettes, et d'autre part, les opérateurs de télécommunication qui considèrent cette taxe trop lourde, il est devenu urgent de pouvoir",2735,2024-10-24,,data_center,/home/user/Operation_robespierre/Amendements/DLR5L17N50198/PRJLANR5L17B0324/AMANR5L17PO59048B0324P2D1N001682.json,Oberti,Jacques,Socialistes et apparentés,SOC,Haute-Garonne
amendement,AMANR5L17PO838901B0324P1D1N002732,I-2732,17,AN,PRJLANR5L17B0324,PA722366,PO845407,PA722000|PA794330|PA722134|PA840235,"M.&#160;Fugit,  M.&#160;Buchou, M.&#160;Brosse, M.&#160;Fi&#233;vet et M.&#160;Fr&#233;bault","La sous-section 1 de la section 1 du chapitre I er du titre VII du livre IV du code des impositions sur les biens et services est complétée par un article L. 471‑19‑1 ainsi rédigé : « Art. L. 471‑19‑1. – Il est institué, à compter du 1 er janvier 2025, une taxe sur les générateurs électriques à combustible fossile. « La taxe est due à l’achat du générateur électrique à combustible fossile. « Le fait générateur de la taxe intervient au moment de l’acquisition du produit. La taxe est alors exigibl","Le présent amendement vise à promouvoir l’utilisation de générateurs électriques non polluants pour favoriser leur développement afin de réduire la dépendance aux énergies fossiles sur cet équipement dont les applications sont nombreuses dans tous les secteurs d’activités. En effet, les générateurs fonctionnant aux énergies fossiles émettent des émissions de CO2 importante mais aussi de nombreux polluants atmosphériques : oxydes d’azote (NOx), particules fines (PM), composés organiques volatils (COV), monoxyde de carbone (CO) et hydrocarbures aromatiques polycycliques (HAP). En France les générateurs fossiles sont principalement utilisés , sur les chantiers, dans les datacenters, les opérations de maintenance, les tournages, festivals, évenements sportifs etc… Ils le sont en location le plus souvent pour des petites structures et des particuliers et dans le domaine culturel. Or, il existe aujourd’hui sur le marché des générateurs non polluants qui réduisent drastiquement les émissions ",2797,2024-10-19,,data_center,/home/user/Operation_robespierre/Amendements/DLR5L17N50198/PRJLANR5L17B0324/AMANR5L17PO838901B0324P1D1N002732.json,Fugit,Jean-Luc,Ensemble pour la République,EPR,Rhône
amendement,AMANR5L17PO838901B0324P2D1N003884,II-3884,17,AN,PRJLANR5L17B0324,PA795298,PO845413,,M.&#160;Legavre,,"Cet amendement vise à amorcer un plan massif de recrutement d’agents de la direction générale des finances publiques, afin de créer service d’expertise dédié à l’étude des schémas de fraude et d’optimisation agressive qui alimenterait les paramètres des outils de data mining, tout en amplifiant le travail de lutte contre l’évasion réalisé par des analystes. L’intelligence artificielle utilisée de manière croissante par la direction générale des finances publiques pour repérer les situations de fraude est un outil intéressant mais encore largement imparfait, son développement ne doit donc surtout pas être synonyme d’une baisse des effectifs humains responsables de la lutte contre la fraude et l’évasion fiscales. En tout état de cause, l’IA ne peut remplacer le travail humain des agents de la direction générale des finances publiques. Surtout, ce système a besoin de données fiables pour progresser et s’améliorer. C’est pourquoi la direction générale des finances publiques a besoin de met",3037,2024-11-12,,ia_calcul,/home/user/Operation_robespierre/Amendements/DLR5L17N50198/PRJLANR5L17B0324/AMANR5L17PO838901B0324P2D1N003884.json,Legavre,Jérôme,La France insoumise - Nouveau Front Populaire,LFI-NFP,Seine-Saint-Denis
amendement,AMANR5L17PO59048B0324P1D1N001274,I-CF1274,17,CION_FIN,PRJLANR5L17B0324,PA795664,PO845407,PA794658|PA794206|PA721170|PA794802|PA794486|PA840235,"M.&#160;Midy,  M.&#160;Fait, M.&#160;Marion, M.&#160;Vojetta, M.&#160;Sitzenstuhl, Mme&#160;Spillebout et M.&#160;Fr&#233;bault","I. – A l’article 44 sexies-0 A du code général des impôts, il est inséré un II ainsi rédigé : « II. – Une entreprise est qualifiée de jeune entreprise d’innovation de rupture dès lors qu’elle remplit les conditions prévues au I du présent article et qu’elle a réalisé des dépenses de recherche définies au a du 3° du même article représentant au moins 30 % des charges déterminées dans les conditions prévues au même a. Par dérogation au 2° du I du présent article, une jeune entreprise d’innovation ","A la suite des recommandations du rapport visant à soutenir l’investissement dans les start-ups et les PME innovantes remis au Gouvernement en juin 2023, le groupe Renaissance a fait adopter dans la loi de finances pour 2024 le dispositif d’IR-JEI Midy, de soutien à l’investissement des particuliers dans les PME innovantes qui œuvrent pour le plein emploi, la transition écologique, la souveraineté et la réindustrialisation. Parmi ces PME innovantes, les jeunes entreprises d’innovation de rupture (JEIR), dont les innovations demandent davantage de moyens pour franchir les barrières technologiques dans des secteurs de pointe comme l’intelligence artificielle ou le quantique, doivent faire l’objet d’un soutien accru. Ainsi, pour soutenir la souveraineté technologique de la France, il est proposé d’allonger la durée des aides aux JEIR de 8 à 12 ans, pour toutes celles créées à partir du 1 er janvier 2025.",2010,2024-10-13,,souverainete_numerique|ia_calcul,/home/user/Operation_robespierre/Amendements/DLR5L17N50198/PRJLANR5L17B0324/AMANR5L17PO59048B0324P1D1N001274.json,Midy,Paul,Ensemble pour la République,EPR,Essonne
amendement,AMANR5L17PO59048B0324P1D1N001759,I-CF1759,17,CION_FIN,PRJLANR5L17B0324,PA795778,PO845401,,M.&#160;Jean-Philippe&#160;Tanguy,Le chapitre III du titre V du livre IV du code des impositions sur les biens et services est complété par une section VI ainsi rédigée : « Section VI « Contribution sur l’utilisation des réseaux de communication par les fournisseurs de contenus internet « Art. L. 453‑84. – Une contribution annuelle forfaitaire est acquittée par les personnes morales fournisseurs de contenu et d’applications qui font appel à un ou plusieurs intermédiaires pour acheminer leur contenu jusqu’aux utilisateurs finaux.,"Depuis plusieurs décennies, les pouvoirs publics et les fournisseurs d’accès à internet investissent des sommes très importantes, de l’ordre de plusieurs centaines de milliards d’euros cumulés, pour développer et entretenir un réseau internet de qualité, qu’il soit fixe ou mobile. Le coût de ce réseau est donc assuré par les contribuables et les consommateurs à travers leurs impôts et leurs forfaits internet. En revanche, les fournisseurs de contenu et d’application (FCA) ne participent presqu’en rien aux investissements et aux coûts d’entretien alors que leurs activités est totalement dépendante de l’existence et de la qualité de l’infrastructure. Dénoncé depuis longtemps, ce comportement de « passager clandestin » devient d’autant plus intolérable qu’un tout petit nombre de FCA, généralement des multinationales américaines parfois proches de situation oligopolistique, occupent à elles seuls l’essentiel de la bande passante mise gratuitement à disposition par nos réseaux. Ainsi selon ",3385,2024-10-13,,souverainete_numerique,/home/user/Operation_robespierre/Amendements/DLR5L17N50198/PRJLANR5L17B0324/AMANR5L17PO59048B0324P1D1N001759.json,Tanguy,Jean-Philippe,Rassemblement National,RN,Somme
amendement,AMANR5L17PO838901B0324P2D1N002144,II-2144,17,AN,PRJLANR5L17B0324,PA642695,PO845407,PA794810|PA721984,"M.&#160;Bothorel,  Mme&#160;Morel et M.&#160;Latombe",,"Le présent amendement vise à allouer 8 millions d’euros supplémentaires à l’Agence nationale de la sécurité des systèmes d’information (Anssi) à travers une augmentation des moyens alloués au SGDSN, tant en autorisations d’engagement qu’en crédits de paiement, ce qui correspond à l’action n°2 « Coordination de la sécurité et de la défense » du programme 129 « Coordination du travail gouvernemental » de la mission « Direction de l’action du Gouvernement ». La menace cyber est protéiforme et poursuit sa croissance : en 2023, 280 000 demandes d’assistance ont été enregistrées par Cybermalveillance, tandis que l’Anssi a traité plus de 3 700 incidents de sécurité. Face à ces menaces qui gâchent le quotidien de nos concitoyens et s’attaquent à la sûreté de l’Etat, un passage à l’échelle et un accroissement de notre résilience collective sont nécessaires en matière de cybersécurité. C’est précisément le rôle de l’Anssi. Les moyens alloués à notre résilience cyber sont en hausse depuis plusieu",2680,2024-11-06,,souverainete_numerique,/home/user/Operation_robespierre/Amendements/DLR5L17N50198/PRJLANR5L17B0324/AMANR5L17PO838901B0324P2D1N002144.json,Bothorel,Éric,Ensemble pour la République,EPR,Côtes-d'armor
amendement,AMANR5L17PO420120B0324P2D1N000172,II-AS172,17,CION-SOC,PRJLANR5L17B0324,PA794058,PO845425,PA722390|PA718850|PA719968,"Mme&#160;Gruet,  Mme&#160;Corneloup, M.&#160;Cordier et Mme&#160;Sylvie&#160;Bonnet",,"Cet amendement d’appel vise à augmenter le travail de vigilance sur la protection et l’accompagnement des enfants, des jeunes et des familles vulnérables en matière de navigation sur internet. La protection des mineurs sur les réseaux sociaux repose principalement sur plusieurs dispositifs législatifs et initiatives de sensibilisation. En accord avec le RGPD européen, la loi impose l'âge minimum de 13 ans pour s’inscrire sur les plateformes. Un dispositif qui reste facilement contournable en pratique. Les initiatives ne manquent pas ces dernières années : - La loi cyber-harcèlement de 2021 qui criminalise le harcèlement en ligne y compris celui touchant les mineurs. - La loi 2020 dite Avia, qui elle, renforce les obligations des réseaux sociaux en matière de modération de contenu, visant notamment la protection contre la cyberintimidation et les contenus inappropriés. Face à cette efficacité relative, il est important de soutenir les campagnes de prévention menées dans les établissemen",1819,2024-11-06,,souverainete_numerique|ia_calcul,/home/user/Operation_robespierre/Amendements/DLR5L17N50198/PRJLANR5L17B0324/AMANR5L17PO420120B0324P2D1N000172.json,Gruet,Justine,Droite Républicaine,DR,Jura
amendement,AMANR5L17PO838901B0324P2D1N002593,II-2593,17,AN,PRJLANR5L17B0324,PA721844,PO845470,PA332228|PA841833|PA687214|PA793572|PA719032|PA267780|PA841013|PA794234|PA795664,"Mme&#160;Piron,  M.&#160;Benoit, M.&#160;Guerin, M.&#160;Berrios, M.&#160;Plassard, M.&#160;Bouyx, Mme&#160;Firmin&#160;Le&#160;Bodo, Mme&#160;Mesnard, M.&#160;Gernigon et M.&#160;Midy",,"Cet amendement propose de flécher 7,2 M€, issus de l'action n°1 ""Définition et mise en œuvre de la politique économique et financière de la France dans le cadre national, international et européen"" du programme n°220 « Statistiques et études économiques » vers l'action n°3 ""inclusion numérique"" du programme n°343 ""Plan France Très haut débit"". Cette mesure vise à pallier la réduction des crédits dédiés aux Conseillers numériques, qui passent de 41 millions d’euros (PLF 2024) à 27 millions d’euros en 2025. Cette diminution menace la pérennité d'un dispositif clé pour l'inclusion numérique de millions de Français. Les Conseillers numériques jouent un rôle central en facilitant l'accès aux services en ligne pour 16 millions de personnes éloignées du numérique. Ce dispositif, qui soutient plus de 2,7 millions de bénéficiaires, a permis à 97 % des usagers de progresser dans leurs compétences et à 93 % de réussir des tâches en ligne auparavant complexes. La baisse des financements fragilise ",1528,2024-11-07,,cloud|souverainete_numerique,/home/user/Operation_robespierre/Amendements/DLR5L17N50198/PRJLANR5L17B0324/AMANR5L17PO838901B0324P2D1N002593.json,Piron,Béatrice,Horizons & Indépendants,HOR,Yvelines
amendement,AMANR5L17PO59048B0324P1D1N001275,I-CF1275,17,CION_FIN,PRJLANR5L17B0324,PA795664,PO845407,PA794658|PA794206|PA721170|PA794802|PA794486|PA840235,"M.&#160;Midy,  M.&#160;Fait, M.&#160;Marion, M.&#160;Vojetta, M.&#160;Sitzenstuhl, Mme&#160;Spillebout et M.&#160;Fr&#233;bault","I. – À l’article 44 sexies-0 A du code général des impôts, il est inséré un II ainsi rédigé : « II. – Une entreprise est qualifiée de jeune entreprise d’innovation de rupture dès lors qu’elle remplit les conditions prévues au I du présent article et qu’elle a réalisé des dépenses de recherche définies au a du 3° du même article représentant au moins 30 % des charges déterminées dans les conditions prévues au même a. Par dérogation au 2° du I du présent article, une jeune entreprise d’innovation ","A la suite des recommandations du rapport visant à soutenir l’investissement dans les start-ups et les PME innovantes remis au Gouvernement en juin 2023, le groupe Renaissance a fait adopter dans la loi de finances pour 2024 le dispositif d’IR-JEI Midy, de soutien à l’investissement des particuliers dans les PME innovantes qui œuvrent pour le plein emploi, la transition écologique, la souveraineté et la réindustrialisation. Parmi ces PME innovantes, les jeunes entreprises d’innovation de rupture (JEIR), dont les innovations demandent davantage de moyens pour franchir les barrières technologiques dans des secteurs de pointe comme l’intelligence artificielle ou le quantique, doivent faire l’objet d’un soutien accru. Ainsi, pour soutenir la souveraineté technologique de la France, il est proposé d’allonger la durée des aides aux JEIR de 8 à 12 ans, pour toutes celles crées à partir du 1 er janvier 2018.",2012,2024-10-13,,souverainete_numerique|ia_calcul,/home/user/Operation_robespierre/Amendements/DLR5L17N50198/PRJLANR5L17B0324/AMANR5L17PO59048B0324P1D1N001275.json,Midy,Paul,Ensemble pour la République,EPR,Essonne
amendement,AMANR5L17PO838901B0324P2D1N002143,II-2143,17,AN,PRJLANR5L17B0324,PA642695,PO845407,PA794810|PA721984,"M.&#160;Bothorel,  Mme&#160;Morel et M.&#160;Latombe",,"Le présent amendement vise à allouer 370 000 euros supplémentaires à l’Arcep au titre des dépenses de personnel (titre 2), à travers une hausse des crédits de l’action 13 « Arcep » du programme 134 « Développement des entreprises et régulations » de la mission « Économie ». L’Arcep favorise une concurrence équilibrée fondée sur l’innovation et l’investissement des opérateurs dans les réseaux de communications électroniques à très haut débit fixe et mobile, vecteur du développement économique, de la compétitivité du secteur et de l’attractivité des territoires. Elle accompagne les pouvoirs publics pour étendre la connectivité sur l’ensemble du territoire et protège contre les atteintes possibles à la neutralité du net. Afin d’intégrer les enjeux de protection environnementale dans sa régulation, elle poursuit ses activités liées à l’empreinte environnementale du numérique. Enfin, depuis 2019, l’Arcep est en charge de la régulation de la distribution de la presse. En 2025, l’Arcep poursu",2353,2024-11-06,,cloud,/home/user/Operation_robespierre/Amendements/DLR5L17N50198/PRJLANR5L17B0324/AMANR5L17PO838901B0324P2D1N002143.json,Bothorel,Éric,Ensemble pour la République,EPR,Côtes-d'armor
amendement,AMANR5L17PO838901B0324P2D1N001387,II-1387,17,AN,PRJLANR5L17B0324,PA841243,PO845419,PA794270|PA793624|PA606793|PA794094|PA841665|PA333285|PA643192|PA841463|PA841107|PA841381|PA826635|PA341981|PA774960|PA841681|PA719930|PA840665|PA642764|PA643143|PA840829|PA342415|PA842211|PA841315|PA795762|PA608264|PA840903|PA841295|PA1008|PA793394|PA795430|PA841919|PA606573|PA841633|PA794854|PA842195|PA609332|PA840939|PA841539|PA331973|PA840171|PA1567|PA841471|PA842263|PA841813|PA841853|PA1654|PA335054|PA795156|PA774958|PA840765|PA643157|PA840793|PA608172|PA607553|PA840955|PA841367|PA840673|PA342196|PA841327|PA841717|PA340343|PA841091|PA841893|PA793816|PA794494|PA720992,"M.&#160;Saint-Pasteur,  Mme&#160;Pic, M.&#160;Philippe&#160;Brun, M.&#160;Baumel, M.&#160;Bouloux, M.&#160;F&#233;gn&#233;, M.&#160;Garot, Mme&#160;Jourdan, Mme&#160;Mercier, M.&#160;Oberti, Mme&#160;Pantel, M.&#160;Aur&#233;lien&#160;Rousseau, Mme&#160;R&#233;calde, Mme&#160;Santiago, M.&#160;Sother, M.&#160;Vallaud, Mme&#160;Allemand, M.&#160;Aviragnet, M.&#160;Baptiste, M.&#160;Barusseau, Mme&#160;Battistel, Mme&#160;Bellay, M.&#160;Benbrahim, M.&#160;Califer, Mme&#160;Capdevielle, M.&#160;Christophle, M.&#160;Courbon, M.&#160;David, M.&#160;Delaporte, M.&#160;Delautrette, Mme&#160;Diop, Mme&#160;Dombre&#160;Coste, M.&#160;Dufau, M.&#160;Echaniz, M.&#160;Eskenazi, M.&#160;Faure, Mme&#160;Godard, M.&#160;Gokel, Mme&#160;Got, M.&#160;Emmanuel&#160;Gr&#233;goire, M.&#160;Guedj, M.&#160;Hablot, Mme&#160;Hadizadeh, Mme&#160;Herouin-L&#233;autey, Mme&#160;C&#233;line&#160;Hervieu, M.&#160;Hollande, Mme&#160;Karamanli, Mme&#160;Keloua&#160;Hachi, M.&#160;Leseul, M.&#160;Lhardit, M.&#160;Naillet, M.&#160;Pena, Mme&#160;Pir&#232;s&#160;Beaune, M.&#160;Potier, M.&#160;Pribetich, M.&#160;Proen&#231;a, Mme&#160;Rossi, Mme&#160;Rouaux, M.&#160;Roussel, Mme&#160;Runel, M.&#160;Saulignac, M.&#160;Simion, Mme&#160;Thi&#233;bault-Martinez, Mme&#160;Thomin, M.&#160;Vicot et M.&#160;William",,"Cet amendement déposé par le groupe Socialistes et apparentés propose d’attribuer 10 millions d’euros de crédits à la sous-action n°7.30 « Communiquer – cyber » du programme 146 « Équipement des forces » en les prenant sur la sous-action n°58.01 « Fonction pétrolière et énergies alternatives » du programme 212 « Soutien de la politique de la défense ». Les auteurs de l'amendement ne souhaitent pas de tels retraits de crédits et appellent le Gouvernement à lever le gage. Le secteur de la défense est une cible de choix pour les cyberattaques car les informations qu’elles détiennent sont stratégiques, allant des plans opérationnels aux données personnelles du personnel militaire. Même si les auteurs de cet amendement saluent le respect de la marche budgétaire des 3,3 milliards d’euros pour le ministère des Armées en 2025, ils considèrent qu’il faut soutenir plus particulièrement la production et le développement de chiffreurs pour répondre notamment aux besoins de protection d’information",1413,2024-11-04,,souverainete_numerique,/home/user/Operation_robespierre/Amendements/DLR5L17N50198/PRJLANR5L17B0324/AMANR5L17PO838901B0324P2D1N001387.json,Saint-Pasteur,Sébastien,Socialistes et apparentés,SOC,Gironde
amendement,AMANR5L17PO838901B0324P2D1N003540,II-3540,17,AN,PRJLANR5L17B0324,PA794094,PO845419,PA795430|PA840829|PA841633|PA842195|PA841665|PA643192|PA841327|PA793624|PA643143|PA606793|PA841463|PA841107|PA841381|PA608172|PA840665|PA642764|PA342415|PA842211|PA841315|PA795762|PA608264|PA840903|PA841295|PA1008|PA793394|PA841919|PA606573|PA794854|PA609332|PA333285|PA840939|PA841539|PA331973|PA840171|PA1567|PA841471|PA842263|PA841813|PA841853|PA1654|PA335054|PA795156|PA774958|PA840765|PA643157|PA840793|PA794270|PA607553|PA840955|PA841367|PA341981|PA840673|PA342196|PA826635|PA841717|PA841243|PA774960|PA340343|PA841091|PA841681|PA841893|PA793816|PA719930|PA794494|PA720992,"M.&#160;Bouloux,  M.&#160;Delautrette, M.&#160;Barusseau, M.&#160;Dufau, M.&#160;Eskenazi, M.&#160;F&#233;gn&#233;, Mme&#160;Jourdan, M.&#160;Roussel, M.&#160;Philippe&#160;Brun, M.&#160;Baptiste, M.&#160;Baumel, Mme&#160;Mercier, M.&#160;Oberti, Mme&#160;Pantel, Mme&#160;Pir&#232;s&#160;Beaune, Mme&#160;Allemand, M.&#160;Aviragnet, Mme&#160;Battistel, Mme&#160;Bellay, M.&#160;Benbrahim, M.&#160;Califer, Mme&#160;Capdevielle, M.&#160;Christophle, M.&#160;Courbon, M.&#160;David, M.&#160;Delaporte, Mme&#160;Diop, Mme&#160;Dombre&#160;Coste, M.&#160;Echaniz, M.&#160;Faure, M.&#160;Garot, Mme&#160;Godard, M.&#160;Gokel, Mme&#160;Got, M.&#160;Emmanuel&#160;Gr&#233;goire, M.&#160;Guedj, M.&#160;Hablot, Mme&#160;Hadizadeh, Mme&#160;Herouin-L&#233;autey, Mme&#160;C&#233;line&#160;Hervieu, M.&#160;Hollande, Mme&#160;Karamanli, Mme&#160;Keloua&#160;Hachi, M.&#160;Leseul, M.&#160;Lhardit, M.&#160;Naillet, M.&#160;Pena, Mme&#160;Pic, M.&#160;Potier, M.&#160;Pribetich, M.&#160;Proen&#231;a, Mme&#160;R&#233;calde, Mme&#160;Rossi, Mme&#160;Rouaux, M.&#160;Aur&#233;lien&#160;Rousseau, Mme&#160;Runel, M.&#160;Saint-Pasteur, Mme&#160;Santiago, M.&#160;Saulignac, M.&#160;Simion, M.&#160;Sother, Mme&#160;Thi&#233;bault-Martinez, Mme&#160;Thomin, M.&#160;Vallaud, M.&#160;Vicot, M.&#160;William et les membres du groupe Socialistes et apparent&#233;s",,"Cet amendement du groupe Socialistes et apparentés, issu d’une proposition de Déclic Collectif propose de créer une plateforme numérique nationale de transports pour que les Français puissent planifier des trajets multimodaux facilement. Les informations portant sur les réseaux de transports sont souvent difficiles d’accès et il n’existe pas d’outil national de comparaison multimodale. A contrario, la multiplicité des plateformes d’information à l’échelle régionale crée un manque de visibilité et ces dernières ne mettent pas suffisamment en valeur les modes de transport bas carbone. Depuis la loi de 2016 pour une République Numérique, les collectivités de plus de 3 500 habitants ont l’obligation de partager en Open Data les données relatives à leur territoire. Si cette disposition permet de recueillir les informations d’offres modales locales, les données sont rarement mises à jour et souvent incomplètes. Une plateforme numérique nationale (Mobility as a Service) rassemblant l’ensemble",3405,2024-11-08,,cloud,/home/user/Operation_robespierre/Amendements/DLR5L17N50198/PRJLANR5L17B0324/AMANR5L17PO838901B0324P2D1N003540.json,Bouloux,Mickaël,Socialistes et apparentés,SOC,Ille-et-Vilaine
amendement,AMANR5L17PO59048B0324P2D1N002312,II-CF2312,17,CION_FIN,PRJLANR5L17B0324,PA793980,PO845439,PA610968|PA793780|PA588884|PA841701|PA795362|PA795454|PA840997|PA841885|PA841507|PA794008|PA721210|PA793452|PA841351|PA795010|PA841419|PA842013|PA840947|PA794022|PA794146|PA841223|PA795636|PA842045|PA793708|PA793664|PA794154|PA794778|PA795076|PA722142|PA610002|PA795808|PA796018|PA736201|PA841713|PA793948|PA2940,"M.&#160;Fournier,  M.&#160;Amirshahi, Mme&#160;Arrighi, Mme&#160;Autain, Mme&#160;Balage&#160;El&#160;Mariky, Mme&#160;Belluco, M.&#160;Ben&#160;Cheikh, M.&#160;Biteau, M.&#160;Arnaud&#160;Bonnet, M.&#160;Nicolas&#160;Bonnet, Mme&#160;Chatelain, M.&#160;Corbi&#232;re, M.&#160;Davi, M.&#160;Duplessy, Mme&#160;Garin, M.&#160;Damien&#160;Girard, M.&#160;Gustave, Mme&#160;Catherine&#160;Hervieu, M.&#160;Iordanoff, Mme&#160;Laernoes, M.&#160;Lahais, M.&#160;Lucas-Lundy, Mme&#160;Ozenne, M.&#160;Peytavie, Mme&#160;Pochon, M.&#160;Raux, Mme&#160;Regol, Mme&#160;Sandrine&#160;Rousseau, M.&#160;Ruffin, Mme&#160;Sas, Mme&#160;Sebaihi, Mme&#160;Simonnet, Mme&#160;Taill&#233;-Polian, M.&#160;Tavernier, M.&#160;Thierry et Mme&#160;Voynet",,"Le présent amendement a pour objet le maintien du Fonds de Développement de l’Inclusion (FDI) pour un montant total de 40 000 000 euros. Le FDI est destiné à soutenir et développer les Structures d’insertion par l’activité économique (SIAE) : Ateliers Chantier d’Insertion (ACI), Associations Intermédiaires (AI), Entreprises d’Insertion (EI), Entreprises de Travail Temporaire d’Insertion (ETTI), Entreprises d’insertion par le Travail Indépendant (EITI). A ce titre, il peut être mobilisé pour différents types d’actions : aide au démarrage d’une structure nouvelle ; aide au développement, à l’adaptation et à la diversification des activités ; aide à l’appui - conseil ; aide à la professionnalisation ; évaluation / expérimentation ; aide exceptionnelle à la consolidation financière. Or, aucune dotation n’est prévue au titre du FDI 2025. Pourtant, ce fonds est indispensable au soutien des SIAE, tant en période de croissance qu’en période de consolidation. Il convient de l’adapter aux enjeux",2480,2024-10-29,,ia_calcul,/home/user/Operation_robespierre/Amendements/DLR5L17N50198/PRJLANR5L17B0324/AMANR5L17PO59048B0324P2D1N002312.json,Fournier,Charles,Écologiste et Social,ECOS,Indre-et-Loire
amendement,AMANR5L17PO838901B0324P1D1N002572,I-2572,17,AN,PRJLANR5L17B0324,PA795430,PO845419,PA841463|PA840171|PA719930|PA642764|PA841381|PA793624|PA643143|PA606793|PA794094|PA608172|PA840665|PA840829|PA342415|PA842211|PA608264|PA795762|PA840903|PA841295|PA1008|PA841919|PA606573|PA841633|PA794854|PA842195|PA609332|PA333285|PA793394|PA840939|PA841539|PA331973|PA841665|PA1567|PA841471|PA841315|PA842263|PA841813|PA841853|PA1654|PA643192|PA335054|PA795156|PA774958|PA840765|PA643157|PA841107|PA840793|PA794270|PA607553|PA840955|PA841367|PA840673|PA342196|PA826635|PA841327|PA841717|PA341981|PA841243|PA774960|PA340343|PA841091|PA841681|PA841893|PA793816|PA794494|PA720992,"M.&#160;Delautrette,  Mme&#160;Mercier, M.&#160;Emmanuel&#160;Gr&#233;goire, M.&#160;Vallaud, M.&#160;Aviragnet, Mme&#160;Pantel, M.&#160;Philippe&#160;Brun, M.&#160;Baptiste, M.&#160;Baumel, M.&#160;Bouloux, Mme&#160;Pir&#232;s&#160;Beaune, Mme&#160;Allemand, M.&#160;Barusseau, Mme&#160;Battistel, Mme&#160;Bellay, Mme&#160;Capdevielle, M.&#160;Califer, M.&#160;Christophle, M.&#160;Courbon, M.&#160;David, Mme&#160;Diop, Mme&#160;Dombre&#160;Coste, M.&#160;Dufau, M.&#160;Echaniz, M.&#160;Eskenazi, M.&#160;Faure, M.&#160;Garot, M.&#160;Delaporte, Mme&#160;Godard, M.&#160;Gokel, Mme&#160;Got, M.&#160;F&#233;gn&#233;, M.&#160;Guedj, M.&#160;Hablot, M.&#160;Benbrahim, Mme&#160;Hadizadeh, Mme&#160;Herouin-L&#233;autey, Mme&#160;C&#233;line&#160;Hervieu, M.&#160;Hollande, Mme&#160;Jourdan, Mme&#160;Karamanli, Mme&#160;Keloua&#160;Hachi, M.&#160;Leseul, M.&#160;Lhardit, M.&#160;Naillet, M.&#160;Oberti, M.&#160;Pena, Mme&#160;Pic, M.&#160;Potier, M.&#160;Pribetich, M.&#160;Proen&#231;a, Mme&#160;Rossi, Mme&#160;Rouaux, M.&#160;Aur&#233;lien&#160;Rousseau, M.&#160;Roussel, Mme&#160;Runel, Mme&#160;R&#233;calde, M.&#160;Saint-Pasteur, Mme&#160;Santiago, M.&#160;Saulignac, M.&#160;Simion, M.&#160;Sother, Mme&#160;Thi&#233;bault-Martinez, Mme&#160;Thomin, M.&#160;Vicot, M.&#160;William et les membres du groupe Socialistes et apparent&#233;s",Supprimer cet article.,"Le présent amendement des députés Socialistes et apparentés vise à supprimer cet article qui prévoit la réduction du taux du FCTVA et l’exclusion des dépenses d’entretien des bâtiments publics, de la voirie, des réseaux payés et des prestations de solutions relevant de l’informatique en nuage. Les collectivités territoriales représentent plus de 58 % de l’investissement public en France avec 54 milliards d’euros de dépenses d’équipement en 2022 comme le rappelle l’IGF dans un rapport de septembre 2024. Pour la seule transition écologique ce même rapport estime à 21 milliards d’euros par an les besoins jusqu’en 2030. Il est donc essentiel d’accompagner financièrement les collectivités territoriales pour soutenir l’investissement public dans les transitions écologique mais aussi démographique ou face aux enjeux d’accessibilité. En réduisant les dotations d’investissement et le FCTVA et en faisant contribuer les collectivités locales à l’effacement des errements de la gestion des gouverne",1406,2024-10-19,,cloud,/home/user/Operation_robespierre/Amendements/DLR5L17N50198/PRJLANR5L17B0324/AMANR5L17PO838901B0324P1D1N002572.json,Delautrette,Stéphane,Socialistes et apparentés,SOC,Haute-Vienne
amendement,AMANR5L17PO838901B0324P2D1N002048,II-2048,17,AN,PRJLANR5L17B0324,PA840135,PO845401,PA841645|PA793432|PA796118|PA720822|PA720668|PA796042|PA841131|PA793182|PA793134|PA720468|PA793548|PA795644|PA642988|PA840119|PA793166|PA793928|PA793146|PA840143|PA840801|PA794678|PA841139|PA793892|PA841737|PA796034|PA841605|PA793362|PA794418|PA840757|PA841451|PA794598|PA841439|PA841749|PA840869|PA795912|PA841837|PA720614|PA796026|PA840857|PA793290|PA841873|PA840967|PA793672|PA795974|PA841563|PA841825|PA794770|PA793314|PA793330|PA793616|PA719436|PA840915|PA794322|PA794582|PA795966|PA841981|PA794442|PA841777|PA796050|PA794502|PA793298|PA840781|PA794946|PA841479|PA841621|PA841553,"M.&#160;Dufosset,  M.&#160;Bernhardt, M.&#160;Allisio, Mme&#160;Auzanot, M.&#160;Bilde, M.&#160;Blairy, M.&#160;Boccaletti, Mme&#160;Bouquin, M.&#160;Bovet, M.&#160;Buisson, M.&#160;Chenu, Mme&#160;Colombier, Mme&#160;Da&#160;Conceicao&#160;Carvalho, M.&#160;de&#160;L&#233;pinau, Mme&#160;Delannoy, M.&#160;Dessigny, Mme&#160;Diaz, M.&#160;Dragon, M.&#160;Florquin, M.&#160;Fouquart, M.&#160;Frapp&#233;, M.&#160;Gabarron, Mme&#160;Galzy, M.&#160;Gery, M.&#160;Giletti, M.&#160;Golliot, M.&#160;Gonzalez, Mme&#160;Florence&#160;Goulet, Mme&#160;Griseti, M.&#160;Guibert, M.&#160;Jacobelli, M.&#160;Jenft, Mme&#160;Joncour, Mme&#160;Joubert, Mme&#160;Lavalette, M.&#160;Le&#160;Bourgeois, Mme&#160;Le&#160;Pen, Mme&#160;Lechanteux, Mme&#160;Lechon, Mme&#160;Lelouis, M.&#160;Limongi, M.&#160;Lioret, Mme&#160;Loir, M.&#160;Lottiaux, Mme&#160;Marais-Beuil, M.&#160;Patrice&#160;Martin, Mme&#160;Martinez, Mme&#160;Alexandra&#160;Masson, M.&#160;Bryan&#160;Masson, M.&#160;Mauvieux, M.&#160;Meizonnet, M.&#160;Monnier, M.&#160;M&#233;nag&#233;, M.&#160;Pfeffer, M.&#160;Rambaud, Mme&#160;Rimbert, Mme&#160;Robert-Dehault, M.&#160;Sanvert, M.&#160;Schreck, M.&#160;Taverne, M.&#160;Tivoli, M.&#160;Tonussi, M.&#160;Villedieu, M.&#160;Weber, M.&#160;Evrard et M.&#160;Tesson",,"Cet amendement vise à accélérer et amplifier le développement du quantique militaire. Réduire l’incertitude : tel est l’un des objectifs des stratèges et tacticiens militaires. Pour l’atteindre, les technologies quantiques représentent une ressource très prometteuse, notamment parce qu’elles recèlent une puissance de calcul inédite. C’est un avantage-clé dans les domaines de la cryptographie (cyberguerre), de l’ISTAR (renseignement, surveillance, acquisition de cibles et reconnaissance), de la conception des matériels, de l’optimisation des chaînes d’approvisionnement, ainsi que pour l’efficacité des systèmes de frappe et de défense, d’une part, de commandement et de contrôle, d’autre part. La maîtrise de ces technologies est en soi un enjeu stratégique qui mobilise les grandes puissances comme la Chine ou les Etats-Unis : les moyens qu’y consacrent ces dernières croissent chaque année de manière exponentielle (25% par an prévus pour la période 2024-2035). La France est déjà alignée su",1903,2024-11-06,,ia_calcul,/home/user/Operation_robespierre/Amendements/DLR5L17N50198/PRJLANR5L17B0324/AMANR5L17PO838901B0324P2D1N002048.json,Dufosset,Alexandre,Rassemblement National,RN,Nord
amendement,AMANR5L17PO59048B0324P2D1N000620,II-CF620,17,CION_FIN,PRJLANR5L17B0324,PA793796,PO845485,PA267763|PA719138|PA841359|PA795244|PA720960,"M.&#160;Taupiac,  M.&#160;Bataille, M.&#160;Castellani, Mme&#160;de&#160;P&#233;lichy, M.&#160;Lenormand et M.&#160;Serva","I. – À l’alinéa 14, substituer aux mots : « de la liste des bénéficiaires des trois années précédentes et des demandes enregistrées sur une plateforme mise à disposition par l’Agence de services et de paiement ou par courrier », les mots : « des données relatives aux revenus fiscaux de référence que l’administration fiscale lui communique. » II. – Compléter l’alinéa 16 par la phrase suivante : « Elle procède à l’envoie du chèque aux bénéficiaires identifiés, sans condition de demande pre","Malgré les mises en garde des associations et acteurs du secteur de l’énergie, aucun dispositif viable n’a été mis en place pour remédier aux problèmes d’attribution du chèque énergie à la suite de la disparition de la taxe d’habitation et permettre à des millions de nouveaux ménages de bénéficier du chèque énergie en 2024. En cas d’adoption en l’état de l’article 60 du projet de loi de finances 2025, il sera mis fin à l’automatisation de l’envoi du chèque énergie. Les nouveaux ménages en droit d’en bénéficier devront en faire la demande sur une plateforme, avec pour corolaire un risque d’exclusion et de non-recours des ménages les plus fragiles, ne disposant ni de l’information nécessaire ni d’un accès à la plateforme en ligne. En effet, pour pouvoir prétendre à son chèque il faudrait s’inscrire systématiquement sur une nouvelle plateforme numérique, pour y communiquer son numéro de PDL (point de livraison électrique), le numéro fiscal du titulaire du contrat de fourniture d’énergie, ",2235,2024-10-23,,cloud,/home/user/Operation_robespierre/Amendements/DLR5L17N50198/PRJLANR5L17B0324/AMANR5L17PO59048B0324P2D1N000620.json,Taupiac,David,"Libertés, Indépendants, Outre-mer et Territoires",LIOT,Gers
amendement,AMANR5L17PO838901B0324P2D1N003085,II-3085,17,AN,PRJLANR5L17B0324,PA721474,PO845485,PA721110|PA841931|PA720976,"M.&#160;Viry,  Mme&#160;Sanquer, M.&#160;Mazaury et M.&#160;Mathiasin","Avant le dépôt du projet de loi de finances pour 2026, le Gouvernement remet au Parlement un rapport détaillé visant à étudier l’impact de l’intelligence artificielle sur les emplois en France. Il permettra d’évaluer les impacts sociaux de l’intelligence artificielle, la mise en place d’une contribution sur les bénéfices générés par l’Intelligence artificielle, sur l’utilisation des systèmes d’Intelligence artificielle et sur la formation. Enfin, ce rapport permettra d’étudier les dispositifs vi","L’intelligence artificielle est un formidable outil de compétitivité et de croissance pour les entreprises. Toutefois, elle peut être destructrice d’emplois et il convient d’anticiper ce qui pourrait être structurel dans la politique de l’emploi dans les prochaines années. Aussi, le présent amendement prévoit la remise d’un rapport avec 4 axes. En premier lieu, évaluer les impacts sur l’emploi de l’intelligence artificielle. Il convient de dresser un rapport sur le nombre d’emplois détruits ou transformés par l’automatisation mais également étudier les secteurs les plus touchés par l’automatisation et ceux où l’intelligence artificielle a, au contraire, stimulé l’emploi. Cela permettra, à terme, de mettre en place une taxation sur la robotisation et les machines autonomes. En second lieu, étudier la mise en place d’une contribution sur les bénéfices générés par l’IA. L’idée serait de compenser la perte de cotisations sociales engendrées par les entreprises qui ont supprimé des emplois ",3283,2024-11-08,,ia_calcul,/home/user/Operation_robespierre/Amendements/DLR5L17N50198/PRJLANR5L17B0324/AMANR5L17PO838901B0324P2D1N003085.json,Viry,Stéphane,"Libertés, Indépendants, Outre-mer et Territoires",LIOT,Vosges
amendement,AMANR5L17PO838901B0324P1D1N002235,I-2235,17,AN,PRJLANR5L17B0324,PA608826,PO845425,PA721816|PA841047,"Mme&#160;Duby-Muller,  M.&#160;Boucard et M.&#160;Ceccoli","I. – Au premier alinéa du k du II de l’article 244 quater B du code général des impôts, l’année : « 2024 » est remplacée par l’année : « 2027 ». II. – La perte de recettes pour l’État est compensée, à due concurrence, par la création d’une taxe additionnelle à l’accise sur les tabacs prévue au chapitre IV du titre I er du livre III du code des impositions sur les biens et services. III. – Le I n’est applicable qu’aux sommes venant en déduction de l’impôt dû.","L’article 244 quater B du code général des impôts prévoit un crédit d’impôt pour les petites et moyennes entreprises (PME) industrielles et commerciales ou agricoles qui réalisent certaines dépenses d’innovation. Ce crédit d’impôt, dit crédit d’impôt innovation (CII), est subordonné au respect du règlement (UE) n° 651/2014 de la Commission du 17 juin 2014 déclarant certaines catégories d’aides compatibles avec le marché intérieur en application des articles 107 et 108 du traité (Règlement général d’exemption par catégorie). Chaque année, près de 8 000 entreprises ont recours au CII pour développer leurs activités. Ce dispositif, qui est réservé au TPE et PME innovantes, complète le crédit d’impôt recherche (CIR) sur la période entre la phase de recherche et développement (R&amp;D), et la phase de pré-commercialisation, en permettant aux entreprises concernées de financer une partie des opérations de prototypage réalisées en vue de la commercialisa",2339,2024-10-18,,ia_calcul,/home/user/Operation_robespierre/Amendements/DLR5L17N50198/PRJLANR5L17B0324/AMANR5L17PO838901B0324P1D1N002235.json,Duby-Muller,Virginie,Droite Républicaine,DR,Haute-Savoie
amendement,AMANR5L17PO59048B0324P1D1N000049,I-CF49,17,CION_FIN,PRJLANR5L17B0324,PA718838,PO845425,PA841047|PA607090|PA722390|PA718884|PA721816|PA719968|PA840979|PA330909|PA793508|PA793094,"M.&#160;Fabrice&#160;Brun,  M.&#160;Ceccoli, M.&#160;Jean-Pierre&#160;Vigier, Mme&#160;Corneloup, Mme&#160;Bazin-Malgras, M.&#160;Boucard, Mme&#160;Sylvie&#160;Bonnet, M.&#160;Le&#160;Fur, M.&#160;Descoeur, M.&#160;Brigand et M.&#160;Ray","Au 2° de l’article L. 453‑70 du code des impositions sur les biens et services, le taux : « 3 % » est remplacé par le taux : « 5 % ».","La situation des finances publiques est très inquiétante. En 2024, le déficit public devrait frôler les 6 % du produit intérieur brut, la dette atteindre 3 200 milliards d’euros, avec des déficits du budget de l’État et du commerce extérieur records. La France doit ainsi impérativement réduire son déficit public et sa dette, sans pour autant augmenter les impôts de ceux qui travaillent et ont travaillé toute leur vie. Dans la recherche d’une plus grande justice fiscale, cet amendement vise à relever le taux de la taxe sur les services numériques, dite taxe GAFAM, de 3 à 5 %. Étant donné que le rendement prévisionnel de la taxe pour 2025 est de 800 millions d’euros, on peut estimer que le présent amendement créerait plus de 500 millions d’euros de recettes nouvelles pour le budget de l’État.",935,2024-10-11,,souverainete_numerique,/home/user/Operation_robespierre/Amendements/DLR5L17N50198/PRJLANR5L17B0324/AMANR5L17PO59048B0324P1D1N000049.json,Brun,Fabrice,Droite Républicaine,DR,Ardèche
amendement,AMANR5L17PO838901B0324P2D1N002452,II-2452,17,AN,PRJLANR5L17B0324,PA721474,PO845485,PA267763|PA719138|PA721110|PA841931|PA720976,"M.&#160;Viry,  M.&#160;Bataille, M.&#160;Castellani, Mme&#160;Sanquer, M.&#160;Mazaury et M.&#160;Mathiasin",,"Le présent amendement a pour objet le maintien du Fonds de Développement de l’Inclusion (FDI) pour un montant total de 40 000 000 euros. Le FDI est destiné à soutenir et développer les Structures d’insertion par l’activité économique (SIAE) : Ateliers et Chantiers d’Insertion (ACI), Associations Intermédiaires (AI), Entreprises d’Insertion (EI), Entreprises de Travail Temporaire d’Insertion (ETTI), Entreprises d’Insertion par le Travail Indépendant (EITI). À ce titre, il peut être mobilisé pour différents types d’actions : aide au démarrage d’une structure nouvelle ; aide au développement, à l’adaptation et à la diversification des activités ; aide à l’appui-conseil ; aide à la professionnalisation ; évaluation / expérimentation ; aide exceptionnelle à la consolidation financière. Or, aucune dotation n’est prévue au titre du FDI 2025. Pourtant, ce fonds est indispensable au soutien des SIAE, tant en période de croissance qu’en période de consolidation. Il convient de l’adapter aux enje",2293,2024-11-06,,ia_calcul,/home/user/Operation_robespierre/Amendements/DLR5L17N50198/PRJLANR5L17B0324/AMANR5L17PO838901B0324P2D1N002452.json,Viry,Stéphane,"Libertés, Indépendants, Outre-mer et Territoires",LIOT,Vosges
amendement,AMANR5L17PO838901B0324P2D1N004011,II-4011,17,AN,PRJLANR5L17B0324,PA793374,PO845401,PA794562|PA793158|PA841645|PA720822|PA841487|PA841131|PA793182|PA840159|PA795644|PA841613|PA642988|PA793166|PA794762|PA840135|PA841621|PA794678|PA841737|PA841605|PA794418|PA840757|PA841451|PA794030|PA841075|PA841837|PA796026|PA793608|PA841873|PA721932|PA840837|PA794770|PA793330|PA719436|PA795786|PA794322|PA793230|PA841981|PA842227|PA794442|PA842097|PA794894|PA794954|PA841553|PA840781|PA720468|PA793656|PA841777|PA793354,"M.&#160;Baubry,  M.&#160;Ballard, M.&#160;Beaurain, M.&#160;Bernhardt, M.&#160;Bilde, M.&#160;Boulogne, Mme&#160;Bouquin, M.&#160;Bovet, M.&#160;Clavet, Mme&#160;Da&#160;Conceicao&#160;Carvalho, M.&#160;de&#160;Fleurian, M.&#160;de&#160;L&#233;pinau, M.&#160;Dessigny, Mme&#160;Dogor-Such, M.&#160;Dufosset, M.&#160;Evrard, M.&#160;Frapp&#233;, M.&#160;Gery, M.&#160;Golliot, Mme&#160;Florence&#160;Goulet, Mme&#160;Griseti, M.&#160;Guibert, M.&#160;Jolly, Mme&#160;Josserand, M.&#160;Le&#160;Bourgeois, Mme&#160;Lechanteux, Mme&#160;Levavasseur, M.&#160;Limongi, Mme&#160;Lorho, M.&#160;Markowsky, Mme&#160;Martinez, M.&#160;Bryan&#160;Masson, M.&#160;Meizonnet, Mme&#160;M&#233;nach&#233;, M.&#160;M&#233;nag&#233;, Mme&#160;Ranc, Mme&#160;Rimbert, M.&#160;Rivi&#232;re, Mme&#160;Robert-Dehault, Mme&#160;Roy, Mme&#160;Sabatini, M.&#160;Salmon, M.&#160;Tesson, M.&#160;Tonussi, M.&#160;Chenu, Mme&#160;Pollet, M.&#160;Sanvert et Mme&#160;M&#233;lin",,"Cet amendement vise à financer l’intégration de l’intelligence artificielle (IA) dans les systèmes de vidéosurveillance de nos établissements pénitentiaires. L’intégration de l’IA permettrait notamment la détection de situations à risque (rassemblement de détenus, agressions...) et mettrait en évidence la caméra correspondante sur l’écran de surveillance, secondant ainsi efficacement le travail réalisé par les personnels. L’IA pourrait ainsi être programmée pour détecter un certain nombre d’événements et effectuer ainsi des signalements. Il ne s’agirait pas de substituer la surveillance algorithmique à la surveillance humaine, mais de compléter cette dernière pour apporter une solution efficace au manque d’effectif qui souvent oblige les agents pénitentiaires à accomplir des missions multiples, parfois même de manière simultanée. Le présent amendement prévoit pour cela : - d’abonder d’un montant de neuf millions d’euros les crédits, en autorisations d’engagement et en crédits de paieme",1637,2024-11-12,,ia_calcul,/home/user/Operation_robespierre/Amendements/DLR5L17N50198/PRJLANR5L17B0324/AMANR5L17PO838901B0324P2D1N004011.json,Baubry,Romain,Rassemblement National,RN,Bouches-du-Rhône
amendement,AMANR5L17PO838901B0324P1D1N001902,I-1902,17,AN,PRJLANR5L17B0324,PA794146,PO845439,PA610968|PA793780|PA588884|PA841701|PA795362|PA795454|PA840997|PA841885|PA841507|PA794008|PA721210|PA793452|PA841351|PA793980|PA795010|PA841419|PA842013|PA840947|PA794022|PA841223|PA795636|PA842045|PA793708|PA793664|PA794154|PA794778|PA795076|PA722142|PA610002|PA795808|PA796018|PA736201|PA841713|PA793948|PA2940,"Mme&#160;Laernoes,  M.&#160;Amirshahi, Mme&#160;Arrighi, Mme&#160;Autain, Mme&#160;Balage&#160;El&#160;Mariky, Mme&#160;Belluco, M.&#160;Ben&#160;Cheikh, M.&#160;Biteau, M.&#160;Arnaud&#160;Bonnet, M.&#160;Nicolas&#160;Bonnet, Mme&#160;Chatelain, M.&#160;Corbi&#232;re, M.&#160;Davi, M.&#160;Duplessy, M.&#160;Fournier, Mme&#160;Garin, M.&#160;Damien&#160;Girard, M.&#160;Gustave, Mme&#160;Catherine&#160;Hervieu, M.&#160;Iordanoff, M.&#160;Lahais, M.&#160;Lucas-Lundy, Mme&#160;Ozenne, M.&#160;Peytavie, Mme&#160;Pochon, M.&#160;Raux, Mme&#160;Regol, Mme&#160;Sandrine&#160;Rousseau, M.&#160;Ruffin, Mme&#160;Sas, Mme&#160;Sebaihi, Mme&#160;Simonnet, Mme&#160;Taill&#233;-Polian, M.&#160;Tavernier, M.&#160;Thierry et Mme&#160;Voynet","I. – À la fin de l’alinéa 3, substituer aux mots : « ou d’un processus dont l’objet n’est pas la production de chaleur », les mots : « , des déchets et d’énergie de récupération ». II. – Compléter cet article par l’alinéa suivant : « III. – La perte de recettes pour l’État est compensée à due concurrence par la création d’une taxe additionnelle à l’accise sur les tabacs prévue au chapitre IV du titre I er du livre III du code des impositions sur les biens et services. »","L'article 10 du présent projet de loi de finances a pour objet de mettre en conformité - avec les évolutions du droit de l’Union européenne - le champ d’application du taux réduit de TVA applicable à la livraison de chaleur et de froid dans les réseaux alimentés par au moins 50% d’énergies renouvelables et de récupération. C’est à ce titre qu’il propose d’inclure de manière explicite l’énergie ambiante parmi les sources d’énergie éligibles au taux réduit de TVA. Cependant, la clarification proposée est effectuée par l’intermédiaire d’une référence à un article du code de l’énergie qui exclut les déchets et les énergies de récupération du champ d’application de la TVA réduite. Or, les déchets et les énergies de récupération (chaleur fatale, data centers, valorisation énergétique des déchets, eaux usées ...) étaient jusqu’à présent bien mentionnés dans la législation (européenne et française) en vigueur. Les exclure ne serait pas sans conséquence au regard de l’importance des énergies de",2780,2024-10-18,,data_center,/home/user/Operation_robespierre/Amendements/DLR5L17N50198/PRJLANR5L17B0324/AMANR5L17PO838901B0324P1D1N001902.json,Laernoes,Julie,Écologiste et Social,ECOS,Loire-Atlantique
amendement,AMANR5L17PO59048B0324P2D1N002362,II-CF2362,17,CION_FIN,PRJLANR5L17B0324,PA796090,PO845413,PA795228|PA793262|PA794906|PA794138|PA795588|PA795084|PA842105|PA841657|PA720430|PA793772|PA795616|PA793444|PA794938|PA795318|PA841023|PA793912|PA842187|PA842037|PA791812|PA793736|PA721202|PA795136|PA793464|PA842155|PA795200|PA795844|PA841251|PA794786|PA794870|PA796070|PA795310|PA794478|PA841947|PA794082|PA794130|PA720846|PA841729|PA795516|PA841515|PA795672|PA795108|PA795298|PA791824|PA842029|PA793532|PA795746|PA342384|PA795422|PA794686|PA841215|PA795482|PA610654|PA841191|PA721960|PA793872|PA720892|PA817211|PA793756|PA796062|PA719578|PA721062|PA841845|PA795982|PA795466|PA793744|PA720952|PA794106|PA794166|PA795164|PA795596,"M.&#160;Caron,  Mme&#160;Abomangoli, M.&#160;Alexandre, M.&#160;Amard, Mme&#160;Amiot, Mme&#160;Amrani, M.&#160;Arenas, M.&#160;Arnault, Mme&#160;Belouassa-Cherifi, M.&#160;Bernalicis, M.&#160;Bex, M.&#160;Bilongo, M.&#160;Bompard, M.&#160;Boumertit, M.&#160;Boyard, M.&#160;Cadalen, M.&#160;Carri&#232;re, Mme&#160;Cathala, M.&#160;Cernon, Mme&#160;Chikirou, M.&#160;Clouet, M.&#160;Coquerel, M.&#160;Coulomme, M.&#160;Delogu, M.&#160;Diouara, Mme&#160;Dufour, Mme&#160;Erodi, Mme&#160;Feld, M.&#160;Fernandes, Mme&#160;Ferrer, M.&#160;Gaillard, Mme&#160;Guett&#233;, M.&#160;Guiraud, Mme&#160;Hamdane, Mme&#160;Hignet, M.&#160;Kerbrat, M.&#160;Lachaud, M.&#160;Lahmar, M.&#160;Laisney, M.&#160;Le&#160;Coq, M.&#160;Le&#160;Gall, Mme&#160;Leboucher, M.&#160;Legavre, Mme&#160;Legrain, Mme&#160;Lejeune, Mme&#160;Lepvraud, M.&#160;L&#233;aument, Mme&#160;&#201;lisa&#160;Martin, M.&#160;Maudet, Mme&#160;Maximi, Mme&#160;Mesmeur, Mme&#160;Manon&#160;Meunier, M.&#160;Nilor, Mme&#160;Nosb&#233;, Mme&#160;Obono, Mme&#160;Oziol, Mme&#160;Panot, M.&#160;Pilato, M.&#160;Piquemal, M.&#160;Portes, M.&#160;Prud&apos;homme, M.&#160;Ratenon, M.&#160;Saint-Martin, M.&#160;Saintoul, Mme&#160;Soudais, Mme&#160;Stambach-Terrenoir, M.&#160;Tach&#233;, Mme&#160;Taurinya, M.&#160;Tavel, Mme&#160;Trouv&#233; et M.&#160;Vannier",,"Par cet amendement, nous proposons de créer un fond de soutien pour l'installation des librairies indépendantes dans les centres-villes des communes rurales. La rentabilité économique des librairies est très faible. Alors que le prix du livre est relativement stable, notamment en raison de son encadrement par la loi de 1981, les différentes charges, notamment énergétiques ont tendance à augmenter. Il en va de même pour les frais de transport des marchandises ou de gestion des stocks. Surtout, le loyer constitue une variable importante, souvent particulièrement pénalisante, représentant en moyenne entre 5 et 10% du chiffre d'affaires. Avec des moyens bien plus restreints que les grands magasins et plateforme de ventes en ligne, les petites librairies sont les plus exposées à ce risque économique, auquel s'ajoute une baisse du pouvoir d'achat généralisée. Le Syndicat de la librairie française (SLF) nous alertait en juin 2024 : une majorité de librairies indépendantes françaises seront dé",4307,2024-10-29,,souverainete_numerique,/home/user/Operation_robespierre/Amendements/DLR5L17N50198/PRJLANR5L17B0324/AMANR5L17PO59048B0324P2D1N002362.json,Caron,Aymeric,La France insoumise - Nouveau Front Populaire,LFI-NFP,Paris
amendement,AMANR5L17PO838901B0324P1D1N002041,I-2041,17,AN,PRJLANR5L17B0324,PA721750,PO845407,,Mme&#160;Calvez,"I. – Au premier alinéa du k du II de l’article 244 quater B du code général des impôts, l’année : « 2024 » est remplacée par l’année : « 2027 ». II. – La perte de recettes pour l’État est compensée, à due concurrence, par la création d’une taxe additionnelle à l’accise sur les tabacs prévue au chapitre IV du titre I er du livre III du code des impositions sur les biens et services. III. – Le I n’est applicable qu’aux sommes venant en déduction de l’impôt dû.","L'article 244 quater B du code général des impôts instaure le crédit d'impôt innovation (CII) destiné aux petites et moyennes entreprises (PME) industrielles, commerciales ou agricoles qui engagent des dépenses spécifiques liées à l'innovation. Ce crédit d'impôt est conditionné par le respect du règlement (UE) n° 651/2014 de la Commission du 17 juin 2014, qui déclare certaines catégories d'aides compatibles avec le marché intérieur selon les articles 107 et 108 du traité (Règlement général d'exemption par catégorie). Chaque année, près de 8 000 entreprises bénéficient du CII pour développer leurs activités. Ce dispositif, réservé aux TPE et PME innovantes, complète le crédit d'impôt recherche (CIR) en couvrant la période entre la phase de recherche et développement (R&amp;D) et celle de pré-commercialisation. Il permet ainsi à ces entreprises de financer une partie des opérations de prototypage nécessaires à la mise sur le marché de nouveaux produits. De plus, il encourage l'investisse",2241,2024-10-18,,ia_calcul,/home/user/Operation_robespierre/Amendements/DLR5L17N50198/PRJLANR5L17B0324/AMANR5L17PO838901B0324P1D1N002041.json,Calvez,Céline,Ensemble pour la République,EPR,Hauts-de-Seine
amendement,AMANR5L17PO59048B0324P1D1N001199,I-CF1199,17,CION_FIN,PRJLANR5L17B0324,PA793094,PO845425,PA840979,M.&#160;Ray et M.&#160;Le&#160;Fur,"I. – À l’alinéa 3, substituer aux mots : « ou d’un processus dont l’objet n’est pas la production de chaleur » les mots : « , des déchets et d’énergie de récupération ». II. – La perte de recettes pour l’État est compensée à due concurrence par la création d’une taxe additionnelle à l’accise sur les tabacs prévue au chapitre IV du titre I er du livre III du code des impositions sur les biens et services.","A travers cet article 10, le gouvernement souhaite clarifier le champ d’application du taux réduit de TVA sur la décarbonation des modes de chauffage et le mettre en conformité avec le droit de l’Union européenne. Dans un contexte où la chaleur représente près de la moitié de nos consommations énergétiques et demeure largement dépendante des énergies fossiles importées, le développement de la chaleur renouvelable doit en effet être incité par un taux de TVA plus avantageux. Plutôt que de favoriser le développement effréné de parcs éoliens qui saturent nos paysages ruraux afin d'alimenter en électricité des appareils de chauffage, il est en effet préférable de développer les réseaux de chaleur qui sont un vecteur de verdissement de notre mix-énergétique. La rédaction de cet article mérite donc d’être complétée afin d’éviter que certaines énergies de récupérations soient exclues du champ d’application du taux réduit de TVA. En effet, la référence à l’article L. 211-2 du code de l’énerg",3254,2024-10-13,,data_center,/home/user/Operation_robespierre/Amendements/DLR5L17N50198/PRJLANR5L17B0324/AMANR5L17PO59048B0324P1D1N001199.json,Ray,Nicolas,Droite Républicaine,DR,Allier
amendement,AMANR5L17PO59048B0324P2D1N001107,II-CF1107,17,CION_FIN,PRJLANR5L17B0324,PA793624,PO845419,PA606793|PA643143|PA794094|PA841463|PA841107|PA841381|PA608172,"M.&#160;Philippe&#160;Brun,  M.&#160;Baumel, M.&#160;Baptiste, M.&#160;Bouloux, Mme&#160;Mercier, M.&#160;Oberti, Mme&#160;Pantel, Mme&#160;Pir&#232;s&#160;Beaune et les membres du groupe Socialistes et apparent&#233;s",,"Cet amendement des députés Socialistes et apparentés vise à revenir sur la réduction de 494 postes de lutte contre la fraude fiscale prévue dans le PLF, qui serait contre-productive pour les finances publiques. Après des suppressions de 4000 postes de lutte contre la fraude depuis 2010, en mai 2023, le ministre délégué auprès du ministre de l’Économie, des finances et de la souveraineté industrielle et numérique, chargé des comptes publics, a présenté la feuille de route gouvernementale de lutte contre toutes les fraudes aux finances publiques. Cette feuille de route constitue un nouveau jalon dans l'adaptation et le renforcement de l'efficacité du contrôle fiscal, face à une fraude qui s'internationalise, se numérise et se complexifie. Pour ce faire, l'administration mobilise plus de 10 000 agents, dont environ 3 900 vérificateurs. En 2022, la DGFiP a ainsi atteint un niveau de montants mis en recouvrement après contrôle fiscal de 14,6 Mds euros soit 8,2 % de plus qu'en 2021, puis 15,",3678,2024-10-24,,ia_calcul,/home/user/Operation_robespierre/Amendements/DLR5L17N50198/PRJLANR5L17B0324/AMANR5L17PO59048B0324P2D1N001107.json,Brun,Philippe,Socialistes et apparentés,SOC,Eure
amendement,AMANR5L17PO838901B0324P2D1N001252,II-1252,17,AN,PRJLANR5L17B0324,PA840159,PO845401,,M.&#160;Clavet et les membres du groupe Rassemblement National,,"Amendement d'appel Cet amendement prévoit de diminuer les crédits, en autorisation d’engagement et en crédits de paiement, d’un montant de 2 548 826 999 euros pour l’action n°1 «France Télévisions» du programme 372 «France Télévisions» et de diminuer les crédits, en autorisation d’engagement et en crédits de paiement, d’un montant de 660 133 907 euros pour l’action n°1 «Radio France» du programme 374 «Radio France». Cet amendement d'appel vise à initier une réforme du paysage audiovisuel français par la privatisation de France Télévisions et de Radio France, permettant ainsi de réduire de 3,2 milliards d’euros la charge supportée par l’État. Toutefois, le Rassemblement national prévoit de maintenir dans le giron public Arte France, TV5 Monde, et les chaînes du groupe France Médias Monde en raison de leur rôle essentiel dans le rayonnement de la France en Europe et dans le monde. De même, l’Institut national de l’audiovisuel (INA) sera préservé dans le domaine public pour son rôle cruci",2360,2024-11-04,,souverainete_numerique,/home/user/Operation_robespierre/Amendements/DLR5L17N50198/PRJLANR5L17B0324/AMANR5L17PO838901B0324P2D1N001252.json,Clavet,Bruno,Rassemblement National,RN,Pas-de-Calais
amendement,AMANR5L17PO838901B0324P2D1N003410,II-3410,17,AN,PRJLANR5L17B0324,PA793980,PO845439,PA610968|PA793780|PA588884|PA841701|PA795362|PA795454|PA840997|PA841885|PA841507|PA794008|PA721210|PA793452|PA841351|PA795010|PA841419|PA842013|PA840947|PA794022|PA794146|PA841223|PA795636|PA842045|PA793708|PA793664|PA794154|PA794778|PA795076|PA722142|PA610002|PA795808|PA796018|PA736201|PA841713|PA793948|PA2940,"M.&#160;Fournier,  M.&#160;Amirshahi, Mme&#160;Arrighi, Mme&#160;Autain, Mme&#160;Balage&#160;El&#160;Mariky, Mme&#160;Belluco, M.&#160;Ben&#160;Cheikh, M.&#160;Biteau, M.&#160;Arnaud&#160;Bonnet, M.&#160;Nicolas&#160;Bonnet, Mme&#160;Chatelain, M.&#160;Corbi&#232;re, M.&#160;Davi, M.&#160;Duplessy, Mme&#160;Garin, M.&#160;Damien&#160;Girard, M.&#160;Gustave, Mme&#160;Catherine&#160;Hervieu, M.&#160;Iordanoff, Mme&#160;Laernoes, M.&#160;Lahais, M.&#160;Lucas-Lundy, Mme&#160;Ozenne, M.&#160;Peytavie, Mme&#160;Pochon, M.&#160;Raux, Mme&#160;Regol, Mme&#160;Sandrine&#160;Rousseau, M.&#160;Ruffin, Mme&#160;Sas, Mme&#160;Sebaihi, Mme&#160;Simonnet, Mme&#160;Taill&#233;-Polian, M.&#160;Tavernier, M.&#160;Thierry et Mme&#160;Voynet",,"Le présent amendement a pour objet le maintien du Fonds de Développement de l’Inclusion (FDI) pour un montant total de 40 000 000 euros. Le FDI est destiné à soutenir et développer les Structures d’insertion par l’activité économique (SIAE) : Ateliers Chantier d’Insertion (ACI), Associations Intermédiaires (AI), Entreprises d’Insertion (EI), Entreprises de Travail Temporaire d’Insertion (ETTI), Entreprises d’insertion par le Travail Indépendant (EITI). A ce titre, il peut être mobilisé pour différents types d’actions : aide au démarrage d’une structure nouvelle ; aide au développement, à l’adaptation et à la diversification des activités ; aide à l’appui - conseil ; aide à la professionnalisation ; évaluation / expérimentation ; aide exceptionnelle à la consolidation financière. Or, aucune dotation n’est prévue au titre du FDI 2025. Pourtant, ce fonds est indispensable au soutien des SIAE, tant en période de croissance qu’en période de consolidation. Il convient de l’adapter aux enjeux",2480,2024-11-08,,ia_calcul,/home/user/Operation_robespierre/Amendements/DLR5L17N50198/PRJLANR5L17B0324/AMANR5L17PO838901B0324P2D1N003410.json,Fournier,Charles,Écologiste et Social,ECOS,Indre-et-Loire
amendement,AMANR5L17PO838901B0324P2D1N003987,II-3987,17,AN,PRJLANR5L17B0324,PA642695,PO845407,PA794810|PA721984,"M.&#160;Bothorel,  Mme&#160;Morel et M.&#160;Latombe",,"Le présent amendement vise à allouer 8 millions d’euros supplémentaires à l’Agence nationale de la sécurité des systèmes d’information (Anssi) à travers une augmentation des moyens alloués au SGDSN, tant en autorisations d’engagement qu’en crédits de paiement, ce qui correspond à l’action n°2 « Coordination de la sécurité et de la défense » du programme 129 « Coordination du travail gouvernemental » de la mission « Direction de l’action du Gouvernement ». La menace cyber est protéiforme et poursuit sa croissance : en 2023, l’ANSSI a ainsi traité 1 112 incidents de cybersécurité contre 832 en 2022. Face à la menace, un passage à l’échelle et un accroissement de notre résilience collective sont nécessaires en matière de cybersécurité. C’est précisément le rôle de l’Anssi, qui a su nous protéger efficacement pendant la période des JOP2024. Aussi, une augmentation de 40 ETP par an jusqu’en 2027 est inscrite dans la trajectoire triennale de l’Anssi, pour maintenir ses capacités opérationnel",3390,2024-11-12,,souverainete_numerique|ia_calcul,/home/user/Operation_robespierre/Amendements/DLR5L17N50198/PRJLANR5L17B0324/AMANR5L17PO838901B0324P2D1N003987.json,Bothorel,Éric,Ensemble pour la République,EPR,Côtes-d'armor
amendement,AMANR5L17PO59048B0324P1D1N001090,I-CF1090,17,CION_FIN,PRJLANR5L17B0324,PA722366,PO845407,,M.&#160;Fugit,"La sous-section 1 de la section 1 du chapitre I er du titre VII du livre IV du code des impositions sur les biens et services est complétée par un article ainsi rédigé : « Art. L. 471‑20 . – Il est institué, à compter du 1 er janvier 2025, une taxe sur les générateurs électriques à combustible fossile. « La taxe est due à l’achat du générateur électrique à combustible fossile. « Le fait générateur de la taxe intervient au moment de l’acquisition du produit. La taxe est alors exigible. « La taxe ","Le présent amendement vise à promouvoir l’utilisation de générateurs électriques non polluants pour favoriser leur développement afin de réduire la dépendance aux énergies fossiles sur cet équipement dont les applications sont nombreuses dans tous les secteurs d’activités. En effet, les générateurs fonctionnant aux énergies fossiles émettent des émissions de CO2 importante mais aussi de nombreux polluants atmosphériques : oxydes d’azote (NOx), particules fines (PM), composés organiques volatils (COV), monoxyde de carbone (CO) et hydrocarbures aromatiques polycycliques (HAP). En France les générateurs fossiles sont principalement utilisés , sur les chantiers, dans les datacenters, les opérations de maintenance, les tournages, festivals, évenements sportifs etc… Ils le sont en location le plus souvent pour des petites structures et des particuliers et dans le domaine culturel. Or, il existe aujourd’hui sur le marché des générateurs non polluants qui réduisent drastiquement les émissions ",2781,2024-10-13,,data_center,/home/user/Operation_robespierre/Amendements/DLR5L17N50198/PRJLANR5L17B0324/AMANR5L17PO59048B0324P1D1N001090.json,Fugit,Jean-Luc,Ensemble pour la République,EPR,Rhône
amendement,AMANR5L17PO59048B0324P2D1N002349,II-CF2349,17,CION_FIN,PRJLANR5L17B0324,PA721474,PO845485,PA267763|PA719138,"M.&#160;Viry,  M.&#160;Bataille et M.&#160;Castellani",,"Le présent amendement a pour objet le maintien du Fonds de Développement de l’Inclusion (FDI) pour un montant total de 40 000 000 euros. Le FDI est destiné à soutenir et développer les Structures d’insertion par l’activité économique (SIAE) : Ateliers et Chantiers d’Insertion (ACI), Associations Intermédiaires (AI), Entreprises d’Insertion (EI), Entreprises de Travail Temporaire d’Insertion (ETTI), Entreprises d’Insertion par le Travail Indépendant (EITI). À ce titre, il peut être mobilisé pour différents types d’actions : aide au démarrage d’une structure nouvelle ; aide au développement, à l’adaptation et à la diversification des activités ; aide à l’appui-conseil ; aide à la professionnalisation ; évaluation / expérimentation ; aide exceptionnelle à la consolidation financière. Or, aucune dotation n’est prévue au titre du FDI 2025. Pourtant, ce fonds est indispensable au soutien des SIAE, tant en période de croissance qu’en période de consolidation. Il convient de l’adapter aux enje",2293,2024-10-29,,ia_calcul,/home/user/Operation_robespierre/Amendements/DLR5L17N50198/PRJLANR5L17B0324/AMANR5L17PO59048B0324P2D1N002349.json,Viry,Stéphane,"Libertés, Indépendants, Outre-mer et Territoires",LIOT,Vosges
amendement,AMANR5L17PO419610B0324P2D1N000267,II-CE267,17,CION-ECO,PRJLANR5L17B0324,PA721270,PO845514,PA720838|PA796106|PA795868|PA267306|PA721896|PA795998|PA774962|PA335612|PA796010|PA842271|PA793174|PA795820|PA795240|PA795876|PA605745|PA842299,"M.&#160;Peu,  Mme&#160;Bourouaha, M.&#160;B&#233;nard, M.&#160;Castor, M.&#160;Chassaigne, Mme&#160;Faucillon, Mme&#160;K/Bidi, Mme&#160;Lebon, M.&#160;Lecoq, M.&#160;Maillot, M.&#160;Maurel, M.&#160;Monnet, M.&#160;Nadeau, Mme&#160;Reid&#160;Arbelot, M.&#160;Rimane, M.&#160;Sansu et M.&#160;Tjibaou",Supprimer cet article.,"Malgré les mises en garde des associations et acteurs du secteur de l’énergie, aucun dispositif viable n’a été mis en place pour remédier aux problèmes d’attribution du chèque énergie à la suite de la disparition de la taxe d’habitation et permettre à des millions de nouveaux ménages de bénéficier du chèque énergie en 2024. En cas d’adoption de l’article 60 du projet de loi de finances 2025, il sera mis cette fois fin à l’automatisation de l’envoi du chèque énergie, cette aide qui ne concerne que les ménages très modestes, et pour qui le chèque énergie constitue un impératif budgétaire. Les contraindre à en faire désormais la demande sur une plateforme aura pour effet d’exclure, pour non-recours, un grand nombre d’entre eux du dispositif. D’après les chiffres communiqués par l’administration, seuls 3% des nouveaux bénéficiaires potentiels du chèque énergie en 2024 l’ont obtenu à ce jour. Une situation qui confirme les fortes craintes des associations sur la difficulté pour les ménages ",1815,2024-10-24,,cloud,/home/user/Operation_robespierre/Amendements/DLR5L17N50198/PRJLANR5L17B0324/AMANR5L17PO419610B0324P2D1N000267.json,Peu,Stéphane,Gauche Démocrate et Républicaine,GDR,Seine-Saint-Denis
amendement,AMANR5L17PO838901B0324P2D1N000188,II-188,17,AN,PRJLANR5L17B0324,PA841769,PO847173,,M.&#160;Michoux,,"Cet amendement a vocation à soutenir le maintien du Fonds de soutien à l’Expression Radiophonique (FSER). Le PLF pour 2025 prévoit une réduction de près de 30%, soit plus de 10 millions d’euros pour les crédits alloués à plus de 770 radios associatives en France. Cette diminution inédite, menace directement la pérennité des radios associatives, qui jouent un rôle essentiel dans la vie démocratique, culturelle et sociale de nos territoires. Ces médias de territoire et du lien social sont souvent les seules à offrir une plateforme d’expression aux citoyens, à garantir la diversité des opinions, et à mettre en lumière les acteurs locaux, qu’il s’agisse des élus, des associations ou des initiatives citoyennes. La réduction du FSER entraînerait des conséquences irréversibles : suppression de plus de 800 emplois dans un secteur déjà fragilisé, recul du pluralisme, appauvrissement de la diversité médiatique locale, et affaiblissement de l’offre culturelle. Les radios associatives, véritables ",2578,2024-10-24,,ia_calcul,/home/user/Operation_robespierre/Amendements/DLR5L17N50198/PRJLANR5L17B0324/AMANR5L17PO838901B0324P2D1N000188.json,Michoux,Éric,Union des droites pour la République,UDDPLR,Saône-et-Loire
amendement,AMANR5L17PO838901B0324P2D1N001486,II-1486,17,AN,PRJLANR5L17B0324,PA794830,PO845454,PA794658|PA793520|PA840235|PA720038|PA677483,"M.&#160;Ott,  M.&#160;Fait, M.&#160;Cosson, M.&#160;Fr&#233;bault, Mme&#160;Josso et M.&#160;Mazars","I. – À la fin de l’alinéa 14, substituer aux mots : « et des demandes enregistrées sur une plateforme mise à disposition par l’Agence de services et de paiement ou par courrier » les mots : « ainsi que du revenu fiscal de référence et de la composition des foyers fiscaux. » II. – En conséquence, compléter l’alinéa 16 par la phrase suivante : « Elle procède à l’envoi du chèque aux bénéficiaires identifiés, sans condition de demande préalable. » III. – Compléter cet article par l'alinéa suivant : ","Malgré les mises en garde des associations et acteurs du secteur de l’énergie, aucun dispositif viable n’a été mis en place pour remédier aux problèmes d’attribution du chèque énergie à la suite de la disparition de la taxe d’habitation et permettre à des millions de nouveaux ménages de bénéficier du chèque énergie en 2024. En cas d’adoption de l’article 60 du projet de loi de finances 2025, il sera mis fin à l’automatisation de l’envoi du chèque énergie, cette aide qui ne concerne que les ménages très modestes, et pour qui le chèque énergie constitue un impératif budgétaire. Les contraindre à en faire désormais la demande sur une plateforme aura pour effet d’exclure un grand nombre d’entre eux du dispositif. D’après les chiffres qui ont été communiqués par l’administration à la Fondation Abbé Pierre, seuls 3 % des nouveaux bénéficiaires potentiels du chèque énergie en 2024 l’ont obtenu à ce jour. Cette situation confirme les fortes craintes de l’association formulées auprès de l’admin",2371,2024-11-05,,cloud,/home/user/Operation_robespierre/Amendements/DLR5L17N50198/PRJLANR5L17B0324/AMANR5L17PO838901B0324P2D1N001486.json,Ott,Hubert,Les Démocrates,DEM,Haut-Rhin
amendement,AMANR5L17PO838901B0324P2D1N001825,II-1825,17,AN,PRJLANR5L17B0324,PA841047,PO845425,PA721442|PA721816|PA718850|PA719968|PA332523,"M.&#160;Ceccoli,  Mme&#160;Petex, M.&#160;Boucard, M.&#160;Cordier, Mme&#160;Sylvie&#160;Bonnet et Mme&#160;Dalloz",,"Le présent amendement a pour objet le maintien du Fonds de Développement de l’Inclusion (FDI) pour un montant total de 40 000 000 euros. Le FDI est destiné à soutenir et développer les Structures d’insertion par l’activité économique (SIAE) : Ateliers Chantier d’Insertion (ACI), Associations Intermédiaires (AI), Entreprises d’Insertion (EI), Entreprises de Travail Temporaire d’Insertion (ETTI), Entreprises d’insertion par le Travail Indépendant (EITI). A ce titre, il peut être mobilisé pour différents types d’actions : aide au démarrage d’une structure nouvelle ; aide au développement, à l’adaptation et à la diversification des activités ; aide à l’appui - conseil ; aide à la professionnalisation ; évaluation / expérimentation ; aide exceptionnelle à la consolidation financière. Or, aucune dotation n’est prévue au titre du FDI 2025. Pourtant, ce fonds est indispensable au soutien des SIAE, tant en période de croissance qu’en période de consolidation. Il convient de l’adapter aux enjeux",2622,2024-11-05,,ia_calcul,/home/user/Operation_robespierre/Amendements/DLR5L17N50198/PRJLANR5L17B0324/AMANR5L17PO838901B0324P2D1N001825.json,Ceccoli,François-Xavier,Droite Républicaine,DR,Haute-corse
amendement,AMANR5L17PO59047B0324P2D1N000073,II-AE73,17,CION_AFETR,PRJLANR5L17B0324,PA795900,PO845401,,Mme&#160;Hamelet,,"Cet amendement prévoit de diminuer les crédits, en autorisation d’engagement et en crédits de paiement, d’un montant de 150 000 000 euros pour l’action n° 1 « France Télévisions » du programme 372 « France Télévisions » et de diminuer les crédits, en autorisation d’engagement et en crédits de paiement, d’un montant de 50 000 000 euros pour l’action n° 1 « Radio France » du programme 374 « Radio France » · Pour France Télévisions, cette somme correspond environ au budget de France 4, France 5, France TV Slash et deCulture box dont les cessions peuvent être envisagées. · Pour Radio France, cette somme correspond environ au budget de France Musique, FIP et de Mouv’ dont les cessions peuvent être envisagées. Cet amendement de repli vise à demander à ces deux entités de recentrer leurs activités et de revoir leur modèle économique afin de moins peser sur les finances publiques. Il vise plus globalement à dessiner les contours d’une réforme plus profonde du paysage audiovisuel français par l",2883,2024-10-26,,souverainete_numerique,/home/user/Operation_robespierre/Amendements/DLR5L17N50198/PRJLANR5L17B0324/AMANR5L17PO59047B0324P2D1N000073.json,Hamelet,Marine,Rassemblement National,RN,Tarn-et-Garonne
amendement,AMANR5L17PO838901B0324P1D1N003638,I-3638,17,AN,PRJLANR5L17B0324,,,,le Gouvernement,"I. − Le chapitre XX du titre II de la première partie du livre premier du code général des impôts est ainsi modifié : A. − L’article 302 bis ZL est ainsi modifié : 1° À la première phrase du deuxième alinéa, les mots : « et 302 bis ZH » sont remplacés par les mots : « , 302 bis ZH et 302 bis ZP » ; 2° Au troisième alinéa, les mots : « et 302 bis ZO » sont remplacés par les mots : « , 302 bis ZO et 302 bis ZP ». B. − À la première phrase de l’article 302 bis ZM, les mots : « et 302 bis ZO » sont ","Le présent amendement a pour objet d’autoriser et d’ouvrir à la concurrence le marché des jeux de casino pratiqués en ligne, en définissant à cet effet le cadre fiscal applicable à ce type de jeux. Il est ainsi prévu un prélèvement sur le produit brut des jeux (PBJ) de casino en ligne fixé à 27,8 % pour le prélèvement Etat et le même prélèvement sera prévue dans le PLFSS 2025 pour la sécurité sociale. Les jeux de casino en ligne seront ainsi taxés à 55,6% du PBJ, c’est-à-dire au même niveau que la catégorie générale des jeux de loterie en ligne. Cette ouverture procède d’une mise en cohérence du cadre des jeux avec nos principaux voisins européens, la France étant, avec Chypre, le seul pays de l’Union européenne à interdire les jeux de casino en ligne. Cette interdiction s’est accompagnée du développement d’une offre illégale importante ces dernières années. Selon l’étude commandée fin 2023 par l’Autorité nationale des jeux, le produit brut des jeux généré par l’offre illégale des jeux",5874,2024-10-19,,souverainete_numerique,/home/user/Operation_robespierre/Amendements/DLR5L17N50198/PRJLANR5L17B0324/AMANR5L17PO838901B0324P1D1N003638.json,,,,,
amendement,AMANR5L17PO838901B0324P2D1N000215,II-215,17,AN,PRJLANR5L17B0324,PA840673,PO845419,PA841381|PA341981|PA643143|PA840665|PA608264|PA642764|PA342415|PA606793|PA842211|PA841315|PA794094|PA793624|PA795762|PA840903|PA841295|PA1008|PA841919|PA606573|PA841633|PA794854|PA609332|PA333285|PA841539|PA331973|PA840171|PA1567|PA841471|PA842263|PA841813|PA841853|PA1654|PA335054|PA795156|PA840765|PA841463|PA643157|PA841107|PA840793|PA794270|PA608172|PA607553|PA840955|PA841367|PA342196|PA826635|PA841717|PA841243|PA774960|PA340343|PA841091|PA841681|PA841893|PA793816|PA719930|PA794494|PA720992|PA795430|PA840829|PA842195|PA643192|PA774958|PA841665|PA841327|PA793394|PA840939,"Mme&#160;Rossi,  Mme&#160;Pantel, Mme&#160;R&#233;calde, M.&#160;Baptiste, Mme&#160;Allemand, Mme&#160;Capdevielle, M.&#160;Aviragnet, Mme&#160;Battistel, M.&#160;Baumel, Mme&#160;Bellay, M.&#160;Benbrahim, M.&#160;Bouloux, M.&#160;Philippe&#160;Brun, M.&#160;Califer, M.&#160;Christophle, M.&#160;Courbon, M.&#160;David, Mme&#160;Diop, Mme&#160;Dombre&#160;Coste, M.&#160;Dufau, M.&#160;Echaniz, M.&#160;Faure, M.&#160;Garot, M.&#160;Gokel, Mme&#160;Got, M.&#160;Emmanuel&#160;Gr&#233;goire, M.&#160;Guedj, M.&#160;Hablot, Mme&#160;Hadizadeh, Mme&#160;Herouin-L&#233;autey, Mme&#160;C&#233;line&#160;Hervieu, M.&#160;Hollande, Mme&#160;Karamanli, Mme&#160;Keloua&#160;Hachi, M.&#160;Lhardit, Mme&#160;Mercier, M.&#160;Naillet, M.&#160;Oberti, M.&#160;Pena, Mme&#160;Pic, Mme&#160;Pir&#232;s&#160;Beaune, M.&#160;Potier, M.&#160;Pribetich, M.&#160;Proen&#231;a, Mme&#160;Rouaux, M.&#160;Aur&#233;lien&#160;Rousseau, Mme&#160;Runel, M.&#160;Saint-Pasteur, Mme&#160;Santiago, M.&#160;Saulignac, M.&#160;Simion, M.&#160;Sother, Mme&#160;Thi&#233;bault-Martinez, Mme&#160;Thomin, M.&#160;Vallaud, M.&#160;Vicot, M.&#160;William, M.&#160;Delautrette, M.&#160;Barusseau, M.&#160;Eskenazi, Mme&#160;Jourdan, M.&#160;Leseul, M.&#160;F&#233;gn&#233;, M.&#160;Roussel, M.&#160;Delaporte, Mme&#160;Godard et les membres du groupe Socialistes et apparent&#233;s",,"Cet amendement des députés socialistes et apparentés vise à maintenir les crédits du Fonds de Développement de l’Inclusion (FDI) pour un montant total de 40 000 000 euros. Le FDI est destiné à soutenir et développer les Structures d’Insertion par l’Activité Économique (SIAE) : Ateliers Chantier d’Insertion (ACI), Associations Intermédiaires (AI), Entreprises d’Insertion (EI), Entreprises de Travail Temporaire d’Insertion (ETTI), Entreprises d’insertion par le Travail Indépendant (EITI). À ce titre, il peut être mobilisé pour différents types d’actions : Aide au démarrage d’une structure nouvelle ; Aide au développement, à l’adaptation et à la diversification des activités ; Aide à l’appui - conseil ; Aide à la professionnalisation ; Évaluation / expérimentation ; Aide exceptionnelle à la consolidation financière. Pour la seconde année consécutive, aucune dotation n’est prévue au titre du FDI pour 2025. Or, ce fonds est indispensable au soutien des SIAE, tant en période de croissance qu",2303,2024-10-26,,ia_calcul,/home/user/Operation_robespierre/Amendements/DLR5L17N50198/PRJLANR5L17B0324/AMANR5L17PO838901B0324P2D1N000215.json,Rossi,Valérie,Socialistes et apparentés,SOC,Hautes-Alpes
amendement,AMANR5L17PO838901B0324P2D1N003442,II-3442,17,AN,PRJLANR5L17B0324,PA841463,PO845419,PA793980|PA610968|PA793780|PA588884|PA841701|PA795362|PA795454|PA840997|PA841885|PA841507|PA794008|PA721210|PA793452|PA841351|PA795010|PA841419|PA842013|PA840947|PA794022|PA794146|PA841223|PA795636|PA842045|PA793708|PA793664|PA794154|PA794778|PA795076|PA722142|PA610002|PA795808|PA796018|PA736201|PA841713|PA793948|PA2940,"Mme&#160;Mercier, rapporteure sp&#233;ciale au nom de la commission des finances,  M.&#160;Fournier, M.&#160;Amirshahi, Mme&#160;Arrighi, Mme&#160;Autain, Mme&#160;Balage&#160;El&#160;Mariky, Mme&#160;Belluco, M.&#160;Ben&#160;Cheikh, M.&#160;Biteau, M.&#160;Arnaud&#160;Bonnet, M.&#160;Nicolas&#160;Bonnet, Mme&#160;Chatelain, M.&#160;Corbi&#232;re, M.&#160;Davi, M.&#160;Duplessy, Mme&#160;Garin, M.&#160;Damien&#160;Girard, M.&#160;Gustave, Mme&#160;Catherine&#160;Hervieu, M.&#160;Iordanoff, Mme&#160;Laernoes, M.&#160;Lahais, M.&#160;Lucas-Lundy, Mme&#160;Ozenne, M.&#160;Peytavie, Mme&#160;Pochon, M.&#160;Raux, Mme&#160;Regol, Mme&#160;Sandrine&#160;Rousseau, M.&#160;Ruffin, Mme&#160;Sas, Mme&#160;Sebaihi, Mme&#160;Simonnet, Mme&#160;Taill&#233;-Polian, M.&#160;Tavernier, M.&#160;Thierry et Mme&#160;Voynet",,"Le présent amendement a pour objet le maintien du Fonds de Développement de l’Inclusion (FDI) pour un montant total de 40 000 000 euros. Le FDI est destiné à soutenir et développer les Structures d’insertion par l’activité économique (SIAE) : Ateliers Chantier d’Insertion (ACI), Associations Intermédiaires (AI), Entreprises d’Insertion (EI), Entreprises de Travail Temporaire d’Insertion (ETTI), Entreprises d’insertion par le Travail Indépendant (EITI). A ce titre, il peut être mobilisé pour différents types d’actions : aide au démarrage d’une structure nouvelle ; aide au développement, à l’adaptation et à la diversification des activités ; aide à l’appui - conseil ; aide à la professionnalisation ; évaluation / expérimentation ; aide exceptionnelle à la consolidation financière. Or, aucune dotation n’est prévue au titre du FDI 2025. Pourtant, ce fonds est indispensable au soutien des SIAE, tant en période de croissance qu’en période de consolidation. Il convient de l’adapter aux enjeux",2480,2024-11-08,,ia_calcul,/home/user/Operation_robespierre/Amendements/DLR5L17N50198/PRJLANR5L17B0324/AMANR5L17PO838901B0324P2D1N003442.json,Mercier,Estelle,Socialistes et apparentés,SOC,Meurthe-et-Moselle
amendement,AMANR5L17PO59048B0324P1D1N001276,I-CF1276,17,CION_FIN,PRJLANR5L17B0324,PA795664,PO845407,PA794658|PA794206|PA721170|PA794802|PA794486|PA840235,"M.&#160;Midy,  M.&#160;Fait, M.&#160;Marion, M.&#160;Vojetta, M.&#160;Sitzenstuhl, Mme&#160;Spillebout et M.&#160;Fr&#233;bault","I. – À l’article 44 sexies-0 A du code général des impôts, il est inséré un II ainsi rédigé : « II. – Une entreprise est qualifiée de jeune entreprise d’innovation de rupture dès lors qu’elle remplit les conditions prévues au I du présent article et qu’elle a réalisé des dépenses de recherche définies au a du 3° du même article représentant au moins 30 % des charges déterminées dans les conditions prévues au même a. Par dérogation au 2° du I du présent article, une jeune entreprise d’innovation ","A la suite des recommandations du rapport visant à soutenir l’investissement dans les start-ups et les PME innovantes remis au Gouvernement en juin 2023, le groupe Renaissance a fait adopter dans la loi de finances pour 2024 le dispositif d’IR-JEI Midy, de soutien à l’investissement des particuliers dans les PME innovantes qui œuvrent pour le plein emploi, la transition écologique, la souveraineté et la réindustrialisation. Parmi ces PME innovantes, les jeunes entreprises d’innovation de rupture (JEIR), dont les innovations demandent davantage de moyens pour franchir les barrières technologiques dans des secteurs de pointe comme l’intelligence artificielle ou le quantique, doivent faire l’objet d’un soutien accru. Ainsi, pour soutenir la souveraineté technologique de la France, il est proposé d’allonger la durée des aides aux JEIR de 8 à 12 ans.",1924,2024-10-13,,souverainete_numerique|ia_calcul,/home/user/Operation_robespierre/Amendements/DLR5L17N50198/PRJLANR5L17B0324/AMANR5L17PO59048B0324P1D1N001276.json,Midy,Paul,Ensemble pour la République,EPR,Essonne
amendement,AMANR5L17PO838901B0324P2D1N002148,II-2148,17,AN,PRJLANR5L17B0324,PA642695,PO845407,PA794810|PA721984,"M.&#160;Bothorel,  Mme&#160;Morel et M.&#160;Latombe",,"Le présent amendement vise à allouer 10M d’euros supplémentaires aux départements et régions prochainement concernés par la transposition de la directive NIS2, à travers une hausse des crédits alloués à l’action 3 « Soutien aux projets des départements et des régions » du programme 119 « concours financiers aux collectivités territoriales et à leurs groupements ». Il y a quelques semaines, le Gouvernement a présenté son projet de loi relatif à la résilience des infrastructures critiques et au renforcement de la cybersécurité, qui vise notamment à transposer dans le droit national la directive européenne NIS2. Cette dernière vise à rehausser le niveau de cybersécurité au sein des entités considérées comme importantes ou essentielles pour le fonctionnement de la Nation, avec des obligations proportionnées. Si la directive laisse au Législateur national le soin de déterminer si les collectivités territoriales entrent dans le champ de la législation, la version initiale du projet de loi co",3303,2024-11-06,,souverainete_numerique,/home/user/Operation_robespierre/Amendements/DLR5L17N50198/PRJLANR5L17B0324/AMANR5L17PO838901B0324P2D1N002148.json,Bothorel,Éric,Ensemble pour la République,EPR,Côtes-d'armor
amendement,AMANR5L17PO838901B0324P2D1N003180,II-3180,17,AN,PRJLANR5L17B0324,PA791824,PO845413,PA795228|PA793262|PA794906|PA794138|PA795588|PA795084|PA842105|PA841657|PA720430|PA793772|PA795616|PA793444|PA794938|PA795318|PA841023|PA796090|PA793912|PA842187|PA842037|PA791812|PA793736|PA721202|PA795136|PA793464|PA842155|PA795200|PA795844|PA841251|PA794786|PA794870|PA796070|PA795310|PA794478|PA841947|PA794082|PA794130|PA720846|PA841729|PA795516|PA841515|PA795672|PA795108|PA795298|PA842029|PA793532|PA795746|PA342384|PA795422|PA794686|PA841215|PA795482|PA610654|PA841191|PA721960|PA793872|PA720892|PA817211|PA793756|PA796062|PA719578|PA721062|PA841845|PA795982|PA795466|PA793744|PA720952|PA794106|PA794166|PA795164|PA795596,"Mme&#160;Legrain,  Mme&#160;Abomangoli, M.&#160;Alexandre, M.&#160;Amard, Mme&#160;Amiot, Mme&#160;Amrani, M.&#160;Arenas, M.&#160;Arnault, Mme&#160;Belouassa-Cherifi, M.&#160;Bernalicis, M.&#160;Bex, M.&#160;Bilongo, M.&#160;Bompard, M.&#160;Boumertit, M.&#160;Boyard, M.&#160;Cadalen, M.&#160;Caron, M.&#160;Carri&#232;re, Mme&#160;Cathala, M.&#160;Cernon, Mme&#160;Chikirou, M.&#160;Clouet, M.&#160;Coquerel, M.&#160;Coulomme, M.&#160;Delogu, M.&#160;Diouara, Mme&#160;Dufour, Mme&#160;Erodi, Mme&#160;Feld, M.&#160;Fernandes, Mme&#160;Ferrer, M.&#160;Gaillard, Mme&#160;Guett&#233;, M.&#160;Guiraud, Mme&#160;Hamdane, Mme&#160;Hignet, M.&#160;Kerbrat, M.&#160;Lachaud, M.&#160;Lahmar, M.&#160;Laisney, M.&#160;Le&#160;Coq, M.&#160;Le&#160;Gall, Mme&#160;Leboucher, M.&#160;Legavre, Mme&#160;Lejeune, Mme&#160;Lepvraud, M.&#160;L&#233;aument, Mme&#160;&#201;lisa&#160;Martin, M.&#160;Maudet, Mme&#160;Maximi, Mme&#160;Mesmeur, Mme&#160;Manon&#160;Meunier, M.&#160;Nilor, Mme&#160;Nosb&#233;, Mme&#160;Obono, Mme&#160;Oziol, Mme&#160;Panot, M.&#160;Pilato, M.&#160;Piquemal, M.&#160;Portes, M.&#160;Prud&apos;homme, M.&#160;Ratenon, M.&#160;Saint-Martin, M.&#160;Saintoul, Mme&#160;Soudais, Mme&#160;Stambach-Terrenoir, M.&#160;Tach&#233;, Mme&#160;Taurinya, M.&#160;Tavel, Mme&#160;Trouv&#233; et M.&#160;Vannier",,"Par cet amendement du groupe LFI-NFP, nous souhaitons dénoncer le niveau prévu de financement du Fonds national pour l’emploi dans le spectacle (FONPEPS) dans le PLF 2025. Destiné aux entreprises du spectacle vivant et enregistré ainsi qu’aux artistes et techniciens qu’elles emploient, les aides, primes et subventions portées par ce fonds ont vocation à agir directement sur la création d’emplois pérennes (par exemple, avec le développement d’emplois nouveaux avec le GIP Cafés-Cultures). Or, malgré son utilité, les montants alloués à ce fond sont largement insuffisants pour faire face aux besoins et à la précarité des travailleurs du spectacle vivant, dont les revenus restent très variables et sont structurellement menacés par l'arrivée de l'intelligence artificielle dans le domaine de la culture. Le 27 septembre dernier, un rapport présenté par l'ADAGP et la SGDL (organismes professionnels de collecte des revenus issus des droits d'auteurs) souligne que 16 % des artistes auteurs consta",1872,2024-11-08,,ia_calcul,/home/user/Operation_robespierre/Amendements/DLR5L17N50198/PRJLANR5L17B0324/AMANR5L17PO838901B0324P2D1N003180.json,Legrain,Sarah,La France insoumise - Nouveau Front Populaire,LFI-NFP,Paris
amendement,AMANR5L17PO59046B0324P2D1N000101,II-DN101,17,CION_DEF,PRJLANR5L17B0324,PA796042,PO845401,PA796034|PA793548|PA840135|PA793892|PA794418|PA794598|PA841553|PA841439|PA840857|PA793290|PA841873|PA794770|PA840915,"M.&#160;Boccaletti,  M.&#160;Giletti, Mme&#160;Colombier, M.&#160;Dufosset, Mme&#160;Galzy, Mme&#160;Florence&#160;Goulet, M.&#160;Jacobelli, M.&#160;Tesson, M.&#160;Jenft, Mme&#160;Lechon, Mme&#160;Lelouis, M.&#160;Limongi, Mme&#160;Martinez et M.&#160;Monnier",,"La France, se doit de développer son système de cloud projetable, non seulement pour se maintenir sur la scène internationale (pour rappel le département de La Défense américain a signé un contrat de 10 milliards de dollars sur 10 ans avec Microsoft alors que nous ne somme même pas à 2 millions d'euros...), pour ne pas passer à côté d'une technologie de rupture, mais également pour soutenir et accélérer le développement des projets à venir. Cet amendement propose donc d’abonder de 1 876 766 € les crédits (en AE et CP) dédiés à la sous-action 07.22 ""Commander et conduire - Hébergement Cloud"" de l'action 07 ""Commandement et maitrise de l'information"" du programme 146 « Equipement des forces ». Et réduit d’un montant correspondant la sous-action 07,07 ""Recherche stratégique"" de l’action 07 « Prospective de Défense » du programme 144 « Environnement et prospective de la politique de défense » afin de pouvoir doubler les crédits alloués au cloud projetable.",966,2024-10-26,,cloud,/home/user/Operation_robespierre/Amendements/DLR5L17N50198/PRJLANR5L17B0324/AMANR5L17PO59046B0324P2D1N000101.json,Boccaletti,Frédéric,Rassemblement National,RN,Var
amendement,AMANR5L17PO59051B0324P2D1N000087,II-CL87,17,CION_LOIS,PRJLANR5L17B0324,PA607619,PO845485,PA822617,M.&#160;Molac et Mme&#160;Froger,,"Cet amendement vise à cesser le recours à l’intelligence artificielle et à la vidéosurveillance algorithmique déployées lors des Jeux Olympiques 2024. Le coût total des marchés publics conclus par le ministère de l’Intérieur s’élèverait à 8 millions d’euros (près de 2 millions pour chacun des quatre lots conclus). Ces millions auraient pu être mieux utilisés face à tous les défis auxquels doit faire face l’État, rien ne justifie plus un tel coût en période de rigueur budgétaire et après la fin des Jeux. Au-delà du seul aspect financier, le recours à l’intelligence artificielle pour la surveillance de masse porte des risques réels pour nos libertés publiques sans garanties éthiques suffisantes pour nos droits fondamentaux. Cet amendement procède donc à une baisse de 8 millions d’euros en AE et CP HT2 sur l’Action 11 – Equipements de vidéo-protection et de surveillance électronique du ministère de l’intérieur du Programme 216 Conduite et pilotage des politiques de l’intérieur.",989,2024-10-18,,ia_calcul,/home/user/Operation_robespierre/Amendements/DLR5L17N50198/PRJLANR5L17B0324/AMANR5L17PO59051B0324P2D1N000087.json,Molac,Paul,"Libertés, Indépendants, Outre-mer et Territoires",LIOT,Morbihan
amendement,AMANR5L17PO59048B0324P1D1N001368,I-CF1368,17,CION_FIN,PRJLANR5L17B0324,PA794486,PO845407,PA793398,Mme&#160;Spillebout et M.&#160;Patrier-Leitus,"Après l’article 300 du code général des impôts, il est inséré un article 300‑1 ainsi rédigé : « Article 300‑1 – I. - Une taxe sur les revenus publicitaires provenant de la diffusion de contenus produits par des entreprises éditrices de presse, par les entreprises du secteur numériques est due. « Sont concernés par l’application de cette taxe, les plateformes de partage de vidéos ou celles incluant des fonctionnalités de partage de vidéos. « II. – Les services mentionnés au I du présent article s","Le présent amendement est un amendement de repli. Un précédent amendement d’appel proposait la création d’une section dédiée au Centre national d’information dans le Code général des impôts, ainsi que la mise en place d’une taxe affectée basée sur les revenus publicitaires générés par la diffusion de contenus produits par les entreprises éditrices de presse sur les grandes plateformes. Cependant, cette disposition n’a pas encore vu le jour, car elle est liée à l’article 1er de la proposition de loi portée par Violette Spillebout et Jérémie Patrier-Leitus, portant sur la protection de la presse et de l’information. Le mécanisme envisagé s’inspire des dispositifs déjà en place pour d'autres secteurs culturels, tels que le Centre National de la Musique (CNM) ou le Centre National du Cinéma et de l'Image Animée (CNC). Cette taxe aurait donc vocation à entrer en vigueur lors de la création du centre national de l’information mais également à l’abrogation de la taxe GAFA, l’assiette proposée",3910,2024-10-13,,souverainete_numerique,/home/user/Operation_robespierre/Amendements/DLR5L17N50198/PRJLANR5L17B0324/AMANR5L17PO59048B0324P1D1N001368.json,Spillebout,Violette,Ensemble pour la République,EPR,Nord
amendement,AMANR5L17PO838901B0324P2D1N003387,II-3387,17,AN,PRJLANR5L17B0324,PA796090,PO845413,PA795228|PA793262|PA794906|PA794138|PA795588|PA795084|PA842105|PA841657|PA720430|PA793772|PA795616|PA793444|PA794938|PA795318|PA841023|PA793912|PA842187|PA842037|PA791812|PA793736|PA721202|PA795136|PA793464|PA842155|PA795200|PA795844|PA841251|PA794786|PA794870|PA796070|PA795310|PA794478|PA841947|PA794082|PA794130|PA720846|PA841729|PA795516|PA841515|PA795672|PA795108|PA795298|PA791824|PA842029|PA793532|PA795746|PA342384|PA795422|PA794686|PA841215|PA795482|PA610654|PA841191|PA721960|PA793872|PA720892|PA817211|PA793756|PA796062|PA719578|PA721062|PA841845|PA795982|PA795466|PA793744|PA720952|PA794106|PA794166|PA795164|PA795596,"M.&#160;Caron,  Mme&#160;Abomangoli, M.&#160;Alexandre, M.&#160;Amard, Mme&#160;Amiot, Mme&#160;Amrani, M.&#160;Arenas, M.&#160;Arnault, Mme&#160;Belouassa-Cherifi, M.&#160;Bernalicis, M.&#160;Bex, M.&#160;Bilongo, M.&#160;Bompard, M.&#160;Boumertit, M.&#160;Boyard, M.&#160;Cadalen, M.&#160;Carri&#232;re, Mme&#160;Cathala, M.&#160;Cernon, Mme&#160;Chikirou, M.&#160;Clouet, M.&#160;Coquerel, M.&#160;Coulomme, M.&#160;Delogu, M.&#160;Diouara, Mme&#160;Dufour, Mme&#160;Erodi, Mme&#160;Feld, M.&#160;Fernandes, Mme&#160;Ferrer, M.&#160;Gaillard, Mme&#160;Guett&#233;, M.&#160;Guiraud, Mme&#160;Hamdane, Mme&#160;Hignet, M.&#160;Kerbrat, M.&#160;Lachaud, M.&#160;Lahmar, M.&#160;Laisney, M.&#160;Le&#160;Coq, M.&#160;Le&#160;Gall, Mme&#160;Leboucher, M.&#160;Legavre, Mme&#160;Legrain, Mme&#160;Lejeune, Mme&#160;Lepvraud, M.&#160;L&#233;aument, Mme&#160;&#201;lisa&#160;Martin, M.&#160;Maudet, Mme&#160;Maximi, Mme&#160;Mesmeur, Mme&#160;Manon&#160;Meunier, M.&#160;Nilor, Mme&#160;Nosb&#233;, Mme&#160;Obono, Mme&#160;Oziol, Mme&#160;Panot, M.&#160;Pilato, M.&#160;Piquemal, M.&#160;Portes, M.&#160;Prud&apos;homme, M.&#160;Ratenon, M.&#160;Saint-Martin, M.&#160;Saintoul, Mme&#160;Soudais, Mme&#160;Stambach-Terrenoir, M.&#160;Tach&#233;, Mme&#160;Taurinya, M.&#160;Tavel, Mme&#160;Trouv&#233; et M.&#160;Vannier",,"Par cet amendement, nous proposons de créer un fond de soutien pour l'installation des librairies indépendantes dans les centres-villes des communes rurales. La rentabilité économique des librairies est très faible. Alors que le prix du livre est relativement stable, notamment en raison de son encadrement par la loi de 1981, les différentes charges, notamment énergétiques ont tendance à augmenter. Il en va de même pour les frais de transport des marchandises ou de gestion des stocks. Surtout, le loyer constitue une variable importante, souvent particulièrement pénalisante, représentant en moyenne entre 5 et 10% du chiffre d'affaires. Avec des moyens bien plus restreints que les grands magasins et plateforme de ventes en ligne, les petites librairies sont les plus exposées à ce risque économique, auquel s'ajoute une baisse du pouvoir d'achat généralisée. Le Syndicat de la librairie française (SLF) nous alertait en juin 2024 : une majorité de librairies indépendantes françaises seront dé",4307,2024-11-08,,souverainete_numerique,/home/user/Operation_robespierre/Amendements/DLR5L17N50198/PRJLANR5L17B0324/AMANR5L17PO838901B0324P2D1N003387.json,Caron,Aymeric,La France insoumise - Nouveau Front Populaire,LFI-NFP,Paris
amendement,AMANR5L17PO59048B0324P2D1N002710,II-CF2710,17,CION_FIN,PRJLANR5L17B0324,PA794138,PO845413,PA795228|PA793262|PA794906|PA795588|PA795084|PA842105|PA841657|PA720430|PA793772|PA795616|PA793444|PA794938|PA795318|PA841023|PA796090|PA793912|PA842187|PA842037|PA791812|PA793736|PA721202|PA795136|PA793464|PA842155|PA795200|PA795844|PA841251|PA794786|PA794870|PA796070|PA795310|PA794478|PA841947|PA794082|PA794130|PA720846|PA841729|PA795516|PA841515|PA795672|PA795108|PA795298|PA791824|PA842029|PA793532|PA795746|PA342384|PA795422|PA794686|PA841215|PA795482|PA610654|PA841191|PA721960|PA793872|PA720892|PA817211|PA793756|PA796062|PA719578|PA721062|PA841845|PA795982|PA795466|PA793744|PA720952|PA794106|PA794166|PA795164|PA795596,"Mme&#160;Amiot,  Mme&#160;Abomangoli, M.&#160;Alexandre, M.&#160;Amard, Mme&#160;Amrani, M.&#160;Arenas, M.&#160;Arnault, Mme&#160;Belouassa-Cherifi, M.&#160;Bernalicis, M.&#160;Bex, M.&#160;Bilongo, M.&#160;Bompard, M.&#160;Boumertit, M.&#160;Boyard, M.&#160;Cadalen, M.&#160;Caron, M.&#160;Carri&#232;re, Mme&#160;Cathala, M.&#160;Cernon, Mme&#160;Chikirou, M.&#160;Clouet, M.&#160;Coquerel, M.&#160;Coulomme, M.&#160;Delogu, M.&#160;Diouara, Mme&#160;Dufour, Mme&#160;Erodi, Mme&#160;Feld, M.&#160;Fernandes, Mme&#160;Ferrer, M.&#160;Gaillard, Mme&#160;Guett&#233;, M.&#160;Guiraud, Mme&#160;Hamdane, Mme&#160;Hignet, M.&#160;Kerbrat, M.&#160;Lachaud, M.&#160;Lahmar, M.&#160;Laisney, M.&#160;Le&#160;Coq, M.&#160;Le&#160;Gall, Mme&#160;Leboucher, M.&#160;Legavre, Mme&#160;Legrain, Mme&#160;Lejeune, Mme&#160;Lepvraud, M.&#160;L&#233;aument, Mme&#160;&#201;lisa&#160;Martin, M.&#160;Maudet, Mme&#160;Maximi, Mme&#160;Mesmeur, Mme&#160;Manon&#160;Meunier, M.&#160;Nilor, Mme&#160;Nosb&#233;, Mme&#160;Obono, Mme&#160;Oziol, Mme&#160;Panot, M.&#160;Pilato, M.&#160;Piquemal, M.&#160;Portes, M.&#160;Prud&apos;homme, M.&#160;Ratenon, M.&#160;Saint-Martin, M.&#160;Saintoul, Mme&#160;Soudais, Mme&#160;Stambach-Terrenoir, M.&#160;Tach&#233;, Mme&#160;Taurinya, M.&#160;Tavel, Mme&#160;Trouv&#233; et M.&#160;Vannier",,"Par cet amendement, le groupe LFI-NFP propose de soutenir l'Anact par une dotation supplémentaire permettant la capitalisation des connaissances dans ses propres effectifs. Les moyens dédiés à l'amélioration des conditions de travail subissent de fortes baisses. La dotation du Fonds pour l'amélioration des conditions de travail (FACT) est en baisse de 800 000 euros (2,4 millions) soit, une fois l'inflation de 2,5% sur l'année 2024 prise en compte, une baisse de 27,5%. L'Agence nationale pour l'amélioration des conditions de travail (Anact), chargée du pilotage du FACT, n'est guère mieux traitée. Le financement allant à l'opérateur est de 13,89 millions d'euros, ce qui correspond à une baisse de 4,709 millions d'euros. La baisse de son financement, inflation comprise, est donc de 27,66%. La volonté de la droite de saboter l'opérateur se comprend à l'évocation de ses missions : celle-ci vise l’amélioration de la qualité des relations sociales, managériales et professionnelles, le suivi d",4637,2024-10-30,,ia_calcul,/home/user/Operation_robespierre/Amendements/DLR5L17N50198/PRJLANR5L17B0324/AMANR5L17PO59048B0324P2D1N002710.json,Amiot,Ségolène,La France insoumise - Nouveau Front Populaire,LFI-NFP,Loire-Atlantique
amendement,AMANR5L17PO838901B0324P2D1N003897,II-3897,17,AN,PRJLANR5L17B0324,PA793444,PO845413,PA795228|PA793262|PA794906|PA794138|PA795588|PA795084|PA842105|PA841657|PA720430|PA793772|PA795616|PA794938|PA795318|PA841023|PA796090|PA793912|PA842187|PA842037|PA791812|PA793736|PA721202|PA795136|PA793464|PA842155|PA795200|PA795844|PA841251|PA794786|PA794870|PA796070|PA795310|PA794478|PA841947|PA794082|PA794130|PA720846|PA841729|PA795516|PA841515|PA795672|PA795108|PA795298|PA791824|PA842029|PA793532|PA795746|PA342384|PA795422|PA794686|PA841215|PA795482|PA610654|PA841191|PA721960|PA793872|PA720892|PA817211|PA793756|PA796062|PA719578|PA721062|PA841845|PA795982|PA795466|PA793744|PA720952|PA794106|PA794166|PA795164|PA795596,"M.&#160;Bompard,  Mme&#160;Abomangoli, M.&#160;Alexandre, M.&#160;Amard, Mme&#160;Amiot, Mme&#160;Amrani, M.&#160;Arenas, M.&#160;Arnault, Mme&#160;Belouassa-Cherifi, M.&#160;Bernalicis, M.&#160;Bex, M.&#160;Bilongo, M.&#160;Boumertit, M.&#160;Boyard, M.&#160;Cadalen, M.&#160;Caron, M.&#160;Carri&#232;re, Mme&#160;Cathala, M.&#160;Cernon, Mme&#160;Chikirou, M.&#160;Clouet, M.&#160;Coquerel, M.&#160;Coulomme, M.&#160;Delogu, M.&#160;Diouara, Mme&#160;Dufour, Mme&#160;Erodi, Mme&#160;Feld, M.&#160;Fernandes, Mme&#160;Ferrer, M.&#160;Gaillard, Mme&#160;Guett&#233;, M.&#160;Guiraud, Mme&#160;Hamdane, Mme&#160;Hignet, M.&#160;Kerbrat, M.&#160;Lachaud, M.&#160;Lahmar, M.&#160;Laisney, M.&#160;Le&#160;Coq, M.&#160;Le&#160;Gall, Mme&#160;Leboucher, M.&#160;Legavre, Mme&#160;Legrain, Mme&#160;Lejeune, Mme&#160;Lepvraud, M.&#160;L&#233;aument, Mme&#160;&#201;lisa&#160;Martin, M.&#160;Maudet, Mme&#160;Maximi, Mme&#160;Mesmeur, Mme&#160;Manon&#160;Meunier, M.&#160;Nilor, Mme&#160;Nosb&#233;, Mme&#160;Obono, Mme&#160;Oziol, Mme&#160;Panot, M.&#160;Pilato, M.&#160;Piquemal, M.&#160;Portes, M.&#160;Prud&apos;homme, M.&#160;Ratenon, M.&#160;Saint-Martin, M.&#160;Saintoul, Mme&#160;Soudais, Mme&#160;Stambach-Terrenoir, M.&#160;Tach&#233;, Mme&#160;Taurinya, M.&#160;Tavel, Mme&#160;Trouv&#233; et M.&#160;Vannier",,"Cet amendement du groupe LFI-NFP vise à donner à l'Arcep les moyens d'effectuer ses missions. L'Arcep joue un rôle clé dans la régulation des réseaux internet, mobile et postaux. Ses missions sont régulièrement enrichies, ce qui sera une nouvelle fois le cas en 2025. L'ARCEP va en effet devoir prendre à son compte des compétences concernant la régulation des services d’intermédiation de données et l’interopérabilité des services d’informatique en nuage. Or, le budget de l'Arcep tel que dessiné par ce PLF est largement en deçà des besoins. Sur le papier, il est en quasi stagnation après prise en compte de l'inflation. Dans les faits, en tenant compte des nouvelles missions confiées, ce sont bien des économies qui lui sont demandées. Ces économies de bout de chandelle entravent sa capacité à mener ses missions d’intérêt général. Nous proposons donc par cet amendement d'augmenter de 10 % le budget de l'Arcep pour qu'elle puisse mener dans de bonnes conditions l'ensemble de ses missions. C",1719,2024-11-12,,cloud,/home/user/Operation_robespierre/Amendements/DLR5L17N50198/PRJLANR5L17B0324/AMANR5L17PO838901B0324P2D1N003897.json,Bompard,Manuel,La France insoumise - Nouveau Front Populaire,LFI-NFP,Bouches-du-Rhône
amendement,AMANR5L17PO59048B0324P1D1N001742,I-CF1742,17,CION_FIN,PRJLANR5L17B0324,PA841107,PO845419,PA793624|PA643192|PA841381|PA840673,"M.&#160;Oberti,  M.&#160;Philippe&#160;Brun, Mme&#160;Jourdan, Mme&#160;Pantel et Mme&#160;Rossi","I. – À la fin du premier alinéa de l’article 81 de la loi n° 2023‑1322 du 29 décembre 2023 de finances pour 2024, le nombre : « 400 » est remplacé par le nombre : « 440 ». II. – En conséquence, il est procédé au même remplacement au III de l’article 112 de la loi n° 2010‑1657 du 29 décembre 2010 de finances pour 2011.","Cet amendement propose d’augmenter le plafond de l’imposition appliquée aux répartiteurs principaux de la boucle locale cuivre, aux points de mutualisation des réseaux électroniques en fibre optique et aux nœuds de raccordement optique des réseaux de communications électroniques en fibre optique avec terminaison en câble coaxial. Les recettes ainsi dégagées permettront d’abonder l’enveloppe dédiée à l’action 3 « Inclusion numérique » du programme 343 « France Très Haut Débit » afin de pérenniser les 4000 postes de conseillers numériques France Services. Les conseillers numériques France Services jouent un rôle clé dans la lutte contre l’illectronisme et pour l’inclusion numérique, en facilitant et accompagnant l’utilisation des outils digitaux par toutes et tous. La dématérialisation des procédures administratives complique l'accès aux droits pour les personnes éloignées du numérique, concernant 30% des Français aujourd’hui. Cet éloignement contribue à creuser les inégalités et la frac",2632,2024-10-13,,souverainete_numerique,/home/user/Operation_robespierre/Amendements/DLR5L17N50198/PRJLANR5L17B0324/AMANR5L17PO59048B0324P1D1N001742.json,Oberti,Jacques,Socialistes et apparentés,SOC,Haute-Garonne
amendement,AMANR5L17PO838901B0324P2D1N003084,II-3084,17,AN,PRJLANR5L17B0324,PA721474,PO845485,PA721110|PA841931|PA720976|PA796078,"M.&#160;Viry,  Mme&#160;Sanquer, M.&#160;Mazaury, M.&#160;Mathiasin et Mme&#160;Youssouffa",,"L’intelligence artificielle est un formidable outil de compétitivité et de croissance pour les entreprises. Toutefois, elle peut être destructrice d’emplois et il convient d’anticiper ce qui pourrait être structurel dans la politique de l’emploi dans les prochaines années. Aussi, le présent amendement prévoit la création d’ETPT spécifiquement dédiés à l’accompagnement des mutations économiques et au développement de l’emploi en lien avec l’intelligence artificielle. Ils auraient pour missions principales d’évaluer les impacts sur l’emploi de l’intelligence artificielle. Il convient de dresser un bilan sur le nombre d’emplois détruits ou transformés, en cours ou à venir, par l’IA mais également étudier les secteurs les plus touchés par l’automatisation et ceux où l’intelligence artificielle a, au contraire, stimulé l’emploi, mais également élaborer une stratégie sur les reconversions professionnelles futures avec une volonté de former les actifs d’aujourd’hui et de demain. Pour assurer ",1710,2024-11-08,,ia_calcul,/home/user/Operation_robespierre/Amendements/DLR5L17N50198/PRJLANR5L17B0324/AMANR5L17PO838901B0324P2D1N003084.json,Viry,Stéphane,"Libertés, Indépendants, Outre-mer et Territoires",LIOT,Vosges
amendement,AMANR5L17PO838901B0324P1D1N000577,I-577,17,AN,PRJLANR5L17B0324,PA794486,PO845407,PA793398,Mme&#160;Spillebout et M.&#160;Patrier-Leitus,"Après l’article 300 du code général des impôts, il est inséré un article 300‑1 ainsi rédigé : « Art. 300‑1 . – I. – Une taxe sur les revenus publicitaires provenant de la diffusion de contenus produits par des entreprises éditrices de presse, par les entreprises du secteur numériques est due. « Sont concernés par l’application de cette taxe, les plateformes de partage de vidéos ou celles incluant des fonctionnalités de partage de vidéos. « II. – Les services mentionnés au I du pre","Le présent amendement est un amendement de repli. Un précédent amendement d’appel proposait la création d’une section dédiée au Centre national d’information dans le Code général des impôts, ainsi que la mise en place d’une taxe affectée basée sur les revenus publicitaires générés par la diffusion de contenus produits par les entreprises éditrices de presse sur les grandes plateformes. Cependant, cette disposition n’a pas encore vu le jour, car elle est liée à l’article 1er de la proposition de loi portée par Violette Spillebout et Jérémie Patrier-Leitus, portant sur la protection de la presse et de l’information. Le mécanisme envisagé s’inspire des dispositifs déjà en place pour d'autres secteurs culturels, tels que le Centre National de la Musique (CNM) ou le Centre National du Cinéma et de l'Image Animée (CNC). Cette taxe aurait donc vocation à entrer en vigueur lors de la création du centre national de l’information mais également à l’abrogation de la ",4029,2024-10-16,,souverainete_numerique,/home/user/Operation_robespierre/Amendements/DLR5L17N50198/PRJLANR5L17B0324/AMANR5L17PO838901B0324P1D1N000577.json,Spillebout,Violette,Ensemble pour la République,EPR,Nord
amendement,AMANR5L17PO838901B0324P1D1N001566,I-1566,17,AN,PRJLANR5L17B0324,PA721984,PO845454,,M.&#160;Latombe,"I. – Le code de la sécurité intérieure est ainsi modifié : 1° L’article L. 320‑6 est ainsi modifié : a) Après le 1°, il est inséré un 1° bis ainsi rédigé : « 1° bis L’exploitation par les casinos de jeux d’argent et de hasard électroniques en ligne, dans le cadre d’agréments délivrés aux exploitants de casinos, tels que définis à l’article L. 321‑1. Les jeux d’argent et de hasard électroniques en ligne s’entendent d’un jeu en ligne, mentionné au 1° de l’article 10 de la loi n° 2010‑476 du 12 mai","Le présent amendement vise à élargir la base taxable des jeux d'argent et de hasard. Selon une étude récente, cet élargissement rapporterait annuellement à l'État environ un milliard d’euros, tout en assurant la protection des amateurs de jeux de casino proposés par voie électronique. Alors qu’il existe historiquement une forte tradition du jeu en France, le cadre juridique français en matière de jeu de hasard reste très restrictif. Même si des évolutions législatives ont vu le jour, notamment en 2010, avec l’ouverture aux jeux en ligne de paris sportifs, hippiques ou encore du poker, le cadre législatif et réglementaire qui s’applique aux casinos demeure encore très contraignant. En effet, la loi du 12 mai 2010 relative à l’ouverture à la concurrence et à la régulation du secteur des jeux d’argent, interdit strictement l’activité en ligne des casinos dans l’Hexagone. Cependant, force est de constater que les joueurs français bravent massivement la loi de mai 2010 et se rendent sur des",3887,2024-10-18,,souverainete_numerique,/home/user/Operation_robespierre/Amendements/DLR5L17N50198/PRJLANR5L17B0324/AMANR5L17PO838901B0324P1D1N001566.json,Latombe,Philippe,Les Démocrates,DEM,Vendée
amendement,AMANR5L17PO838901B0324P1D1N003010,I-3010,17,AN,PRJLANR5L17B0324,PA841107,PO845419,PA643143|PA606793|PA794094|PA793624|PA840665|PA642764|PA840829|PA342415|PA842211|PA841315|PA795762|PA608264|PA840903|PA841295|PA1008|PA793394|PA795430|PA841919|PA606573|PA841633|PA794854|PA842195|PA609332|PA841665|PA333285|PA840939|PA841539|PA331973|PA840171|PA1567|PA841471|PA842263|PA841813|PA841853|PA1654|PA643192|PA335054|PA795156|PA774958|PA840765|PA841463|PA643157|PA841381|PA840793|PA794270|PA608172|PA607553|PA840955|PA841367|PA840673|PA342196|PA826635|PA841327|PA841717|PA341981|PA841243|PA774960|PA340343|PA841091|PA841681|PA841893|PA793816|PA719930|PA794494|PA720992,"M.&#160;Oberti,  M.&#160;Baptiste, M.&#160;Baumel, M.&#160;Bouloux, M.&#160;Philippe&#160;Brun, Mme&#160;Allemand, M.&#160;Aviragnet, M.&#160;Barusseau, Mme&#160;Battistel, Mme&#160;Bellay, M.&#160;Benbrahim, M.&#160;Califer, Mme&#160;Capdevielle, M.&#160;Christophle, M.&#160;Courbon, M.&#160;David, M.&#160;Delaporte, M.&#160;Delautrette, Mme&#160;Diop, Mme&#160;Dombre&#160;Coste, M.&#160;Dufau, M.&#160;Echaniz, M.&#160;Eskenazi, M.&#160;Faure, M.&#160;F&#233;gn&#233;, M.&#160;Garot, Mme&#160;Godard, M.&#160;Gokel, Mme&#160;Got, M.&#160;Emmanuel&#160;Gr&#233;goire, M.&#160;Guedj, M.&#160;Hablot, Mme&#160;Hadizadeh, Mme&#160;Herouin-L&#233;autey, Mme&#160;C&#233;line&#160;Hervieu, M.&#160;Hollande, Mme&#160;Jourdan, Mme&#160;Karamanli, Mme&#160;Keloua&#160;Hachi, M.&#160;Leseul, M.&#160;Lhardit, Mme&#160;Mercier, M.&#160;Naillet, Mme&#160;Pantel, M.&#160;Pena, Mme&#160;Pic, Mme&#160;Pir&#232;s&#160;Beaune, M.&#160;Potier, M.&#160;Pribetich, M.&#160;Proen&#231;a, Mme&#160;Rossi, Mme&#160;Rouaux, M.&#160;Aur&#233;lien&#160;Rousseau, M.&#160;Roussel, Mme&#160;Runel, Mme&#160;R&#233;calde, M.&#160;Saint-Pasteur, Mme&#160;Santiago, M.&#160;Saulignac, M.&#160;Simion, M.&#160;Sother, Mme&#160;Thi&#233;bault-Martinez, Mme&#160;Thomin, M.&#160;Vallaud, M.&#160;Vicot, M.&#160;William et les membres du groupe Socialistes et apparent&#233;s","Au 1 du III bis de l’article 1599 quater B du code général des impôts, le mot : « cinq » est remplacé par le mot : « trois ».","Cet amendement des députés Socialistes et apparentés propose réduire de cinq à trois ans la période d’exonération de l’imposition appliquée aux répartiteurs principaux de la boucle de cuivre, aux points de mutualisation des réseaux électroniques en fibre optique et aux nœuds de raccordement optique des réseaux de communications électroniques en fibre optique avec terminaison en câble coaxial. Les recettes ainsi dégagées par cette réduction d’exonération permettront d’abonder l’enveloppe dédiée à l’action 3 « Inclusion numérique » du programme 343 « France Très Haut Débit » afin de pérenniser les 4000 postes de conseillers numériques France Services. Les conseillers numériques France Services jouent un rôle clé dans la lutte contre l’illectronisme et pour l’inclusion numérique, en facilitant et accompagnant l’utilisation des outils digitaux par toutes et tous. La dématérialisation des procédures administratives complique l'accès aux droits pour les personnes éloignées du numérique, conc",2578,2024-10-19,,souverainete_numerique,/home/user/Operation_robespierre/Amendements/DLR5L17N50198/PRJLANR5L17B0324/AMANR5L17PO838901B0324P1D1N003010.json,Oberti,Jacques,Socialistes et apparentés,SOC,Haute-Garonne
amendement,AMANR5L17PO838901B0324P2D1N002145,II-2145,17,AN,PRJLANR5L17B0324,PA642695,PO845407,PA721984,M.&#160;Bothorel et M.&#160;Latombe,,"Le présent amendement vise à allouer 1 million d’euros supplémentaires au GIP ACYMA à travers une augmentation des moyens alloués au SGDSN, tant en autorisations d’engagement qu’en crédits de paiement, ce qui correspond à l’action n°2 « Coordination de la sécurité et de la défense » du programme 129 « Coordination du travail gouvernemental » de la mission « Direction de l’action du Gouvernement ». Le Groupement d’Intérêt Public Action contre la Cybermalveillance (GIP ACYMA) a été créé par l’Anssi et le ministère de l’Intérieur en 2017 avec pour objectifs de sensibiliser, prévenir et assister les victimes d’actes de cybermalveillance que sont les particuliers, entreprises et collectivités territoriales. Son action est éminemment complémentaire de celle de l’Anssi, qui accompagne les grands opérateurs d’importance vitale et les opérateurs régulés. Cybermalveillance.gouv.fr a accueilli en 2023 3,7 millions de visiteurs sur son site et déjà plus de 4,3 millions entre le 1er janvier et le 3",3171,2024-11-06,,souverainete_numerique,/home/user/Operation_robespierre/Amendements/DLR5L17N50198/PRJLANR5L17B0324/AMANR5L17PO838901B0324P2D1N002145.json,Bothorel,Éric,Ensemble pour la République,EPR,Côtes-d'armor
amendement,AMANR5L17PO59048B0324P1D1N000332,I-CF332,17,CION_FIN,PRJLANR5L17B0324,PA795430,PO845419,PA841381|PA606573|PA840765|PA793624|PA643143|PA606793|PA794094|PA841463|PA841107|PA608172,"M.&#160;Delautrette,  Mme&#160;Pantel, Mme&#160;Dombre&#160;Coste, M.&#160;Lhardit, M.&#160;Philippe&#160;Brun, M.&#160;Baptiste, M.&#160;Baumel, M.&#160;Bouloux, Mme&#160;Mercier, M.&#160;Oberti, Mme&#160;Pir&#232;s&#160;Beaune et les membres du groupe Socialistes et apparent&#233;s",Supprimer cet article.,"Le présent amendement des députés Socialistes et apparentés vise à supprimer cet article qui prévoit la réduction du taux du FCTVA et l’exclusion des dépenses d’entretien des bâtiments publics, de la voirie, des réseaux payés et des prestations de solutions relevant de l’informatique en nuage. Les collectivités territoriales représentent plus de 58 % de l’investissement public en France avec 54 milliards d’euros de dépenses d’équipement en 2022 comme le rappelle l’IGF dans un rapport de septembre 2024. Pour la seule transition écologique ce même rapport estime à 21 milliards d’euros par an les besoins jusqu’en 2030. Il est donc essentiel d’accompagner financièrement les collectivités territoriales pour soutenir l’investissement public dans les transitions écologique mais aussi démographique ou face aux enjeux d’accessibilité. En réduisant les dotations d’investissement et le FCTVA et en faisant contribuer les collectivités locales à l’effacement des errements de la gestion des gouverne",1406,2024-10-11,,cloud,/home/user/Operation_robespierre/Amendements/DLR5L17N50198/PRJLANR5L17B0324/AMANR5L17PO59048B0324P1D1N000332.json,Delautrette,Stéphane,Socialistes et apparentés,SOC,Haute-Vienne
amendement,AMANR5L17PO59048B0324P2D1N001498,II-CF1498,17,CION_FIN,PRJLANR5L17B0324,PA841107,PO845419,PA840665|PA642764|PA643143|PA840829|PA342415|PA606793|PA842211|PA841315|PA794094|PA793624|PA795762|PA608264|PA840903|PA841295|PA1008|PA793394|PA795430|PA841919|PA606573|PA841633|PA794854|PA842195|PA609332|PA841665|PA333285|PA840939|PA841539|PA331973|PA840171|PA1567|PA841471|PA842263|PA841813|PA841853|PA1654|PA643192|PA335054|PA795156|PA774958|PA840765|PA841463|PA643157|PA841381|PA840793|PA794270|PA608172|PA607553|PA840955|PA841367|PA840673|PA342196|PA826635|PA841327|PA841717|PA341981|PA841243|PA774960|PA340343|PA841091|PA841681|PA841893|PA793816|PA719930|PA794494|PA720992,"M.&#160;Oberti, rapporteur,  Mme&#160;Allemand, M.&#160;Aviragnet, M.&#160;Baptiste, M.&#160;Barusseau, Mme&#160;Battistel, M.&#160;Baumel, Mme&#160;Bellay, M.&#160;Benbrahim, M.&#160;Bouloux, M.&#160;Philippe&#160;Brun, M.&#160;Califer, Mme&#160;Capdevielle, M.&#160;Christophle, M.&#160;Courbon, M.&#160;David, M.&#160;Delaporte, M.&#160;Delautrette, Mme&#160;Diop, Mme&#160;Dombre&#160;Coste, M.&#160;Dufau, M.&#160;Echaniz, M.&#160;Eskenazi, M.&#160;Faure, M.&#160;F&#233;gn&#233;, M.&#160;Garot, Mme&#160;Godard, M.&#160;Gokel, Mme&#160;Got, M.&#160;Emmanuel&#160;Gr&#233;goire, M.&#160;Guedj, M.&#160;Hablot, Mme&#160;Hadizadeh, Mme&#160;Herouin-L&#233;autey, Mme&#160;C&#233;line&#160;Hervieu, M.&#160;Hollande, Mme&#160;Jourdan, Mme&#160;Karamanli, Mme&#160;Keloua&#160;Hachi, M.&#160;Leseul, M.&#160;Lhardit, Mme&#160;Mercier, M.&#160;Naillet, Mme&#160;Pantel, M.&#160;Pena, Mme&#160;Pic, Mme&#160;Pir&#232;s&#160;Beaune, M.&#160;Potier, M.&#160;Pribetich, M.&#160;Proen&#231;a, Mme&#160;Rossi, Mme&#160;Rouaux, M.&#160;Aur&#233;lien&#160;Rousseau, M.&#160;Roussel, Mme&#160;Runel, Mme&#160;R&#233;calde, M.&#160;Saint-Pasteur, Mme&#160;Santiago, M.&#160;Saulignac, M.&#160;Simion, M.&#160;Sother, Mme&#160;Thi&#233;bault-Martinez, Mme&#160;Thomin, M.&#160;Vallaud, M.&#160;Vicot, M.&#160;William et les membres du groupe Socialistes et apparent&#233;s",,"Par cet amendement, les députés du groupe Socialistes et apparentés proposent une augmentation des crédits affectés pour pérenniser les 4000 postes de conseillers numériques France Services. Les conseillers numériques France Services jouent un rôle clé dans la lutte contre l’illectronisme et pour l’inclusion numérique, en facilitant et accompagnant l’utilisation des outils digitaux par toutes et tous. La dématérialisation des procédures administratives complique l’accès aux droits pour les personnes éloignées du numérique représentant 30 % des Français aujourd’hui. Cet éloignement contribue à creuser les inégalités et la fracture numérique, constituant un obstacle de taille dans des démarches pourtant essentielles (accès aux aides, aux services publics, à des emplois dans le domaine du numérique concernant près de huit créations d’emploi sur dix, etc.). Le programme Société Numérique de l’ANCT permet, via les conseillers numériques, d’accompagner des millions de personnes pour permettr",1951,2024-10-24,,souverainete_numerique,/home/user/Operation_robespierre/Amendements/DLR5L17N50198/PRJLANR5L17B0324/AMANR5L17PO59048B0324P2D1N001498.json,Oberti,Jacques,Socialistes et apparentés,SOC,Haute-Garonne
amendement,AMANR5L17PO838901B0324P2D1N002150,II-2150,17,AN,PRJLANR5L17B0324,PA642695,PO845407,PA721984,M.&#160;Bothorel et M.&#160;Latombe,,"Le présent amendement vise à allouer 20 millions d’euros supplémentaires à l’Agence nationale de la sécurité des systèmes d’information (Anssi) à travers une augmentation des moyens alloués au SGDSN, tant en autorisations d’engagement qu’en crédits de paiement, ce qui correspond à l’action n°2 « Coordination de la sécurité et de la défense » du programme 129 « Coordination du travail gouvernemental » de la mission « Direction de l’action du Gouvernement ». La menace cyber est protéiforme et poursuit sa croissance : en 2023, 280 000 demandes d’assistance ont été enregistrées par Cybermalveillance, tandis que l’Anssi a traité plus de 3 700 incidents de sécurité. Face à ces menaces qui gâchent le quotidien de nos concitoyens et s’attaquent à la sûreté de l’Etat, un passage à l’échelle et un accroissement de notre résilience collective sont nécessaires en matière de cybersécurité. C’est précisément le rôle de l’Anssi. Les moyens alloués à notre résilience cyber sont en hausse depuis plusie",2669,2024-11-06,,souverainete_numerique,/home/user/Operation_robespierre/Amendements/DLR5L17N50198/PRJLANR5L17B0324/AMANR5L17PO838901B0324P2D1N002150.json,Bothorel,Éric,Ensemble pour la République,EPR,Côtes-d'armor
amendement,AMANR5L17PO838901B0324P2D1N003992,II-3992,17,AN,PRJLANR5L17B0324,PA642695,PO845407,PA721984,M.&#160;Bothorel et M.&#160;Latombe,,"Le présent amendement vise à allouer 20 millions d’euros supplémentaires à l’Agence nationale de la sécurité des systèmes d’information (Anssi) à travers une augmentation des moyens alloués au SGDSN, tant en autorisations d’engagement qu’en crédits de paiement, ce qui correspond à l’action n°2 « Coordination de la sécurité et de la défense » du programme 129 « Coordination du travail gouvernemental » de la mission « Direction de l’action du Gouvernement ». La menace cyber est protéiforme et poursuit sa croissance : en 2023, l’ANSSI a ainsi traité 1 112 incidents de cybersécurité contre 832 en 2022. Face à la menace, un passage à l’échelle et un accroissement de notre résilience collective sont nécessaires en matière de cybersécurité. C’est précisément le rôle de l’Anssi, qui a su nous protéger efficacement pendant la période des JOP2024. Aussi, une augmentation de 40 ETP par an jusqu’en 2027 est inscrite dans la trajectoire triennale de l’Anssi, pour maintenir ses capacités opérationne",3423,2024-11-12,,souverainete_numerique|ia_calcul,/home/user/Operation_robespierre/Amendements/DLR5L17N50198/PRJLANR5L17B0324/AMANR5L17PO838901B0324P2D1N003992.json,Bothorel,Éric,Ensemble pour la République,EPR,Côtes-d'armor
amendement,AMANR5L17PO59048B0324P1D1N001459,I-CF1459,17,CION_FIN,PRJLANR5L17B0324,PA841955,PO845401,PA793432|PA841495|PA796118|PA794562|PA842279|PA793238|PA793374|PA793158|PA794434|PA841645|PA842001|PA720822|PA720668|PA794886|PA796042|PA793844|PA841487|PA841131|PA793182|PA793134|PA840075|PA720468|PA794198|PA840159|PA793548|PA795644|PA841613|PA642988|PA840119|PA793166|PA793928|PA794762|PA793146|PA840135|PA842073|PA841761|PA794718|PA841621|PA793246|PA840143|PA840801|PA794678|PA841139|PA793892|PA841737|PA796034|PA793832|PA793102|PA841605|PA793362|PA794418|PA793592|PA840757|PA841451|PA794734|PA793218|PA795900|PA793632|PA842085|PA794598|PA841439|PA794030|PA841749|PA841075|PA840869|PA794354|PA795912|PA841837|PA720614|PA796026|PA840857|PA793290|PA793608|PA841873|PA840967|PA793672|PA793904|PA721932|PA795974|PA794590|PA841587|PA841563|PA794530|PA840837|PA841825|PA794770|PA793314|PA793330|PA793616|PA719436|PA793852|PA840915|PA793696|PA793354|PA795786|PA794322|PA795552|PA794670|PA841199|PA794582|PA793656|PA795966|PA793230|PA793254|PA841981|PA842227|PA794442|PA795410|PA842097|PA794894|PA794570|PA794954|PA841777|PA796050|PA842255|PA793382|PA795778|PA794502|PA841553|PA793298|PA840781|PA794946|PA841575|PA841479,"M.&#160;Renault,  M.&#160;Allisio, M.&#160;Amblard, Mme&#160;Auzanot, M.&#160;Ballard, Mme&#160;Bamana, M.&#160;Barth&#232;s, M.&#160;Baubry, M.&#160;Beaurain, M.&#160;Bentz, M.&#160;Bernhardt, M.&#160;Bigot, M.&#160;Bilde, M.&#160;Blairy, Mme&#160;Blanc, M.&#160;Boccaletti, Mme&#160;Bordes, M.&#160;Boulogne, Mme&#160;Bouquin, M.&#160;Bovet, M.&#160;Buisson, M.&#160;Casterman, M.&#160;Chenu, M.&#160;Chudeau, M.&#160;Clavet, Mme&#160;Colombier, Mme&#160;Da&#160;Conceicao&#160;Carvalho, M.&#160;de&#160;Fleurian, M.&#160;de&#160;L&#233;pinau, Mme&#160;Delannoy, M.&#160;Dessigny, Mme&#160;Diaz, Mme&#160;Dogor-Such, M.&#160;Dragon, M.&#160;Dufosset, M.&#160;Dussausaye, M.&#160;Dutremble, Mme&#160;Engrand, M.&#160;Evrard, M.&#160;Falcon, M.&#160;Florquin, M.&#160;Fouquart, M.&#160;Frapp&#233;, M.&#160;Gabarron, Mme&#160;Galzy, M.&#160;Gery, M.&#160;Giletti, M.&#160;Gillet, M.&#160;Christian&#160;Girard, M.&#160;Golliot, M.&#160;Gonzalez, Mme&#160;Florence&#160;Goulet, Mme&#160;Grangier, Mme&#160;Griseti, M.&#160;Guibert, M.&#160;Guiniot, M.&#160;Guitton, Mme&#160;Hamelet, M.&#160;Houssin, M.&#160;Humbert, M.&#160;Jacobelli, M.&#160;Jenft, M.&#160;Jolly, Mme&#160;Joncour, Mme&#160;Josserand, Mme&#160;Joubert, Mme&#160;Laporte, Mme&#160;Lavalette, M.&#160;Le&#160;Bourgeois, Mme&#160;Le&#160;Pen, Mme&#160;Lechanteux, Mme&#160;Lechon, Mme&#160;Lelouis, Mme&#160;Levavasseur, M.&#160;Limongi, M.&#160;Lioret, Mme&#160;Loir, M.&#160;Lopez-Liguori, Mme&#160;Lorho, M.&#160;Lottiaux, M.&#160;Loubet, M.&#160;David&#160;Magnier, Mme&#160;Marais-Beuil, M.&#160;Marchio, M.&#160;Markowsky, M.&#160;Patrice&#160;Martin, Mme&#160;Martinez, Mme&#160;Alexandra&#160;Masson, M.&#160;Bryan&#160;Masson, M.&#160;Mauvieux, M.&#160;Meizonnet, M.&#160;Meurin, M.&#160;Monnier, M.&#160;Muller, Mme&#160;M&#233;lin, Mme&#160;M&#233;nach&#233;, M.&#160;M&#233;nag&#233;, M.&#160;Odoul, Mme&#160;Parmentier, M.&#160;Perez, M.&#160;Pfeffer, Mme&#160;Pollet, M.&#160;Rambaud, Mme&#160;Ranc, M.&#160;Rancoule, Mme&#160;Rimbert, M.&#160;Rivi&#232;re, Mme&#160;Robert-Dehault, Mme&#160;Roullaud, Mme&#160;Roy, Mme&#160;Sabatini, M.&#160;Sabatou, M.&#160;Salmon, M.&#160;Sanvert, M.&#160;Schreck, Mme&#160;Sicard, M.&#160;Tach&#233;&#160;de&#160;la&#160;Pagerie, M.&#160;Jean-Philippe&#160;Tanguy, M.&#160;Taverne, M.&#160;Tesson, M.&#160;Tivoli, M.&#160;Tonussi, M.&#160;Villedieu, M.&#160;Vos et M.&#160;Weber","À la fin de l’alinéa 7, substituer aux mots : « 1 milliard » les mots : « 750 millions ».","Comme le rappelle le Gouvernement, les rachats d’action permettant aux grandes entreprises de distribuer des milliards à leurs actionnaires sont en constante augmentation ces dernières années en France : ils sont passés de 23,7 Md€ en 2022 à 30,1 Md€ en 2023. Pourtant, l’assise du prélèvement qu’il souhaite apparaît trop étroite alors que le Gouvernement fait valoir un objectif de rendement. Par conséquent, le présent amendement vise à élargir l’assiette de la taxe en y assujétissant les entreprises ayant réalisé un chiffre d’affaires supérieur non plus à 1 Md€ mais à 750 M€ – borne retenue par exemple pour la taxe dite « GAFAM » – afin de mieux prendre en compte leur capacité contributive tout en augmentant le rendement de la taxe.",832,2024-10-13,,souverainete_numerique,/home/user/Operation_robespierre/Amendements/DLR5L17N50198/PRJLANR5L17B0324/AMANR5L17PO59048B0324P1D1N001459.json,Renault,Matthias,Rassemblement National,RN,Somme
amendement,AMANR5L17PO59046B0324P2D1N000102,II-DN102,17,CION_DEF,PRJLANR5L17B0324,PA796042,PO845401,PA796034|PA793548|PA840135|PA793892|PA794418|PA794598|PA841553|PA841439|PA840857|PA793290|PA841873|PA794770|PA840915|PA841981|PA840781,"M.&#160;Boccaletti,  M.&#160;Giletti, Mme&#160;Colombier, M.&#160;Dufosset, Mme&#160;Galzy, Mme&#160;Florence&#160;Goulet, M.&#160;Jacobelli, M.&#160;Tesson, M.&#160;Jenft, Mme&#160;Lechon, Mme&#160;Lelouis, M.&#160;Limongi, Mme&#160;Martinez, M.&#160;Monnier, Mme&#160;Rimbert et M.&#160;Tonussi",,"Cet amendement vise à soutenir et pérenniser nos compétences en matière de cartographie. Ils étaient moins d’une dizaine déployés pour l’occasion mais sans les géographes militaires du 28e groupe géographique de l’armée de Terre, il aurait été bien difficile pour les milliers de militaires chargés de protéger les Jeux olympiques et paralympiques. Focalisé en surface, le travail du 28e GG pourrait s’étendre au sous-sol dans le futur. Si ce domaine est plutôt dans les mains des forces de sécurité intérieure durant les JOP, celles-ci bénéficient de certains moyens militaires. La problématique est récente mais est toutefois bien prise en compte par les armées aujourd'hui, veille technologique et expérimentations à la clef. L’armée de Terre étudie ainsi l’emport d’un système LiDar sur le sac à dos d’un combattant, solution légère lui permettant de cartographier l’environnement en 3D tout en lui laissant les mains libres. À l’heure du SICS et de Google Maps, l’impression de cartes de manière",1951,2024-10-26,,cloud,/home/user/Operation_robespierre/Amendements/DLR5L17N50198/PRJLANR5L17B0324/AMANR5L17PO59046B0324P2D1N000102.json,Boccaletti,Frédéric,Rassemblement National,RN,Var
amendement,AMANR5L17PO838901B0324P2D1N001092,II-1092,17,AN,PRJLANR5L17B0324,PA841251,PO845413,PA795228|PA793262|PA794906|PA794138|PA795588|PA795084|PA842105|PA841657|PA720430|PA793772|PA795616|PA793444|PA794938|PA795318|PA841023|PA796090|PA793912|PA842187|PA842037|PA791812|PA793736|PA721202|PA795136|PA793464|PA842155|PA795200|PA795844|PA794786|PA794870|PA796070|PA795310|PA794478|PA841947|PA794082|PA794130|PA720846|PA841729|PA795516|PA841515|PA795672|PA795108|PA795298|PA791824|PA842029|PA793532|PA795746|PA342384|PA795422|PA794686|PA841215|PA795482|PA610654|PA841191|PA721960|PA793872|PA720892|PA817211|PA793756|PA796062|PA719578|PA721062|PA841845|PA795982|PA795466|PA793744|PA720952|PA794106|PA794166|PA795164|PA795596,"Mme&#160;Feld,  Mme&#160;Abomangoli, M.&#160;Alexandre, M.&#160;Amard, Mme&#160;Amiot, Mme&#160;Amrani, M.&#160;Arenas, M.&#160;Arnault, Mme&#160;Belouassa-Cherifi, M.&#160;Bernalicis, M.&#160;Bex, M.&#160;Bilongo, M.&#160;Bompard, M.&#160;Boumertit, M.&#160;Boyard, M.&#160;Cadalen, M.&#160;Caron, M.&#160;Carri&#232;re, Mme&#160;Cathala, M.&#160;Cernon, Mme&#160;Chikirou, M.&#160;Clouet, M.&#160;Coquerel, M.&#160;Coulomme, M.&#160;Delogu, M.&#160;Diouara, Mme&#160;Dufour, Mme&#160;Erodi, M.&#160;Fernandes, Mme&#160;Ferrer, M.&#160;Gaillard, Mme&#160;Guett&#233;, M.&#160;Guiraud, Mme&#160;Hamdane, Mme&#160;Hignet, M.&#160;Kerbrat, M.&#160;Lachaud, M.&#160;Lahmar, M.&#160;Laisney, M.&#160;Le&#160;Coq, M.&#160;Le&#160;Gall, Mme&#160;Leboucher, M.&#160;Legavre, Mme&#160;Legrain, Mme&#160;Lejeune, Mme&#160;Lepvraud, M.&#160;L&#233;aument, Mme&#160;&#201;lisa&#160;Martin, M.&#160;Maudet, Mme&#160;Maximi, Mme&#160;Mesmeur, Mme&#160;Manon&#160;Meunier, M.&#160;Nilor, Mme&#160;Nosb&#233;, Mme&#160;Obono, Mme&#160;Oziol, Mme&#160;Panot, M.&#160;Pilato, M.&#160;Piquemal, M.&#160;Portes, M.&#160;Prud&apos;homme, M.&#160;Ratenon, M.&#160;Saint-Martin, M.&#160;Saintoul, Mme&#160;Soudais, Mme&#160;Stambach-Terrenoir, M.&#160;Tach&#233;, Mme&#160;Taurinya, M.&#160;Tavel, Mme&#160;Trouv&#233; et M.&#160;Vannier",,"Cet amendement du groupe LFI-NFP prévoit de maintenir en poste les 550 emplois que le gouvernement prévoit de supprimer. Il s'agit de s'assurer que les moyens humains de la DGFiP, notamment ceux destinés au contrôle fiscal, ne soient pas une nouvelle fois sacrifiés. Le maintien, le recrutement et la formation d’agents est essentiel afin de créer service d'expertise dédié à l'étude des schémas de fraude et d'optimisation agressive au sein de la DGFiP qui alimentent les paramètres des outils de « data mining », plutôt que d’en être tributaires. L'intelligence artificielle utilisée de manière croissante par la DGFiP pour repérer les situations de fraude est un outil intéressant mais encore largement imparfait, son développement ne doit donc surtout pas être synonyme d'une baisse des effectifs humains responsables de la lutte contre la fraude et l'évasion fiscales. Les outils d’IA de prédiction de fraude qui se fondent sur des détections d’anomalies nécessitent un volume de données d’entra",3545,2024-11-04,,ia_calcul,/home/user/Operation_robespierre/Amendements/DLR5L17N50198/PRJLANR5L17B0324/AMANR5L17PO838901B0324P2D1N001092.json,Feld,Mathilde,La France insoumise - Nouveau Front Populaire,LFI-NFP,Gironde
amendement,AMANR5L17PO838901B0324P2D1N002151,II-2151,17,AN,PRJLANR5L17B0324,PA642695,PO845407,PA721984,M.&#160;Bothorel et M.&#160;Latombe,,"Le présent amendement vise à allouer 2 millions d’euros supplémentaires au GIP ACYMA à travers une augmentation des moyens alloués au SGDSN, tant en autorisations d’engagement qu’en crédits de paiement, ce qui correspond à l’action n°2 « Coordination de la sécurité et de la défense » du programme 129 « Coordination du travail gouvernemental » de la mission « Direction de l’action du Gouvernement ». Le Groupement d’Intérêt Public Action contre la Cybermalveillance (GIP ACYMA) a été créé par l’Anssi et le ministère de l’Intérieur en 2017 avec pour objectifs de sensibiliser, prévenir et assister les victimes d’actes de cybermalveillance que sont les particuliers, entreprises et collectivités territoriales. Son action est éminemment complémentaire de celle de l’Anssi, qui accompagne les grands opérateurs d’importance vitale et les opérateurs régulés. Cybermalveillance.gouv.fr a accueilli en 2023 3,7 millions de visiteurs sur son site et déjà plus de 4,3 millions entre le 1er janvier et le ",3173,2024-11-06,,souverainete_numerique,/home/user/Operation_robespierre/Amendements/DLR5L17N50198/PRJLANR5L17B0324/AMANR5L17PO838901B0324P2D1N002151.json,Bothorel,Éric,Ensemble pour la République,EPR,Côtes-d'armor
amendement,AMANR5L17PO838901B0324P1D1N001032,I-1032,17,AN,PRJLANR5L17B0324,PA793342,PO845425,PA841047,Mme&#160;Alexandra&#160;Martin et M.&#160;Ceccoli,Supprimer cet article.,"Le présent amendement vise à supprimer, le recentrage du Fonds de Compensation de la Taxe sur la Valeur Ajoutée (FCTVA) sur le seul soutien à l’investissement. À cette fin, il maintient l’intégration des dépenses d’entretien des bâtiments publics, de la voirie, des réseaux payés et des prestations de solutions relevant de l’informatique en nuage pour revenir au régime commun historique du fonds. En outre, il vise à supprimer l’abaissement du taux du FCTVA à 14,850 % (contre 16,404 % en 2024) pour les attributions. Les mesures de restrictions à un an des élections municipales ont peu de chance d’être réalisables dès 2025 : les collectivités terminent en effet leurs programmes d’investissements. Une baisse du FCTVA en PLF 2025, par exemple, ne s’appliquera qu’aux dépenses réalisées à compter du 1er janvier 2025, soit une faible économie en 2025 (environ 20% du total du FCTVA sont versés l’année de la réalisation de la dépense, 55% sont versés l’année suivante, et 25% en N+2). Pour les co",2083,2024-10-17,,cloud,/home/user/Operation_robespierre/Amendements/DLR5L17N50198/PRJLANR5L17B0324/AMANR5L17PO838901B0324P1D1N001032.json,Martin,Alexandra,Droite Républicaine,DR,Alpes-Maritimes
amendement,AMANR5L17PO838901B0324P2D1N000933,II-933,17,AN,PRJLANR5L17B0324,PA608826,PO845425,,Mme&#160;Duby-Muller,,"Le présent amendement a pour objet le maintien du Fonds de Développement de l’Inclusion (FDI) pour un montant total de 40 000 000 euros. Le FDI est destiné à soutenir et développer les Structures d’insertion par l’activité économique (SIAE) : Ateliers Chantier d’Insertion (ACI), Associations Intermédiaires (AI), Entreprises d’Insertion (EI), Entreprises de Travail Temporaire d’Insertion (ETTI), Entreprises d’insertion par le Travail Indépendant (EITI). A ce titre, il peut être mobilisé pour différents types d’actions : aide au démarrage d’une structure nouvelle ; aide au développement, à l’adaptation et à la diversification des activités ; aide à l’appui - conseil ; aide à la professionnalisation ; évaluation / expérimentation ; aide exceptionnelle à la consolidation financière. Or, aucune dotation n’est prévue au titre du FDI 2025. Pourtant, ce fonds est indispensable au soutien des SIAE, tant en période de croissance qu’en période de consolidation. Il convient de l’adapter aux enjeux",1931,2024-11-01,,ia_calcul,/home/user/Operation_robespierre/Amendements/DLR5L17N50198/PRJLANR5L17B0324/AMANR5L17PO838901B0324P2D1N000933.json,Duby-Muller,Virginie,Droite Républicaine,DR,Haute-Savoie
amendement,AMANR5L17PO59048B0324P2D1N001208,II-CF1208,17,CION_FIN,PRJLANR5L17B0324,PA841251,PO845413,PA795228|PA793262|PA794906|PA794138|PA795588|PA795084|PA842105|PA841657|PA720430|PA793772|PA795616|PA793444|PA794938|PA795318|PA841023|PA796090|PA793912|PA842187|PA842037|PA791812|PA793736|PA721202|PA795136|PA793464|PA842155|PA795200|PA795844|PA794786|PA794870|PA796070|PA795310|PA794478|PA841947|PA794082|PA794130|PA720846|PA841729|PA795516|PA841515|PA795672|PA795108|PA795298|PA791824|PA842029|PA793532|PA795746|PA342384|PA795422|PA794686|PA841215|PA795482|PA610654|PA841191|PA721960|PA793872|PA720892|PA817211|PA793756|PA796062|PA719578|PA721062|PA841845|PA795982|PA795466|PA793744|PA720952|PA794106|PA794166|PA795164|PA795596,"Mme&#160;Feld, rapporteure,  Mme&#160;Abomangoli, M.&#160;Alexandre, M.&#160;Amard, Mme&#160;Amiot, Mme&#160;Amrani, M.&#160;Arenas, M.&#160;Arnault, Mme&#160;Belouassa-Cherifi, M.&#160;Bernalicis, M.&#160;Bex, M.&#160;Bilongo, M.&#160;Bompard, M.&#160;Boumertit, M.&#160;Boyard, M.&#160;Cadalen, M.&#160;Caron, M.&#160;Carri&#232;re, Mme&#160;Cathala, M.&#160;Cernon, Mme&#160;Chikirou, M.&#160;Clouet, M.&#160;Coquerel, M.&#160;Coulomme, M.&#160;Delogu, M.&#160;Diouara, Mme&#160;Dufour, Mme&#160;Erodi, M.&#160;Fernandes, Mme&#160;Ferrer, M.&#160;Gaillard, Mme&#160;Guett&#233;, M.&#160;Guiraud, Mme&#160;Hamdane, Mme&#160;Hignet, M.&#160;Kerbrat, M.&#160;Lachaud, M.&#160;Lahmar, M.&#160;Laisney, M.&#160;Le&#160;Coq, M.&#160;Le&#160;Gall, Mme&#160;Leboucher, M.&#160;Legavre, Mme&#160;Legrain, Mme&#160;Lejeune, Mme&#160;Lepvraud, M.&#160;L&#233;aument, Mme&#160;&#201;lisa&#160;Martin, M.&#160;Maudet, Mme&#160;Maximi, Mme&#160;Mesmeur, Mme&#160;Manon&#160;Meunier, M.&#160;Nilor, Mme&#160;Nosb&#233;, Mme&#160;Obono, Mme&#160;Oziol, Mme&#160;Panot, M.&#160;Pilato, M.&#160;Piquemal, M.&#160;Portes, M.&#160;Prud&apos;homme, M.&#160;Ratenon, M.&#160;Saint-Martin, M.&#160;Saintoul, Mme&#160;Soudais, Mme&#160;Stambach-Terrenoir, M.&#160;Tach&#233;, Mme&#160;Taurinya, M.&#160;Tavel, Mme&#160;Trouv&#233; et M.&#160;Vannier","Après l’alinéa 899, insérer l’alinéa suivant : « Coût de collecte des recettes issues de la fraude fiscale »","Par cet amendement, le groupe LFI-NFP souhaite voir émerger une quantification du coût de la lutte contre la fraude fiscale, au regard de ce qu'elle rapporte. Aujourd'hui l'objectif ""Améliorer l'efficacité de la lutte contre la fraude fiscale"" relatif au programme 156 est fourni d'indicateurs et de sous-indicateur en tout genre. Pour n'en citer que quelques-uns : - Part des contrôles des particuliers ciblés par des IA de data-mining - Nombre de services facturier dans le secteur local et hospitalier - Pourcentage des textes réglementaires publiés dans le délai de 6 mois après l'entrée en vigueur du texte auquel ils se rattachent Cette multiplication des indicateurs nuit à la bonne lisibilité de l'efficacité de la lutte contre la fraude fiscale. Pire, ils font parfois une fin d'un moyen, comme c'est le cas pour l'IA et le data-mining, qui n'interroge en aucun cas son efficacité et ses biais internes. Nous entendons donc introduire ce qui devrait être la métrique de performance fondament",2071,2024-10-24,,ia_calcul,/home/user/Operation_robespierre/Amendements/DLR5L17N50198/PRJLANR5L17B0324/AMANR5L17PO59048B0324P2D1N001208.json,Feld,Mathilde,La France insoumise - Nouveau Front Populaire,LFI-NFP,Gironde
amendement,AMANR5L17PO838901B0324P1D1N000187,I-187,17,AN,PRJLANR5L17B0324,PA794658,PO845407,,M.&#160;Fait,"I. – Au premier alinéa du k du II de l’article 244 quater B du code général des impôts, l’année : « 2024 » est remplacée par l’année : « 2027 ». II. – La perte de recettes pour l’État est compensée, à due concurrence, par la création d’une taxe additionnelle à l’accise sur les tabacs prévue au chapitre IV du titre I er du livre III du code des impositions sur les biens et services. III. – Le I n’est applicable qu’aux sommes venant en déduction de l’impôt dû.","L'article 244 quater B du code général des impôts prévoit un crédit d'impôt pour les petites et moyennes entreprises (PME) industrielles et commerciales ou agricoles qui réalisent certaines dépenses d'innovation. Ce crédit d'impôt, dit crédit d’impôt innovation (CII), est subordonné au respect du règlement (UE) n° 651/2014 de la Commission du 17 juin 2014 déclarant certaines catégories d'aides compatibles avec le marché intérieur en application des articles 107 et 108 du traité (Règlement général d’exemption par catégorie). Chaque année, près de 8 000 entreprises ont recours au CII pour développer leurs activités. Ce dispositif, qui est réservé au TPE et PME innovantes, complète le crédit d’impôt recherche (CIR) sur la période entre la phase de recherche et développement (R&amp;D), et la phase de pré-commercialisation, en permettant aux entreprises concernées de financer une partie des opérations de prototypage réalisées en vue de la commercialisation d’un produit nouveau sur le marché",2317,2024-10-15,,ia_calcul,/home/user/Operation_robespierre/Amendements/DLR5L17N50198/PRJLANR5L17B0324/AMANR5L17PO838901B0324P1D1N000187.json,Fait,Philippe,Horizons & Indépendants,HOR,Pas-de-Calais
amendement,AMANR5L17PO838901B0324P2D1N000607,II-607,17,AN,PRJLANR5L17B0324,PA643175,PO840056,PA642695|PA722150|PA719922|PA822617|PA1592|PA841017|PA720362|PA795330,"Mme&#160;Dupont,  M.&#160;Bothorel, M.&#160;Houli&#233;, M.&#160;Causse, Mme&#160;Froger, M.&#160;Habib, M.&#160;Huwart, M.&#160;Belhaddad et Mme&#160;Caroit",,"Le financement des cinq catégories de structures d’insertion par l’activité économique (SIAE), que sont les ateliers et chantiers d’insertion (ACI), les associations intermédiaires (AI), les entreprises d’insertion (EI), les entreprises d’insertion par le travail indépendant (EITI) et les entreprises de travail temporaire d’insertion (ETTI) repose sur une aide au poste dont une part est modulée en fonction des résultats de la structure. Selon le réseau Coorace et la fédération des entreprises d’insertion, l’analyse de l’évolution des budgets alloués aux aides au postes des structures d’insertion par l’activité économique témoigne d’une hausse de 1,28% entre 2024 et 2025 (1443,6 M pour 2024 et 1462,1 pour 2025). Aussi, pour assurer une hausse correspondant à l'inflation, soit +1,8%, et ainsi aligner l’évolution des aides au postes avec la prévision d'inflation adossée à ce PLF, il convient d’augmenter le budget alloué aux aides au postes de 7 500 000 euros. Cet amendement propose donc d",1774,2024-10-30,,ia_calcul,/home/user/Operation_robespierre/Amendements/DLR5L17N50198/PRJLANR5L17B0324/AMANR5L17PO838901B0324P2D1N000607.json,Dupont,Stella,Non inscrit,NI,Maine-et-Loire
amendement,AMANR5L17PO838901B0324P1D1N003051,I-3051,17,AN,PRJLANR5L17B0324,PA841207,PO847173,PA840685|PA840701,"M.&#160;Alloncle,  M.&#160;Tr&#233;buchet et M.&#160;Chaix","I. – Au premier alinéa du k du II de l’article 244 quater B du code général des impôts, l’année : « 2024 » est remplacée par l’année : « 2027 ». II. – La perte de recettes pour l’État est compensée, à due concurrence, par la création d’une taxe additionnelle à l’accise sur les tabacs prévue au chapitre IV du titre I er du livre III du code des impositions sur les biens et services. III. – Le I n’est applicable qu’aux sommes venant en déduction de l’impôt dû.","Cet amendement a pour visée de rétablir le Crédit d’Impôt Innovation, qui prendra fin au 31 décembre 2024 s’il n’est pas prorogé. Le CII, réservé aux PME, prend la forme d’un crédit d’impôt sur les sociétés de 30 % du montant des dépenses engagées jusqu’à 400K€. Il vise les opérations de conception d'un prototype ou d'installation pilote d'un nouveau produit réalisés en aval de la phase de R&amp;D. Le produit doit se distinguer par ses performances et sa nouveauté sur le marché. Chaque année, près de 8 000 entreprises ont recours au CII pour développer leurs activités. Ce dispositif, qui est réservé au TPE et PME innovantes, complète le crédit d’impôt recherche (CIR) sur la période entre la phase de recherche et développement (R&amp;D), et la phase de pré-commercialisation, en permettant aux entreprises concernées de financer une partie des opérations de prototypage réalisées en vue de la commercialisation d’un produit nouveau sur le marché. Il favorise en outre les investissements dan",2213,2024-10-19,,ia_calcul,/home/user/Operation_robespierre/Amendements/DLR5L17N50198/PRJLANR5L17B0324/AMANR5L17PO838901B0324P1D1N003051.json,Alloncle,Charles,Union des droites pour la République,UDDPLR,Hérault
amendement,AMANR5L17PO838901B0324P2D1N003429,II-3429,17,AN,PRJLANR5L17B0324,PA794138,PO845413,PA795228|PA793262|PA794906|PA795588|PA795084|PA842105|PA841657|PA720430|PA793772|PA795616|PA793444|PA794938|PA795318|PA841023|PA796090|PA793912|PA842187|PA842037|PA791812|PA793736|PA721202|PA795136|PA793464|PA842155|PA795200|PA795844|PA841251|PA794786|PA794870|PA796070|PA795310|PA794478|PA841947|PA794082|PA794130|PA720846|PA841729|PA795516|PA841515|PA795672|PA795108|PA795298|PA791824|PA842029|PA793532|PA795746|PA342384|PA795422|PA794686|PA841215|PA795482|PA610654|PA841191|PA721960|PA793872|PA720892|PA817211|PA793756|PA796062|PA719578|PA721062|PA841845|PA795982|PA795466|PA793744|PA720952|PA794106|PA794166|PA795164|PA795596,"Mme&#160;Amiot,  Mme&#160;Abomangoli, M.&#160;Alexandre, M.&#160;Amard, Mme&#160;Amrani, M.&#160;Arenas, M.&#160;Arnault, Mme&#160;Belouassa-Cherifi, M.&#160;Bernalicis, M.&#160;Bex, M.&#160;Bilongo, M.&#160;Bompard, M.&#160;Boumertit, M.&#160;Boyard, M.&#160;Cadalen, M.&#160;Caron, M.&#160;Carri&#232;re, Mme&#160;Cathala, M.&#160;Cernon, Mme&#160;Chikirou, M.&#160;Clouet, M.&#160;Coquerel, M.&#160;Coulomme, M.&#160;Delogu, M.&#160;Diouara, Mme&#160;Dufour, Mme&#160;Erodi, Mme&#160;Feld, M.&#160;Fernandes, Mme&#160;Ferrer, M.&#160;Gaillard, Mme&#160;Guett&#233;, M.&#160;Guiraud, Mme&#160;Hamdane, Mme&#160;Hignet, M.&#160;Kerbrat, M.&#160;Lachaud, M.&#160;Lahmar, M.&#160;Laisney, M.&#160;Le&#160;Coq, M.&#160;Le&#160;Gall, Mme&#160;Leboucher, M.&#160;Legavre, Mme&#160;Legrain, Mme&#160;Lejeune, Mme&#160;Lepvraud, M.&#160;L&#233;aument, Mme&#160;&#201;lisa&#160;Martin, M.&#160;Maudet, Mme&#160;Maximi, Mme&#160;Mesmeur, Mme&#160;Manon&#160;Meunier, M.&#160;Nilor, Mme&#160;Nosb&#233;, Mme&#160;Obono, Mme&#160;Oziol, Mme&#160;Panot, M.&#160;Pilato, M.&#160;Piquemal, M.&#160;Portes, M.&#160;Prud&apos;homme, M.&#160;Ratenon, M.&#160;Saint-Martin, M.&#160;Saintoul, Mme&#160;Soudais, Mme&#160;Stambach-Terrenoir, M.&#160;Tach&#233;, Mme&#160;Taurinya, M.&#160;Tavel, Mme&#160;Trouv&#233; et M.&#160;Vannier",,"Par cet amendement, le groupe LFI-NFP propose de soutenir l'Anact par une dotation supplémentaire permettant la capitalisation des connaissances dans ses propres effectifs. Les moyens dédiés à l'amélioration des conditions de travail subissent de fortes baisses. La dotation du Fonds pour l'amélioration des conditions de travail (FACT) est en baisse de 800 000 euros (2,4 millions) soit, une fois l'inflation de 2,5% sur l'année 2024 prise en compte, une baisse de 27,5%. L'Agence nationale pour l'amélioration des conditions de travail (Anact), chargée du pilotage du FACT, n'est guère mieux traitée. Le financement allant à l'opérateur est de 13,89 millions d'euros, ce qui correspond à une baisse de 4,709 millions d'euros. La baisse de son financement, inflation comprise, est donc de 27,66%. La volonté de la droite de saboter l'opérateur se comprend à l'évocation de ses missions : celle-ci vise l’amélioration de la qualité des relations sociales, managériales et professionnelles, le suivi d",4637,2024-11-08,,ia_calcul,/home/user/Operation_robespierre/Amendements/DLR5L17N50198/PRJLANR5L17B0324/AMANR5L17PO838901B0324P2D1N003429.json,Amiot,Ségolène,La France insoumise - Nouveau Front Populaire,LFI-NFP,Loire-Atlantique
amendement,AMANR5L17PO838901B0324P1D1N001803,I-1803,17,AN,PRJLANR5L17B0324,PA721984,PO845454,,M.&#160;Latombe,"Le chapitre III du titre V du livre IV du code des impositions sur les biens et services est complété par une section VI ainsi rédigée : « Section 6: contribution sur l’utilisation des réseaux de communication par les fournisseurs de contenus internet « Art. L. 453‑84 . – Dès lors qu’elles font appel à un ou plusieurs intermédiaires pour acheminer leur contenu jusqu’aux utilisateurs finaux, les personnes désignées contrôleurs d’accès par la Commission européenne en application de l’article 3 du ","Depuis plusieurs décennies, les pouvoirs publics et les fournisseurs d’accès à Internet investissent des sommes très importantes, de l’ordre de plusieurs centaines de milliards d’euros cumulés, pour développer et entretenir un réseau internet de qualité, qu’il soit fixe ou mobile. Le coût de ce réseau est donc assuré par les contribuables et les consommateurs à travers leurs impôts et leurs forfaits Internet. En revanche, les fournisseurs de contenu et d’application ne participent presque pas aux investissements et aux coûts d’entretien, alors que leur activité est totalement dépendante de l’existence et de la qualité de l’infrastructure. Dénoncé depuis longtemps, ce comportement de « passager clandestin » devient d’autant plus intolérable qu’un tout petit nombre de fournisseurs de contenu et d’application, généralement des multinationales américaines parfois proches de situation oligopolistique, occupent à elles seules l’essentiel de la bande passante mise gratuitement à disposition p",4069,2024-10-18,,souverainete_numerique,/home/user/Operation_robespierre/Amendements/DLR5L17N50198/PRJLANR5L17B0324/AMANR5L17PO838901B0324P1D1N001803.json,Latombe,Philippe,Les Démocrates,DEM,Vendée
amendement,AMANR5L17PO59048B0324P2D1N001074,II-CF1074,17,CION_FIN,PRJLANR5L17B0324,PA793444,PO845413,PA795228|PA793262|PA794906|PA794138|PA795588|PA795084|PA842105|PA841657|PA720430|PA793772|PA795616|PA794938|PA795318|PA841023|PA796090|PA793912|PA842187|PA842037|PA791812|PA793736|PA721202|PA795136|PA793464|PA842155|PA795200|PA795844|PA841251|PA794786|PA794870|PA796070|PA795310|PA794478|PA841947|PA794082|PA794130|PA720846|PA841729|PA795516|PA841515|PA795672|PA795108|PA795298|PA791824|PA842029|PA793532|PA795746|PA342384|PA795422|PA794686|PA841215|PA795482|PA610654|PA841191|PA721960|PA793872|PA720892|PA817211|PA793756|PA796062|PA719578|PA721062|PA841845|PA795982|PA795466|PA793744|PA720952|PA794106|PA794166|PA795164|PA795596,"M.&#160;Bompard,  Mme&#160;Abomangoli, M.&#160;Alexandre, M.&#160;Amard, Mme&#160;Amiot, Mme&#160;Amrani, M.&#160;Arenas, M.&#160;Arnault, Mme&#160;Belouassa-Cherifi, M.&#160;Bernalicis, M.&#160;Bex, M.&#160;Bilongo, M.&#160;Boumertit, M.&#160;Boyard, M.&#160;Cadalen, M.&#160;Caron, M.&#160;Carri&#232;re, Mme&#160;Cathala, M.&#160;Cernon, Mme&#160;Chikirou, M.&#160;Clouet, M.&#160;Coquerel, M.&#160;Coulomme, M.&#160;Delogu, M.&#160;Diouara, Mme&#160;Dufour, Mme&#160;Erodi, Mme&#160;Feld, M.&#160;Fernandes, Mme&#160;Ferrer, M.&#160;Gaillard, Mme&#160;Guett&#233;, M.&#160;Guiraud, Mme&#160;Hamdane, Mme&#160;Hignet, M.&#160;Kerbrat, M.&#160;Lachaud, M.&#160;Lahmar, M.&#160;Laisney, M.&#160;Le&#160;Coq, M.&#160;Le&#160;Gall, Mme&#160;Leboucher, M.&#160;Legavre, Mme&#160;Legrain, Mme&#160;Lejeune, Mme&#160;Lepvraud, M.&#160;L&#233;aument, Mme&#160;&#201;lisa&#160;Martin, M.&#160;Maudet, Mme&#160;Maximi, Mme&#160;Mesmeur, Mme&#160;Manon&#160;Meunier, M.&#160;Nilor, Mme&#160;Nosb&#233;, Mme&#160;Obono, Mme&#160;Oziol, Mme&#160;Panot, M.&#160;Pilato, M.&#160;Piquemal, M.&#160;Portes, M.&#160;Prud&apos;homme, M.&#160;Ratenon, M.&#160;Saint-Martin, M.&#160;Saintoul, Mme&#160;Soudais, Mme&#160;Stambach-Terrenoir, M.&#160;Tach&#233;, Mme&#160;Taurinya, M.&#160;Tavel, Mme&#160;Trouv&#233; et M.&#160;Vannier",,"Cet amendement du groupe LFI-NFP vise à donner à l'Arcep les moyens d'effectuer ses missions. L'Arcep joue un rôle clé dans la régulation des réseaux internet, mobile et postaux. Ses missions sont régulièrement enrichies, ce qui sera une nouvelle fois le cas en 2025. L'ARCEP va en effet devoir prendre à son compte des compétences concernant la régulation des services d’intermédiation de données et l’interopérabilité des services d’informatique en nuage. Or, le budget de l'Arcep tel que dessiné par ce PLF est largement en deçà des besoins. Sur le papier, il est en quasi stagnation après prise en compte de l'inflation. Dans les faits, en tenant compte des nouvelles missions confiées, ce sont bien des économies qui lui sont demandées. Ces économies de bout de chandelle entravent sa capacité à mener ses missions d’intérêt général. Nous proposons donc par cet amendement d'augmenter de 10 % le budget de l'Arcep pour qu'elle puisse mener dans de bonnes conditions l'ensemble de ses missions. C",1719,2024-10-24,,cloud,/home/user/Operation_robespierre/Amendements/DLR5L17N50198/PRJLANR5L17B0324/AMANR5L17PO59048B0324P2D1N001074.json,Bompard,Manuel,La France insoumise - Nouveau Front Populaire,LFI-NFP,Bouches-du-Rhône
amendement,AMANR5L17PO838901B0324P2D1N002147,II-2147,17,AN,PRJLANR5L17B0324,PA642695,PO845407,PA794810|PA721984,"M.&#160;Bothorel,  Mme&#160;Morel et M.&#160;Latombe",,"Le présent amendement vise à allouer 10M d’euros supplémentaires aux communes et groupements de communes prochainement concernés par la transposition de la directive NIS2, à travers une hausse de la Dotation de soutien à l’investissement des communes et de leurs groupements (DSIL), au sein de l’action 1 « soutien aux projets des communes et groupements de communes » du programme 119 « concours financiers aux collectivités territoriales et à leurs groupements ». Créée en 2016 et codifiée par la LFI 2018 à l’article 2334-42 du code général des collectivités territoriales, la DSIL finance des projets d’investissement portés par les collectivités et structurants au plan local. Les priorités de ce dispositif, fixées par la loi, comprennent le développement du numérique et de la téléphonie mobile. Il y a quelques semaines, le Gouvernement a présenté son projet de loi relatif à la résilience des infrastructures critiques et au renforcement de la cybersécurité, qui vise notamment à transposer ",3838,2024-11-06,,souverainete_numerique,/home/user/Operation_robespierre/Amendements/DLR5L17N50198/PRJLANR5L17B0324/AMANR5L17PO838901B0324P2D1N002147.json,Bothorel,Éric,Ensemble pour la République,EPR,Côtes-d'armor
amendement,AMANR5L17PO838901B0324P2D1N003658,II-3658,17,AN,PRJLANR5L17B0324,PA719756,PO845407,PA722190|PA795950|PA721158|PA642935|PA720362|PA722046|PA719218|PA717161|PA642695|PA606507|PA795046|PA794330|PA719890|PA722000|PA794798|PA721750|PA795330|PA841801|PA842311|PA719922|PA719472|PA795864|PA795908|PA719118|PA607846|PA840713|PA794982|PA722382|PA720154|PA794658|PA722134|PA840235|PA722366|PA722358|PA721296|PA721764|PA841709|PA267200|PA643184|PA719798|PA721004|PA841693|PA720022|PA719412|PA719404|PA345722|PA719388|PA720342|PA721852|PA795386|PA721134|PA841601|PA720446|PA717379|PA795730|PA794206|PA719080|PA720146|PA677483|PA719338|PA720370|PA795176|PA795664|PA817203|PA795962|PA842147|PA795722|PA719632|PA721916|PA842323|PA335758|PA721426|PA720066|PA722252|PA795528|PA795888|PA793270|PA794802|PA757225|PA842137|PA720190|PA794486|PA719550|PA721584|PA795920|PA607395|PA722102|PA719512|PA721170|PA2960,"Mme&#160;Le&#160;Nabour,  M.&#160;Attal, M.&#160;Amiel, M.&#160;Anglade, M.&#160;Becht, M.&#160;Belhaddad, Mme&#160;Berg&#233;, M.&#160;Berville, Mme&#160;Borne, M.&#160;Bothorel, M.&#160;Boudi&#233;, Mme&#160;Yadan, M.&#160;Brosse, Mme&#160;Brulebois, M.&#160;Buchou, Mme&#160;Buffet, Mme&#160;Calvez, Mme&#160;Caroit, Mme&#160;Carteron, M.&#160;Caure, M.&#160;Causse, M.&#160;Jean-Ren&#233;&#160;Cazeneuve, M.&#160;Pierre&#160;Cazeneuve, M.&#160;Chenevard, M.&#160;Cormier-Bouligeon, M.&#160;Darmanin, Mme&#160;Delorme&#160;Duret, Mme&#160;Delpech, M.&#160;Dirx, Mme&#160;Dubr&#233;-Chirat, M.&#160;Fait, M.&#160;Fi&#233;vet, M.&#160;Fr&#233;bault, M.&#160;Fugit, M.&#160;Gassilloud, M.&#160;Gouffier&#160;Valente, Mme&#160;Olivia&#160;Gr&#233;goire, Mme&#160;Hoffman, M.&#160;Huyghe, Mme&#160;Klinkert, M.&#160;Labaronne, Mme&#160;Lakrafi, M.&#160;Laussucq, M.&#160;Lauzzana, Mme&#160;Le&#160;Feur, M.&#160;Le&#160;Gac, Mme&#160;Le&#160;Grip, Mme&#160;Le&#160;Meur, Mme&#160;Le&#160;Peih, Mme&#160;Lebec, M.&#160;Lef&#232;vre, M.&#160;Lescure, Mme&#160;Levasseur, Mme&#160;Liso, M.&#160;Maillard, M.&#160;Marchive, M.&#160;Marion, Mme&#160;Marsaud, M.&#160;Mass&#233;glia, M.&#160;Mazars, Mme&#160;Melchior, M.&#160;Mendes, M.&#160;Metzdorf, M.&#160;Midy, Mme&#160;Miller, Mme&#160;Missoffe, M.&#160;Mongardien, M.&#160;Olive, Mme&#160;Panonacle, Mme&#160;Pouzyreff, M.&#160;Provendier, M.&#160;Riester, Mme&#160;Riotton, Mme&#160;Rist, Mme&#160;Rixain, M.&#160;Rodwell, Mme&#160;Rousselot, M.&#160;Rousset, M.&#160;Sitzenstuhl, M.&#160;Seo, M.&#160;S&#233;journ&#233;, M.&#160;Sorre, Mme&#160;Spillebout, Mme&#160;Liliana&#160;Tanguy, M.&#160;Terlier, Mme&#160;Thevenot, M.&#160;Travert, Mme&#160;Vidal, Mme&#160;Vignon, M.&#160;Vojetta et M.&#160;Woerth",,"L’expérimentation « Territoires zéro chômeur de longue durée » (TZCLD), mise en place en 2016, vise à résorber le chômage de longue durée en créant des emplois au sein d’entreprises à but d’emploi (EBE). Ces entreprises, implantées dans des territoires sélectionnés, offrent aux personnes éloignées de l’emploi une opportunité de réinsertion professionnelle tout en répondant à des besoins non couverts par le marché classique. Si cette initiative a porté ses fruits dans certaines zones, les résultats de l’expérimentation demeurent contrastés et inégaux à l’échelle nationale. Le rapport d’étape d’octobre 2024 fait état de ces disparités : dans certains territoires, le TZCLD a permis de réduire le chômage de longue durée de façon significative, renforçant ainsi le lien social et économique. Cependant, dans d’autres, les effets positifs sont plus modérés, voire absents, en raison d’un manque de coordination, de la faible adéquation entre les besoins du territoire et les missions des EBE, ou ",5356,2024-11-09,,ia_calcul,/home/user/Operation_robespierre/Amendements/DLR5L17N50198/PRJLANR5L17B0324/AMANR5L17PO838901B0324P2D1N003658.json,Le Nabour,Christine,Ensemble pour la République,EPR,Ille-et-Vilaine
amendement,AMANR5L17PO59047B0324P2D1N000066,II-AE66,17,CION_AFETR,PRJLANR5L17B0324,PA331973,PO845419,PA1008|PA841919|PA609332|PA841539|PA841471|PA1654|PA840955,"Mme&#160;Got,  M.&#160;David, Mme&#160;Diop, M.&#160;Faure, M.&#160;Gokel, M.&#160;Hablot, M.&#160;Hollande, M.&#160;Pribetich et les membres du groupe Socialistes et apparent&#233;s",,"Le présent amendement des députés Socialistes et apparentés vise à ne pas pénaliser le soutien à l’internationalisation de notre économie en réhaussant les crédits alloués à Business France à leur niveau du PLF 2024 soit un effort supplémentaire de 10 millions d’euros. Face aux offensives constantes de la Chine, notamment sur les véhicules électriques et l’Inflation Reduction Act des États-Unis, la France est confrontée avec le reste de l’Europe à une concurrence internationale accrue dans un contexte où la hausse des prix de l’énergie et la désorganisation de certaines chaînes de production à l’échelle mondiale imposent des mesures fortes pour soutenir nos entreprises. Qu’il s’agisse de leur modernisation (digitalisation, IA, robotisation) ou de la recherche de nouveaux marchés ou investissements, la « Team France Export » doit pouvoir bénéficier de moyens adaptés à ces enjeux. A cet égard, la réduction de 10 millions d’euros de la subvention octroyée à Business France apparaît à cont",1634,2024-10-25,,ia_calcul,/home/user/Operation_robespierre/Amendements/DLR5L17N50198/PRJLANR5L17B0324/AMANR5L17PO59047B0324P2D1N000066.json,Got,Pascale,Socialistes et apparentés,SOC,Gironde
amendement,AMANR5L17PO59048B0324P2D1N000092,II-CF92,17,CION_FIN,PRJLANR5L17B0324,PA736201,PO845439,PA793780|PA795454|PA841223|PA610002|PA796018|PA610968|PA588884|PA841701|PA795362|PA840997|PA841885|PA841507|PA794008|PA721210|PA793452|PA841351|PA793980|PA795010|PA841419|PA842013|PA840947|PA794022|PA794146|PA795636|PA842045|PA793708|PA793664|PA794154|PA794778|PA795076|PA722142|PA795808|PA841713|PA793948|PA2940,"Mme&#160;Taill&#233;-Polian,  Mme&#160;Arrighi, M.&#160;Ben&#160;Cheikh, M.&#160;Lahais, Mme&#160;Sas, Mme&#160;Simonnet, M.&#160;Amirshahi, Mme&#160;Autain, Mme&#160;Balage&#160;El&#160;Mariky, Mme&#160;Belluco, M.&#160;Biteau, M.&#160;Arnaud&#160;Bonnet, M.&#160;Nicolas&#160;Bonnet, Mme&#160;Chatelain, M.&#160;Corbi&#232;re, M.&#160;Davi, M.&#160;Duplessy, M.&#160;Fournier, Mme&#160;Garin, M.&#160;Damien&#160;Girard, M.&#160;Gustave, Mme&#160;Catherine&#160;Hervieu, M.&#160;Iordanoff, Mme&#160;Laernoes, M.&#160;Lucas-Lundy, Mme&#160;Ozenne, M.&#160;Peytavie, Mme&#160;Pochon, M.&#160;Raux, Mme&#160;Regol, Mme&#160;Sandrine&#160;Rousseau, M.&#160;Ruffin, Mme&#160;Sebaihi, M.&#160;Tavernier, M.&#160;Thierry et Mme&#160;Voynet",,"Cet amendement vise à investir 100 millions d’€ supplémentaires dans l’action 2 Aides à la presse du programme 180 – Presse et médias. Pour respecter les règles de recevabilité financière imposées par l’article 40 de la Constitution, l’amendement prélève en CP et AE 100 millions d'€ l'action 01 – Livre et lecture du programme 334 Livre et industries culturelles. Le groupe Écologiste appelle le gouvernement à gager cet amendement par l’instauration d’une taxe sur la publicité numérique pour éviter d'en faire reposer le coût sur le programme Livre et industries culturelles qui connaît lui-même une coupe budgétaire d'1,3 millions d'€. Cet amendement va de paire avec un amendement déposé dans la 1ère partie du PLF qui vise à rétablir une taxe de 1% sur le chiffre d’affaires de la publicité numérique afin de financer une refonte des aides à la presse. Les aides à la presse font l’objet d’une coupe de 2 millions d’€ au PLF25, malgré un contexte de crise économique aiguë dans les médias. L’an",2604,2024-10-17,,souverainete_numerique,/home/user/Operation_robespierre/Amendements/DLR5L17N50198/PRJLANR5L17B0324/AMANR5L17PO59048B0324P2D1N000092.json,Taillé-Polian,Sophie,Écologiste et Social,ECOS,Val-de-Marne
amendement,AMANR5L17PO838901B0324P1D1N001227,I-1227,17,AN,PRJLANR5L17B0324,PA840979,PO845425,PA722390|PA642847|PA793094|PA793508|PA267794,"M.&#160;Le&#160;Fur,  Mme&#160;Corneloup, M.&#160;Bazin, M.&#160;Ray, M.&#160;Brigand et Mme&#160;Tabarot","À la fin du 2° de l’article L. 453‑70 du code des impositions sur les biens et services, le taux : « 3 % » est remplacé par le taux : « 5 % ».","En l’état, le bilan des finances publiques est des plus préoccupants : le déficit public est sur le point d’atteindre les 6 % du produit intérieur brut pendant que la dette s’élève à 3 200 milliards d’euros. Sans attendre, la France doit réagir afin de réduire son déficit public au même titre que sa dette. Néanmoins, l’effort supplémentaire ne doit pas incomber à ceux qui travaillent et ont travaillé toute leur vie pour contribuer à leur échelle au bon maintien de la santé économique du pays. Dans ces conditions, l’hypothèse d’une meilleure taxation des plus puissantes entreprises de l’économie numérique méritent d’être mise à l’ordre du jour. A elles seules, les GAFAM, qui sont moins imposées que les entreprises traditionnelles, pèsent plus que toutes les entreprises françaises côtées au CAC 40 et pèsent. Cet amendement source de recettes pour l’État vise donc à relever le taux de la taxe sur les services numériques, dite taxe GAFAM, de 3 à 5 %. Compte tenu d’une prévision de rendemen",1365,2024-10-17,,souverainete_numerique,/home/user/Operation_robespierre/Amendements/DLR5L17N50198/PRJLANR5L17B0324/AMANR5L17PO838901B0324P1D1N001227.json,Le Fur,Corentin,Droite Républicaine,DR,Côtes-d'armor
amendement,AMANR5L17PO838901B0324P1D1N003436,I-3436,17,AN,PRJLANR5L17B0324,PA841419,PO845439,PA610968|PA793780|PA588884|PA841701|PA795362|PA795454|PA840997|PA841885|PA841507|PA794008|PA721210|PA793452|PA841351|PA793980|PA795010|PA842013|PA840947|PA794022|PA794146|PA841223|PA795636|PA842045|PA793708|PA793664|PA794778|PA795076|PA722142|PA610002|PA795808|PA796018|PA736201|PA841713|PA793948|PA2940|PA794154,"M.&#160;Damien&#160;Girard,  M.&#160;Amirshahi, Mme&#160;Arrighi, Mme&#160;Autain, Mme&#160;Balage&#160;El&#160;Mariky, Mme&#160;Belluco, M.&#160;Ben&#160;Cheikh, M.&#160;Biteau, M.&#160;Arnaud&#160;Bonnet, M.&#160;Nicolas&#160;Bonnet, Mme&#160;Chatelain, M.&#160;Corbi&#232;re, M.&#160;Davi, M.&#160;Duplessy, M.&#160;Fournier, Mme&#160;Garin, M.&#160;Gustave, Mme&#160;Catherine&#160;Hervieu, M.&#160;Iordanoff, Mme&#160;Laernoes, M.&#160;Lahais, M.&#160;Lucas-Lundy, Mme&#160;Ozenne, M.&#160;Peytavie, Mme&#160;Pochon, Mme&#160;Regol, Mme&#160;Sandrine&#160;Rousseau, M.&#160;Ruffin, Mme&#160;Sas, Mme&#160;Sebaihi, Mme&#160;Simonnet, Mme&#160;Taill&#233;-Polian, M.&#160;Tavernier, M.&#160;Thierry, Mme&#160;Voynet et M.&#160;Raux","Après l’article L. 213‑10‑12 du code de l’environnement, il est inséré un article L. 213‑10‑12 bis ainsi rédigé : « Art. L213‑10‑12 bis . – I. – Une redevance pour la protection des milieux marins et des ressources halieutiques est instituée et due par les personnes pratiquant la pêche récréative embarquée en mer. Elle est collectée à titre gratuit par les organismes accrédités par l’autorité administrative compétente, incluant notamment les associations de pêcheurs, les points de vente partenai","Le code de l’environnement fixe une redevance pour la pêche récréative en eau douce, pour la protection du milieu aquatique. La pêche récréative embarquée en mer impacte les écosystèmes marins : elle peut perturber les habitats marins comme les fonds marins, les récifs coralliens, les herbiers marins. Elle peut contribuer à la diminution des populations de certaines espèces, notamment dans les zones à forte densité de pêche, et entraîner des captures involontaires d’espèces protégées. Le présent amendement vise à établir une taxe de la pêche récréative embarquée en mer permettant de garantir une contribution des pêcheurs récréatifs à la gestion et à la préservation des ressources marines, en appliquant le principe pollueur-payeur et en responsabilisant les acteurs. Il permet également de rétablir une équité entre les pêcheurs professionnels et les pêcheurs récréatifs dans la répartition des coûts associés à la gestion des ressources marines. Cette contribution permettra de financer des",3656,2024-10-19,,cloud,/home/user/Operation_robespierre/Amendements/DLR5L17N50198/PRJLANR5L17B0324/AMANR5L17PO838901B0324P1D1N003436.json,Girard,Damien,Écologiste et Social,ECOS,Morbihan
amendement,AMANR5L17PO838901B0324P1D1N002223,I-2223,17,AN,PRJLANR5L17B0324,PA793904,PO845401,,M.&#160;Lopez-Liguori,"Le I de l’article 302 bis KH du code général des impôts est complété par un alinéa ainsi rédigé : « La taxe est aussi due par les services de très grandes plateformes en ligne, au sens du i de l’article 3 du règlement (UE) 2022/2065 du Parlement européen et du Conseil du 19 octobre 2022 relatif à un marché unique des services numériques et modifiant la directive 2000/31/CE (règlement sur les services numériques) »","La taxe sur les services fournis par les opérateurs de communications électroniques (ou taxe sur le chiffre d’affaires des opérateurs de communications électroniques – TCA‑OCE ) a été instaurée en 2009, afin de financer France Télévisions après la suppression de la publicité sur les chaînes de télévision publiques à partir de 20h ; elle porte sur le montant des abonnements et autres sommes acquittés par les usagers en rémunération des services de communications électroniques qu'ils fournissent. Elle est aujourd'hui intégralement reversée au budget de l'Etat. Les opérateurs français soulignent que ce prélèvement touche de façon non négligeable leurs investissements (En 2022, ils avaient versé 3 Md€ depuis 2009), sans raison valable puisque sa finalité initiale a disparu et avec, pour effet secondaire, de renforcer l’asymétrie avec les géants du numérique, qui n’y sont pas assujettis. Ceci en plein période d'investissement pour le déploiement de la 5G et de la fibre. En effet, les entrep",2089,2024-10-18,,souverainete_numerique,/home/user/Operation_robespierre/Amendements/DLR5L17N50198/PRJLANR5L17B0324/AMANR5L17PO838901B0324P1D1N002223.json,Lopez-Liguori,Aurélien,Rassemblement National,RN,Hérault
amendement,AMANR5L17PO838901B0324P2D1N001982,II-1982,17,AN,PRJLANR5L17B0324,PA720668,PO845401,PA796118|PA841645|PA796042|PA841487|PA841131|PA793182|PA793134|PA720468|PA794198|PA795644|PA642988|PA793166|PA793928|PA840135|PA842073|PA841621|PA793892|PA841737|PA796034|PA841605|PA793362|PA794418|PA840757|PA794734|PA793218|PA795900|PA841439|PA794030|PA841749|PA841075|PA841837|PA796026|PA793290|PA793608|PA841873|PA840967|PA841587|PA840837|PA841825|PA794770|PA719436|PA793852|PA840915|PA793354|PA795786|PA794322|PA794670|PA841199|PA794582|PA795974|PA793656|PA795966|PA841981|PA842227|PA842097|PA794894|PA796050|PA841777|PA793382|PA841553|PA840781|PA841575|PA841479,"M.&#160;Blairy,  Mme&#160;Auzanot, M.&#160;Bernhardt, M.&#160;Boccaletti, M.&#160;Boulogne, Mme&#160;Bouquin, M.&#160;Bovet, M.&#160;Buisson, M.&#160;Chenu, M.&#160;Chudeau, Mme&#160;Da&#160;Conceicao&#160;Carvalho, M.&#160;de&#160;L&#233;pinau, M.&#160;Dessigny, Mme&#160;Diaz, M.&#160;Dufosset, M.&#160;Dussausaye, M.&#160;Evrard, Mme&#160;Galzy, M.&#160;Gery, M.&#160;Giletti, M.&#160;Golliot, M.&#160;Gonzalez, Mme&#160;Florence&#160;Goulet, Mme&#160;Griseti, M.&#160;Guiniot, M.&#160;Guitton, Mme&#160;Hamelet, M.&#160;Jenft, M.&#160;Jolly, Mme&#160;Joncour, Mme&#160;Josserand, M.&#160;Le&#160;Bourgeois, Mme&#160;Lechanteux, Mme&#160;Lelouis, Mme&#160;Levavasseur, M.&#160;Limongi, M.&#160;Lioret, M.&#160;David&#160;Magnier, M.&#160;Markowsky, M.&#160;Patrice&#160;Martin, Mme&#160;Martinez, M.&#160;Meizonnet, M.&#160;Meurin, M.&#160;Monnier, Mme&#160;M&#233;lin, Mme&#160;M&#233;nach&#233;, M.&#160;M&#233;nag&#233;, Mme&#160;Parmentier, M.&#160;Perez, M.&#160;Pfeffer, M.&#160;Lottiaux, Mme&#160;Pollet, M.&#160;Rambaud, Mme&#160;Rimbert, M.&#160;Rivi&#232;re, Mme&#160;Roy, Mme&#160;Sabatini, M.&#160;Schreck, M.&#160;Sanvert, M.&#160;Tach&#233;&#160;de&#160;la&#160;Pagerie, M.&#160;Tesson, M.&#160;Tonussi, M.&#160;Vos et M.&#160;Weber",,"Transférer 2 000 000 en AE et en CP : - du programme 217 conduite et pilotage des politiques de l'écologie, du développement et de la mobilités durables, action 25 CNDP - vers le programme 159 Expertise, information géographique et météorologique, action 13 météorologie Après plusieurs années de baisse des budgets de Météo France, il convient de redonner des marges de manœuvre à cet EPA pour lui permettre de continuer à délivrer un service de qualité. La mission d’information de Météo France concourt non seulement à l’information des citoyens et des acteurs économiques (agriculteurs, pêcheurs, transporteurs...) mais également à garantir la sécurité des biens et des personnes. Dans ce métier, l’anticipation et la prévision sont clé, et nécessitent des équipements à la pointe de la technologie. Aujourd’hui, l’établissement doit faire face aux défis du changement climatique, du renouvellement des supercalculateurs et de l’intelligence artificielle. Faute de ",1168,2024-11-06,,ia_calcul,/home/user/Operation_robespierre/Amendements/DLR5L17N50198/PRJLANR5L17B0324/AMANR5L17PO838901B0324P2D1N001982.json,Blairy,Emmanuel,Rassemblement National,RN,Pas-de-Calais
amendement,AMANR5L17PO59048B0324P2D1N002961,II-CF2961,17,CION_FIN,PRJLANR5L17B0324,PA794426,PO845470,PA841553|PA796034|PA796042|PA840781|PA841981|PA793548|PA840135|PA793892|PA794418|PA794598|PA841439|PA840857|PA793290|PA841873|PA840915|PA794770,"Mme&#160;Le&#160;H&#233;nanff, rapporteure pour avis au nom de la commission de la d&#233;fense nationale et des forces arm&#233;es,  M.&#160;Tesson, M.&#160;Giletti, M.&#160;Boccaletti, M.&#160;Tonussi, Mme&#160;Rimbert, Mme&#160;Colombier, M.&#160;Dufosset, Mme&#160;Galzy, Mme&#160;Florence&#160;Goulet, M.&#160;Jacobelli, M.&#160;Jenft, Mme&#160;Lechon, Mme&#160;Lelouis, M.&#160;Limongi, M.&#160;Monnier et Mme&#160;Martinez",,"Cet amendement d'appel vise à alerter sur l’importance stratégique et le retard français concernant la maîtrise de l’ordinateur quantique dans le domaine militaire. La maîtrise de l’ordinateur quantique est aujourd’hui un enjeu stratégique pour la France. Par sa capacité de décupler les capacités de calcul d’un ordinateur classique. Cette technologie de rupture trouve de nombreuses utilisations dans le domaine de la défense, tant dans l'opérationnel que dans le développement de nouvelles technologies. Aujourd’hui, une course à la maîtrise de l’ordinateur quantique est déjà lancée entre les nations. En matière d’opération dans le cyberespace, l’ordinateur quantique pourrait bouleverser les systèmes actuels de cryptographie. Par exemple, des algorithmes de cryptage comme le RSA (Rivest-Shamir-Adleman), aujourd’hui massivement utilisés et jugés inviolables, pourraient être très déchiffrés rapidement. Cela ouvrirait la voie à des cyberattaques dans des secteurs critiques civils, tels que l",3196,2024-10-30,,data_center|ia_calcul,/home/user/Operation_robespierre/Amendements/DLR5L17N50198/PRJLANR5L17B0324/AMANR5L17PO59048B0324P2D1N002961.json,,,,,
amendement,AMANR5L17PO59048B0324P1D1N000052,I-CF52,17,CION_FIN,PRJLANR5L17B0324,PA718838,PO845425,PA841047|PA607090|PA722390|PA718884|PA721816|PA719968|PA840979|PA330909|PA793508|PA793094,"M.&#160;Fabrice&#160;Brun,  M.&#160;Ceccoli, M.&#160;Jean-Pierre&#160;Vigier, Mme&#160;Corneloup, Mme&#160;Bazin-Malgras, M.&#160;Boucard, Mme&#160;Sylvie&#160;Bonnet, M.&#160;Le&#160;Fur, M.&#160;Descoeur, M.&#160;Brigand et M.&#160;Ray","Au 2° de l’article L. 453‑70 du code des impositions sur les biens et services, le taux : « 3 % » est remplacé par le taux : « 4 % ».","Amendement de repli. La situation des finances publiques est très inquiétante. En 2024, le déficit public devrait frôler les 6 % du produit intérieur brut, la dette atteindre 3 200 milliards d’euros, avec des déficits du budget de l’État et du commerce extérieur records. La France doit ainsi impérativement réduire son déficit public et sa dette, sans pour autant augmenter les impôts de ceux qui travaillent et ont travaillé toute leur vie. Dans la recherche d’une plus grande justice fiscale, cet amendement vise à relever le taux de la taxe sur les services numériques, dite taxe GAFAM, de 3 à 4 %.",736,2024-10-11,,souverainete_numerique,/home/user/Operation_robespierre/Amendements/DLR5L17N50198/PRJLANR5L17B0324/AMANR5L17PO59048B0324P1D1N000052.json,Brun,Fabrice,Droite Républicaine,DR,Ardèche
amendement,AMANR5L17PO838901B0324P1D1N003311,I-3311,17,AN,PRJLANR5L17B0324,PA795664,PO845407,PA774958,M.&#160;Midy et M.&#160;Leseul,"I. – Le code général des impôts est ainsi modifié : 1° Le 3° de l’article 44 sexies -0 A est complété par un d ainsi rédigé : « d. Ou elle a réalisé des dépenses de recherche, définies aux a à g du II de l’article 244 quater B et au 1 du A du II de l’article 244 quater B bis , représentant au moins 5 % des charges, à l’exception des pertes de change et des charges nettes sur cessions de valeurs mobilières de placement, fiscalement déductibles au titre de cet exercice et elle répond aux critères ","Depuis 2017, avec Bpifrance, le programme France 2030, la Mission French Tech ou encore l’amélioration du dispositif jeune entreprise innovante (JEI) issue du rapport Midy, le soutien à l’innovation a été massif, ce qui a permis à la France de créer des millions d’emplois et d’être le pays le plus attractif d’Europe. Avec le plan Deep Tech, porté par Bpifrance, ce soutien s’est aussi porté sur l’innovation de rupture, pour renforcer notre souveraineté technologique, la réindustrialisation tout en favorisant le plein emploi et la transition écologique. Pour compléter ces dispositifs, il est proposé de créer une nouvelle catégorie de JEI, les jeunes entreprises innovantes à impact (JEII) qui bénéficieront des mêmes aides que les JEI afin de développer l’innovation sociale et à impact. Cette nouvelle catégorie permettra de soutenir les entreprises à impact du secteur de l’économie sociale et solidaire (ESS). Alors que la situation budgétaire contraint à réduire les moyens de nombreuses st",3171,2024-10-19,,souverainete_numerique,/home/user/Operation_robespierre/Amendements/DLR5L17N50198/PRJLANR5L17B0324/AMANR5L17PO838901B0324P1D1N003311.json,Midy,Paul,Ensemble pour la République,EPR,Essonne
amendement,AMANR5L17PO59048B0324P1D1N000701,I-CF701,17,CION_FIN,PRJLANR5L17B0324,PA840979,PO845425,PA642847|PA330909|PA608826|PA266797|PA718884|PA841047|PA793094,"M.&#160;Le&#160;Fur,  M.&#160;Bazin, M.&#160;Descoeur, Mme&#160;Duby-Muller, M.&#160;Gosselin, Mme&#160;Bazin-Malgras, M.&#160;Ceccoli et M.&#160;Ray","À la fin du dernier aliéna de l’article L. 453‑70 du code des impositions sur les biens et services, le taux : « 3 % » est remplacé par le taux : « 5 % ».","En l’état, le bilan des finances publiques est des plus préoccupants : le déficit public est sur le point d’atteindre les 6 % du produit intérieur brut pendant que la dette s’élève à 3 200 milliards d’euros. Sans attendre, la France doit réagir afin de réduire son déficit public au même titre que sa dette. Néanmoins, l’effort supplémentaire ne doit pas incomber à ceux qui travaillent et ont travaillé toute leur vie pour contribuer à leur échelle au bon maintien de la santé économique du pays. Dans ces conditions, l'hypothèse d'une meilleure taxation des plus puissantes entreprises de l'économie numérique méritent d'être mise à l'ordre du jour. A elles seules, les GAFAM, qui sont moins imposées que les entreprises traditionnelles, pèsent plus que toutes les entreprises françaises côtées au CAC 40 et pèsent. Cet amendement source de recettes pour l’Etat vise donc à relever le taux de la taxe sur les services numériques, dite taxe GAFAM, de 3 à 5 %. Compte tenu d’une prévision de rendemen",1377,2024-10-13,,souverainete_numerique,/home/user/Operation_robespierre/Amendements/DLR5L17N50198/PRJLANR5L17B0324/AMANR5L17PO59048B0324P1D1N000701.json,Le Fur,Corentin,Droite Républicaine,DR,Côtes-d'armor
amendement,AMANR5L17PO838901B0324P2D1N001143,II-1143,17,AN,PRJLANR5L17B0324,PA841251,PO845413,PA795228|PA793262|PA794906|PA794138|PA795588|PA795084|PA842105|PA841657|PA720430|PA793772|PA795616|PA793444|PA794938|PA795318|PA841023|PA796090|PA793912|PA842187|PA842037|PA791812|PA793736|PA721202|PA795136|PA793464|PA842155|PA795200|PA795844|PA794786|PA794870|PA796070|PA795310|PA794478|PA841947|PA794082|PA794130|PA720846|PA841729|PA795516|PA841515|PA795672|PA795108|PA795298|PA791824|PA842029|PA793532|PA795746|PA342384|PA795422|PA794686|PA841215|PA795482|PA610654|PA841191|PA721960|PA793872|PA720892|PA817211|PA793756|PA796062|PA719578|PA721062|PA841845|PA795982|PA795466|PA793744|PA720952|PA794106|PA794166|PA795164|PA795596,"Mme&#160;Feld,  Mme&#160;Abomangoli, M.&#160;Alexandre, M.&#160;Amard, Mme&#160;Amiot, Mme&#160;Amrani, M.&#160;Arenas, M.&#160;Arnault, Mme&#160;Belouassa-Cherifi, M.&#160;Bernalicis, M.&#160;Bex, M.&#160;Bilongo, M.&#160;Bompard, M.&#160;Boumertit, M.&#160;Boyard, M.&#160;Cadalen, M.&#160;Caron, M.&#160;Carri&#232;re, Mme&#160;Cathala, M.&#160;Cernon, Mme&#160;Chikirou, M.&#160;Clouet, M.&#160;Coquerel, M.&#160;Coulomme, M.&#160;Delogu, M.&#160;Diouara, Mme&#160;Dufour, Mme&#160;Erodi, M.&#160;Fernandes, Mme&#160;Ferrer, M.&#160;Gaillard, Mme&#160;Guett&#233;, M.&#160;Guiraud, Mme&#160;Hamdane, Mme&#160;Hignet, M.&#160;Kerbrat, M.&#160;Lachaud, M.&#160;Lahmar, M.&#160;Laisney, M.&#160;Le&#160;Coq, M.&#160;Le&#160;Gall, Mme&#160;Leboucher, M.&#160;Legavre, Mme&#160;Legrain, Mme&#160;Lejeune, Mme&#160;Lepvraud, M.&#160;L&#233;aument, Mme&#160;&#201;lisa&#160;Martin, M.&#160;Maudet, Mme&#160;Maximi, Mme&#160;Mesmeur, Mme&#160;Manon&#160;Meunier, M.&#160;Nilor, Mme&#160;Nosb&#233;, Mme&#160;Obono, Mme&#160;Oziol, Mme&#160;Panot, M.&#160;Pilato, M.&#160;Piquemal, M.&#160;Portes, M.&#160;Prud&apos;homme, M.&#160;Ratenon, M.&#160;Saint-Martin, M.&#160;Saintoul, Mme&#160;Soudais, Mme&#160;Stambach-Terrenoir, M.&#160;Tach&#233;, Mme&#160;Taurinya, M.&#160;Tavel, Mme&#160;Trouv&#233; et M.&#160;Vannier","Après l’alinéa 899, insérer l’alinéa suivant : « Coût de collecte des recettes issues de la fraude fiscale ».","Par cet amendement, le groupe LFI-NFP souhaite voir émerger une quantification du coût de la lutte contre la fraude fiscale, au regard de ce qu'elle rapporte. Aujourd'hui l'objectif ""Améliorer l'efficacité de la lutte contre la fraude fiscale"" relatif au programme 156 est fourni d'indicateurs et de sous-indicateur en tout genre. Pour n'en citer que quelques-uns : - Part des contrôles des particuliers ciblés par des IA de data-mining - Nombre de services facturier dans le secteur local et hospitalier - Pourcentage des textes réglementaires publiés dans le délai de 6 mois après l'entrée en vigueur du texte auquel ils se rattachent Cette multiplication des indicateurs nuit à la bonne lisibilité de l'efficacité de la lutte contre la fraude fiscale. Pire, ils font parfois une fin d'un moyen, comme c'est le cas pour l'IA et le data-mining, qui n'interroge en aucun cas son efficacité et ses biais internes. Nous entendons donc introduire ce qui devrait être la métrique de performance fondament",2070,2024-11-04,,ia_calcul,/home/user/Operation_robespierre/Amendements/DLR5L17N50198/PRJLANR5L17B0324/AMANR5L17PO838901B0324P2D1N001143.json,Feld,Mathilde,La France insoumise - Nouveau Front Populaire,LFI-NFP,Gironde
amendement,AMANR5L17PO59046B0324P2D1N000057,II-DN57,17,CION_DEF,PRJLANR5L17B0324,PA841553,PO845401,PA796034|PA796042|PA840781|PA841981|PA793548|PA840135|PA793892|PA794418|PA794598|PA841439|PA840857|PA793290|PA841873|PA840915|PA794770,"M.&#160;Tesson,  M.&#160;Giletti, M.&#160;Boccaletti, M.&#160;Tonussi, Mme&#160;Rimbert, Mme&#160;Colombier, M.&#160;Dufosset, Mme&#160;Galzy, Mme&#160;Florence&#160;Goulet, M.&#160;Jacobelli, M.&#160;Jenft, Mme&#160;Lechon, Mme&#160;Lelouis, M.&#160;Limongi, M.&#160;Monnier et Mme&#160;Martinez",,"Cet amendement d'appel vise à alerter sur l’importance stratégique et le retard français concernant la maîtrise de l’ordinateur quantique dans le domaine militaire. La maîtrise de l’ordinateur quantique est aujourd’hui un enjeu stratégique pour la France. Par sa capacité de décupler les capacités de calcul d’un ordinateur classique. Cette technologie de rupture trouve de nombreuses utilisations dans le domaine de la défense, tant dans l'opérationnel que dans le développement de nouvelles technologies. Aujourd’hui, une course à la maîtrise de l’ordinateur quantique est déjà lancée entre les nations. En matière d’opération dans le cyberespace, l’ordinateur quantique pourrait bouleverser les systèmes actuels de cryptographie. Par exemple, des algorithmes de cryptage comme le RSA (Rivest-Shamir-Adleman), aujourd’hui massivement utilisés et jugés inviolables, pourraient être très déchiffrés rapidement. Cela ouvrirait la voie à des cyberattaques dans des secteurs critiques civils, tels que l",3196,2024-10-25,,data_center|ia_calcul,/home/user/Operation_robespierre/Amendements/DLR5L17N50198/PRJLANR5L17B0324/AMANR5L17PO59046B0324P2D1N000057.json,Tesson,Thierry,Rassemblement National,RN,Nord
amendement,AMANR5L17PO59048B0324P1D1N000524,I-CF524,17,CION_FIN,PRJLANR5L17B0324,PA608826,PO845425,,Mme&#160;Duby-Muller,"I. – Au premier alinéa du k du II de l’article 244 quater B du code général des impôts, l’année « 2024 » est remplacée par l’année : « 2027 ». II. – La perte de recettes pour l’État est compensée, à due concurrence, par la création d’une taxe additionnelle à l’accise sur les tabacs prévue au chapitre IV du titre Ier du livre III du code des impositions sur les biens et services. III. – Le I n’est applicable qu’aux sommes venant en déduction de l’impôt dû.","L’article 244 quater B du code général des impôts prévoit un crédit d’impôt pour les petites et moyennes entreprises (PME) industrielles et commerciales ou agricoles qui réalisent certaines dépenses d’innovation. Ce crédit d’impôt, dit crédit d’impôt innovation (CII), est subordonné au respect du règlement (UE) n° 651/2014 de la Commission du 17 juin 2014 déclarant certaines catégories d’aides compatibles avec le marché intérieur en application des articles 107 et 108 du traité (Règlement général d’exemption par catégorie). Chaque année, près de 8 000 entreprises ont recours au CII pour développer leurs activités. Ce dispositif, qui est réservé au TPE et PME innovantes, complète le crédit d’impôt recherche (CIR) sur la période entre la phase de recherche et développement (R&amp;D), et la phase de pré-commercialisation, en permettant aux entreprises concernées de financer une partie des opérations de prototypage réalisées en vue de la commercialisa",2349,2024-10-12,,ia_calcul,/home/user/Operation_robespierre/Amendements/DLR5L17N50198/PRJLANR5L17B0324/AMANR5L17PO59048B0324P1D1N000524.json,Duby-Muller,Virginie,Droite Républicaine,DR,Haute-Savoie
amendement,AMANR5L17PO59046B0324P2D1N000024,II-DN24,17,CION_DEF,PRJLANR5L17B0324,PA840135,PO845401,PA840915|PA841553|PA793290|PA793892|PA841981|PA841439|PA841873|PA796042|PA793548|PA794598|PA796034|PA840857|PA794418|PA840781|PA796118|PA841645|PA720822|PA720668|PA841487|PA841131|PA793182|PA793134|PA720468|PA795644|PA642988|PA793166|PA793928|PA793146|PA841621|PA840143|PA840801|PA794678|PA841139|PA841737|PA841605|PA793362|PA840757|PA841451|PA841749|PA840869|PA795912|PA841837|PA796026|PA840967|PA793672|PA795974|PA841563|PA841825|PA794770|PA793314|PA793330|PA793616|PA719436|PA794322|PA793696|PA794582|PA793656|PA795966|PA794442|PA841777|PA796050|PA794502|PA794946|PA841479|PA793432,"M.&#160;Dufosset,  M.&#160;Monnier, M.&#160;Tesson, Mme&#160;Lelouis, Mme&#160;Galzy, Mme&#160;Rimbert, M.&#160;Jenft, M.&#160;Limongi, M.&#160;Boccaletti, Mme&#160;Colombier, M.&#160;Jacobelli, M.&#160;Giletti, Mme&#160;Lechon, Mme&#160;Florence&#160;Goulet, M.&#160;Tonussi, Mme&#160;Auzanot, M.&#160;Bernhardt, M.&#160;Bilde, M.&#160;Blairy, M.&#160;Boulogne, Mme&#160;Bouquin, M.&#160;Bovet, M.&#160;Buisson, M.&#160;Chenu, Mme&#160;Da&#160;Conceicao&#160;Carvalho, M.&#160;de&#160;L&#233;pinau, M.&#160;Dessigny, Mme&#160;Diaz, M.&#160;Dragon, M.&#160;Evrard, M.&#160;Florquin, M.&#160;Fouquart, M.&#160;Frapp&#233;, M.&#160;Gabarron, M.&#160;Gery, M.&#160;Golliot, M.&#160;Gonzalez, Mme&#160;Griseti, M.&#160;Guibert, Mme&#160;Joncour, Mme&#160;Joubert, Mme&#160;Lavalette, M.&#160;Le&#160;Bourgeois, Mme&#160;Lechanteux, M.&#160;Lioret, Mme&#160;Loir, M.&#160;Lottiaux, Mme&#160;Marais-Beuil, M.&#160;Patrice&#160;Martin, Mme&#160;Martinez, Mme&#160;Alexandra&#160;Masson, M.&#160;Bryan&#160;Masson, M.&#160;Mauvieux, M.&#160;Meizonnet, M.&#160;M&#233;nag&#233;, M.&#160;Muller, M.&#160;Pfeffer, Mme&#160;Pollet, M.&#160;Rambaud, Mme&#160;Robert-Dehault, M.&#160;Sanvert, M.&#160;Schreck, M.&#160;Taverne, M.&#160;Villedieu, M.&#160;Weber et M.&#160;Allisio",,"Cet amendement vise à accélérer et amplifier le développement du quantique militaire. Réduire l’incertitude : tel est l’un des objectifs des stratèges et tacticiens militaires. Pour l’atteindre, les technologies quantiques représentent une ressource très prometteuse, notamment parce qu’elles recèlent une puissance de calcul inédite. C’est un avantage-clé dans les domaines de la cryptographie (cyberguerre), de l’ISTAR (renseignement, surveillance, acquisition de cibles et reconnaissance), de la conception des matériels, de l’optimisation des chaînes d’approvisionnement, ainsi que pour l’efficacité des systèmes de frappe et de défense, d’une part, de commandement et de contrôle, d’autre part. La maîtrise de ces technologies est en soi un enjeu stratégique qui mobilise les grandes puissances comme la Chine ou les Etats-Unis : les moyens qu’y consacrent ces dernières croissent chaque année de manière exponentielle (25% par an prévus pour la période 2024-2035). La France est déjà alignée su",1903,2024-10-25,,ia_calcul,/home/user/Operation_robespierre/Amendements/DLR5L17N50198/PRJLANR5L17B0324/AMANR5L17PO59046B0324P2D1N000024.json,Dufosset,Alexandre,Rassemblement National,RN,Nord
amendement,AMANR5L17PO838901B0324P1D1N002959,I-2959,17,AN,PRJLANR5L17B0324,PA841107,PO845419,PA643143|PA606793|PA794094|PA793624|PA840665|PA642764|PA840829|PA342415|PA842211|PA841315|PA795762|PA608264|PA840903|PA841295|PA1008|PA793394|PA795430|PA841919|PA606573|PA841633|PA794854|PA842195|PA609332|PA841665|PA333285|PA840939|PA841539|PA331973|PA840171|PA1567|PA841471|PA842263|PA841813|PA841853|PA1654|PA643192|PA335054|PA795156|PA774958|PA840765|PA841463|PA643157|PA841381|PA840793|PA794270|PA608172|PA607553|PA840955|PA841367|PA840673|PA342196|PA826635|PA841327|PA841717|PA341981|PA841243|PA774960|PA340343|PA841091|PA841681|PA841893|PA793816|PA719930|PA794494|PA720992,"M.&#160;Oberti,  M.&#160;Baptiste, M.&#160;Baumel, M.&#160;Bouloux, M.&#160;Philippe&#160;Brun, Mme&#160;Allemand, M.&#160;Aviragnet, M.&#160;Barusseau, Mme&#160;Battistel, Mme&#160;Bellay, M.&#160;Benbrahim, M.&#160;Califer, Mme&#160;Capdevielle, M.&#160;Christophle, M.&#160;Courbon, M.&#160;David, M.&#160;Delaporte, M.&#160;Delautrette, Mme&#160;Diop, Mme&#160;Dombre&#160;Coste, M.&#160;Dufau, M.&#160;Echaniz, M.&#160;Eskenazi, M.&#160;Faure, M.&#160;F&#233;gn&#233;, M.&#160;Garot, Mme&#160;Godard, M.&#160;Gokel, Mme&#160;Got, M.&#160;Emmanuel&#160;Gr&#233;goire, M.&#160;Guedj, M.&#160;Hablot, Mme&#160;Hadizadeh, Mme&#160;Herouin-L&#233;autey, Mme&#160;C&#233;line&#160;Hervieu, M.&#160;Hollande, Mme&#160;Jourdan, Mme&#160;Karamanli, Mme&#160;Keloua&#160;Hachi, M.&#160;Leseul, M.&#160;Lhardit, Mme&#160;Mercier, M.&#160;Naillet, Mme&#160;Pantel, M.&#160;Pena, Mme&#160;Pic, Mme&#160;Pir&#232;s&#160;Beaune, M.&#160;Potier, M.&#160;Pribetich, M.&#160;Proen&#231;a, Mme&#160;Rossi, Mme&#160;Rouaux, M.&#160;Aur&#233;lien&#160;Rousseau, M.&#160;Roussel, Mme&#160;Runel, Mme&#160;R&#233;calde, M.&#160;Saint-Pasteur, Mme&#160;Santiago, M.&#160;Saulignac, M.&#160;Simion, M.&#160;Sother, Mme&#160;Thi&#233;bault-Martinez, Mme&#160;Thomin, M.&#160;Vallaud, M.&#160;Vicot, M.&#160;William et les membres du groupe Socialistes et apparent&#233;s","I. – Au premier alinéa de l’article 81 de la loi n° 2023‑1322 du 29 décembre 2023 de finances pour 2024, la seconde occurrence du nombre : « 400 » est remplacée par le nombre : « 440 ». II. – Au III de l’article 112 de la loi n° 2010‑1657 du 29 décembre 2010 de finances pour 2011, la seconde occurrence du nombre : « 400 » est remplacée par le nombre : « 440 ».","Cet amendement des députés Socialistes et apparentés propose d’augmenter le plafond de l’imposition appliquée aux répartiteurs principaux de la boucle locale cuivre, aux points de mutualisation des réseaux électroniques en fibre optique et aux nœuds de raccordement optique des réseaux de communications électroniques en fibre optique avec terminaison en câble coaxial. Les recettes ainsi dégagées permettront d’abonder l’enveloppe dédiée à l’action 3 « Inclusion numérique » du programme 343 « France Très Haut Débit » afin de pérenniser les 4000 postes de conseillers numériques France Services. Les conseillers numériques France Services jouent un rôle clé dans la lutte contre l’illectronisme et pour l’inclusion numérique, en facilitant et accompagnant l’utilisation des outils digitaux par toutes et tous. La dématérialisation des procédures administratives complique l'accès aux droits pour les personnes éloignées du numérique, concernant 30% des Français aujourd’hui. Cet éloignement contrib",2712,2024-10-19,,souverainete_numerique,/home/user/Operation_robespierre/Amendements/DLR5L17N50198/PRJLANR5L17B0324/AMANR5L17PO838901B0324P1D1N002959.json,Oberti,Jacques,Socialistes et apparentés,SOC,Haute-Garonne
amendement,AMANR5L17PO59048B0324P2D1N002081,II-CF2081,17,CION_FIN,PRJLANR5L17B0324,PA721844,PO845470,PA719640|PA795278,"Mme&#160;Piron,  Mme&#160;Mette et Mme&#160;Bellamy",,"Cet amendement propose de flécher 2 M€, issus de l'action n°1 ""France Télévisions"" du programme n°372 ""France Télévisions"" vers l'action n°1 ""France Médias Monde"" du programme n°375 ""France Médias Monde"". Les crédits budgétaires alloués à France Médias Monde (FMM) dans le cadre du PLF 2025 accusent une diminution de 6,9 M€ par rapport aux ressources publiques inscrites dans le contrat d'objectifs et de moyens (COM) 2024-2028 pour l'année 2025. Cette réduction de 6,9 M€ se répartit ainsi : - Baisse de la dotation ""socle"" : une diminution de 3,9 M€ par rapport aux prévisions du COM. Cette réduction affecte directement les activités et missions récurrentes de FMM, alors même que l’entreprise - qui dispose d’une forte proportion de coûts fixes (ses médias produisent en interne l’ensemble de leurs contenus en 21 langues, soit près de 200h de programmes par jour) - n’a aucune marge de manœuvre pour absorber cette baisse et doit faire face à de nouvelles charges imprévues dans le COM (à l’ima",3244,2024-10-28,,ia_calcul,/home/user/Operation_robespierre/Amendements/DLR5L17N50198/PRJLANR5L17B0324/AMANR5L17PO59048B0324P2D1N002081.json,Piron,Béatrice,Horizons & Indépendants,HOR,Yvelines
amendement,AMANR5L17PO838901B0324P1D1N003309,I-3309,17,AN,PRJLANR5L17B0324,PA795664,PO845407,PA722046|PA794802|PA795722|PA794486|PA721764,"M.&#160;Midy,  Mme&#160;Berg&#233;, M.&#160;Sitzenstuhl, M.&#160;Olive, Mme&#160;Spillebout et Mme&#160;Olivia&#160;Gr&#233;goire","I. – À la première phrase du 2 du II de l’article 163 bis G du code général des impôts, le taux : « 25 % » est remplacé par le taux : « 15 % ». II. – La perte de recettes pour l’État est compensée à due concurrence par la création d’une taxe additionnelle à l’accise sur les tabacs prévue au chapitre IV du titre I er du livre III du code des impositions sur les biens et services.","Conformément aux recommandations du rapport Midy visant à soutenir l’investissement dans les start-ups et les PME innovantes remis au Gouvernement en juin 2023, cet amendement vise à ouvrir le régime des BSPCE à des entreprises détenues à plus de 75 % par des fonds d’investissement – dans une limite de 85 %. Alors que les entreprises de la French Tech fleurissent, la capacité d’attirer en plus grand nombre les meilleurs talents est un des enjeux majeurs. Il est nécessaire de sécuriser une politique compétitive pour nos talents et ainsi renforcer l’attractivité du système d’intéressement des salariés au capital pour concurrencer à armes égales avec les offres salariales proposées par les entreprises américaine ou asiatique. Ce raisonnement s’applique tant aux entreprises détenues par des personnes physiques que par des fonds. L’objectif de cet amendement technique se rattache donc à notre ambition de souveraineté numérique et de soutien à l’innovation.",1347,2024-10-19,,souverainete_numerique,/home/user/Operation_robespierre/Amendements/DLR5L17N50198/PRJLANR5L17B0324/AMANR5L17PO838901B0324P1D1N003309.json,Midy,Paul,Ensemble pour la République,EPR,Essonne
amendement,AMANR5L17PO59048B0324P1D1N000445,I-CF445,17,CION_FIN,PRJLANR5L17B0324,PA718884,PO845425,PA841047|PA642847|PA607090,"Mme&#160;Bazin-Malgras,  M.&#160;Ceccoli, M.&#160;Bazin et M.&#160;Jean-Pierre&#160;Vigier","I. – Au début du premier alinéa du k du II de l’article 244 quater B du code général des impôts, l’année : « 2024 » est remplacée par l’année : « 2027 ». II. – La perte de recettes pour l’État est compensée à due concurrence par la création d’une taxe additionnelle à l’accise sur les tabacs prévue au chapitre IV du titre I er du livre III du code des impositions sur les biens et services. III. – Le I n’est applicable qu’aux sommes venant en déduction de l’impôt dû.","L'article 244 quater B du code général des impôts prévoit un crédit d'impôt pour les petites et moyennes entreprises (PME) industrielles et commerciales ou agricoles qui réalisent certaines dépenses d'innovation. Ce crédit d'impôt, dit crédit d’impôt innovation (CII), est subordonné au respect du règlement (UE) n° 651/2014 de la Commission du 17 juin 2014 déclarant certaines catégories d'aides compatibles avec le marché intérieur en application des articles 107 et 108 du traité (Règlement général d’exemption par catégorie). Chaque année, près de 8 000 entreprises ont recours au CII pour développer leurs activités. Ce dispositif, qui est réservé au TPE et PME innovantes, complète le crédit d’impôt recherche (CIR) sur la période entre la phase de recherche et développement (R&amp;D), et la phase de pré-commercialisation, en permettant aux entreprises concernées de financer une partie des opérations de prototypage réalisées en vue de la commercialisa",2359,2024-10-12,,ia_calcul,/home/user/Operation_robespierre/Amendements/DLR5L17N50198/PRJLANR5L17B0324/AMANR5L17PO59048B0324P1D1N000445.json,Bazin-Malgras,Valérie,Droite Républicaine,DR,Aube
amendement,AMANR5L17PO59048B0324P1D1N001280,I-CF1280,17,CION_FIN,PRJLANR5L17B0324,PA795664,PO845407,PA794658|PA794206|PA721170|PA794802|PA794486|PA840235,"M.&#160;Midy,  M.&#160;Fait, M.&#160;Marion, M.&#160;Vojetta, M.&#160;Sitzenstuhl, Mme&#160;Spillebout et M.&#160;Fr&#233;bault","I. – Après l’alinéa 14, insérer l’alinéa suivant : « 3° À la première phrase du 2 du II, le taux : « 25 % » est remplacé par le taux : « 15 % ». II. – Compléter cet article par l’alinéa suivant : « VI. – La perte de recettes pour l’État est compensée à due concurrence par la création d’une taxe additionnelle à l’accise sur les tabacs prévue au chapitre IV du titre I er du livre III du code des impositions sur les biens et services. »","Conformément aux recommandations du rapport Midy visant à soutenir l’investissement dans les start-ups et les PME innovantes remis au Gouvernement en juin 2023, cet amendement vise à ouvrir le régime des BSPCE à des entreprises détenues à plus de 75 % par des fonds d’investissement – dans une limite de 85 %. Alors que les entreprises de la French Tech fleurissent, la capacité d’attirer en plus grand nombre les meilleurs talents est un des enjeux majeurs. Il est nécessaire de sécuriser une politique compétitive pour nos talents et ainsi renforcer l’attractivité du système d’intéressement des salariés au capital pour concurrencer à armes égales avec les offres salariales proposées par les entreprises américaine ou asiatique. Ce raisonnement s’applique tant aux entreprises détenues par des personnes physiques que par des fonds. L’objectif de cet amendement technique se rattache donc à notre ambition de souveraineté numérique et de soutien à l’innovation.",1403,2024-10-13,,souverainete_numerique,/home/user/Operation_robespierre/Amendements/DLR5L17N50198/PRJLANR5L17B0324/AMANR5L17PO59048B0324P1D1N001280.json,Midy,Paul,Ensemble pour la République,EPR,Essonne
amendement,AMANR5L17PO59048B0324P1D1N001452,I-CF1452,17,CION_FIN,PRJLANR5L17B0324,PA794146,PO845439,PA610002|PA793780|PA610968|PA588884|PA841701|PA795362|PA795454|PA840997|PA841885|PA841507|PA794008|PA721210|PA793452|PA841351|PA793980|PA795010|PA841419|PA842013|PA840947|PA794022|PA841223|PA795636|PA842045|PA793708|PA793664|PA794154|PA794778|PA795076|PA722142|PA795808|PA796018|PA736201|PA841713|PA793948|PA2940,"Mme&#160;Laernoes,  Mme&#160;Sas, Mme&#160;Arrighi, M.&#160;Amirshahi, Mme&#160;Autain, Mme&#160;Balage&#160;El&#160;Mariky, Mme&#160;Belluco, M.&#160;Ben&#160;Cheikh, M.&#160;Biteau, M.&#160;Arnaud&#160;Bonnet, M.&#160;Nicolas&#160;Bonnet, Mme&#160;Chatelain, M.&#160;Corbi&#232;re, M.&#160;Davi, M.&#160;Duplessy, M.&#160;Fournier, Mme&#160;Garin, M.&#160;Damien&#160;Girard, M.&#160;Gustave, Mme&#160;Catherine&#160;Hervieu, M.&#160;Iordanoff, M.&#160;Lahais, M.&#160;Lucas-Lundy, Mme&#160;Ozenne, M.&#160;Peytavie, Mme&#160;Pochon, M.&#160;Raux, Mme&#160;Regol, Mme&#160;Sandrine&#160;Rousseau, M.&#160;Ruffin, Mme&#160;Sebaihi, Mme&#160;Simonnet, Mme&#160;Taill&#233;-Polian, M.&#160;Tavernier, M.&#160;Thierry et Mme&#160;Voynet","I. – À l’alinéa 3, substituer aux mots : « ou d’un processus dont l’objet n’est pas la production de chaleur » les mots : « , des déchets et d’énergie de récupération ». II. – La perte de recettes pour l’État est compensée à due concurrence par la création d’une taxe additionnelle à l’accise sur les tabacs prévue au chapitre IV du titre I er du livre III du code des impositions sur les biens et services.","L'article 3 du présent projet de loi de finances a pour objet de mettre en conformité - avec les évolutions du droit de l’Union européenne - le champ d’application du taux réduit de TVA applicable à la livraison de chaleur et de froid dans les réseaux alimentés par au moins 50% d’énergies renouvelables et de récupération. C’est à ce titre qu’il propose d’inclure de manière explicite l’énergie ambiante parmi les sources d’énergie éligibles au taux réduit de TVA. Cependant, la clarification proposée est effectuée par l’intermédiaire d’une référence à un article du code de l’énergie qui exclut les déchets et les énergies de récupération du champ d’application de la TVA réduite. Or, les déchets et les énergies de récupération (chaleur fatale, data centers, valorisation énergétique des déchets, eaux usées ...) étaient jusqu’à présent bien mentionnés dans la législation (européenne et française) en vigueur. Les exclure ne serait pas sans conséquence au regard de l’importance des énergies de ",2712,2024-10-13,,data_center,/home/user/Operation_robespierre/Amendements/DLR5L17N50198/PRJLANR5L17B0324/AMANR5L17PO59048B0324P1D1N001452.json,Laernoes,Julie,Écologiste et Social,ECOS,Loire-Atlantique
amendement,AMANR5L17PO838901B0324P1D1N002469,I-2469,17,AN,PRJLANR5L17B0324,PA721202,PO845413,PA795228|PA793262|PA794906|PA794138|PA795588|PA795084|PA842105|PA841657|PA720430|PA793772|PA795616|PA793444|PA794938|PA795318|PA841023|PA796090|PA793912|PA842187|PA842037|PA791812|PA793736|PA795136|PA793464|PA842155|PA795200|PA795844|PA841251|PA794786|PA794870|PA796070|PA795310|PA794478|PA841947|PA794082|PA794130|PA720846|PA841729|PA795516|PA841515|PA795672|PA795108|PA795298|PA791824|PA842029|PA793532|PA795746|PA342384|PA795422|PA794686|PA841215|PA795482|PA610654|PA841191|PA721960|PA793872|PA720892|PA817211|PA793756|PA796062|PA719578|PA721062|PA841845|PA795982|PA795466|PA793744|PA720952|PA794106|PA794166|PA795164|PA795596,"M.&#160;Coquerel,  Mme&#160;Abomangoli, M.&#160;Alexandre, M.&#160;Amard, Mme&#160;Amiot, Mme&#160;Amrani, M.&#160;Arenas, M.&#160;Arnault, Mme&#160;Belouassa-Cherifi, M.&#160;Bernalicis, M.&#160;Bex, M.&#160;Bilongo, M.&#160;Bompard, M.&#160;Boumertit, M.&#160;Boyard, M.&#160;Cadalen, M.&#160;Caron, M.&#160;Carri&#232;re, Mme&#160;Cathala, M.&#160;Cernon, Mme&#160;Chikirou, M.&#160;Clouet, M.&#160;Coulomme, M.&#160;Delogu, M.&#160;Diouara, Mme&#160;Dufour, Mme&#160;Erodi, Mme&#160;Feld, M.&#160;Fernandes, Mme&#160;Ferrer, M.&#160;Gaillard, Mme&#160;Guett&#233;, M.&#160;Guiraud, Mme&#160;Hamdane, Mme&#160;Hignet, M.&#160;Kerbrat, M.&#160;Lachaud, M.&#160;Lahmar, M.&#160;Laisney, M.&#160;Le&#160;Coq, M.&#160;Le&#160;Gall, Mme&#160;Leboucher, M.&#160;Legavre, Mme&#160;Legrain, Mme&#160;Lejeune, Mme&#160;Lepvraud, M.&#160;L&#233;aument, Mme&#160;&#201;lisa&#160;Martin, M.&#160;Maudet, Mme&#160;Maximi, Mme&#160;Mesmeur, Mme&#160;Manon&#160;Meunier, M.&#160;Nilor, Mme&#160;Nosb&#233;, Mme&#160;Obono, Mme&#160;Oziol, Mme&#160;Panot, M.&#160;Pilato, M.&#160;Piquemal, M.&#160;Portes, M.&#160;Prud&apos;homme, M.&#160;Ratenon, M.&#160;Saint-Martin, M.&#160;Saintoul, Mme&#160;Soudais, Mme&#160;Stambach-Terrenoir, M.&#160;Tach&#233;, Mme&#160;Taurinya, M.&#160;Tavel, Mme&#160;Trouv&#233; et M.&#160;Vannier","L’article 209 C du code général des impôts est ainsi rétabli : « Art. 209 C . – I. – 1. Aux fins de l’impôt sur les sociétés, un établissement stable est réputé exister dès lors qu’il existe une présence numérique significative par l’intermédiaire de laquelle une entreprise exerce tout ou partie de son activité. « 2. Le 1 s’ajoute, sans y porter atteinte ni en limiter l’application, à tout autre critère conforme au droit de l’Union ou à la législation nationale permettant de déterminer l’existen","Par cet amendement, le groupe LFI-NFP propose d'instaurer une véritable taxe sur les grandes sociétés du numérique, en particulier les GAFAM. Une fois pleinement opérationnelle, cette taxe pourra alors remplacer la taxe GAFA mise en place par Bruno Le Maire en 2019. L’actuelle taxe GAFA s’est révélée défaillante tant par les montants récoltés que par la dynamique de marché qu’elle a été incapable d’enrayer. En effet, la taxe actuelle ne tient pas compte de la situation de quasi-monopole des GAFAM, ce qui leur donne une capacité à fixer leur prix sans tenir compte d’une éventuelle concurrence. En l’absence de régulation sur les prix pratiqués par les grandes entreprises, ce caractère de « pricemaker » leur a permis de répercuter cette taxe sur leurs tarifs. Par exemple, le prix d’un abonnement à Amazon Prime a augmenté de 56 euros en moins de deux ans, soit une hausse de 80%. De telles hausses sont sans commune mesure avec l’inflation ! Que les libéraux se rassurent, ces grandes entrepr",9642,2024-10-18,,souverainete_numerique,/home/user/Operation_robespierre/Amendements/DLR5L17N50198/PRJLANR5L17B0324/AMANR5L17PO838901B0324P1D1N002469.json,Coquerel,Éric,La France insoumise - Nouveau Front Populaire,LFI-NFP,Seine-Saint-Denis
amendement,AMANR5L17PO838901B0324P2D1N001199,II-1199,17,AN,PRJLANR5L17B0324,PA841251,PO845413,PA605745|PA795298|PA795228|PA793262|PA794906|PA794138|PA795588|PA795084|PA842105|PA841657|PA720430|PA793772|PA795616|PA793444|PA794938|PA795318|PA841023|PA793912|PA842187|PA842037|PA791812|PA793736|PA721202|PA795136|PA793464|PA842155|PA795200|PA795844|PA794786|PA794870|PA796070|PA795310|PA794478|PA841947|PA794082|PA794130|PA720846|PA841729|PA795516|PA841515|PA795672|PA795746|PA795108|PA791824|PA842029|PA793532|PA342384|PA795422|PA794686|PA841215|PA795482|PA610654|PA841191|PA721960|PA793872|PA720892|PA817211|PA793756|PA796062|PA719578|PA721062|PA841845|PA795982|PA795466|PA793744|PA720952|PA794106|PA794166|PA795164|PA795596|PA796090,"Mme&#160;Feld, rapporteure sp&#233;ciale au nom de la commission des finances,  M.&#160;Sansu, M.&#160;Legavre, Mme&#160;Abomangoli, M.&#160;Alexandre, M.&#160;Amard, Mme&#160;Amiot, Mme&#160;Amrani, M.&#160;Arenas, M.&#160;Arnault, Mme&#160;Belouassa-Cherifi, M.&#160;Bernalicis, M.&#160;Bex, M.&#160;Bilongo, M.&#160;Bompard, M.&#160;Boumertit, M.&#160;Boyard, M.&#160;Cadalen, M.&#160;Carri&#232;re, Mme&#160;Cathala, M.&#160;Cernon, Mme&#160;Chikirou, M.&#160;Clouet, M.&#160;Coquerel, M.&#160;Coulomme, M.&#160;Delogu, M.&#160;Diouara, Mme&#160;Dufour, Mme&#160;Erodi, M.&#160;Fernandes, Mme&#160;Ferrer, M.&#160;Gaillard, Mme&#160;Guett&#233;, M.&#160;Guiraud, Mme&#160;Hamdane, Mme&#160;Hignet, M.&#160;Kerbrat, M.&#160;Lachaud, M.&#160;Lahmar, M.&#160;Laisney, M.&#160;Le&#160;Coq, M.&#160;Le&#160;Gall, M.&#160;L&#233;aument, Mme&#160;Leboucher, Mme&#160;Legrain, Mme&#160;Lejeune, Mme&#160;Lepvraud, Mme&#160;&#201;lisa&#160;Martin, M.&#160;Maudet, Mme&#160;Maximi, Mme&#160;Mesmeur, Mme&#160;Manon&#160;Meunier, M.&#160;Nilor, Mme&#160;Nosb&#233;, Mme&#160;Obono, Mme&#160;Oziol, Mme&#160;Panot, M.&#160;Pilato, M.&#160;Piquemal, M.&#160;Portes, M.&#160;Prud&apos;homme, M.&#160;Ratenon, M.&#160;Saint-Martin, M.&#160;Saintoul, Mme&#160;Soudais, Mme&#160;Stambach-Terrenoir, M.&#160;Tach&#233;, Mme&#160;Taurinya, M.&#160;Tavel, Mme&#160;Trouv&#233;, M.&#160;Vannier et M.&#160;Caron","Après l’alinéa 899, insérer l’alinéa suivant : « Coût de collecte des recettes issues de la fraude fiscale ».","Par cet amendement, nous souhaitons voir émerger une quantification du coût de la lutte contre la fraude fiscale, au regard de ce qu’elle rapporte. Aujourd’hui l’objectif « Améliorer l’efficacité de la lutte contre la fraude fiscale » relatif au programme 156 est fourni d’indicateurs et de sous-indicateur en tout genre. Pour n’en citer que quelques-uns : - Part des contrôles des particuliers ciblés par des IA de data-mining - Nombre de services facturier dans le secteur local et hospitalier - Pourcentage des textes réglementaires publiés dans le délai de 6 mois après l’entrée en vigueur du texte auquel ils se rattachent Cette multiplication des indicateurs nuit à la bonne lisibilité de l’efficacité de la lutte contre la fraude fiscale. Pire, ils font parfois une fin d’un moyen, comme c’est le cas pour l’IA et le data-mining, qui n’interroge en aucun cas son efficacité et ses biais internes. Nous entendons donc introduire ce qui devrait être la métrique de performance fondamentale dans ",2064,2024-11-04,,ia_calcul,/home/user/Operation_robespierre/Amendements/DLR5L17N50198/PRJLANR5L17B0324/AMANR5L17PO838901B0324P2D1N001199.json,Feld,Mathilde,La France insoumise - Nouveau Front Populaire,LFI-NFP,Gironde
amendement,AMANR5L17PO419610B0324P2D1N000019,II-CE19,17,CION-ECO,PRJLANR5L17B0324,PA793816,PO845419,PA342415|PA841315|PA794854|PA840765|PA643157|PA607553|PA840673,"Mme&#160;Thomin,  Mme&#160;Battistel, M.&#160;Benbrahim, M.&#160;Echaniz, M.&#160;Lhardit, M.&#160;Naillet, M.&#160;Potier, Mme&#160;Rossi et les membres du groupe Socialistes et apparent&#233;s",,"Le présent amendement des députés Socialistes et apparentés vise à ne pas pénaliser le soutien à l’internationalisation de notre économie en réhaussant les crédits alloués à Business France à leur niveau du PLF 2024 soit un effort supplémentaire de 10 millions d’euros. Face aux offensives constantes de la Chine, notamment sur les véhicules électriques et l’ Inflation Reduction Act des États-Unis, la France est confrontée avec le reste de l’Europe à une concurrence internationale accrue dans un contexte où la hausse des prix de l’énergie et la désorganisation de certaines chaînes de production à l’échelle mondiale imposent des mesures fortes pour soutenir nos entreprises. Qu’il s’agisse de leur modernisation (digitalisation, IA, robotisation) ou de la recherche de nouveaux marchés ou investissements, la « Team France Export » doit pouvoir bénéficier de moyens adaptés à ces enjeux. A cet égard, la réduction de 10 millions d’euros de la subvention octroyée à Business France apparaît à con",1636,2024-10-14,,ia_calcul,/home/user/Operation_robespierre/Amendements/DLR5L17N50198/PRJLANR5L17B0324/AMANR5L17PO419610B0324P2D1N000019.json,Thomin,Mélanie,Socialistes et apparentés,SOC,Finistère
amendement,AMANR5L17PO838901B0324P2D1N002142,II-2142,17,AN,PRJLANR5L17B0324,PA642695,PO845407,,M.&#160;Bothorel,,"Le présent amendement vise à allouer 60 millions d’euros supplémentaires, tant en autorisations d’engagement qu’en crédits de paiement, à l’action 11 « pilotage de la politique de santé publique » du programme 204 « Prévention, sécurité sanitaire et offre de soins » de la mission « Santé », à des fins de développement de l’infrastructure nationale des données de santé. L’action 11 recouvre le soutien aux politiques de santé publique, avec le développement et l’exploitation des systèmes d’information en santé publique. Elle permet également de développer les études et la recherche dans le domaine de la santé publique. La construction d’une véritable infrastructure nationale des données de santé se scinde en plusieurs étapes : l’investissement initial pour mettre en place l’organisation et l’outil informatique, l’investissement pour le maintenir (flux de données malgré la modification des sources, disponibilité, qualité des données, renforcement permanent des mesures de sécurisation, sta",4216,2024-11-06,,data_center,/home/user/Operation_robespierre/Amendements/DLR5L17N50198/PRJLANR5L17B0324/AMANR5L17PO838901B0324P2D1N002142.json,Bothorel,Éric,Ensemble pour la République,EPR,Côtes-d'armor
amendement,AMANR5L17PO838901B0324P1D1N002877,I-2877,17,AN,PRJLANR5L17B0324,PA608172,PO845419,PA793624|PA643192|PA840939|PA335054|PA841813|PA842263|PA840171|PA609332|PA841539|PA643143|PA795156|PA333285|PA841471|PA331973|PA841853|PA1567|PA1654|PA606793|PA794094|PA840665|PA642764|PA841315|PA842195|PA794854|PA841665|PA841633|PA840765|PA774958|PA841463|PA643157|PA841107|PA841381|PA606573|PA841919|PA795430|PA793394|PA720992|PA795762|PA719930|PA608264|PA840955|PA840903|PA841295|PA607553|PA1008|PA840793|PA794270|PA826635|PA841367|PA840673|PA342196|PA341981|PA841327|PA841717|PA793816|PA841243|PA774960|PA340343|PA841091|PA840829|PA841681|PA841893|PA794494|PA842211|PA342415,"Mme&#160;Pir&#232;s&#160;Beaune,  M.&#160;Philippe&#160;Brun, Mme&#160;Jourdan, Mme&#160;Godard, Mme&#160;Karamanli, Mme&#160;Herouin-L&#233;autey, Mme&#160;Hadizadeh, M.&#160;Emmanuel&#160;Gr&#233;goire, M.&#160;Faure, M.&#160;Gokel, M.&#160;Baptiste, Mme&#160;Keloua&#160;Hachi, M.&#160;Garot, M.&#160;Hablot, Mme&#160;Got, Mme&#160;C&#233;line&#160;Hervieu, M.&#160;Guedj, M.&#160;Hollande, M.&#160;Baumel, M.&#160;Bouloux, Mme&#160;Allemand, M.&#160;Aviragnet, M.&#160;Benbrahim, M.&#160;Eskenazi, M.&#160;Echaniz, M.&#160;F&#233;gn&#233;, M.&#160;Dufau, M.&#160;Lhardit, M.&#160;Leseul, Mme&#160;Mercier, M.&#160;Naillet, M.&#160;Oberti, Mme&#160;Pantel, Mme&#160;Dombre&#160;Coste, Mme&#160;Diop, M.&#160;Delautrette, M.&#160;Delaporte, M.&#160;William, M.&#160;Califer, M.&#160;Vallaud, Mme&#160;Capdevielle, M.&#160;Pribetich, M.&#160;Christophle, M.&#160;Courbon, M.&#160;Potier, M.&#160;David, M.&#160;Pena, Mme&#160;Pic, M.&#160;Aur&#233;lien&#160;Rousseau, M.&#160;Proen&#231;a, Mme&#160;Rossi, Mme&#160;Rouaux, Mme&#160;R&#233;calde, M.&#160;Roussel, Mme&#160;Runel, Mme&#160;Thomin, M.&#160;Saint-Pasteur, Mme&#160;Santiago, M.&#160;Saulignac, M.&#160;Simion, M.&#160;Barusseau, M.&#160;Sother, Mme&#160;Thi&#233;bault-Martinez, M.&#160;Vicot, Mme&#160;Bellay et Mme&#160;Battistel","À la fin du 2° de l’article L. 453‑70 du code des impositions sur les biens et services, le taux : « 3 % » est remplacé par le taux : « 5 % ».","La situation des finances publiques est très inquiétante. En 2024, le déficit public devrait frôler les 6 % du produit intérieur brut, la dette atteindre 3 200 milliards d’euros, avec des déficits du budget de l’État et du commerce extérieur records. La France doit ainsi impérativement réduire son déficit public et sa dette, sans pour autant augmenter les impôts de ceux qui travaillent et ont travaillé toute leur vie. Dans la recherche d’une plus grande justice fiscale, cet amendement vise à relever le taux de la taxe sur les services numériques, dite taxe GAFAM, de 3 à 5 %. Étant donné que le rendement prévisionnel de la taxe pour 2025 est de 800 millions d’euros, on peut estimer que le présent amendement créerait plus de 500 millions d’euros de recettes nouvelles pour le budget de l’État.",944,2024-10-19,,souverainete_numerique,/home/user/Operation_robespierre/Amendements/DLR5L17N50198/PRJLANR5L17B0324/AMANR5L17PO838901B0324P1D1N002877.json,Pirès Beaune,Christine,Socialistes et apparentés,SOC,Puy-de-Dôme
amendement,AMANR5L17PO838901B0324P2D1N001875,II-1875,17,AN,PRJLANR5L17B0324,PA719404,PO845407,PA719218|PA719632|PA793572|PA794658|PA719338|PA720334|PA722000|PA719550|PA719032,"M.&#160;Le&#160;Gac,  M.&#160;Berville, Mme&#160;Panonacle, M.&#160;Plassard, M.&#160;Fait, Mme&#160;Melchior, M.&#160;Pahun, M.&#160;Buchou, Mme&#160;Liliana&#160;Tanguy et M.&#160;Bouyx",,"Cet amendement vise à mettre en cohérence le projet de loi de finances 2025 avec le dispositif retenu sur les exonérations de cotisations sociales patronales bénéficiant aux armateurs en situation de concurrence internationale en projet de loi de finances de la sécurité sociale pour 2025, suite au retrait de l’article 7 prévoyant un recentrage du dispositif. L'exonération de cotisations patronales bénéficiant aux armateurs en situation de concurrence internationale a été instaurée afin de réduire les disparités du coût de travail dans un secteur confronté à une intense concurrence internationale. Les coûts salariaux sont un facteur discriminant majeur pour la compétitivité des pavillons nationaux, et le renchérissement induit par la perte du bénéfice de ces exonérations va impacter l’attractivité des marins français autant que du pavillon. Le secteur des navires de services, hautement stratégique pour la souveraineté technologique de la France va être sévèrement atteint par la perte du",1834,2024-11-05,,souverainete_numerique,/home/user/Operation_robespierre/Amendements/DLR5L17N50198/PRJLANR5L17B0324/AMANR5L17PO838901B0324P2D1N001875.json,Le Gac,Didier,Ensemble pour la République,EPR,Finistère
amendement,AMANR5L17PO838901B0324P2D1N000396,II-396,17,AN,PRJLANR5L17B0324,PA736201,PO845439,PA841885|PA721210|PA842013|PA794154|PA610968|PA793780|PA588884|PA841701|PA795362|PA795454|PA840997|PA841507|PA794008|PA793452|PA841351|PA793980|PA795010|PA841419|PA840947|PA794022|PA794146|PA841223|PA795636|PA842045|PA793708|PA793664|PA794778|PA795076|PA722142|PA610002|PA795808|PA796018|PA841713|PA793948|PA2940,"Mme&#160;Taill&#233;-Polian,  M.&#160;Arnaud&#160;Bonnet, M.&#160;Corbi&#232;re, M.&#160;Gustave, M.&#160;Raux, M.&#160;Amirshahi, Mme&#160;Arrighi, Mme&#160;Autain, Mme&#160;Balage&#160;El&#160;Mariky, Mme&#160;Belluco, M.&#160;Ben&#160;Cheikh, M.&#160;Biteau, M.&#160;Nicolas&#160;Bonnet, Mme&#160;Chatelain, M.&#160;Davi, M.&#160;Duplessy, M.&#160;Fournier, Mme&#160;Garin, M.&#160;Damien&#160;Girard, Mme&#160;Catherine&#160;Hervieu, M.&#160;Iordanoff, Mme&#160;Laernoes, M.&#160;Lahais, M.&#160;Lucas-Lundy, Mme&#160;Ozenne, M.&#160;Peytavie, Mme&#160;Pochon, Mme&#160;Regol, Mme&#160;Sandrine&#160;Rousseau, M.&#160;Ruffin, Mme&#160;Sas, Mme&#160;Sebaihi, Mme&#160;Simonnet, M.&#160;Tavernier, M.&#160;Thierry et Mme&#160;Voynet",,"Cet amendement travaillé avec le SIRTI vise à créer un nouveau programme « Aide au déploiement du DAB+ » afin de favoriser le déploiement de ce nouveau mode de diffusion par les acteurs radiophoniques. Alors que le média radio connaît une crise de modèle économique du fait de la captation de ses revenus publicitaires par les géants du numérique, la DAB+ renforce sa compétitivité, garantie une meilleure qualité d'écoute en mobilité et offre une alternative à la saturation de la bande FM. Sa couverture métropolitaine atteignait 60% du territoire en 2024. Cet amendement attribue en crédits de paiement (CP) et autorisations d’engagement (AE) 750 000 € à un nouveau Programme intitulé ""Aide au déploiement du DAB+"". Pour respecter les règles de recevabilité financière imposées par l’article 40 de la Constitution, l’amendement prélève autant à l’action 2 Industries culturelles du programme 334 Livre et industries culturelles. Le groupe Écologiste appelle le Gouvernement à gager cet amendement ",1149,2024-10-30,,souverainete_numerique,/home/user/Operation_robespierre/Amendements/DLR5L17N50198/PRJLANR5L17B0324/AMANR5L17PO838901B0324P2D1N000396.json,Taillé-Polian,Sophie,Écologiste et Social,ECOS,Val-de-Marne
amendement,AMANR5L17PO59048B0324P1D1N001737,I-CF1737,17,CION_FIN,PRJLANR5L17B0324,PA841107,PO845419,PA793624|PA643192|PA841381|PA840673,"M.&#160;Oberti,  M.&#160;Philippe&#160;Brun, Mme&#160;Jourdan, Mme&#160;Pantel et Mme&#160;Rossi","Au 1 du III bis de l’article 1599 quater B du code général des impôts, le mot : « cinq » est remplacé par le mot : « trois ».","Cet amendement propose réduire de trois à cinq ans la période d’exonération de l’imposition appliquée aux répartiteurs principaux de la boucle de cuivre, aux points de mutualisation des réseaux électroniques en fibre optique et aux nœuds de raccordement optique des réseaux de communications électroniques en fibre optique avec terminaison en câble coaxial. Les recettes ainsi dégagées par cette réduction d’exonération permettront d’abonder l’enveloppe dédiée à l’action 3 « Inclusion numérique » du programme 343 « France Très Haut Débit » afin de pérenniser les 4000 postes de conseillers numériques France Services. Les conseillers numériques France Services jouent un rôle clé dans la lutte contre l’illectronisme et pour l’inclusion numérique, en facilitant et accompagnant l’utilisation des outils digitaux par toutes et tous. La dématérialisation des procédures administratives complique l'accès aux droits pour les personnes éloignées du numérique, concernant 30% des Français aujourd’hui. C",2540,2024-10-13,,souverainete_numerique,/home/user/Operation_robespierre/Amendements/DLR5L17N50198/PRJLANR5L17B0324/AMANR5L17PO59048B0324P1D1N001737.json,Oberti,Jacques,Socialistes et apparentés,SOC,Haute-Garonne
amendement,AMANR5L17PO420120B0324P2D1N000103,II-AS103,17,CION-SOC,PRJLANR5L17B0324,PA794138,PO845413,PA795228|PA793262|PA794906|PA795588|PA795084|PA842105|PA841657|PA720430|PA793772|PA795616|PA793444|PA794938|PA795318|PA841023|PA796090|PA793912|PA842187|PA842037|PA791812|PA793736|PA721202|PA795136|PA793464|PA842155|PA795200|PA795844|PA841251|PA794786|PA794870|PA796070|PA795310|PA794478|PA841947|PA794082|PA794130|PA720846|PA841729|PA795516|PA841515|PA795672|PA795108|PA795298|PA791824|PA842029|PA793532|PA795746|PA342384|PA795422|PA794686|PA841215|PA795482|PA610654|PA841191|PA721960|PA793872|PA720892|PA817211|PA793756|PA796062|PA719578|PA721062|PA841845|PA795982|PA795466|PA793744|PA720952|PA794106|PA794166|PA795164|PA795596,"Mme&#160;Amiot,  Mme&#160;Abomangoli, M.&#160;Alexandre, M.&#160;Amard, Mme&#160;Amrani, M.&#160;Arenas, M.&#160;Arnault, Mme&#160;Belouassa-Cherifi, M.&#160;Bernalicis, M.&#160;Bex, M.&#160;Bilongo, M.&#160;Bompard, M.&#160;Boumertit, M.&#160;Boyard, M.&#160;Cadalen, M.&#160;Caron, M.&#160;Carri&#232;re, Mme&#160;Cathala, M.&#160;Cernon, Mme&#160;Chikirou, M.&#160;Clouet, M.&#160;Coquerel, M.&#160;Coulomme, M.&#160;Delogu, M.&#160;Diouara, Mme&#160;Dufour, Mme&#160;Erodi, Mme&#160;Feld, M.&#160;Fernandes, Mme&#160;Ferrer, M.&#160;Gaillard, Mme&#160;Guett&#233;, M.&#160;Guiraud, Mme&#160;Hamdane, Mme&#160;Hignet, M.&#160;Kerbrat, M.&#160;Lachaud, M.&#160;Lahmar, M.&#160;Laisney, M.&#160;Le&#160;Coq, M.&#160;Le&#160;Gall, Mme&#160;Leboucher, M.&#160;Legavre, Mme&#160;Legrain, Mme&#160;Lejeune, Mme&#160;Lepvraud, M.&#160;L&#233;aument, Mme&#160;&#201;lisa&#160;Martin, M.&#160;Maudet, Mme&#160;Maximi, Mme&#160;Mesmeur, Mme&#160;Manon&#160;Meunier, M.&#160;Nilor, Mme&#160;Nosb&#233;, Mme&#160;Obono, Mme&#160;Oziol, Mme&#160;Panot, M.&#160;Pilato, M.&#160;Piquemal, M.&#160;Portes, M.&#160;Prud&apos;homme, M.&#160;Ratenon, M.&#160;Saint-Martin, M.&#160;Saintoul, Mme&#160;Soudais, Mme&#160;Stambach-Terrenoir, M.&#160;Tach&#233;, Mme&#160;Taurinya, M.&#160;Tavel, Mme&#160;Trouv&#233; et M.&#160;Vannier",,"Par cet amendement, le groupe LFI-NFP propose de soutenir l'Anact par une dotation supplémentaire permettant la capitalisation des connaissances dans ses propres effectifs. Les moyens dédiés à l'amélioration des conditions de travail subissent de fortes baisses. La dotation du Fonds pour l'amélioration des conditions de travail (FACT) est en baisse de 800 000 euros (2,4 millions) soit, une fois l'inflation de 2,5% sur l'année 2024 prise en compte, une baisse de 27,5%. L'Agence nationale pour l'amélioration des conditions de travail (Anact), chargée du pilotage du FACT, n'est guère mieux traitée. Le financement allant à l'opérateur est de 13,89 millions d'euros, ce qui correspond à une baisse de 4,709 millions d'euros. La baisse de son financement, inflation comprise, est donc de 27,66%. La volonté de la droite de saboter l'opérateur se comprend à l'évocation de ses missions : celle-ci vise l’amélioration de la qualité des relations sociales, managériales et professionnelles, le suivi d",4637,2024-10-31,,ia_calcul,/home/user/Operation_robespierre/Amendements/DLR5L17N50198/PRJLANR5L17B0324/AMANR5L17PO420120B0324P2D1N000103.json,Amiot,Ségolène,La France insoumise - Nouveau Front Populaire,LFI-NFP,Loire-Atlantique
amendement,AMANR5L17PO838901B0324P2D1N000224,II-224,17,AN,PRJLANR5L17B0324,PA840673,PO845419,PA841381|PA341981|PA643143|PA840665|PA608264|PA642764|PA342415|PA606793|PA842211|PA841315|PA794094|PA793624|PA795762|PA840903|PA841295|PA1008|PA841919|PA606573|PA841633|PA794854|PA609332|PA333285|PA841539|PA331973|PA840171|PA1567|PA841471|PA842263|PA841813|PA841853|PA1654|PA335054|PA795156|PA840765|PA841463|PA643157|PA841107|PA840793|PA794270|PA608172|PA607553|PA840955|PA841367|PA342196|PA826635|PA841717|PA841243|PA774960|PA340343|PA841091|PA841681|PA841893|PA793816|PA719930|PA794494|PA720992|PA795430|PA840829|PA842195|PA643192|PA774958|PA841665|PA841327|PA793394|PA840939,"Mme&#160;Rossi,  Mme&#160;Pantel, Mme&#160;R&#233;calde, M.&#160;Baptiste, Mme&#160;Allemand, Mme&#160;Capdevielle, M.&#160;Aviragnet, Mme&#160;Battistel, M.&#160;Baumel, Mme&#160;Bellay, M.&#160;Benbrahim, M.&#160;Bouloux, M.&#160;Philippe&#160;Brun, M.&#160;Califer, M.&#160;Christophle, M.&#160;Courbon, M.&#160;David, Mme&#160;Diop, Mme&#160;Dombre&#160;Coste, M.&#160;Dufau, M.&#160;Echaniz, M.&#160;Faure, M.&#160;Garot, M.&#160;Gokel, Mme&#160;Got, M.&#160;Emmanuel&#160;Gr&#233;goire, M.&#160;Guedj, M.&#160;Hablot, Mme&#160;Hadizadeh, Mme&#160;Herouin-L&#233;autey, Mme&#160;C&#233;line&#160;Hervieu, M.&#160;Hollande, Mme&#160;Karamanli, Mme&#160;Keloua&#160;Hachi, M.&#160;Lhardit, Mme&#160;Mercier, M.&#160;Naillet, M.&#160;Oberti, M.&#160;Pena, Mme&#160;Pic, Mme&#160;Pir&#232;s&#160;Beaune, M.&#160;Potier, M.&#160;Pribetich, M.&#160;Proen&#231;a, Mme&#160;Rouaux, M.&#160;Aur&#233;lien&#160;Rousseau, Mme&#160;Runel, M.&#160;Saint-Pasteur, Mme&#160;Santiago, M.&#160;Saulignac, M.&#160;Simion, M.&#160;Sother, Mme&#160;Thi&#233;bault-Martinez, Mme&#160;Thomin, M.&#160;Vallaud, M.&#160;Vicot, M.&#160;William, M.&#160;Delautrette, M.&#160;Barusseau, M.&#160;Eskenazi, Mme&#160;Jourdan, M.&#160;Leseul, M.&#160;F&#233;gn&#233;, M.&#160;Roussel, M.&#160;Delaporte, Mme&#160;Godard et les membres du groupe Socialistes et apparent&#233;s",,"Cet amendement des députés socialistes et apparentés vise à revaloriser l’aide au poste des associations intermédiaires, en la passant de 1 588 euros à 3 176 euros, pour un montant total de 30 millions d’euros. L’association intermédiaire se présente comme un employeur d’insertion qui assure l’accueil dynamique d’un public diversifié et construit un projet professionnel sur mesure adapté aux besoins des salariés. Le maillage territorial qu’elles tissent font d’elles, bien souvent, les seules structures présentes dans les territoires déprimés économiquement. Elles assurent donc un rôle essentiel de créateur de lien social, d’accueil, d’écoute, d’accompagnement socio-professionnel et d’orientation : en bref, un quasi-service public de l’emploi. Pourtant paradoxalement les AI sont de très loin le dispositif le moins aidé (moins de 3 % du budget consacré à l’IAE) malgré un taux de sorties excellent (près de 60 % de sorties en emploi selon le rapport de la Cour des Comptes de 2019) et alors",2632,2024-10-27,,ia_calcul,/home/user/Operation_robespierre/Amendements/DLR5L17N50198/PRJLANR5L17B0324/AMANR5L17PO838901B0324P2D1N000224.json,Rossi,Valérie,Socialistes et apparentés,SOC,Hautes-Alpes
amendement,AMANR5L17PO838901B0324P2D1N000669,II-669,17,AN,PRJLANR5L17B0324,PA720354,PO845407,,M.&#160;Jacques,"Dans un délai d’un an à compter de la promulgation de la présente loi, le Gouvernement remet au Parlement un rapport sur les besoins humains et financiers supplémentaires de l’autorité nationale de la sécurité des systèmes d’information induits par la transposition en droit national de la directive (UE) 2022/2555 du Parlement européen et du Conseil du 14 décembre 2022 concernant des mesures destinées à assurer un niveau élevé commun de cybersécurité dans l’ensemble de l’Union, modifiant le règle","Cet amendement a pour objectif d’attirer l’attention du Gouvernement sur les besoins humains et financiers que nécessitent pour l’Agence nationale de la sécurité des systèmes d’informations (ANSSI) dans le cadre de la transposition de la directive européenne NIS2. Alors que le cyberespace fait l’objet d’attaques malveillantes d’acteurs étatiques ou para-étatiques, l’action de l’Agence nationale de la sécurité des systèmes d’informations (ANSSI) est primordiale pour protéger les systèmes d’informations des services de l’Etat, des différents services publics et des acteurs privés d’intérêt national. Cette action vient d’être renforcée par l’adoption de la directive NIS2 de l’Union européenne qui vient améliorer la cybersécurité au niveau étatique comme européen avec notamment un renforcement de la coopération en cas de crise cyber et établit un standard de protection minimale contre le risque cyber pour la résilience des entitées considérées comme critiques par les Etats membres, dans on",2880,2024-10-30,,data_center|souverainete_numerique,/home/user/Operation_robespierre/Amendements/DLR5L17N50198/PRJLANR5L17B0324/AMANR5L17PO838901B0324P2D1N000669.json,Jacques,Jean-Michel,Ensemble pour la République,EPR,Morbihan
amendement,AMANR5L17PO59048B0324P2D1N002466,II-CF2466,17,CION_FIN,PRJLANR5L17B0324,PA841243,PO845419,PA794270|PA793624|PA606793|PA794094|PA841665|PA333285|PA643192|PA841463|PA841107|PA841381|PA826635|PA341981|PA774960|PA841681|PA719930,"M.&#160;Saint-Pasteur,  Mme&#160;Pic, M.&#160;Philippe&#160;Brun, M.&#160;Baumel, M.&#160;Bouloux, M.&#160;F&#233;gn&#233;, M.&#160;Garot, Mme&#160;Jourdan, Mme&#160;Mercier, M.&#160;Oberti, Mme&#160;Pantel, M.&#160;Aur&#233;lien&#160;Rousseau, Mme&#160;R&#233;calde, Mme&#160;Santiago, M.&#160;Sother et M.&#160;Vallaud",,"Cet amendement déposé par le groupe Socialistes et apparentés propose d’attribuer 10 millions d’euros de crédits à la sous-action n°7.30 « Communiquer – cyber » du programme 146 « Équipement des forces » en les prenant sur la sous-action n°58.01 « Fonction pétrolière et énergies alternatives » du programme 212 « Soutien de la politique de la défense ». Les auteurs de l'amendement ne souhaitent pas de tels retraits de crédits et appellent le Gouvernement à lever le gage. Le secteur de la défense est une cible de choix pour les cyberattaques car les informations qu’elles détiennent sont stratégiques, allant des plans opérationnels aux données personnelles du personnel militaire. Même si les auteurs de cet amendement saluent le respect de la marche budgétaire des 3,3 milliards d’euros pour le ministère des Armées en 2025, ils considèrent qu’il faut soutenir plus particulièrement la production et le développement de chiffreurs pour répondre notamment aux besoins de protection d’information",1413,2024-10-30,,souverainete_numerique,/home/user/Operation_robespierre/Amendements/DLR5L17N50198/PRJLANR5L17B0324/AMANR5L17PO59048B0324P2D1N002466.json,Saint-Pasteur,Sébastien,Socialistes et apparentés,SOC,Gironde
amendement,AMANR5L17PO420120B0324P2D1N000036,II-AS36,17,CION-SOC,PRJLANR5L17B0324,PA840673,PO845419,PA841381|PA643192|PA840939|PA642764|PA842211|PA795762|PA793394|PA606573|PA1567|PA841717|PA841091,"Mme&#160;Rossi,  Mme&#160;Pantel, Mme&#160;Jourdan, Mme&#160;Godard, M.&#160;Aviragnet, Mme&#160;Bellay, M.&#160;Califer, M.&#160;Delaporte, Mme&#160;Dombre&#160;Coste, M.&#160;Guedj, Mme&#160;Runel et M.&#160;Simion",,"Cet amendement des députés socialistes et apparentés vise à maintenir les crédits du Fonds de Développement de l’Inclusion (FDI) pour un montant total de 40 000 000 euros. Le FDI est destiné à soutenir et développer les Structures d’Insertion par l’Activité Économique (SIAE) : Ateliers Chantier d’Insertion (ACI), Associations Intermédiaires (AI), Entreprises d’Insertion (EI), Entreprises de Travail Temporaire d’Insertion (ETTI), Entreprises d’insertion par le Travail Indépendant (EITI). À ce titre, il peut être mobilisé pour différents types d’actions : Aide au démarrage d’une structure nouvelle ; Aide au développement, à l’adaptation et à la diversification des activités ; Aide à l’appui - conseil ; Aide à la professionnalisation ; Évaluation / expérimentation ; Aide exceptionnelle à la consolidation financière. Pour la seconde année consécutive, aucune dotation n’est prévue au titre du FDI pour 2025. Or, ce fonds est indispensable au soutien des SIAE, tant en période de croissance qu",2304,2024-10-26,,ia_calcul,/home/user/Operation_robespierre/Amendements/DLR5L17N50198/PRJLANR5L17B0324/AMANR5L17PO420120B0324P2D1N000036.json,Rossi,Valérie,Socialistes et apparentés,SOC,Hautes-Alpes
amendement,AMANR5L17PO59048B0324P2D1N000377,II-CF377,17,CION_FIN,PRJLANR5L17B0324,PA793816,PO845419,PA774958|PA342415|PA841315|PA794854|PA840765|PA643157|PA607553|PA840673|PA643143|PA606793|PA794094|PA793624|PA841463|PA841107|PA841381|PA608172,"Mme&#160;Thomin,  M.&#160;Leseul, Mme&#160;Battistel, M.&#160;Benbrahim, M.&#160;Echaniz, M.&#160;Lhardit, M.&#160;Naillet, M.&#160;Potier, Mme&#160;Rossi, M.&#160;Baptiste, M.&#160;Baumel, M.&#160;Bouloux, M.&#160;Philippe&#160;Brun, Mme&#160;Mercier, M.&#160;Oberti, Mme&#160;Pantel, Mme&#160;Pir&#232;s&#160;Beaune et les membres du groupe Socialistes et apparent&#233;s",,"Le présent amendement des députés Socialistes et apparentés vise à ne pas pénaliser le soutien à l’internationalisation de notre économie en réhaussant les crédits alloués à Business France à leur niveau du PLF 2024 soit un effort supplémentaire de 10 millions d’euros. Face aux offensives constantes de la Chine, notamment sur les véhicules électriques et l’ Inflation Reduction Act des États-Unis, la France est confrontée avec le reste de l’Europe à une concurrence internationale accrue dans un contexte où la hausse des prix de l’énergie et la désorganisation de certaines chaînes de production à l’échelle mondiale imposent des mesures fortes pour soutenir nos entreprises. Qu’il s’agisse de leur modernisation (digitalisation, IA, robotisation) ou de la recherche de nouveaux marchés ou investissements, la « Team France Export » doit pouvoir bénéficier de moyens adaptés à ces enjeux. A cet égard, la réduction de 10 millions d’euros de la subvention octroyée à Business France apparaît à con",1636,2024-10-23,,ia_calcul,/home/user/Operation_robespierre/Amendements/DLR5L17N50198/PRJLANR5L17B0324/AMANR5L17PO59048B0324P2D1N000377.json,Thomin,Mélanie,Socialistes et apparentés,SOC,Finistère
amendement,AMANR5L17PO838901B0324P2D1N001250,II-1250,17,AN,PRJLANR5L17B0324,PA840159,PO845401,,M.&#160;Clavet et les membres du groupe Rassemblement National,,"Cet amendement prévoit de diminuer les crédits, en autorisation d’engagement et en crédits de paiement, d’un montant de 150 000 000 euros pour l’action n° 1 « France Télévisions » du programme 372 « France Télévisions » et de diminuer les crédits, en autorisation d’engagement et en crédits de paiement, d’un montant de 50 000 000 euros pour l’action n° 1 « Radio France » du programme 374 « Radio France » · Pour France Télévisions, cette somme correspond environ au budget de France 4, France 5, France TV Slash et deCulture box dont les cessions peuvent être envisagées. · Pour Radio France, cette somme correspond environ au budget de France Musique, FIP et de Mouv' dont les cessions peuvent être envisagées. Cet amendement de repli vise à demander à ces deux entités de recentrer leurs activités et de revoir leur modèle économique afin de moins peser sur les finances publiques. Il vise plus globalement à dessiner les contours d’une réforme plus profonde du paysage audiovisuel français par l",2883,2024-11-04,,souverainete_numerique,/home/user/Operation_robespierre/Amendements/DLR5L17N50198/PRJLANR5L17B0324/AMANR5L17PO838901B0324P2D1N001250.json,Clavet,Bruno,Rassemblement National,RN,Pas-de-Calais
amendement,AMANR5L17PO838901B0324P1D1N002444,I-2444,17,AN,PRJLANR5L17B0324,PA840817,PO845485,,M.&#160;Bruneau,"I. – Au premier alinéa du k du II de l’article 244 quater B du code général des impôts, l’année : « 2024 » est remplacée par l’année : « 2027 ». II. – La perte de recettes pour l’État est compensée, à due concurrence, par la création d’une taxe additionnelle à l’accise sur les tabacs prévue au chapitre IV du titre I er du livre III du code des impositions sur les biens et services. III. – Le I n’est applicable qu’aux sommes venant en déduction de l’impôt dû.","L'article 244 quater B du code général des impôts prévoit un crédit d'impôt pour les petites et moyennes entreprises (PME) industrielles et commerciales ou agricoles qui réalisent certaines dépenses d'innovation. Ce crédit d'impôt, dit crédit d’impôt innovation (CII), est subordonné au respect du règlement (UE) n° 651/2014 de la Commission du 17 juin 2014 déclarant certaines catégories d'aides compatibles avec le marché intérieur en application des articles 107 et 108 du traité (Règlement général d’exemption par catégorie). Chaque année, près de 8 000 entreprises ont recours au CII pour développer leurs activités. Ce dispositif, qui est réservé au TPE et PME innovantes, complète le crédit d’impôt recherche (CIR) sur la période entre la phase de recherche et développement (R&amp;D), et la phase de pré-commercialisation, en permettant aux entreprises concernées de financer une partie des opérations de prototypage réalisées en vue de la commercialisation d’un produit nouveau sur le ",2290,2024-10-18,,ia_calcul,/home/user/Operation_robespierre/Amendements/DLR5L17N50198/PRJLANR5L17B0324/AMANR5L17PO838901B0324P1D1N002444.json,Bruneau,Joël,"Libertés, Indépendants, Outre-mer et Territoires",LIOT,Calvados
amendement,AMANR5L17PO59048B0324P2D1N002954,II-CF2954,17,CION_FIN,PRJLANR5L17B0324,PA719118,PO845407,PA796042|PA796034|PA793548|PA840135|PA793892|PA794418|PA794598|PA841553|PA841439|PA840857|PA793290|PA841873|PA794770|PA840915,"M.&#160;Cormier-Bouligeon, rapporteur pour avis au nom de la commission de la d&#233;fense nationale et des forces arm&#233;es,  M.&#160;Boccaletti, M.&#160;Giletti, Mme&#160;Colombier, M.&#160;Dufosset, Mme&#160;Galzy, Mme&#160;Florence&#160;Goulet, M.&#160;Jacobelli, M.&#160;Tesson, M.&#160;Jenft, Mme&#160;Lechon, Mme&#160;Lelouis, M.&#160;Limongi, Mme&#160;Martinez et M.&#160;Monnier",,"La France, se doit de développer son système de cloud projetable, non seulement pour se maintenir sur la scène internationale (pour rappel le département de La Défense américain a signé un contrat de 10 milliards de dollars sur 10 ans avec Microsoft alors que nous ne somme même pas à 2 millions d'euros...), pour ne pas passer à côté d'une technologie de rupture, mais également pour soutenir et accélérer le développement des projets à venir. Cet amendement propose donc d’abonder de 1 876 766 € les crédits (en AE et CP) dédiés à la sous-action 07.22 ""Commander et conduire - Hébergement Cloud"" de l'action 07 ""Commandement et maitrise de l'information"" du programme 146 « Equipement des forces ». Et réduit d’un montant correspondant la sous-action 07,07 ""Recherche stratégique"" de l’action 07 « Prospective de Défense » du programme 144 « Environnement et prospective de la politique de défense » afin de pouvoir doubler les crédits alloués au cloud projetable.",966,2024-10-30,,cloud,/home/user/Operation_robespierre/Amendements/DLR5L17N50198/PRJLANR5L17B0324/AMANR5L17PO59048B0324P2D1N002954.json,Cormier-Bouligeon,François,Ensemble pour la République,EPR,Cher
amendement,AMANR5L17PO59048B0324P2D1N001204,II-CF1204,17,CION_FIN,PRJLANR5L17B0324,PA841251,PO845413,PA795228|PA793262|PA794906|PA794138|PA795588|PA795084|PA842105|PA841657|PA720430|PA793772|PA795616|PA793444|PA794938|PA795318|PA841023|PA796090|PA793912|PA842187|PA842037|PA791812|PA793736|PA721202|PA795136|PA793464|PA842155|PA795200|PA795844|PA794786|PA794870|PA796070|PA795310|PA794478|PA841947|PA794082|PA794130|PA720846|PA841729|PA795516|PA841515|PA795672|PA795108|PA795298|PA791824|PA842029|PA793532|PA795746|PA342384|PA795422|PA794686|PA841215|PA795482|PA610654|PA841191|PA721960|PA793872|PA720892|PA817211|PA793756|PA796062|PA719578|PA721062|PA841845|PA795982|PA795466|PA793744|PA720952|PA794106|PA794166|PA795164|PA795596,"Mme&#160;Feld, rapporteure,  Mme&#160;Abomangoli, M.&#160;Alexandre, M.&#160;Amard, Mme&#160;Amiot, Mme&#160;Amrani, M.&#160;Arenas, M.&#160;Arnault, Mme&#160;Belouassa-Cherifi, M.&#160;Bernalicis, M.&#160;Bex, M.&#160;Bilongo, M.&#160;Bompard, M.&#160;Boumertit, M.&#160;Boyard, M.&#160;Cadalen, M.&#160;Caron, M.&#160;Carri&#232;re, Mme&#160;Cathala, M.&#160;Cernon, Mme&#160;Chikirou, M.&#160;Clouet, M.&#160;Coquerel, M.&#160;Coulomme, M.&#160;Delogu, M.&#160;Diouara, Mme&#160;Dufour, Mme&#160;Erodi, M.&#160;Fernandes, Mme&#160;Ferrer, M.&#160;Gaillard, Mme&#160;Guett&#233;, M.&#160;Guiraud, Mme&#160;Hamdane, Mme&#160;Hignet, M.&#160;Kerbrat, M.&#160;Lachaud, M.&#160;Lahmar, M.&#160;Laisney, M.&#160;Le&#160;Coq, M.&#160;Le&#160;Gall, Mme&#160;Leboucher, M.&#160;Legavre, Mme&#160;Legrain, Mme&#160;Lejeune, Mme&#160;Lepvraud, M.&#160;L&#233;aument, Mme&#160;&#201;lisa&#160;Martin, M.&#160;Maudet, Mme&#160;Maximi, Mme&#160;Mesmeur, Mme&#160;Manon&#160;Meunier, M.&#160;Nilor, Mme&#160;Nosb&#233;, Mme&#160;Obono, Mme&#160;Oziol, Mme&#160;Panot, M.&#160;Pilato, M.&#160;Piquemal, M.&#160;Portes, M.&#160;Prud&apos;homme, M.&#160;Ratenon, M.&#160;Saint-Martin, M.&#160;Saintoul, Mme&#160;Soudais, Mme&#160;Stambach-Terrenoir, M.&#160;Tach&#233;, Mme&#160;Taurinya, M.&#160;Tavel, Mme&#160;Trouv&#233; et M.&#160;Vannier",,"Cet amendement du groupe LFI-NFP prévoit de maintenir en poste les 550 emplois que le Gouvernement prévoit de supprimer. Il s’agit de s’assurer que les moyens humains de la DGFiP, notamment ceux destinés au contrôle fiscal, ne soient pas une nouvelle fois sacrifiés. Le maintien, le recrutement et la formation d’agents est essentiel afin de créer service d’expertise dédié à l’étude des schémas de fraude et d’optimisation agressive au sein de la DGFiP qui alimentent les paramètres des outils de « data mining », plutôt que d’en être tributaires. L’intelligence artificielle utilisée de manière croissante par la DGFiP pour repérer les situations de fraude est un outil intéressant mais encore largement imparfait, son développement ne doit donc surtout pas être synonyme d’une baisse des effectifs humains responsables de la lutte contre la fraude et l’évasion fiscales. Les outils d’IA de prédiction de fraude qui se fondent sur des détections d’anomalies nécessitent un volume de données d’entra",3550,2024-10-24,,ia_calcul,/home/user/Operation_robespierre/Amendements/DLR5L17N50198/PRJLANR5L17B0324/AMANR5L17PO59048B0324P2D1N001204.json,Feld,Mathilde,La France insoumise - Nouveau Front Populaire,LFI-NFP,Gironde
amendement,AMANR5L17PO838901B0324P1D1N001168,I-1168,17,AN,PRJLANR5L17B0324,PA794734,PO845401,,M.&#160;Guiniot,Le 3° du A de l’article 278‑0 bis du code général des impôts est complétée par une phrase ainsi rédigée : « Le présent 3° ne s’applique pas aux œuvres pour lesquelles l’intervention humaine n’est pas majoritaire ; ».,"Cet amendement vise à exclure du taux réduit de TVA les productions artificielles dans le cadre des œuvres littéraires. En effet, le taux réduit de TVA vise à promouvoir et encourager le développement des ""œuvres de l'esprit"", telles que décrites dans le commentaire des dispositions fiscales BOI-TVA-CHAMP-10-10-60-20. Toutefois, ces œuvres de l'esprit ne prennent leur sens qu'a partir où elles sont réellement issues d'un esprit, et non d'une intelligence artificielle. Le fait de solliciter, de la part d'un logiciel, la rédaction intégrale d'un manuscrit à partir d'une simple idée fait perdre peut dissuader de nombreux auteurs qui consacrent leur temps à la rédaction d'une œuvre, et entraine un déséquilibre dans le traitement de faveur auquel ils ont légitimement droit. En conséquence, cet amendement exclura les œuvres majoritairement rédigées par un tiers artificiel de la TVA à taux réduit pour leur appliquer le taux commun de 20%.",1162,2024-10-17,,ia_calcul,/home/user/Operation_robespierre/Amendements/DLR5L17N50198/PRJLANR5L17B0324/AMANR5L17PO838901B0324P1D1N001168.json,Guiniot,Michel,Rassemblement National,RN,Oise
amendement,AMANR5L17PO838901B0324P1D1N000923,I-923,17,AN,PRJLANR5L17B0324,PA794810,PO845454,,Mme&#160;Morel,"I. – Au premier alinéa du k du II de l’article 244 quater B du code général des impôts, l’année : « 2024 » est remplacée par l’année : « 2027 ». II. – La perte de recettes pour l’État est compensée, à due concurrence, par la création d’une taxe additionnelle à l’accise sur les tabacs prévue au chapitre IV du titre I er du livre III du code des impositions sur les biens et services. III. – Le I n’est applicable qu’aux sommes venant en déduction de l’impôt dû.","L'article 244 quater B du code général des impôts prévoit un crédit d'impôt pour les petites et moyennes entreprises (PME) industrielles et commerciales ou agricoles qui réalisent certaines dépenses d'innovation. Ce crédit d'impôt, dit crédit d’impôt innovation (CII), est subordonné au respect du règlement (UE) n° 651/2014 de la Commission du 17 juin 2014 déclarant certaines catégories d'aides compatibles avec le marché intérieur en application des articles 107 et 108 du traité (Règlement général d’exemption par catégorie). Chaque année, près de 8 000 entreprises ont recours au CII pour développer leurs activités. Ce dispositif, qui est réservé au TPE et PME innovantes, complète le crédit d’impôt recherche (CIR) sur la période entre la phase de recherche et développement (R&amp;D), et la phase de pré-commercialisation, en permettant aux entreprises concernées de financer une partie des opérations de prototypage réalisées en vue de la commercialisation d’un produit nouveau sur le ",2323,2024-10-17,,ia_calcul,/home/user/Operation_robespierre/Amendements/DLR5L17N50198/PRJLANR5L17B0324/AMANR5L17PO838901B0324P1D1N000923.json,Morel,Louise,Les Démocrates,DEM,Bas-Rhin
amendement,AMANR5L17PO838901B0324P1D1N000412,I-412,17,AN,PRJLANR5L17B0324,PA793852,PO845401,,M.&#160;Meurin,"I. – Avant le dernier alinéa de l’article 278‑0 bis du code général des impôts, sont insérés deux alinéas ainsi rédigés : « N bis . – Les pièces de carrosserie, pièces mécaniques, composants électroniques et pneumatiques installés par un professionnel dans le cadre de travaux de réparation et de rénovation des véhicules automobiles, dans la mesure où ils sont issus de la réutilisation de composants de véhicules hors d’usage, visée à l’article R. 543‑155‑8 du code de l’environnement ; « N ter . –","Cet amendement vise à appliquer un taux de TVA réduit sur l'entretien et la réparation des véhicules pour les Français n'ayant pas les moyens de s'offrir une nouvelle voiture. Une voiture correctement entretenue est une véhicule qui pollue moins qu'une voiture identique ayant été mal entretenue. Aujourd'hui, alors que les Zones à Fortes Emissions-mobilités (ZFE) créent des Zones à fortes exclusions sociales, il parait essentiel que les Français qui n'ont pas les moyens de s'offrir un véhicule rejetant moins ou pas d'émissions polluantes puissent entretenir leur véhicule. De cette manière, ils contribueront à l'effort que tous font en faveur de la transition écologique. Cet amendement permet également de répondre à un objectif d'économie circulaire pour lutter contre une obsolescence programmée des voitures. Or, aujourd'hui, les réparateurs ne proposent que peu de pièces issues de l'économie circulaire, soit entre 3 et 5 % en valeur du marché de la pièce neuve. Par exemple, « le rechapa",2564,2024-10-16,,ia_calcul,/home/user/Operation_robespierre/Amendements/DLR5L17N50198/PRJLANR5L17B0324/AMANR5L17PO838901B0324P1D1N000412.json,Meurin,Pierre,Rassemblement National,RN,Gard
amendement,AMANR5L17PO838901B0324P2D1N001156,II-1156,17,AN,PRJLANR5L17B0324,PA841107,PO845419,PA793624|PA643143|PA606793|PA794094|PA841463|PA841381|PA608172|PA840665|PA642764|PA840829|PA342415|PA842211|PA841315|PA795762|PA608264|PA840903|PA841295|PA1008|PA793394|PA795430|PA841919|PA606573|PA841633|PA794854|PA842195|PA609332|PA841665|PA333285|PA840939|PA841539|PA331973|PA840171|PA1567|PA841471|PA842263|PA841813|PA841853|PA1654|PA643192|PA335054|PA795156|PA774958|PA840765|PA643157|PA840793|PA794270|PA607553|PA840955|PA841367|PA840673|PA342196|PA826635|PA841327|PA841717|PA341981|PA841243|PA774960|PA340343|PA841091|PA841681|PA841893|PA793816|PA719930|PA794494|PA720992,"M.&#160;Oberti,  M.&#160;Philippe&#160;Brun, M.&#160;Baptiste, M.&#160;Baumel, M.&#160;Bouloux, Mme&#160;Mercier, Mme&#160;Pantel, Mme&#160;Pir&#232;s&#160;Beaune, Mme&#160;Allemand, M.&#160;Aviragnet, M.&#160;Barusseau, Mme&#160;Battistel, Mme&#160;Bellay, M.&#160;Benbrahim, M.&#160;Califer, Mme&#160;Capdevielle, M.&#160;Christophle, M.&#160;Courbon, M.&#160;David, M.&#160;Delaporte, M.&#160;Delautrette, Mme&#160;Diop, Mme&#160;Dombre&#160;Coste, M.&#160;Dufau, M.&#160;Echaniz, M.&#160;Eskenazi, M.&#160;Faure, M.&#160;F&#233;gn&#233;, M.&#160;Garot, Mme&#160;Godard, M.&#160;Gokel, Mme&#160;Got, M.&#160;Emmanuel&#160;Gr&#233;goire, M.&#160;Guedj, M.&#160;Hablot, Mme&#160;Hadizadeh, Mme&#160;Herouin-L&#233;autey, Mme&#160;C&#233;line&#160;Hervieu, M.&#160;Hollande, Mme&#160;Jourdan, Mme&#160;Karamanli, Mme&#160;Keloua&#160;Hachi, M.&#160;Leseul, M.&#160;Lhardit, M.&#160;Naillet, M.&#160;Pena, Mme&#160;Pic, M.&#160;Potier, M.&#160;Pribetich, M.&#160;Proen&#231;a, Mme&#160;Rossi, Mme&#160;Rouaux, M.&#160;Aur&#233;lien&#160;Rousseau, M.&#160;Roussel, Mme&#160;Runel, Mme&#160;R&#233;calde, M.&#160;Saint-Pasteur, Mme&#160;Santiago, M.&#160;Saulignac, M.&#160;Simion, M.&#160;Sother, Mme&#160;Thi&#233;bault-Martinez, Mme&#160;Thomin, M.&#160;Vallaud, M.&#160;Vicot, M.&#160;William et les membres du groupe Socialistes et apparent&#233;s","Dans un délai de trois mois à compter de la promulgation de la présente loi, le Gouvernement remet au Parlement un rapport sur les impositions forfaitaires des entreprises de réseaux sur les stations radioélectriques et sur les répartiteurs principaux de la boucle locale cuivre et des réseaux de communications électroniques en fibre optique et en câble coaxial. Le rapport présente un bilan de l’évolution des recettes dégagées et du nombre de redevables concernés ainsi que de l’impact des disposi","Par cet amendement, il est demandé au Gouvernement une évaluation des impacts des IFER dits “fixe” et “mobile”, appliquée aux antennes radioélectriques ainsi qu’aux répartiteurs principaux de la boucle locale cuivre, aux points de mutualisation des réseaux de communications électroniques et nœuds de raccordement optique des réseaux de communications électroniques en fibre optique avec terminaison en câble coaxial. Depuis la création des IFER mobile et fixe, le nombre de stations radioélectriques et d'autres infrastructures télécoms a augmenté en raison de l’expansion des réseaux mobiles et fibre optique. Toutefois, il n'existe, à ce jour, aucun rapport détaillé retraçant l'impact de ces évolutions sur les recettes dégagées par ces impôts. De fait, alors que l'IFER suscite des débats entre, d'une part, les collectivités territoriales qui dépendent de ces recettes, et d'autre part, les opérateurs de télécommunication qui considèrent cette taxe trop lourde, il est devenu urgent de pouvoir",2722,2024-11-04,,data_center,/home/user/Operation_robespierre/Amendements/DLR5L17N50198/PRJLANR5L17B0324/AMANR5L17PO838901B0324P2D1N001156.json,Oberti,Jacques,Socialistes et apparentés,SOC,Haute-Garonne
amendement,AMANR5L17PO838901B0324P2D1N003174,II-3174,17,AN,PRJLANR5L17B0324,PA791824,PO845413,PA795228|PA793262|PA794906|PA794138|PA795588|PA795084|PA842105|PA841657|PA720430|PA793772|PA795616|PA793444|PA794938|PA795318|PA841023|PA796090|PA793912|PA842187|PA842037|PA791812|PA793736|PA721202|PA795136|PA793464|PA842155|PA795200|PA795844|PA841251|PA794786|PA794870|PA796070|PA795310|PA794478|PA841947|PA794082|PA794130|PA720846|PA841729|PA795516|PA841515|PA795672|PA795108|PA795298|PA842029|PA793532|PA795746|PA342384|PA795422|PA794686|PA841215|PA795482|PA610654|PA841191|PA721960|PA793872|PA720892|PA817211|PA793756|PA796062|PA719578|PA721062|PA841845|PA795982|PA795466|PA793744|PA720952|PA794106|PA794166|PA795164|PA795596,"Mme&#160;Legrain,  Mme&#160;Abomangoli, M.&#160;Alexandre, M.&#160;Amard, Mme&#160;Amiot, Mme&#160;Amrani, M.&#160;Arenas, M.&#160;Arnault, Mme&#160;Belouassa-Cherifi, M.&#160;Bernalicis, M.&#160;Bex, M.&#160;Bilongo, M.&#160;Bompard, M.&#160;Boumertit, M.&#160;Boyard, M.&#160;Cadalen, M.&#160;Caron, M.&#160;Carri&#232;re, Mme&#160;Cathala, M.&#160;Cernon, Mme&#160;Chikirou, M.&#160;Clouet, M.&#160;Coquerel, M.&#160;Coulomme, M.&#160;Delogu, M.&#160;Diouara, Mme&#160;Dufour, Mme&#160;Erodi, Mme&#160;Feld, M.&#160;Fernandes, Mme&#160;Ferrer, M.&#160;Gaillard, Mme&#160;Guett&#233;, M.&#160;Guiraud, Mme&#160;Hamdane, Mme&#160;Hignet, M.&#160;Kerbrat, M.&#160;Lachaud, M.&#160;Lahmar, M.&#160;Laisney, M.&#160;Le&#160;Coq, M.&#160;Le&#160;Gall, Mme&#160;Leboucher, M.&#160;Legavre, Mme&#160;Lejeune, Mme&#160;Lepvraud, M.&#160;L&#233;aument, Mme&#160;&#201;lisa&#160;Martin, M.&#160;Maudet, Mme&#160;Maximi, Mme&#160;Mesmeur, Mme&#160;Manon&#160;Meunier, M.&#160;Nilor, Mme&#160;Nosb&#233;, Mme&#160;Obono, Mme&#160;Oziol, Mme&#160;Panot, M.&#160;Pilato, M.&#160;Piquemal, M.&#160;Portes, M.&#160;Prud&apos;homme, M.&#160;Ratenon, M.&#160;Saint-Martin, M.&#160;Saintoul, Mme&#160;Soudais, Mme&#160;Stambach-Terrenoir, M.&#160;Tach&#233;, Mme&#160;Taurinya, M.&#160;Tavel, Mme&#160;Trouv&#233; et M.&#160;Vannier",,"Par cet amendement d'appel du groupe LFI-NFP, nous souhaitons alerter le Gouvernement sur la précarité économique structurelle des artistes-auteurs et la nécessité de mettre en place un revenu de remplacement afin de leur permettre d'y faire face. Les artistes-auteurs sont des actrices et des acteurs essentiels de la vie culturelle, artistique et intellectuelle de notre pays. Néanmoins, la nature même du travail des artistes-auteurs - qui ne sont pas rémunérés directement pour leur travail en tant que tel, mais par l'exploitation de leurs oeuvres par des ""diffuseurs"", qui leur reverse une part plus ou moins juste des revenus ainsi générés - les fait vivre dans une précarité économique structurelle. Par ailleurs, avec l'irruption de l'intelligence artificielle dans le domaine de la culture, les faibles revenus que touchent la très grande majorité d'entre eux sont même menacés : le 27 septembre dernier, un rapport présenté par l'ADAGP et la SGDL (organismes professionnels de collecte des",3222,2024-11-08,,ia_calcul,/home/user/Operation_robespierre/Amendements/DLR5L17N50198/PRJLANR5L17B0324/AMANR5L17PO838901B0324P2D1N003174.json,Legrain,Sarah,La France insoumise - Nouveau Front Populaire,LFI-NFP,Paris
amendement,AMANR5L17PO838901B0324P2D1N003182,II-3182,17,AN,PRJLANR5L17B0324,PA791824,PO845413,PA795228|PA793262|PA794906|PA794138|PA795588|PA795084|PA842105|PA841657|PA720430|PA793772|PA795616|PA793444|PA794938|PA795318|PA841023|PA796090|PA793912|PA842187|PA842037|PA791812|PA793736|PA721202|PA795136|PA793464|PA842155|PA795200|PA795844|PA841251|PA794786|PA794870|PA796070|PA795310|PA794478|PA841947|PA794082|PA794130|PA720846|PA841729|PA795516|PA841515|PA795672|PA795108|PA795298|PA842029|PA793532|PA795746|PA342384|PA795422|PA794686|PA841215|PA795482|PA610654|PA841191|PA721960|PA793872|PA720892|PA817211|PA793756|PA796062|PA719578|PA721062|PA841845|PA795982|PA795466|PA793744|PA720952|PA794106|PA794166|PA795164|PA795596,"Mme&#160;Legrain,  Mme&#160;Abomangoli, M.&#160;Alexandre, M.&#160;Amard, Mme&#160;Amiot, Mme&#160;Amrani, M.&#160;Arenas, M.&#160;Arnault, Mme&#160;Belouassa-Cherifi, M.&#160;Bernalicis, M.&#160;Bex, M.&#160;Bilongo, M.&#160;Bompard, M.&#160;Boumertit, M.&#160;Boyard, M.&#160;Cadalen, M.&#160;Caron, M.&#160;Carri&#232;re, Mme&#160;Cathala, M.&#160;Cernon, Mme&#160;Chikirou, M.&#160;Clouet, M.&#160;Coquerel, M.&#160;Coulomme, M.&#160;Delogu, M.&#160;Diouara, Mme&#160;Dufour, Mme&#160;Erodi, Mme&#160;Feld, M.&#160;Fernandes, Mme&#160;Ferrer, M.&#160;Gaillard, Mme&#160;Guett&#233;, M.&#160;Guiraud, Mme&#160;Hamdane, Mme&#160;Hignet, M.&#160;Kerbrat, M.&#160;Lachaud, M.&#160;Lahmar, M.&#160;Laisney, M.&#160;Le&#160;Coq, M.&#160;Le&#160;Gall, Mme&#160;Leboucher, M.&#160;Legavre, Mme&#160;Lejeune, Mme&#160;Lepvraud, M.&#160;L&#233;aument, Mme&#160;&#201;lisa&#160;Martin, M.&#160;Maudet, Mme&#160;Maximi, Mme&#160;Mesmeur, Mme&#160;Manon&#160;Meunier, M.&#160;Nilor, Mme&#160;Nosb&#233;, Mme&#160;Obono, Mme&#160;Oziol, Mme&#160;Panot, M.&#160;Pilato, M.&#160;Piquemal, M.&#160;Portes, M.&#160;Prud&apos;homme, M.&#160;Ratenon, M.&#160;Saint-Martin, M.&#160;Saintoul, Mme&#160;Soudais, Mme&#160;Stambach-Terrenoir, M.&#160;Tach&#233;, Mme&#160;Taurinya, M.&#160;Tavel, Mme&#160;Trouv&#233; et M.&#160;Vannier",,"Par cet amendement de repli du groupe LFI-NFP, nous souhaitons dénoncer à nouveau le niveau prévu de financement du Fonds national pour l’emploi dans le spectacle (FONPEPS) dans le PLF 2025. Destiné aux entreprises du spectacle vivant et enregistré ainsi qu’aux artistes et techniciens qu’elles emploient, les aides, primes et subventions portées par ce fonds ont vocation à agir directement sur la création d’emplois pérennes (par exemple, avec le développement d’emplois nouveaux avec le GIP Cafés-Cultures). Or, malgré son utilité, les montants alloués à ce fond sont largement insuffisants pour faire face aux besoins et à la précarité des travailleurs du spectacle vivant, dont les revenus restent très variables et sont structurellement menacés par l'arrivée de l'intelligence artificielle dans le domaine de la culture. Le 27 septembre dernier, un rapport présenté par l'ADAGP et la SGDL (organismes professionnels de collecte des revenus issus des droits d'auteurs) souligne que 16 % des arti",1881,2024-11-08,,ia_calcul,/home/user/Operation_robespierre/Amendements/DLR5L17N50198/PRJLANR5L17B0324/AMANR5L17PO838901B0324P2D1N003182.json,Legrain,Sarah,La France insoumise - Nouveau Front Populaire,LFI-NFP,Paris
amendement,AMANR5L17PO59046B0324P2D1N000107,II-DN107,17,CION_DEF,PRJLANR5L17B0324,PA841243,PO845419,PA794270|PA333285|PA341981|PA826635|PA774960|PA841681|PA719930,"M.&#160;Saint-Pasteur,  Mme&#160;Pic, M.&#160;Garot, Mme&#160;R&#233;calde, M.&#160;Aur&#233;lien&#160;Rousseau, Mme&#160;Santiago, M.&#160;Sother et M.&#160;Vallaud","Dans un délai de douze mois à compter de la promulgation de la présente loi, le Gouvernement remet au Parlement un rapport sur les coûts engendrés par les développements de technologies et matériels innovants liés aux nouveaux espaces de conflictualité.","Cet amendement du groupe Socialistes et apparentés vise à demander un rapport sur les coûts de développement des matériels et technologies innovants adaptés aux nouveaux espaces de conflictualité. Ce rapport différenciera bien les trois nouveaux espaces que sont le spatial, les fonds marins et le cyber. Ce dernier nécessite le développement de technologies innovantes spécifiques pour que la France puisse assurer sa supériorité dans le domaine cyber qui mêle des puissances militaires et des acteurs majeurs de l’économie et de la criminalité organisée. Ainsi, et conformément au chapitre II de la Loi de Programmation Militaire (LPM) 2024-2030 relative au contrôle parlementaire de l’exécution de la LPM, il paraît nécessaire d'évaluer les avancées et les coûts de ces innovations pour établir une stratégie militaire et mieux cibler les futurs besoins en matière de cyber. Ce rapport contribuera donc à établir une stratégie opérationnelle pour que la France ait l’ascendant militaire dans le cy",1341,2024-10-26,,ia_calcul,/home/user/Operation_robespierre/Amendements/DLR5L17N50198/PRJLANR5L17B0324/AMANR5L17PO59046B0324P2D1N000107.json,Saint-Pasteur,Sébastien,Socialistes et apparentés,SOC,Gironde
amendement,AMANR5L17PO838901B0324P1D1N000736,I-736,17,AN,PRJLANR5L17B0324,PA718838,PO845425,PA266808|PA266793|PA607090|PA719272|PA719968|PA718850|PA330909|PA721442|PA840979,"M.&#160;Fabrice&#160;Brun,  M.&#160;Rolland, M.&#160;Bony, M.&#160;Jean-Pierre&#160;Vigier, Mme&#160;Fr&#233;d&#233;rique&#160;Meunier, Mme&#160;Sylvie&#160;Bonnet, M.&#160;Cordier, M.&#160;Descoeur, Mme&#160;Petex et M.&#160;Le&#160;Fur","À la fin du 2° de l’article L. 453‑70 du code des impositions sur les biens et services, le taux : « 3 % » est remplacé par le taux : « 4 % ».","Amendement de repli. La situation des finances publiques est très inquiétante. En 2024, le déficit public devrait frôler les 6 % du produit intérieur brut, la dette atteindre 3 200 milliards d’euros, avec des déficits du budget de l’État et du commerce extérieur records. La France doit ainsi impérativement réduire son déficit public et sa dette, sans pour autant augmenter les impôts de ceux qui travaillent et ont travaillé toute leur vie. Dans la recherche d’une plus grande justice fiscale, cet amendement vise à relever le taux de la taxe sur les services numériques, dite taxe GAFAM, de 3 à 4 %.",745,2024-10-17,,souverainete_numerique,/home/user/Operation_robespierre/Amendements/DLR5L17N50198/PRJLANR5L17B0324/AMANR5L17PO838901B0324P1D1N000736.json,Brun,Fabrice,Droite Républicaine,DR,Ardèche
amendement,AMANR5L17PO59048B0324P2D1N002962,II-CF2962,17,CION_FIN,PRJLANR5L17B0324,PA719118,PO845407,PA840135|PA840915|PA841553|PA793290|PA793892|PA841981|PA841439|PA841873|PA796042|PA793548|PA794598|PA796034|PA840857|PA794418|PA840781|PA796118|PA841645|PA720822|PA720668|PA841487|PA841131|PA793182|PA793134|PA720468|PA795644|PA642988|PA793166|PA793928|PA793146|PA841621|PA840143|PA840801|PA794678|PA841139|PA841737|PA841605|PA793362|PA840757|PA841451|PA841749|PA840869|PA795912|PA841837|PA796026|PA840967|PA793672|PA795974|PA841563|PA841825|PA794770|PA793314|PA793330|PA793616|PA719436|PA794322|PA793696|PA794582|PA793656|PA795966|PA794442|PA841777|PA796050|PA794502|PA794946|PA841479|PA793432,"M.&#160;Cormier-Bouligeon, rapporteur pour avis au nom de la commission de la d&#233;fense nationale et des forces arm&#233;es,  M.&#160;Dufosset, M.&#160;Monnier, M.&#160;Tesson, Mme&#160;Lelouis, Mme&#160;Galzy, Mme&#160;Rimbert, M.&#160;Jenft, M.&#160;Limongi, M.&#160;Boccaletti, Mme&#160;Colombier, M.&#160;Jacobelli, M.&#160;Giletti, Mme&#160;Lechon, Mme&#160;Florence&#160;Goulet, M.&#160;Tonussi, Mme&#160;Auzanot, M.&#160;Bernhardt, M.&#160;Bilde, M.&#160;Blairy, M.&#160;Boulogne, Mme&#160;Bouquin, M.&#160;Bovet, M.&#160;Buisson, M.&#160;Chenu, Mme&#160;Da&#160;Conceicao&#160;Carvalho, M.&#160;de&#160;L&#233;pinau, M.&#160;Dessigny, Mme&#160;Diaz, M.&#160;Dragon, M.&#160;Evrard, M.&#160;Florquin, M.&#160;Fouquart, M.&#160;Frapp&#233;, M.&#160;Gabarron, M.&#160;Gery, M.&#160;Golliot, M.&#160;Gonzalez, Mme&#160;Griseti, M.&#160;Guibert, Mme&#160;Joncour, Mme&#160;Joubert, Mme&#160;Lavalette, M.&#160;Le&#160;Bourgeois, Mme&#160;Lechanteux, M.&#160;Lioret, Mme&#160;Loir, M.&#160;Lottiaux, Mme&#160;Marais-Beuil, M.&#160;Patrice&#160;Martin, Mme&#160;Martinez, Mme&#160;Alexandra&#160;Masson, M.&#160;Bryan&#160;Masson, M.&#160;Mauvieux, M.&#160;Meizonnet, M.&#160;M&#233;nag&#233;, M.&#160;Muller, M.&#160;Pfeffer, Mme&#160;Pollet, M.&#160;Rambaud, Mme&#160;Robert-Dehault, M.&#160;Sanvert, M.&#160;Schreck, M.&#160;Taverne, M.&#160;Villedieu, M.&#160;Weber et M.&#160;Allisio",,"Cet amendement vise à accélérer et amplifier le développement du quantique militaire. Réduire l’incertitude : tel est l’un des objectifs des stratèges et tacticiens militaires. Pour l’atteindre, les technologies quantiques représentent une ressource très prometteuse, notamment parce qu’elles recèlent une puissance de calcul inédite. C’est un avantage-clé dans les domaines de la cryptographie (cyberguerre), de l’ISTAR (renseignement, surveillance, acquisition de cibles et reconnaissance), de la conception des matériels, de l’optimisation des chaînes d’approvisionnement, ainsi que pour l’efficacité des systèmes de frappe et de défense, d’une part, de commandement et de contrôle, d’autre part. La maîtrise de ces technologies est en soi un enjeu stratégique qui mobilise les grandes puissances comme la Chine ou les Etats-Unis : les moyens qu’y consacrent ces dernières croissent chaque année de manière exponentielle (25% par an prévus pour la période 2024-2035). La France est déjà alignée su",1903,2024-10-30,,ia_calcul,/home/user/Operation_robespierre/Amendements/DLR5L17N50198/PRJLANR5L17B0324/AMANR5L17PO59048B0324P2D1N002962.json,Cormier-Bouligeon,François,Ensemble pour la République,EPR,Cher
amendement,AMANR5L17PO838901B0324P1D1N000924,I-924,17,AN,PRJLANR5L17B0324,PA794810,PO845454,,Mme&#160;Morel,Le j du II de l’article 244 quater B du code général des impôts est abrogé.,"Le présent amendement vise à exclure la veille technologique des dépenses éligibles au crédit d’impôt recherche (CIR). Il s’agit des dépenses liées à l’abonnement à des revues scientifiques, l’achat d’études technologiques ou la participation à des congrès scientifiques pour suivre les avancées de l’état de l’art liées à des travaux de recherche. Les activités de veille technologique ne font pas partie des activités de R&amp;D en tant que telles, mais sont éligibles au CIR dans la limite de 60 000 euros par an dès lors qu’elles sont concomitantes à la réalisation d’opérations de R&amp;D. Dans la course aux technologies comme l’intelligence artificielle, la veille technologique peut constituer un atout pour les TPE et PME qui souhaitent rester à la pointe de l’innovation. Il s’agit toutefois d’un poste de dépenses pouvant être davantage supporté par l’entreprise que d’autres dépenses éligibles au CIR (dépenses de R&amp;D, de personnel, etc.) D’après le Conseil des prélèvements obli",1273,2024-10-17,,ia_calcul,/home/user/Operation_robespierre/Amendements/DLR5L17N50198/PRJLANR5L17B0324/AMANR5L17PO838901B0324P1D1N000924.json,Morel,Louise,Les Démocrates,DEM,Bas-Rhin
amendement,AMANR5L17PO59051B0324P2D1N000135,II-CL135,17,CION_LOIS,PRJLANR5L17B0324,PA342384,PO845413,PA795228|PA793262|PA794906|PA794138|PA795588|PA795084|PA842105|PA841657|PA720430|PA793772|PA795616|PA793444|PA794938|PA795318|PA841023|PA796090|PA793912|PA842187|PA842037|PA791812|PA793736|PA721202|PA795136|PA793464|PA842155|PA795200|PA795844|PA841251|PA794786|PA794870|PA796070|PA795310|PA794478|PA841947|PA794082|PA794130|PA720846|PA841729|PA795516|PA841515|PA795672|PA795108|PA795298|PA791824|PA842029|PA793532|PA795746|PA795422|PA794686|PA841215|PA795482|PA610654|PA841191|PA721960|PA793872|PA720892|PA817211|PA793756|PA796062|PA719578|PA721062|PA841845|PA795982|PA795466|PA793744|PA720952|PA794106|PA794166|PA795164|PA795596,"Mme&#160;&#201;lisa&#160;Martin,  Mme&#160;Abomangoli, M.&#160;Alexandre, M.&#160;Amard, Mme&#160;Amiot, Mme&#160;Amrani, M.&#160;Arenas, M.&#160;Arnault, Mme&#160;Belouassa-Cherifi, M.&#160;Bernalicis, M.&#160;Bex, M.&#160;Bilongo, M.&#160;Bompard, M.&#160;Boumertit, M.&#160;Boyard, M.&#160;Cadalen, M.&#160;Caron, M.&#160;Carri&#232;re, Mme&#160;Cathala, M.&#160;Cernon, Mme&#160;Chikirou, M.&#160;Clouet, M.&#160;Coquerel, M.&#160;Coulomme, M.&#160;Delogu, M.&#160;Diouara, Mme&#160;Dufour, Mme&#160;Erodi, Mme&#160;Feld, M.&#160;Fernandes, Mme&#160;Ferrer, M.&#160;Gaillard, Mme&#160;Guett&#233;, M.&#160;Guiraud, Mme&#160;Hamdane, Mme&#160;Hignet, M.&#160;Kerbrat, M.&#160;Lachaud, M.&#160;Lahmar, M.&#160;Laisney, M.&#160;Le&#160;Coq, M.&#160;Le&#160;Gall, Mme&#160;Leboucher, M.&#160;Legavre, Mme&#160;Legrain, Mme&#160;Lejeune, Mme&#160;Lepvraud, M.&#160;L&#233;aument, M.&#160;Maudet, Mme&#160;Maximi, Mme&#160;Mesmeur, Mme&#160;Manon&#160;Meunier, M.&#160;Nilor, Mme&#160;Nosb&#233;, Mme&#160;Obono, Mme&#160;Oziol, Mme&#160;Panot, M.&#160;Pilato, M.&#160;Piquemal, M.&#160;Portes, M.&#160;Prud&apos;homme, M.&#160;Ratenon, M.&#160;Saint-Martin, M.&#160;Saintoul, Mme&#160;Soudais, Mme&#160;Stambach-Terrenoir, M.&#160;Tach&#233;, Mme&#160;Taurinya, M.&#160;Tavel, Mme&#160;Trouv&#233; et M.&#160;Vannier",,"Le déroulement des dernières élections a mis en exergue de nombreuses difficultés qui obèrent, de fait, la possibilité pour nos concitoyen.nes d’exercer l’un de leur droit fondamental en démocratie : voter. Entre l’impossibilité ou la difficulté pour nombre d’entre elles et eux de s’inscrire sur les listes électorales et une distribution de la propagande souvent parcellaire, l’Etat porte une lourde responsabilité. Pourtant, les crédits au programme 232 - Vie politique représente seulement 2% des crédits totaux alloués à la mission AGTE. Ils sont les seuls à connaitre une baisse de toute la mission par rapport à la LFI 2024 (-61% en crédits de paiement). Son action 02 - Organisation des élections se chiffre désormais à 23 millions d'euros, contre plus de 180 millions d'euros en CP en LFI 2024 ! Si ces baisses drastiques peuvent s'expliquer par le fait qu'aucune élection nationale n'est prévue en 2025, elles laissent perplexes lorsque l'on envisage la possibilité d'élections anticipées. ",5058,2024-10-18,,cloud,/home/user/Operation_robespierre/Amendements/DLR5L17N50198/PRJLANR5L17B0324/AMANR5L17PO59051B0324P2D1N000135.json,Martin,Élisa,La France insoumise - Nouveau Front Populaire,LFI-NFP,Isère
amendement,AMANR5L17PO838901B0324P2D1N001100,II-1100,17,AN,PRJLANR5L17B0324,PA795298,PO845413,PA795228|PA793262|PA794906|PA794138|PA795588|PA795084|PA842105|PA841657|PA720430|PA793772|PA795616|PA793444|PA794938|PA795318|PA841023|PA796090|PA793912|PA842187|PA842037|PA791812|PA793736|PA721202|PA795136|PA793464|PA842155|PA795200|PA795844|PA841251|PA794786|PA794870|PA796070|PA795310|PA794478|PA841947|PA794082|PA794130|PA720846|PA841729|PA795516|PA841515|PA795672|PA795108|PA791824|PA842029|PA793532|PA795746|PA342384|PA795422|PA794686|PA841215|PA795482|PA610654|PA841191|PA721960|PA793872|PA720892|PA817211|PA793756|PA796062|PA719578|PA721062|PA841845|PA795982|PA795466|PA793744|PA720952|PA794106|PA794166|PA795164|PA795596,"M.&#160;Legavre,  Mme&#160;Abomangoli, M.&#160;Alexandre, M.&#160;Amard, Mme&#160;Amiot, Mme&#160;Amrani, M.&#160;Arenas, M.&#160;Arnault, Mme&#160;Belouassa-Cherifi, M.&#160;Bernalicis, M.&#160;Bex, M.&#160;Bilongo, M.&#160;Bompard, M.&#160;Boumertit, M.&#160;Boyard, M.&#160;Cadalen, M.&#160;Caron, M.&#160;Carri&#232;re, Mme&#160;Cathala, M.&#160;Cernon, Mme&#160;Chikirou, M.&#160;Clouet, M.&#160;Coquerel, M.&#160;Coulomme, M.&#160;Delogu, M.&#160;Diouara, Mme&#160;Dufour, Mme&#160;Erodi, Mme&#160;Feld, M.&#160;Fernandes, Mme&#160;Ferrer, M.&#160;Gaillard, Mme&#160;Guett&#233;, M.&#160;Guiraud, Mme&#160;Hamdane, Mme&#160;Hignet, M.&#160;Kerbrat, M.&#160;Lachaud, M.&#160;Lahmar, M.&#160;Laisney, M.&#160;Le&#160;Coq, M.&#160;Le&#160;Gall, Mme&#160;Leboucher, Mme&#160;Legrain, Mme&#160;Lejeune, Mme&#160;Lepvraud, M.&#160;L&#233;aument, Mme&#160;&#201;lisa&#160;Martin, M.&#160;Maudet, Mme&#160;Maximi, Mme&#160;Mesmeur, Mme&#160;Manon&#160;Meunier, M.&#160;Nilor, Mme&#160;Nosb&#233;, Mme&#160;Obono, Mme&#160;Oziol, Mme&#160;Panot, M.&#160;Pilato, M.&#160;Piquemal, M.&#160;Portes, M.&#160;Prud&apos;homme, M.&#160;Ratenon, M.&#160;Saint-Martin, M.&#160;Saintoul, Mme&#160;Soudais, Mme&#160;Stambach-Terrenoir, M.&#160;Tach&#233;, Mme&#160;Taurinya, M.&#160;Tavel, Mme&#160;Trouv&#233; et M.&#160;Vannier",,"Cet amendement du groupe LFI-NFP vise à amorcer un plan massif de recrutement d'agents de la DGFiP, afin de créer service d'expertise dédié à l'étude des schémas de fraude et d'optimisation agressive qui alimenterait les paramètres des outils de data mining, tout en amplifiant le travail de lutte contre l'évasion réalisé par des analystes. L'intelligence artificielle utilisée de manière croissante par la DGFiP pour repérer les situations de fraude est un outil intéressant mais encore largement imparfait, son développement ne doit donc surtout pas être synonyme d'une baisse des effectifs humains responsables de la lutte contre la fraude et l'évasion fiscales. En tout état de cause, l'IA ne peut remplacer le travail humain des agents de la DGFiP. Surtout, ce système a besoin de données fiables pour progresser et s'améliorer. C'est pourquoi la DGFiP a besoin de mettre en place un service d'expertise dédié à l'étude des dernières « innovations » des fraudeurs ou de leurs intermédiaires en ",2720,2024-11-04,,ia_calcul,/home/user/Operation_robespierre/Amendements/DLR5L17N50198/PRJLANR5L17B0324/AMANR5L17PO838901B0324P2D1N001100.json,Legavre,Jérôme,La France insoumise - Nouveau Front Populaire,LFI-NFP,Seine-Saint-Denis
amendement,AMANR5L17PO838901B0324P2D1N001211,II-1211,17,AN,PRJLANR5L17B0324,PA796018,PO845439,PA610968|PA793780|PA588884|PA841701|PA795362|PA795454|PA840997|PA841885|PA841507|PA794008|PA721210|PA793452|PA841351|PA793980|PA795010|PA841419|PA842013|PA840947|PA794022|PA794146|PA841223|PA795636|PA842045|PA793708|PA793664|PA794154|PA794778|PA795076|PA722142|PA610002|PA795808|PA736201|PA841713|PA793948|PA2940,"Mme&#160;Simonnet,  M.&#160;Amirshahi, Mme&#160;Arrighi, Mme&#160;Autain, Mme&#160;Balage&#160;El&#160;Mariky, Mme&#160;Belluco, M.&#160;Ben&#160;Cheikh, M.&#160;Biteau, M.&#160;Arnaud&#160;Bonnet, M.&#160;Nicolas&#160;Bonnet, Mme&#160;Chatelain, M.&#160;Corbi&#232;re, M.&#160;Davi, M.&#160;Duplessy, M.&#160;Fournier, Mme&#160;Garin, M.&#160;Damien&#160;Girard, M.&#160;Gustave, Mme&#160;Catherine&#160;Hervieu, M.&#160;Iordanoff, Mme&#160;Laernoes, M.&#160;Lahais, M.&#160;Lucas-Lundy, Mme&#160;Ozenne, M.&#160;Peytavie, Mme&#160;Pochon, M.&#160;Raux, Mme&#160;Regol, Mme&#160;Sandrine&#160;Rousseau, M.&#160;Ruffin, Mme&#160;Sas, Mme&#160;Sebaihi, Mme&#160;Taill&#233;-Polian, M.&#160;Tavernier, M.&#160;Thierry et Mme&#160;Voynet",,"Par cet amendement, nous proposons de revenir sur les suppressions de postes à la Direction générale des finances publiques qui ont été justifiées par le recours à l’”intelligence artificielle” (IA) dans le contrôle fiscal. En effet, si l’intelligence artificielle peut éventuellement être un outil à mobiliser dans le contrôle fiscal, elle ne doit pas remplacer le contrôle humain. En effet, actuellement, 50% du contrôle fiscal est fait par IA, mais cela ne correspond qu’à 14% des droits notifiés. Ainsi, sans aucune évaluation de cet outil, il est utilisé pour remplacer des postes d’agents qui ont pourtant une expertise reconnue. Il semble donc nécessaire de rétablir les postes supprimés de ce fait, et de mettre en place un principe de non-recours à l’IA sans un contrôle humain. Ces créations de postes auront pour conséquence des recettes plus importantes que les dépenses engendrées, car elles permettront une plus grande efficacité dans le contrôle fiscal. Pour des raisons de recevabilit",1831,2024-11-04,,ia_calcul,/home/user/Operation_robespierre/Amendements/DLR5L17N50198/PRJLANR5L17B0324/AMANR5L17PO838901B0324P2D1N001211.json,Simonnet,Danielle,Écologiste et Social,ECOS,Paris
amendement,AMANR5L17PO419865B0324P2D1N000064,II-CD64,17,CION-DVP,PRJLANR5L17B0324,PA720668,PO845401,PA793238|PA841131|PA841761|PA841451|PA793632|PA842085|PA796026|PA841587|PA794530|PA840837|PA793852|PA794894|PA841575,"M.&#160;Blairy,  M.&#160;Barth&#232;s, Mme&#160;Bouquin, M.&#160;Dutremble, M.&#160;Guibert, M.&#160;Houssin, M.&#160;Humbert, Mme&#160;Lechanteux, M.&#160;David&#160;Magnier, M.&#160;Marchio, M.&#160;Markowsky, M.&#160;Meurin, Mme&#160;Sabatini et M.&#160;Vos",,"Transférer 2 000 000 en AE et en CP : - du programme 217 conduite et pilotage des politiques de l’écologie, du développement et de la mobilité durables, action 25. CNDP - vers le programme 159 Expertise, information géographique et météorologique, action 13 météorologie Après plusieurs années de baisse des budgets de Météo France, il convient de redonner des marges de manœuvre à cet EPA pour lui permettre de continuer à délivrer un service de qualité. La mission d’information de Météo France concourt non seulement à l’information des citoyens et des acteurs économiques (agriculteurs, pêcheurs, transporteurs…) mais également à garantir la sécurité des biens et des personnes. Dans ce métier, l’anticipation et la prévision sont clé, et nécessitent des équipements à la pointe de la technologie. Aujourd’hui, l’établissement doit faire face aux défis du changement climatique, du renouvellement des supercalculateurs et de l’intelligence artificielle. Faute de soutien, c’est un pan de souverai",1127,2024-10-18,,ia_calcul,/home/user/Operation_robespierre/Amendements/DLR5L17N50198/PRJLANR5L17B0324/AMANR5L17PO419865B0324P2D1N000064.json,Blairy,Emmanuel,Rassemblement National,RN,Pas-de-Calais
amendement,AMANR5L17PO838901B0324P2D1N000934,II-934,17,AN,PRJLANR5L17B0324,PA608826,PO845425,,Mme&#160;Duby-Muller,,"Cet amendement de crédits vise à revaloriser l’aide au poste en association intermédiaire (AI), en la passant de 1 588 euros à 3 176 euros, pour un montant total de 30 millions d’euros. L’Association intermédiaire se présente comme un employeur d’insertion qui assure l’accueil dynamique d’un public diversifié et construit un projet professionnel sur mesure adapté aux besoins des salariés. L’impressionnant maillage territorial qu’elles tissent font d’elles, bien souvent, les seules structures présentes dans les territoires déprimés économiquement. Elles assurent donc un rôle essentiel de créateur de lien social, d’accueil, d’écoute, d’accompagnement socio-professionnel et d’orientation : en bref, un quasi-service public de l’emploi. C’est d’ailleurs bien dans cette optique là que le directeur général de France Travail, Thibault Guilluy, a largement souligné le rôle des AI dans la bonne réussite de la réforme France Travail. Pourtant paradoxalement les AI sont de très loin le dispositif ",2274,2024-11-01,,ia_calcul,/home/user/Operation_robespierre/Amendements/DLR5L17N50198/PRJLANR5L17B0324/AMANR5L17PO838901B0324P2D1N000934.json,Duby-Muller,Virginie,Droite Républicaine,DR,Haute-Savoie
amendement,AMANR5L17PO838901B0324P2D1N000089,II-89,17,AN,PRJLANR5L17B0324,PA794658,PO845407,,M.&#160;Fait,,"Le présent amendement a pour objet le maintien du Fonds de Développement de l’Inclusion (FDI) pour un montant total de 40 000 000 euros. Le FDI est destiné à soutenir et développer les Structures d’insertion par l’activité économique (SIAE) : Ateliers Chantier d’Insertion (ACI), Associations Intermédiaires (AI), Entreprises d’Insertion (EI), Entreprises de Travail Temporaire d’Insertion (ETTI), Entreprises d’insertion par le Travail Indépendant (EITI). A ce titre, il peut être mobilisé pour différents types d’actions : aide au démarrage d’une structure nouvelle ; aide au développement, à l’adaptation et à la diversification des activités ; aide à l’appui - conseil ; aide à la professionnalisation ; évaluation / expérimentation ; aide exceptionnelle à la consolidation financière. Or, aucune dotation n’est prévue au titre du FDI 2025. Pourtant, ce fonds est indispensable au soutien des SIAE, tant en période de croissance qu’en période de consolidation. Il convient de l’adapter aux enjeux",1931,2024-10-22,,ia_calcul,/home/user/Operation_robespierre/Amendements/DLR5L17N50198/PRJLANR5L17B0324/AMANR5L17PO838901B0324P2D1N000089.json,Fait,Philippe,Horizons & Indépendants,HOR,Pas-de-Calais
amendement,AMANR5L17PO419604B0324P2D1N000039,II-AC39,17,CION-CEDU,PRJLANR5L17B0324,PA736201,PO845439,PA841885|PA721210|PA842013|PA794154|PA610968|PA793780|PA588884|PA841701|PA795362|PA795454|PA840997|PA841507|PA794008|PA793452|PA841351|PA793980|PA795010|PA841419|PA840947|PA794022|PA794146|PA841223|PA795636|PA842045|PA793708|PA793664|PA794778|PA795076|PA722142|PA610002|PA795808|PA796018|PA841713|PA793948|PA2940,"Mme&#160;Taill&#233;-Polian,  M.&#160;Arnaud&#160;Bonnet, M.&#160;Corbi&#232;re, M.&#160;Gustave, M.&#160;Raux, M.&#160;Amirshahi, Mme&#160;Arrighi, Mme&#160;Autain, Mme&#160;Balage&#160;El&#160;Mariky, Mme&#160;Belluco, M.&#160;Ben&#160;Cheikh, M.&#160;Biteau, M.&#160;Nicolas&#160;Bonnet, Mme&#160;Chatelain, M.&#160;Davi, M.&#160;Duplessy, M.&#160;Fournier, Mme&#160;Garin, M.&#160;Damien&#160;Girard, Mme&#160;Catherine&#160;Hervieu, M.&#160;Iordanoff, Mme&#160;Laernoes, M.&#160;Lahais, M.&#160;Lucas-Lundy, Mme&#160;Ozenne, M.&#160;Peytavie, Mme&#160;Pochon, Mme&#160;Regol, Mme&#160;Sandrine&#160;Rousseau, M.&#160;Ruffin, Mme&#160;Sas, Mme&#160;Sebaihi, Mme&#160;Simonnet, M.&#160;Tavernier, M.&#160;Thierry et Mme&#160;Voynet",,"Cet amendement vise à investir 100 millions d’€ supplémentaires dans l’action 2 Aides à la presse du programme 180 – Presse et médias. Pour respecter les règles de recevabilité financière imposées par l’article 40 de la Constitution, l’amendement prélève en CP et AE 100 millions d’€ l’action 01 – Livre et lecture du programme 334 Livre et industries culturelles. Le groupe Écologiste appelle le Gouvernement à gager cet amendement par l’instauration d’une taxe sur la publicité numérique pour éviter d’en faire reposer le coût sur le programme Livre et industries culturelles qui connaît lui-même une coupe budgétaire d’1,3 millions d’€. Cet amendement va de paire avec un amendement déposé dans la 1 ère partie du PLF qui vise à rétablir une taxe de 1 % sur le chiffre d’affaires de la publicité numérique afin de financer une refonte des aides à la presse. Les aides à la presse font l’objet d’une coupe de 2 millions d’€ au PLF25, malgré un contexte de crise économique aiguë dans les médias. L’",2610,2024-10-17,,souverainete_numerique,/home/user/Operation_robespierre/Amendements/DLR5L17N50198/PRJLANR5L17B0324/AMANR5L17PO419604B0324P2D1N000039.json,Taillé-Polian,Sophie,Écologiste et Social,ECOS,Val-de-Marne
amendement,AMANR5L17PO838901B0324P1D1N002165,I-2165,17,AN,PRJLANR5L17B0324,PA793904,PO845401,,M.&#160;Lopez-Liguori,"À la fin du 2° de l’article L. 453‑70 du code des impositions sur les biens et services, le taux : « 3 % » est remplacé par le taux : « 5 % ».","Cet amendement propose de modifier l'article L. 453‑70 du code des impositions sur les biens et services pour augmenter le taux de la taxe GAFA de 3% à 5% du chiffre d'affaires généré dans notre pays par l'activité des géants du numérique (GAFAM) L’instauration de la taxe GAFA en 2019 en France a constitué une avancée significative dans la juste imposition de ces entreprises au regard de la valeur qu’elles créent dans notre pays. En 2022, le Trésor public a ainsi récolté environ 620 millions d’euros via cette taxe, et l'Etat prévoit d'en récolter 774 millions en 2025. Dans le contexte budgétaire tendu actuel, il apparaît nécessaire aujourd'hui de réviser à la hausse le taux de cette taxe, afin de mieux refléter l'importante valeur extraite par ces entreprises du marché français et de mobiliser des ressources fiscales supplémentaires pour le financement des politiques publiques",1032,2024-10-18,,souverainete_numerique,/home/user/Operation_robespierre/Amendements/DLR5L17N50198/PRJLANR5L17B0324/AMANR5L17PO838901B0324P1D1N002165.json,Lopez-Liguori,Aurélien,Rassemblement National,RN,Hérault
amendement,AMANR5L17PO59048B0324P2D1N001664,II-CF1664,17,CION_FIN,PRJLANR5L17B0324,PA841107,PO845419,PA793624|PA643143|PA606793|PA794094|PA841463|PA841381|PA608172,"M.&#160;Oberti, rapporteur,  M.&#160;Philippe&#160;Brun, M.&#160;Baptiste, M.&#160;Baumel, M.&#160;Bouloux, Mme&#160;Mercier, Mme&#160;Pantel, Mme&#160;Pir&#232;s&#160;Beaune et les membres du groupe Socialistes et apparent&#233;s",,"Par cet amendement, il est proposé une augmentation des crédits affectés au programme 343 « Plan France Très Haut Débit », au sein duquel est notamment financée l’action 3 « Inclusion numérique » afin de pérenniser les 4000 postes de conseillers numériques France Services. Les conseillers numériques France Services jouent un rôle clé dans la lutte contre l’illectronisme et pour l’inclusion numérique, en facilitant et accompagnant l’utilisation des outils digitaux par toutes et tous. La dématérialisation des procédures administratives complique l'accès aux droits pour les personnes éloignées du numérique représentant 30% des Français aujourd’hui. Cet éloignement contribue à creuser les inégalités et la fracture numérique, constituant un obstacle de taille dans des démarches pourtant essentielles (accès aux aides, aux services publics, à des emplois dans le domaine du numérique concernant près de huit créations d’emploi sur dix, etc.). Le programme Société Numérique de l'ANCT permet, via",2914,2024-10-24,,souverainete_numerique,/home/user/Operation_robespierre/Amendements/DLR5L17N50198/PRJLANR5L17B0324/AMANR5L17PO59048B0324P2D1N001664.json,Oberti,Jacques,Socialistes et apparentés,SOC,Haute-Garonne
amendement,AMANR5L17PO838901B0324P1D1N002474,I-2474,17,AN,PRJLANR5L17B0324,PA796090,PO845413,PA795228|PA793262|PA794906|PA794138|PA795588|PA795084|PA842105|PA841657|PA720430|PA793772|PA795616|PA793444|PA794938|PA795318|PA841023|PA793912|PA842187|PA842037|PA791812|PA793736|PA721202|PA795136|PA793464|PA842155|PA795200|PA795844|PA841251|PA794786|PA794870|PA796070|PA795310|PA794478|PA841947|PA794082|PA794130|PA720846|PA841729|PA795516|PA841515|PA795672|PA795108|PA795298|PA791824|PA842029|PA793532|PA795746|PA342384|PA795422|PA794686|PA841215|PA795482|PA610654|PA841191|PA721960|PA793872|PA720892|PA817211|PA793756|PA796062|PA719578|PA721062|PA841845|PA795982|PA795466|PA793744|PA720952|PA794106|PA794166|PA795164|PA795596,"M.&#160;Caron,  Mme&#160;Abomangoli, M.&#160;Alexandre, M.&#160;Amard, Mme&#160;Amiot, Mme&#160;Amrani, M.&#160;Arenas, M.&#160;Arnault, Mme&#160;Belouassa-Cherifi, M.&#160;Bernalicis, M.&#160;Bex, M.&#160;Bilongo, M.&#160;Bompard, M.&#160;Boumertit, M.&#160;Boyard, M.&#160;Cadalen, M.&#160;Carri&#232;re, Mme&#160;Cathala, M.&#160;Cernon, Mme&#160;Chikirou, M.&#160;Clouet, M.&#160;Coquerel, M.&#160;Coulomme, M.&#160;Delogu, M.&#160;Diouara, Mme&#160;Dufour, Mme&#160;Erodi, Mme&#160;Feld, M.&#160;Fernandes, Mme&#160;Ferrer, M.&#160;Gaillard, Mme&#160;Guett&#233;, M.&#160;Guiraud, Mme&#160;Hamdane, Mme&#160;Hignet, M.&#160;Kerbrat, M.&#160;Lachaud, M.&#160;Lahmar, M.&#160;Laisney, M.&#160;Le&#160;Coq, M.&#160;Le&#160;Gall, Mme&#160;Leboucher, M.&#160;Legavre, Mme&#160;Legrain, Mme&#160;Lejeune, Mme&#160;Lepvraud, M.&#160;L&#233;aument, Mme&#160;&#201;lisa&#160;Martin, M.&#160;Maudet, Mme&#160;Maximi, Mme&#160;Mesmeur, Mme&#160;Manon&#160;Meunier, M.&#160;Nilor, Mme&#160;Nosb&#233;, Mme&#160;Obono, Mme&#160;Oziol, Mme&#160;Panot, M.&#160;Pilato, M.&#160;Piquemal, M.&#160;Portes, M.&#160;Prud&apos;homme, M.&#160;Ratenon, M.&#160;Saint-Martin, M.&#160;Saintoul, Mme&#160;Soudais, Mme&#160;Stambach-Terrenoir, M.&#160;Tach&#233;, Mme&#160;Taurinya, M.&#160;Tavel, Mme&#160;Trouv&#233; et M.&#160;Vannier","I. – À partir du 1 er janvier 2025, il est institué une taxe dénommée : « contribution numérique à l’audiovisuel public », exigible le 1 er janvier de chaque année. II. – La contribution est due par les entreprises de services numériques pour lesquelles un établissement stable est réputé exister sur le territoire français et dont la mise à disposition d’espace publicitaires en ligne représente en moyenne des trois derniers exercices plus de 10 000 000 d’euros. 1° Un établissement stable est répu","Par cet amendement, le groupe LFI-NFP souhaite réaffirmer la nécessité d’un financement pérenne et indépendant pour l’audiovisuel public, en raison notamment de son importance pour nos démocraties, et propose, en plus de l’institution d’une contribution affectée et progressive adossée à l’impôt sur le revenu, de diversifier et renforcer le financement de l’audiovisuel public en affectant une partie sur les recettes publicitaires des GAFAM. Cette source additionnelle de financement permettrait en outre de supprimer la publicité sur les antennes du service public. En effet, en raison de sa spécificité et de son rôle si important pour l’information et le divertissement du public, le service public ne peut être considéré comme un audiovisuel comme un autre, se faisant le véhicule d’une mentalité consumériste, à rebours de l’urgence écologique qui nous oblige au contraire à ralentir la course au productivisme et à la consommation. L’audiovisuel public, de par son rôle dans notre société, do",6822,2024-10-18,,souverainete_numerique,/home/user/Operation_robespierre/Amendements/DLR5L17N50198/PRJLANR5L17B0324/AMANR5L17PO838901B0324P1D1N002474.json,Caron,Aymeric,La France insoumise - Nouveau Front Populaire,LFI-NFP,Paris
amendement,AMANR5L17PO838901B0324P2D1N001228,II-1228,17,AN,PRJLANR5L17B0324,PA795778,PO845401,,M.&#160;Jean-Philippe&#160;Tanguy et les membres du groupe Rassemblement National,,"Le Gouvernement s’était engagé à respecter la loi de programmation de la recherche. Or, les crédits de la mission Recherche et Enseignement supérieur baissent de plus de 550 millions d’euros entre 2024 et 2025. Pour respecter les engagements pris dans cette loi, le Rassemblement national propose d’augmenter les crédits de cette mission. Cet amendement vise donc à abonder les crédits de la mission Recherche et enseignement supérieur de 400 millions d’euros, et en particulier les programmes suivants : - Le programme « Recherche spatiale » à hauteur de 100 millions d’euros. La France est parmi les pays leaders mondiaux du spatial. Dans ce domaine, de nouveaux concurrents, aux Etats-Unis et dans les pays émergents, apparaissent. La France doit donc investir dans ce domaine. - Le programme « Recherche dans les domaines de l'énergie, du développement et de la mobilité durables » à hauteur de 200 millions d’euros. En effet, la recherche nucléaire française a longtemps été parmi les plus prest",1712,2024-11-04,,ia_calcul,/home/user/Operation_robespierre/Amendements/DLR5L17N50198/PRJLANR5L17B0324/AMANR5L17PO838901B0324P2D1N001228.json,Tanguy,Jean-Philippe,Rassemblement National,RN,Somme
amendement,AMANR5L17PO59046B0324P2D1N000111,II-DN111,17,CION_DEF,PRJLANR5L17B0324,PA841243,PO845419,PA794270|PA333285|PA341981|PA826635|PA774960|PA841681|PA719930,"M.&#160;Saint-Pasteur,  Mme&#160;Pic, M.&#160;Garot, Mme&#160;R&#233;calde, M.&#160;Aur&#233;lien&#160;Rousseau, Mme&#160;Santiago, M.&#160;Sother et M.&#160;Vallaud",,"Cet amendement déposé par le groupe Socialistes et apparentés propose d’attribuer 10 millions d’euros de crédits à la sous-action n°7.30 « Communiquer – cyber » du programme 146 « Équipement des forces » en les prenant sur la sous-action n°58.01 « Fonction pétrolière et énergies alternatives » du programme 212 « Soutien de la politique de la défense ». Les auteurs de l'amendement ne souhaitent pas de tels retraits de crédits et appellent le Gouvernement à lever le gage. Le secteur de la défense est une cible de choix pour les cyberattaques car les informations qu’elles détiennent sont stratégiques, allant des plans opérationnels aux données personnelles du personnel militaire. Même si les auteurs de cet amendement saluent le respect de la marche budgétaire des 3,3 milliards d’euros pour le ministère des Armées en 2025, ils considèrent qu’il faut soutenir plus particulièrement la production et le développement de chiffreurs pour répondre notamment aux besoins de protection d’information",1413,2024-10-26,,souverainete_numerique,/home/user/Operation_robespierre/Amendements/DLR5L17N50198/PRJLANR5L17B0324/AMANR5L17PO59046B0324P2D1N000111.json,Saint-Pasteur,Sébastien,Socialistes et apparentés,SOC,Gironde
amendement,AMANR5L17PO59048B0324P2D1N000225,II-CF225,17,CION_FIN,PRJLANR5L17B0324,PA267780,PO845470,PA607619|PA822617,"Mme&#160;Firmin&#160;Le&#160;Bodo, rapporteure pour avis au nom de la commission des lois,  M.&#160;Molac et Mme&#160;Froger",,"Cet amendement vise à cesser le recours à l’intelligence artificielle et à la vidéosurveillance algorithmique déployées lors des Jeux Olympiques 2024. Le coût total des marchés publics conclus par le ministère de l’Intérieur s’élèverait à 8 millions d’euros (près de 2 millions pour chacun des quatre lots conclus). Ces millions auraient pu être mieux utilisés face à tous les défis auxquels doit faire face l’État, rien ne justifie plus un tel coût en période de rigueur budgétaire et après la fin des Jeux. Au-delà du seul aspect financier, le recours à l’intelligence artificielle pour la surveillance de masse porte des risques réels pour nos libertés publiques sans garanties éthiques suffisantes pour nos droits fondamentaux. Cet amendement procède donc à une baisse de 8 millions d’euros en AE et CP HT2 sur l’Action 11 – Equipements de vidéo-protection et de surveillance électronique du ministère de l’intérieur du Programme 216 Conduite et pilotage des politiques de l’intérieur.",989,2024-10-22,,ia_calcul,/home/user/Operation_robespierre/Amendements/DLR5L17N50198/PRJLANR5L17B0324/AMANR5L17PO59048B0324P2D1N000225.json,Firmin Le Bodo,Agnès,Horizons & Indépendants,HOR,Seine-Maritime
amendement,AMANR5L17PO59048B0324P2D1N002281,II-CF2281,17,CION_FIN,PRJLANR5L17B0324,PA608016,PO845425,PA267285|PA408578|PA332523|PA346782|PA840979|PA793094|PA841745|PA642847|PA718884|PA774954|PA719968|PA721410|PA266793|PA721816|PA342240|PA330008|PA793508|PA718838|PA841047|PA718850|PA722390|PA330909|PA720386|PA712015|PA608826|PA1327|PA841869|PA266797|PA794058|PA1630|PA842117|PA722328|PA695512|PA642725|PA606098|PA793342|PA719272|PA794038|PA720644|PA718784|PA721442|PA266808|PA267794|PA794178|PA794118|PA607090,"Mme&#160;Louwagie,  M.&#160;Wauquiez, M.&#160;Berger, Mme&#160;Dalloz, M.&#160;Juvin, M.&#160;Le&#160;Fur, M.&#160;Ray, Mme&#160;Bay, M.&#160;Bazin, Mme&#160;Bazin-Malgras, Mme&#160;Blin, Mme&#160;Sylvie&#160;Bonnet, Mme&#160;Bonnivard, M.&#160;Bony, M.&#160;Boucard, M.&#160;Bourgeaux, M.&#160;Breton, M.&#160;Brigand, M.&#160;Fabrice&#160;Brun, M.&#160;Ceccoli, M.&#160;Cordier, Mme&#160;Corneloup, M.&#160;Descoeur, M.&#160;Di&#160;Filippo, M.&#160;Dive, Mme&#160;Duby-Muller, M.&#160;Forissier, M.&#160;Gonord, M.&#160;Gosselin, Mme&#160;Gruet, M.&#160;Herbillon, M.&#160;Jeanbrun, Mme&#160;Kremer, M.&#160;Lepers, M.&#160;Li&#233;geon, M.&#160;Marleix, Mme&#160;Alexandra&#160;Martin, Mme&#160;Fr&#233;d&#233;rique&#160;Meunier, M.&#160;Neuder, M.&#160;Nury, M.&#160;Pauget, Mme&#160;Petex, M.&#160;Rolland, Mme&#160;Tabarot, M.&#160;Taite, M.&#160;Vermorel-Marques et M.&#160;Jean-Pierre&#160;Vigier","Dans un délai de trois mois à compter de la promulgation de la présente loi, le Gouvernement remet au Parlement un rapport présentant un plan pluriannuel de réduction des dépenses publiques. Ce plan présentera les réformes structurelles à mettre en œuvre dès 2025 pour débureaucratiser les services publics et réduire le coût de fonctionnement de l’État et de ses opérateurs.","Cet amendement du groupe Droite Républicaine vise à inscrire l’effort de redressement de nos finances publiques dans la durée. Nous sommes le pays qui dépense le plus en Europe (8 points de PIB au-dessus de la moyenne de l’UE). En 5 ans, nos dépenses publiques ont progressé de 300 milliards d’euros. Malgré cette progression, les enquêtes d’opinion font état d’un paradoxe : la satisfaction des Français à l’égard des services publics est, elle, en baisse (étude annuelle de l’Institut Paul Delouvrier). A partir de données de l’année 2021, l’OCDE a chiffré à 70 milliards d’euros le « surcoût de production des services publics » en France par rapport aux autres pays européens. Autrement dit, nous pourrions faire mieux avec moins, comme de nombreux pays ont réussi à le faire dans l’histoire récente. En 10 ans, de 1995 à 2005, l’Allemagne a réduit son taux de dépenses publiques de 8 points, la Suède de 10 points, les Pays-Bas ou la Finlande de 12 points, sans que la qualité des services publi",2168,2024-10-29,,ia_calcul,/home/user/Operation_robespierre/Amendements/DLR5L17N50198/PRJLANR5L17B0324/AMANR5L17PO59048B0324P2D1N002281.json,Louwagie,Véronique,Non inscrit,NI,Orne
amendement,AMANR5L17PO59048B0324P1D1N001705,I-CF1705,17,CION_FIN,PRJLANR5L17B0324,PA795950,PO845407,PA719472|PA794206|PA795176,"M.&#160;Amiel,  M.&#160;Jean-Ren&#233;&#160;Cazeneuve, M.&#160;Marion et M.&#160;Metzdorf","I. – À l’alinéa 3, substituer aux mots : « ou d’un processus dont l’objet n’est pas la production de chaleur » les mots : « , des déchets et d’énergie de récupération ». II. – La perte de recettes pour l’État est compensée à due concurrence par la création d’une taxe additionnelle à l’accise sur les tabacs prévue au chapitre IV du titre I er du livre III du code des impositions sur les biens et services.","Le présent article a pour objet de mettre en conformité - avec les évolutions du droit de l’Union européenne - le champ d’application du taux réduit de TVA applicable à la livraison de chaleur et de froid dans les réseaux alimentés par au moins 50% d’énergies renouvelables et de récupération. C’est à ce titre qu’il propose d’inclure de manière explicite l’énergie ambiante parmi les sources d’énergie éligibles au taux réduit de TVA. Cependant, la clarification proposée est effectuée par l’intermédiaire d’une référence à un article du code de l’énergie qui exclut les déchets et les énergies de récupération du champ d’application de la TVA réduite. Or, les déchets et les énergies de récupération (chaleur fatale, data centers, valorisation énergétique des déchets, eaux usées ...) étaient jusqu’à présent bien mentionnés dans la législation (européenne et française) en vigueur. Les exclure ne serait pas sans conséquence au regard de l’importance des énergies de récupération dans la décarbona",2661,2024-10-13,,data_center,/home/user/Operation_robespierre/Amendements/DLR5L17N50198/PRJLANR5L17B0324/AMANR5L17PO59048B0324P1D1N001705.json,,,,,
amendement,AMANR5L17PO59048B0324P1D1N000983,I-CF983,17,CION_FIN,PRJLANR5L17B0324,PA721202,PO845413,PA795228|PA793262|PA794906|PA794138|PA795588|PA795084|PA842105|PA841657|PA720430|PA793772|PA795616|PA793444|PA794938|PA795318|PA841023|PA796090|PA793912|PA842187|PA842037|PA791812|PA793736|PA795136|PA793464|PA842155|PA795200|PA795844|PA841251|PA794786|PA794870|PA796070|PA795310|PA794478|PA841947|PA794082|PA794130|PA720846|PA841729|PA795516|PA841515|PA795672|PA795108|PA795298|PA791824|PA842029|PA793532|PA795746|PA342384|PA795422|PA794686|PA841215|PA795482|PA610654|PA841191|PA721960|PA793872|PA720892|PA817211|PA793756|PA796062|PA719578|PA721062|PA841845|PA795982|PA795466|PA793744|PA720952|PA794106|PA794166|PA795164|PA795596,"M.&#160;Coquerel,  Mme&#160;Abomangoli, M.&#160;Alexandre, M.&#160;Amard, Mme&#160;Amiot, Mme&#160;Amrani, M.&#160;Arenas, M.&#160;Arnault, Mme&#160;Belouassa-Cherifi, M.&#160;Bernalicis, M.&#160;Bex, M.&#160;Bilongo, M.&#160;Bompard, M.&#160;Boumertit, M.&#160;Boyard, M.&#160;Cadalen, M.&#160;Caron, M.&#160;Carri&#232;re, Mme&#160;Cathala, M.&#160;Cernon, Mme&#160;Chikirou, M.&#160;Clouet, M.&#160;Coulomme, M.&#160;Delogu, M.&#160;Diouara, Mme&#160;Dufour, Mme&#160;Erodi, Mme&#160;Feld, M.&#160;Fernandes, Mme&#160;Ferrer, M.&#160;Gaillard, Mme&#160;Guett&#233;, M.&#160;Guiraud, Mme&#160;Hamdane, Mme&#160;Hignet, M.&#160;Kerbrat, M.&#160;Lachaud, M.&#160;Lahmar, M.&#160;Laisney, M.&#160;Le&#160;Coq, M.&#160;Le&#160;Gall, Mme&#160;Leboucher, M.&#160;Legavre, Mme&#160;Legrain, Mme&#160;Lejeune, Mme&#160;Lepvraud, M.&#160;L&#233;aument, Mme&#160;&#201;lisa&#160;Martin, M.&#160;Maudet, Mme&#160;Maximi, Mme&#160;Mesmeur, Mme&#160;Manon&#160;Meunier, M.&#160;Nilor, Mme&#160;Nosb&#233;, Mme&#160;Obono, Mme&#160;Oziol, Mme&#160;Panot, M.&#160;Pilato, M.&#160;Piquemal, M.&#160;Portes, M.&#160;Prud&apos;homme, M.&#160;Ratenon, M.&#160;Saint-Martin, M.&#160;Saintoul, Mme&#160;Soudais, Mme&#160;Stambach-Terrenoir, M.&#160;Tach&#233;, Mme&#160;Taurinya, M.&#160;Tavel, Mme&#160;Trouv&#233; et M.&#160;Vannier","L’article 209 C du code général des impôts est ainsi rétabli : « Art. 209 C. – I. 1. Aux fins de l’impôt sur les sociétés, un établissement stable est réputé exister dès lors qu’il existe une présence numérique significative par l’intermédiaire de laquelle une entreprise exerce tout ou partie de son activité. « 2. Le 1 s’ajoute, sans y porter atteinte ni en limiter l’application, à tout autre critère conforme au droit de l’Union ou à la législation nationale permettant de déterminer l’existence ","Par cet amendement, le groupe LFI-NFP propose d'instaurer une véritable taxe sur les grandes sociétés du numérique, en particulier les GAFAM. Une fois pleinement opérationnelle, cette taxe pourra alors remplacer la taxe GAFA mise en place par Bruno Le Maire en 2019. L’actuelle taxe GAFA s’est révélée défaillante tant par les montants récoltés que par la dynamique de marché qu’elle a été incapable d’enrayer. En effet, la taxe actuelle ne tient pas compte de la situation de quasi-monopole des GAFAM, ce qui leur donne une capacité à fixer leur prix sans tenir compte d’une éventuelle concurrence. En l’absence de régulation sur les prix pratiqués par les grandes entreprises, ce caractère de « pricemaker » leur a permis de répercuter cette taxe sur leurs tarifs. Par exemple, le prix d’un abonnement à Amazon Prime a augmenté de 56 euros en moins de deux ans, soit une hausse de 80%. De telles hausses sont sans commune mesure avec l’inflation ! Que les libéraux se rassurent, ces grandes entrepr",9635,2024-10-13,,souverainete_numerique,/home/user/Operation_robespierre/Amendements/DLR5L17N50198/PRJLANR5L17B0324/AMANR5L17PO59048B0324P1D1N000983.json,Coquerel,Éric,La France insoumise - Nouveau Front Populaire,LFI-NFP,Seine-Saint-Denis
amendement,AMANR5L17PO838901B0324P1D1N000507,I-507,17,AN,PRJLANR5L17B0324,PA842271,PO845514,PA605745|PA842299|PA720838|PA796106|PA795868|PA267306|PA721896|PA795998|PA774962|PA335612|PA796010|PA793174|PA795820|PA721270|PA795240|PA795876,"M.&#160;Maurel,  M.&#160;Sansu, M.&#160;Tjibaou, Mme&#160;Bourouaha, M.&#160;B&#233;nard, M.&#160;Castor, M.&#160;Chassaigne, Mme&#160;Faucillon, Mme&#160;K/Bidi, Mme&#160;Lebon, M.&#160;Lecoq, M.&#160;Maillot, M.&#160;Monnet, M.&#160;Nadeau, M.&#160;Peu, Mme&#160;Reid&#160;Arbelot et M.&#160;Rimane","À la fin du 2° de l’article L. 453‑70 du code des impositions sur les biens et services, le taux : « 3 % » est remplacé par le taux : « 6 % ».",Cet amendement vise à accroitre de trois points le rendement de la taxe sur les services numériques (taxe GAFAM).,256,2024-10-16,,souverainete_numerique,/home/user/Operation_robespierre/Amendements/DLR5L17N50198/PRJLANR5L17B0324/AMANR5L17PO838901B0324P1D1N000507.json,Maurel,Emmanuel,Gauche Démocrate et Républicaine,GDR,Val-d'oise
amendement,AMANR5L17PO838901B0324P1D1N003484,I-3484,17,AN,PRJLANR5L17B0324,PA841017,PO845485,PA840817,M.&#160;Huwart et M.&#160;Bruneau,Supprimer cet article.,"Le FCTVA est un outil indispensable à l’investissement public local, que les communes portent à 60 %. Dans leur section d’investissement, il est le 4ème levier de financement. Le FCTVA est une ressource locale sûre et libre d’emploi. Les élus des petites villes y sont particulièrement attachés pour ces deux raisons. L’article 30 du projet de loi de finances pour 2025 procède à un abaissement du taux forfaitaire de compensation et exclut les dépenses d’entretien des bâtiments publics, de la voirie, des réseaux payés et des prestations de solutions relevant de l’informatique en nuage pour revenir au régime commun historique du fonds. Le dispositif est rétroactif : il s’applique aux attributions versées à compter du 1er janvier 2025, soit pour des dépenses engagées deux années auparavant. Concrètement, la mesure aura pour effet de mettre à mal de nombreux projets programmés dans les plans pluriannuels d’investissement, pour la plupart votés dès la première année du mandat, et sur la base ",2546,2024-10-19,,cloud,/home/user/Operation_robespierre/Amendements/DLR5L17N50198/PRJLANR5L17B0324/AMANR5L17PO838901B0324P1D1N003484.json,Huwart,Harold,"Libertés, Indépendants, Outre-mer et Territoires",LIOT,Eure-et-Loir
amendement,AMANR5L17PO838901B0324P1D1N002962,I-2962,17,AN,PRJLANR5L17B0324,PA841107,PO845419,PA643143|PA606793|PA794094|PA793624|PA840665|PA642764|PA840829|PA342415|PA842211|PA841315|PA795762|PA608264|PA840903|PA841295|PA1008|PA793394|PA795430|PA841919|PA606573|PA841633|PA794854|PA842195|PA609332|PA841665|PA333285|PA840939|PA841539|PA331973|PA840171|PA1567|PA841471|PA842263|PA841813|PA841853|PA1654|PA643192|PA335054|PA795156|PA774958|PA840765|PA841463|PA643157|PA841381|PA840793|PA794270|PA608172|PA607553|PA840955|PA841367|PA840673|PA342196|PA826635|PA841327|PA841717|PA341981|PA841243|PA774960|PA340343|PA841091|PA841681|PA841893|PA793816|PA719930|PA794494|PA720992,"M.&#160;Oberti,  M.&#160;Baptiste, M.&#160;Baumel, M.&#160;Bouloux, M.&#160;Philippe&#160;Brun, Mme&#160;Allemand, M.&#160;Aviragnet, M.&#160;Barusseau, Mme&#160;Battistel, Mme&#160;Bellay, M.&#160;Benbrahim, M.&#160;Califer, Mme&#160;Capdevielle, M.&#160;Christophle, M.&#160;Courbon, M.&#160;David, M.&#160;Delaporte, M.&#160;Delautrette, Mme&#160;Diop, Mme&#160;Dombre&#160;Coste, M.&#160;Dufau, M.&#160;Echaniz, M.&#160;Eskenazi, M.&#160;Faure, M.&#160;F&#233;gn&#233;, M.&#160;Garot, Mme&#160;Godard, M.&#160;Gokel, Mme&#160;Got, M.&#160;Emmanuel&#160;Gr&#233;goire, M.&#160;Guedj, M.&#160;Hablot, Mme&#160;Hadizadeh, Mme&#160;Herouin-L&#233;autey, Mme&#160;C&#233;line&#160;Hervieu, M.&#160;Hollande, Mme&#160;Jourdan, Mme&#160;Karamanli, Mme&#160;Keloua&#160;Hachi, M.&#160;Leseul, M.&#160;Lhardit, Mme&#160;Mercier, M.&#160;Naillet, Mme&#160;Pantel, M.&#160;Pena, Mme&#160;Pic, Mme&#160;Pir&#232;s&#160;Beaune, M.&#160;Potier, M.&#160;Pribetich, M.&#160;Proen&#231;a, Mme&#160;Rossi, Mme&#160;Rouaux, M.&#160;Aur&#233;lien&#160;Rousseau, M.&#160;Roussel, Mme&#160;Runel, Mme&#160;R&#233;calde, M.&#160;Saint-Pasteur, Mme&#160;Santiago, M.&#160;Saulignac, M.&#160;Simion, M.&#160;Sother, Mme&#160;Thi&#233;bault-Martinez, Mme&#160;Thomin, M.&#160;Vallaud, M.&#160;Vicot, M.&#160;William et les membres du groupe Socialistes et apparent&#233;s","Le III de l’article 1519 H du code général des impôts est ainsi modifié : 1° À la première phrase, le montant : « 1 827 € » est remplacé par le montant : « 2 007 € ». 2° Il est ajouté un alinéa ainsi rédigé : « Le montant de l’imposition forfaitaire est réévalué au 1 er janvier de chaque année de manière indexée au niveau de l’inflation. »","Cet amendement propose d’augmenter l’imposition forfaitaire appliquées aux antennes radioélectriques et de l’indexer au niveau de l’inflation. Les recettes ainsi dégagées par ces modifications permettront d’abonder l’enveloppe dédiée à l’action 3 « Inclusion numérique » du programme 343 « France Très Haut Débit » afin de pérenniser les 4000 postes de conseillers numériques France Services. Les conseillers numériques France Services jouent un rôle clé dans la lutte contre l’illectronisme et pour l’inclusion numérique, en facilitant et accompagnant l’utilisation des outils digitaux par toutes et tous. La dématérialisation des procédures administratives complique l'accès aux droits pour les personnes éloignées du numérique, concernant 30% des Français aujourd’hui. Cet éloignement contribue à creuser les inégalités et la fracture numérique, constituant un obstacle de taille dans des démarches pourtant essentielles (accès aux aides, aux services publics, à des emplois dans le domaine du num",2485,2024-10-19,,souverainete_numerique,/home/user/Operation_robespierre/Amendements/DLR5L17N50198/PRJLANR5L17B0324/AMANR5L17PO838901B0324P1D1N002962.json,Oberti,Jacques,Socialistes et apparentés,SOC,Haute-Garonne
amendement,AMANR5L17PO59048B0324P2D1N001605,II-CF1605,17,CION_FIN,PRJLANR5L17B0324,PA643175,PO840056,PA722150|PA1592|PA719922|PA642695|PA720362|PA793210,"Mme&#160;Dupont,  M.&#160;Houli&#233;, M.&#160;Habib, M.&#160;Causse, M.&#160;Bothorel, M.&#160;Belhaddad et M.&#160;Panifous",,"Le financement des cinq catégories de structures d’insertion par l’activité économique (SIAE), que sont les ateliers et chantiers d’insertion (ACI), les associations intermédiaires (AI), les entreprises d’insertion (EI), les entreprises d’insertion par le travail indépendant (EITI) et les entreprises de travail temporaire d’insertion (ETTI) repose sur une aide au poste dont une part est modulée en fonction des résultats de la structure. Selon le réseau Coorace et la fédération des entreprises d’insertion, l’analyse de l’évolution des budgets alloués aux aides au postes des structures d’insertion par l’activité économique témoigne d’une hausse de 1,28% entre 2024 et 2025 (1443,6 M pour 2024 et 1462,1 pour 2025). Aussi, pour assurer une hausse correspondant à l'inflation, soit +1,8%, et ainsi aligner l’évolution des aides au postes avec la prévision d'inflation adossée à ce PLF, il convient d’augmenter le budget alloué aux aides au postes de 7 500 000 euros. Cet amendement propose donc d",1774,2024-10-24,,ia_calcul,/home/user/Operation_robespierre/Amendements/DLR5L17N50198/PRJLANR5L17B0324/AMANR5L17PO59048B0324P2D1N001605.json,Dupont,Stella,Non inscrit,NI,Maine-et-Loire
amendement,AMANR5L17PO59048B0324P2D1N000601,II-CF601,17,CION_FIN,PRJLANR5L17B0324,PA794562,PO845401,,"M.&#160;Ballard, rapporteur pour avis au nom de la commission des affaires culturelles et de l&apos;&#233;ducation",,"Par cet amendement, nous proposons de créer un fond de soutien pour l’installation des librairies indépendantes dans les centres-villes des communes rurales. La rentabilité économique des librairies est très faible. Alors que le prix du livre est relativement stable, notamment en raison de son encadrement par la loi de 1981, les différentes charges, notamment énergétiques ont tendance à augmenter. Il en va de même pour les frais de transport des marchandises ou de gestion des stocks. Surtout, le loyer constitue une variable importante, souvent particulièrement pénalisante, représentant en moyenne entre 5 et 10 % du chiffre d’affaires. Avec des moyens bien plus restreints que les grands magasins et plateforme de ventes en ligne, les petites librairies sont les plus exposées à ce risque économique, auquel s’ajoute une baisse du pouvoir d’achat généralisée. Le Syndicat de la librairie française (SLF) nous alertait en juin 2024 : une majorité de librairies indépendantes françaises seront d",4314,2024-10-23,,souverainete_numerique,/home/user/Operation_robespierre/Amendements/DLR5L17N50198/PRJLANR5L17B0324/AMANR5L17PO59048B0324P2D1N000601.json,Ballard,Philippe,Rassemblement National,RN,Oise
amendement,AMANR5L17PO838901B0324P1D1N000996,I-996,17,AN,PRJLANR5L17B0324,PA841955,PO845401,,M.&#160;Renault et les membres du groupe Rassemblement National,"À l’alinéa 7, substituer aux mots : « 1 milliard » les mots : « 750 millions ».","Comme le rappelle le Gouvernement, les rachats d’action permettant aux grandes entreprises de distribuer des milliards à leurs actionnaires sont en constante augmentation ces dernières années en France : ils sont passés de 23,7 Md€ en 2022 à 30,1 Md€ en 2023. Pourtant, l’assise du prélèvement qu’il souhaite apparaît trop étroite alors que le Gouvernement fait valoir un objectif de rendement. Par conséquent, le présent amendement vise à élargir l’assiette de la taxe en y assujétissant les entreprises ayant réalisé un chiffre d’affaires supérieur non plus à 1 Md€ mais à 750 M€ – borne retenue par exemple pour la taxe dite « GAFAM » – afin de mieux prendre en compte leur capacité contributive tout en augmentant le rendement de la taxe.",822,2024-10-17,,souverainete_numerique,/home/user/Operation_robespierre/Amendements/DLR5L17N50198/PRJLANR5L17B0324/AMANR5L17PO838901B0324P1D1N000996.json,Renault,Matthias,Rassemblement National,RN,Somme
amendement,AMANR5L17PO838901B0324P2D1N003097,II-3097,17,AN,PRJLANR5L17B0324,PA719756,PO845407,PA719404|PA794658|PA720022,"Mme&#160;Le&#160;Nabour,  M.&#160;Le&#160;Gac, M.&#160;Fait et M.&#160;Lauzzana",,"L’expérimentation « Territoires zéro chômeur de longue durée » (TZCLD), mise en place en 2016, vise à résorber le chômage de longue durée en créant des emplois au sein d’entreprises à but d’emploi (EBE). Ces entreprises, implantées dans des territoires sélectionnés, offrent aux personnes éloignées de l’emploi une opportunité de réinsertion professionnelle tout en répondant à des besoins non couverts par le marché classique. Si cette initiative a porté ses fruits dans certaines zones, les résultats de l’expérimentation demeurent contrastés et inégaux à l’échelle nationale. Le rapport d’étape d’octobre 2024 fait état de ces disparités : dans certains territoires, le TZCLD a permis de réduire le chômage de longue durée de façon significative, renforçant ainsi le lien social et économique. Cependant, dans d’autres, les effets positifs sont plus modérés, voire absents, en raison d’un manque de coordination, de la faible adéquation entre les besoins du ",5514,2024-11-08,,ia_calcul,/home/user/Operation_robespierre/Amendements/DLR5L17N50198/PRJLANR5L17B0324/AMANR5L17PO838901B0324P2D1N003097.json,Le Nabour,Christine,Ensemble pour la République,EPR,Ille-et-Vilaine
amendement,AMANR5L17PO59048B0324P2D1N001207,II-CF1207,17,CION_FIN,PRJLANR5L17B0324,PA795298,PO845413,PA795228|PA793262|PA794906|PA794138|PA795588|PA795084|PA842105|PA841657|PA720430|PA793772|PA795616|PA793444|PA794938|PA795318|PA841023|PA796090|PA793912|PA842187|PA842037|PA791812|PA793736|PA721202|PA795136|PA793464|PA842155|PA795200|PA795844|PA841251|PA794786|PA794870|PA796070|PA795310|PA794478|PA841947|PA794082|PA794130|PA720846|PA841729|PA795516|PA841515|PA795672|PA795108|PA791824|PA842029|PA793532|PA795746|PA342384|PA795422|PA794686|PA841215|PA795482|PA610654|PA841191|PA721960|PA793872|PA720892|PA817211|PA793756|PA796062|PA719578|PA721062|PA841845|PA795982|PA795466|PA793744|PA720952|PA794106|PA794166|PA795164|PA795596,"M.&#160;Legavre, rapporteur,  Mme&#160;Abomangoli, M.&#160;Alexandre, M.&#160;Amard, Mme&#160;Amiot, Mme&#160;Amrani, M.&#160;Arenas, M.&#160;Arnault, Mme&#160;Belouassa-Cherifi, M.&#160;Bernalicis, M.&#160;Bex, M.&#160;Bilongo, M.&#160;Bompard, M.&#160;Boumertit, M.&#160;Boyard, M.&#160;Cadalen, M.&#160;Caron, M.&#160;Carri&#232;re, Mme&#160;Cathala, M.&#160;Cernon, Mme&#160;Chikirou, M.&#160;Clouet, M.&#160;Coquerel, M.&#160;Coulomme, M.&#160;Delogu, M.&#160;Diouara, Mme&#160;Dufour, Mme&#160;Erodi, Mme&#160;Feld, M.&#160;Fernandes, Mme&#160;Ferrer, M.&#160;Gaillard, Mme&#160;Guett&#233;, M.&#160;Guiraud, Mme&#160;Hamdane, Mme&#160;Hignet, M.&#160;Kerbrat, M.&#160;Lachaud, M.&#160;Lahmar, M.&#160;Laisney, M.&#160;Le&#160;Coq, M.&#160;Le&#160;Gall, Mme&#160;Leboucher, Mme&#160;Legrain, Mme&#160;Lejeune, Mme&#160;Lepvraud, M.&#160;L&#233;aument, Mme&#160;&#201;lisa&#160;Martin, M.&#160;Maudet, Mme&#160;Maximi, Mme&#160;Mesmeur, Mme&#160;Manon&#160;Meunier, M.&#160;Nilor, Mme&#160;Nosb&#233;, Mme&#160;Obono, Mme&#160;Oziol, Mme&#160;Panot, M.&#160;Pilato, M.&#160;Piquemal, M.&#160;Portes, M.&#160;Prud&apos;homme, M.&#160;Ratenon, M.&#160;Saint-Martin, M.&#160;Saintoul, Mme&#160;Soudais, Mme&#160;Stambach-Terrenoir, M.&#160;Tach&#233;, Mme&#160;Taurinya, M.&#160;Tavel, Mme&#160;Trouv&#233; et M.&#160;Vannier",,"Cet amendement du groupe LFI-NFP vise à amorcer un plan massif de recrutement d'agents de la DGFiP, afin de créer service d'expertise dédié à l'étude des schémas de fraude et d'optimisation agressive qui alimenterait les paramètres des outils de data mining, tout en amplifiant le travail de lutte contre l'évasion réalisé par des analystes. L'intelligence artificielle utilisée de manière croissante par la DGFiP pour repérer les situations de fraude est un outil intéressant mais encore largement imparfait, son développement ne doit donc surtout pas être synonyme d'une baisse des effectifs humains responsables de la lutte contre la fraude et l'évasion fiscales. En tout état de cause, l'IA ne peut remplacer le travail humain des agents de la DGFiP. Surtout, ce système a besoin de données fiables pour progresser et s'améliorer. C'est pourquoi la DGFiP a besoin de mettre en place un service d'expertise dédié à l'étude des dernières « innovations » des fraudeurs ou de leurs intermédiaires en ",2720,2024-10-24,,ia_calcul,/home/user/Operation_robespierre/Amendements/DLR5L17N50198/PRJLANR5L17B0324/AMANR5L17PO59048B0324P2D1N001207.json,Legavre,Jérôme,La France insoumise - Nouveau Front Populaire,LFI-NFP,Seine-Saint-Denis
amendement,AMANR5L17PO838901B0324P1D1N000564,I-564,17,AN,PRJLANR5L17B0324,PA793094,PO845425,PA840979|PA266808|PA794118|PA719272|PA722390|PA793508|PA607090|PA712015|PA718884|PA721816,"M.&#160;Ray,  M.&#160;Le&#160;Fur, M.&#160;Rolland, M.&#160;Vermorel-Marques, Mme&#160;Fr&#233;d&#233;rique&#160;Meunier, Mme&#160;Corneloup, M.&#160;Brigand, M.&#160;Jean-Pierre&#160;Vigier, M.&#160;Dive, Mme&#160;Bazin-Malgras et M.&#160;Boucard","I. – À la fin de l’alinéa 3, substituer aux mots : « ou d’un processus dont l’objet n’est pas la production de chaleur », les mots : « , des déchets et d’énergie de récupération ». II. – Compléter cet article par l’alinéa suivant : « III. – La perte de recettes pour l’État est compensée à due concurrence par la création d’une taxe additionnelle à l’accise sur les tabacs prévue au chapitre IV du titre I er du livre III du code des impositions sur les biens et services. »","A travers cet article 10, le gouvernement souhaite clarifier le champ d’application du taux réduit de TVA sur la décarbonation des modes de chauffage et le mettre en conformité avec le droit de l’Union européenne. Dans un contexte où la chaleur représente près de la moitié de nos consommations énergétiques et demeure largement dépendante des énergies fossiles importées, le développement de la chaleur renouvelable doit en effet être incité par un taux de TVA plus avantageux. Plutôt que de favoriser le développement effréné de parcs éoliens qui saturent nos paysages ruraux afin d'alimenter en électricité des appareils de chauffage, il est en effet préférable de développer les réseaux de chaleur qui sont un vecteur de verdissement de notre mix-énergétique. La rédaction de cet article mérite donc d’être complétée afin d’éviter que certaines énergies de récupérations soient exclues du champ d’application du taux réduit de TVA. En effet, la référence à l’article L. 211-2 du code de l’énergie",3320,2024-10-16,,data_center,/home/user/Operation_robespierre/Amendements/DLR5L17N50198/PRJLANR5L17B0324/AMANR5L17PO838901B0324P1D1N000564.json,Ray,Nicolas,Droite Républicaine,DR,Allier
amendement,AMANR5L17PO838901B0324P1D1N000410,I-410,17,AN,PRJLANR5L17B0324,PA718884,PO845425,PA722390,Mme&#160;Bazin-Malgras et Mme&#160;Corneloup,"I. – Au premier alinéa du k du II de l’article 244 quater B du code général des impôts, l’année : « 2024 » est remplacée par l’année : « 2027 ». II. – La perte de recettes pour l’État est compensée, à due concurrence, par la création d’une taxe additionnelle à l’accise sur les tabacs prévue au chapitre IV du titre I er du livre III du code des impositions sur les biens et services. III. – Le I n’est applicable qu’aux sommes venant en déduction de l’impôt dû.","L'article 244 quater B du code général des impôts prévoit un crédit d'impôt pour les petites et moyennes entreprises (PME) industrielles et commerciales ou agricoles qui réalisent certaines dépenses d'innovation. Ce crédit d'impôt, dit crédit d’impôt innovation (CII), est subordonné au respect du règlement (UE) n° 651/2014 de la Commission du 17 juin 2014 déclarant certaines catégories d'aides compatibles avec le marché intérieur en application des articles 107 et 108 du traité (Règlement général d’exemption par catégorie). Chaque année, près de 8 000 entreprises ont recours au CII pour développer leurs activités. Ce dispositif, qui est réservé au TPE et PME innovantes, complète le crédit d’impôt recherche (CIR) sur la période entre la phase de recherche et développement (R&amp;D), et la phase de pré-commercialisation, en permettant aux entreprises concernées de financer une partie des opérations de prototypage réalisées en vue de la commercialisa",2339,2024-10-16,,ia_calcul,/home/user/Operation_robespierre/Amendements/DLR5L17N50198/PRJLANR5L17B0324/AMANR5L17PO838901B0324P1D1N000410.json,Bazin-Malgras,Valérie,Droite Républicaine,DR,Aube
amendement,AMANR5L17PO59048B0324P2D1N002270,II-CF2270,17,CION_FIN,PRJLANR5L17B0324,PA736201,PO845439,PA793780|PA795454|PA841223|PA610002|PA796018|PA610968|PA588884|PA841701|PA795362|PA840997|PA841885|PA841507|PA794008|PA721210|PA793452|PA841351|PA793980|PA795010|PA841419|PA842013|PA840947|PA794022|PA794146|PA795636|PA842045|PA793708|PA793664|PA794154|PA794778|PA795076|PA722142|PA795808|PA841713|PA793948|PA2940,"Mme&#160;Taill&#233;-Polian,  Mme&#160;Arrighi, M.&#160;Ben&#160;Cheikh, M.&#160;Lahais, Mme&#160;Sas, Mme&#160;Simonnet, M.&#160;Amirshahi, Mme&#160;Autain, Mme&#160;Balage&#160;El&#160;Mariky, Mme&#160;Belluco, M.&#160;Biteau, M.&#160;Arnaud&#160;Bonnet, M.&#160;Nicolas&#160;Bonnet, Mme&#160;Chatelain, M.&#160;Corbi&#232;re, M.&#160;Davi, M.&#160;Duplessy, M.&#160;Fournier, Mme&#160;Garin, M.&#160;Damien&#160;Girard, M.&#160;Gustave, Mme&#160;Catherine&#160;Hervieu, M.&#160;Iordanoff, Mme&#160;Laernoes, M.&#160;Lucas-Lundy, Mme&#160;Ozenne, M.&#160;Peytavie, Mme&#160;Pochon, M.&#160;Raux, Mme&#160;Regol, Mme&#160;Sandrine&#160;Rousseau, M.&#160;Ruffin, Mme&#160;Sebaihi, M.&#160;Tavernier, M.&#160;Thierry et Mme&#160;Voynet",,"Ce amendement travaillé avec le SIRTI vise à créer un nouveau programme « Aide au déploiement du DAB+ » afin d'accompagner le déploiement de ce mode de diffusion par les acteurs radiophoniques. Le média radio connaît une crise de modèle liée à la captation de ses revenus publicitaires par les géants du numérique, dans ce contexte l'accompagnement du déploiement par les pouvoirs publics du DAB+ permettra de garantir meilleure qualité d'écoute et offre une alternative à la saturation de la bande FM. Sa couverture en métropole atteignait 60% de la population en 2024. Cet amendement attribue en crédits de paiement (CP) et autorisations d’engagement (AE) 750 000 € à un nouveau programme intitulé « Aide au déploiement du DAB+ ». Pour respecter les règles de recevabilité financière imposées par l’article 40 de la Constitution, l’amendement prélève autant à l’action 2 Industries culturelles du programme 334 Livre et industries culturelles. Le groupe Écologiste appelle le Gouvernement à gager c",1162,2024-10-29,,souverainete_numerique,/home/user/Operation_robespierre/Amendements/DLR5L17N50198/PRJLANR5L17B0324/AMANR5L17PO59048B0324P2D1N002270.json,Taillé-Polian,Sophie,Écologiste et Social,ECOS,Val-de-Marne
amendement,AMANR5L17PO838901B0324P1D1N003321,I-3321,17,AN,PRJLANR5L17B0324,PA795664,PO845407,PA721764|PA794486|PA794802|PA722000|PA795722,"M.&#160;Midy,  Mme&#160;Olivia&#160;Gr&#233;goire, Mme&#160;Spillebout, M.&#160;Sitzenstuhl, M.&#160;Buchou et M.&#160;Olive","I. – Le code général des impôts est ainsi modifié : 1° Le 3° de l’article 44 sexies-0 A est complété par un d ainsi rédigé : « d. Ou elle a réalisé des dépenses de recherche, définies aux a à g du II de l’article 244 quater B et au 1 du A du II de l’article 244 quater B bis , représentant au moins 5 % des charges, à l’exception des pertes de change et des charges nettes sur cessions de valeurs mobilières de placement, fiscalement déductibles au titre de cet exercice et elle répond aux critères d","Depuis 2017, avec Bpifrance, le programme France 2030, la Mission French Tech ou encore l’amélioration du dispositif jeune entreprise innovante (JEI) issue du rapport Midy, le soutien à l’innovation a été massif, ce qui a permis à la France de créer des millions d’emplois et d’être le pays le plus attractif d’Europe. Avec le plan Deep Tech, porté par Bpifrance, ce soutien s’est aussi porté sur l’innovation de rupture, pour renforcer notre souveraineté technologique, la réindustrialisation tout en favorisant le plein emploi et la transition écologique. Pour compléter ces dispositifs, il est proposé de créer une nouvelle catégorie de JEI, les jeunes entreprises innovantes à impact (JEII) qui bénéficieront des mêmes aides que les JEI afin de développer l’innovation sociale et à impact. Cette nouvelle catégorie permettra de soutenir les entreprises à impact du secteur de l’économie sociale et solidaire (ESS). Alors que la situation budgétaire contraint à réduire les moyens de nombreuses st",3163,2024-10-19,,souverainete_numerique,/home/user/Operation_robespierre/Amendements/DLR5L17N50198/PRJLANR5L17B0324/AMANR5L17PO838901B0324P1D1N003321.json,Midy,Paul,Ensemble pour la République,EPR,Essonne
amendement,AMANR5L17PO59048B0324P2D1N000850,II-CF850,17,CION_FIN,PRJLANR5L17B0324,PA607619,PO845485,PA822617|PA719138,"M.&#160;Molac,  Mme&#160;Froger et M.&#160;Castellani",,"Cet amendement vise à cesser le recours à l’intelligence artificielle et à la vidéosurveillance algorithmique déployées lors des Jeux Olympiques 2024. Le coût total des marchés publics conclus par le ministère de l’Intérieur s’élèverait à 8 millions d’euros (près de 2 millions pour chacun des quatre lots conclus). Il a été adopté lors de l'examen pour avis en commission des lois. Ces millions auraient pu être mieux utilisés face à tous les défis auxquels doit faire face l’État, rien ne justifie plus un tel coût en période de rigueur budgétaire et après la fin des Jeux. Au-delà du seul aspect financier, le recours à l’intelligence artificielle pour la surveillance de masse porte des risques réels pour nos libertés publiques sans garanties éthiques suffisantes pour nos droits fondamentaux. Cet amendement procède donc à une baisse de 8 millions d’euros en AE et CP HT2 sur l’Action 11 – Equipements de vidéo-protection et de surveillance électronique du ministère de l’intérieur du Programme",1056,2024-10-24,,ia_calcul,/home/user/Operation_robespierre/Amendements/DLR5L17N50198/PRJLANR5L17B0324/AMANR5L17PO59048B0324P2D1N000850.json,Molac,Paul,"Libertés, Indépendants, Outre-mer et Territoires",LIOT,Morbihan
amendement,AMANR5L17PO838901B0324P2D1N001057,II-1057,17,AN,PRJLANR5L17B0324,PA607619,PO845485,PA822617|PA719138|PA841359|PA1592|PA795244|PA720976|PA841931|PA793210|PA721110|PA793796,"M.&#160;Molac,  Mme&#160;Froger, M.&#160;Castellani, Mme&#160;de&#160;P&#233;lichy, M.&#160;Habib, M.&#160;Lenormand, M.&#160;Mathiasin, M.&#160;Mazaury, M.&#160;Panifous, Mme&#160;Sanquer et M.&#160;Taupiac",,"Cet amendement, adopté en commission des lois et en commission des finances, vise à cesser le recours à l’intelligence artificielle et à la vidéosurveillance algorithmique déployées lors des Jeux Olympiques 2024. Le coût total des marchés publics conclus par le ministère de l’Intérieur s’élèverait à 8 millions d’euros (près de 2 millions pour chacun des quatre lots conclus). Ces millions auraient pu être mieux utilisés face à tous les défis auxquels doit faire face l’État, rien ne justifie plus un tel coût en période de rigueur budgétaire et après la fin des Jeux. Au-delà du seul aspect financier, le recours à l’intelligence artificielle pour la surveillance de masse porte des risques réels pour nos libertés publiques sans garanties éthiques suffisantes pour nos droits fondamentaux. Cet amendement procède donc à une baisse de 8 millions d’euros en AE et CP HT2 sur l’Action 11 – Equipements de vidéo-protection et de surveillance électronique du ministère de l’intérieur du Programme 216 ",1051,2024-11-04,,ia_calcul,/home/user/Operation_robespierre/Amendements/DLR5L17N50198/PRJLANR5L17B0324/AMANR5L17PO838901B0324P2D1N001057.json,Molac,Paul,"Libertés, Indépendants, Outre-mer et Territoires",LIOT,Morbihan
amendement,AMANR5L17PO59048B0324P2D1N002534,II-CF2534,17,CION_FIN,PRJLANR5L17B0324,PA841381,PO845419,PA795422,"Mme&#160;Pantel, rapporteure et M.&#160;Maudet, rapporteur",,"Cet amendement d’appel vise à créer un fonds national de soutien à la recherche et à l’innovation en matière de sécurité civile. La sécurité civile fait aujourd’hui face à de profondes transformations, en particulier sous l’effet du changement climatique qui étend et intensifie les risques sur l’ensemble du territoire. Les incendies remontent vers le nord du pays et couvrent une plus longue partie de l’année, si bien que la notion de « saison des feux » perd de sa pertinence. Les pluies et les tempêtes ont vocation à augmenter en hiver, avec de forts risques d’inondations. Il arrive même que des inondations et des feux de forêt se produisent en même temps sur un même territoire. L’ensemble de ces risques pose d’importants défis logistiques (équipement de l’ensemble des départements pour y faire face), humains (tous les sapeurs-pompiers doivent désormais être formés à l’ensemble du spectre des interventions) et budgétaires, qu’il faut savoir anticiper le plus rapidement possible. Les ré",3875,2024-10-30,,ia_calcul,/home/user/Operation_robespierre/Amendements/DLR5L17N50198/PRJLANR5L17B0324/AMANR5L17PO59048B0324P2D1N002534.json,Pantel,Sophie,Socialistes et apparentés,SOC,Lozère
amendement,AMANR5L17PO838901B0324P1D1N000735,I-735,17,AN,PRJLANR5L17B0324,PA718838,PO845425,PA266808|PA266793|PA607090|PA719272|PA719968|PA718850|PA330909|PA721442,"M.&#160;Fabrice&#160;Brun,  M.&#160;Rolland, M.&#160;Bony, M.&#160;Jean-Pierre&#160;Vigier, Mme&#160;Fr&#233;d&#233;rique&#160;Meunier, Mme&#160;Sylvie&#160;Bonnet, M.&#160;Cordier, M.&#160;Descoeur et Mme&#160;Petex","À la fin du 2° de l’article L. 453‑70 du code des impositions sur les biens et services, le taux : « 3 % » est remplacé par le taux : « 5 % ».","La situation des finances publiques est très inquiétante. En 2024, le déficit public devrait frôler les 6 % du produit intérieur brut, la dette atteindre 3 200 milliards d’euros, avec des déficits du budget de l’État et du commerce extérieur records. La France doit ainsi impérativement réduire son déficit public et sa dette, sans pour autant augmenter les impôts de ceux qui travaillent et ont travaillé toute leur vie. Dans la recherche d’une plus grande justice fiscale, cet amendement vise à relever le taux de la taxe sur les services numériques, dite taxe GAFAM, de 3 à 5 %. Étant donné que le rendement prévisionnel de la taxe pour 2025 est de 800 millions d’euros, on peut estimer que le présent amendement créerait plus de 500 millions d’euros de recettes nouvelles pour le budget de l’État.",944,2024-10-17,,souverainete_numerique,/home/user/Operation_robespierre/Amendements/DLR5L17N50198/PRJLANR5L17B0324/AMANR5L17PO838901B0324P1D1N000735.json,Brun,Fabrice,Droite Républicaine,DR,Ardèche
amendement,AMANR5L17PO838901B0324P2D1N001157,II-1157,17,AN,PRJLANR5L17B0324,PA841107,PO845419,PA793624|PA643143|PA606793|PA794094|PA841463|PA841381|PA608172,"M.&#160;Oberti,  M.&#160;Philippe&#160;Brun, M.&#160;Baptiste, M.&#160;Baumel, M.&#160;Bouloux, Mme&#160;Mercier, Mme&#160;Pantel, Mme&#160;Pir&#232;s&#160;Beaune et les membres du groupe Socialistes et apparent&#233;s",,"Par cet amendement, il est proposé une augmentation des crédits affectés au programme 343 « Plan France Très Haut Débit », au sein duquel est notamment financée l’action 3 « Inclusion numérique » afin de pérenniser les 4000 postes de conseillers numériques France Services. Les conseillers numériques France Services jouent un rôle clé dans la lutte contre l’illectronisme et pour l’inclusion numérique, en facilitant et accompagnant l’utilisation des outils digitaux par toutes et tous. La dématérialisation des procédures administratives complique l'accès aux droits pour les personnes éloignées du numérique représentant 30% des Français aujourd’hui. Cet éloignement contribue à creuser les inégalités et la fracture numérique, constituant un obstacle de taille dans des démarches pourtant essentielles (accès aux aides, aux services publics, à des emplois dans le domaine du numérique concernant près de huit créations d’emploi sur dix, etc.). Le programme Société Numérique de l'ANCT permet, via",2914,2024-11-04,,souverainete_numerique,/home/user/Operation_robespierre/Amendements/DLR5L17N50198/PRJLANR5L17B0324/AMANR5L17PO838901B0324P2D1N001157.json,Oberti,Jacques,Socialistes et apparentés,SOC,Haute-Garonne
amendement,AMANR5L17PO838901B0324P1D1N001367,I-1367,17,AN,PRJLANR5L17B0324,PA712015,PO845425,PA718884|PA695512|PA721816|PA841047,"M.&#160;Dive,  Mme&#160;Bazin-Malgras, M.&#160;Lepers, M.&#160;Boucard et M.&#160;Ceccoli","À la fin du 2° de l’article L. 453‑70 du code des impositions sur les biens et services, le taux : « 3 % » est remplacé par le taux : « 5 % ».","Dans une perspective d'une meilleure équité fiscale, cet amendement propose d'augmenter le taux de la taxe sur les services numériques, communément appelée taxe GAFAM, en le portant de 3 % à 5 %. Compte tenu du rendement attendu de cette taxe pour l'année 2025, estimé à 800 millions d’euros, cette hausse pourrait générer plus de 500 millions d’euros supplémentaires pour le budget de l’État.",536,2024-10-17,,souverainete_numerique,/home/user/Operation_robespierre/Amendements/DLR5L17N50198/PRJLANR5L17B0324/AMANR5L17PO838901B0324P1D1N001367.json,Dive,Julien,Droite Républicaine,DR,Aisne
amendement,AMANR5L17PO838901B0324P1D1N001318,I-1318,17,AN,PRJLANR5L17B0324,PA722336,PO845470,PA643184|PA795026|PA840235|PA793520,"M.&#160;Thi&#233;baut,  Mme&#160;Klinkert, Mme&#160;Violland, M.&#160;Fr&#233;bault et M.&#160;Cosson","I. – À la fin de l’alinéa 3, substituer aux mots : « ou d’un processus dont l’objet n’est pas la production de chaleur », les mots : « , des déchets et d’énergie de récupération ». II. – Compléter cet article par l’alinéa suivant : « III. – La perte de recettes pour l’État est compensée à due concurrence par la création d’une taxe additionnelle à l’accise sur les tabacs prévue au chapitre IV du titre I er du livre III du code des impositions sur les biens et services. »","Le présent article a pour objet de mettre en conformité - avec les évolutions du droit de l’Union européenne - le champ d’application du taux réduit de TVA applicable à la livraison de chaleur et de froid dans les réseaux alimentés par au moins 50% d’énergies renouvelables et de récupération. C’est à ce titre qu’il propose d’inclure de manière explicite l’énergie ambiante parmi les sources d’énergie éligibles au taux réduit de TVA. Cependant, la clarification proposée est effectuée par l’intermédiaire d’une référence à un article du code de l’énergie qui exclut les déchets et les énergies de récupération du champ d’application de la TVA réduite. Or, les déchets et les énergies de récupération (chaleur fatale, data centers, valorisation énergétique des déchets, eaux usées ...) étaient jusqu’à présent bien mentionnés dans la législation (européenne et française) en vigueur. Les exclure ne serait pas sans conséquence au regard de l’importance des énergies de récupération dans la décarbona",2728,2024-10-17,,data_center,/home/user/Operation_robespierre/Amendements/DLR5L17N50198/PRJLANR5L17B0324/AMANR5L17PO838901B0324P1D1N001318.json,Thiébaut,Vincent,Horizons & Indépendants,HOR,Bas-Rhin
amendement,AMANR5L17PO838901B0324P1D1N000190,I-190,17,AN,PRJLANR5L17B0324,PA794658,PO845407,,M.&#160;Fait,Le j du II de l’article 244 quater B du code général des impôts est abrogé.,"Le présent amendement - travaillé avec France Digitale - vise à exclure la veille technologique des dépenses éligibles au crédit d’impôt recherche (CIR). Il s’agit des dépenses liées à l’abonnement à des revues scientifiques, l’achat d’études technologiques ou la participation à des congrès scientifiques pour suivre les avancées de l’état de l’art liées à des travaux de recherche. Les activités de veille technologique ne font pas partie des activités de R&amp;D en tant que telles, mais sont éligibles au CIR dans la limite de 60 000 euros par an dès lors qu’elles sont concomitantes à la réalisation d’opérations de R&amp;D. Dans la course aux technologies comme l’intelligence artificielle, la veille technologique peut constituer un atout pour les TPE et PME qui souhaitent rester à la pointe de l’innovation. Il s’agit toutefois d’un poste de dépenses pouvant être davantage supporté par l’entreprise que d’autres dépenses éligibles au CIR (dépenses de R&amp;D, de personnel, etc.) D’après le",1255,2024-10-15,,ia_calcul,/home/user/Operation_robespierre/Amendements/DLR5L17N50198/PRJLANR5L17B0324/AMANR5L17PO838901B0324P1D1N000190.json,Fait,Philippe,Horizons & Indépendants,HOR,Pas-de-Calais
amendement,AMANR5L17PO59048B0324P1D1N000633,I-CF633,17,CION_FIN,PRJLANR5L17B0324,PA794478,PO845413,PA795228|PA793262|PA794906|PA794138|PA795588|PA795084|PA842105|PA841657|PA720430|PA793772|PA795616|PA793444|PA794938|PA795318|PA841023|PA796090|PA793912|PA842187|PA842037|PA791812|PA793736|PA721202|PA795136|PA793464|PA842155|PA795200|PA795844|PA841251|PA794786|PA794870|PA796070|PA795310|PA841947|PA794082|PA794130|PA720846|PA841729|PA795516|PA841515|PA795672|PA795108|PA795298|PA791824|PA842029|PA793532|PA795746|PA342384|PA795422|PA794686|PA841215|PA795482|PA610654|PA841191|PA721960|PA793872|PA720892|PA817211|PA793756|PA796062|PA719578|PA721062|PA841845|PA795982|PA795466|PA793744|PA720952|PA794106|PA794166|PA795164|PA795596,"M.&#160;Guiraud,  Mme&#160;Abomangoli, M.&#160;Alexandre, M.&#160;Amard, Mme&#160;Amiot, Mme&#160;Amrani, M.&#160;Arenas, M.&#160;Arnault, Mme&#160;Belouassa-Cherifi, M.&#160;Bernalicis, M.&#160;Bex, M.&#160;Bilongo, M.&#160;Bompard, M.&#160;Boumertit, M.&#160;Boyard, M.&#160;Cadalen, M.&#160;Caron, M.&#160;Carri&#232;re, Mme&#160;Cathala, M.&#160;Cernon, Mme&#160;Chikirou, M.&#160;Clouet, M.&#160;Coquerel, M.&#160;Coulomme, M.&#160;Delogu, M.&#160;Diouara, Mme&#160;Dufour, Mme&#160;Erodi, Mme&#160;Feld, M.&#160;Fernandes, Mme&#160;Ferrer, M.&#160;Gaillard, Mme&#160;Guett&#233;, Mme&#160;Hamdane, Mme&#160;Hignet, M.&#160;Kerbrat, M.&#160;Lachaud, M.&#160;Lahmar, M.&#160;Laisney, M.&#160;Le&#160;Coq, M.&#160;Le&#160;Gall, Mme&#160;Leboucher, M.&#160;Legavre, Mme&#160;Legrain, Mme&#160;Lejeune, Mme&#160;Lepvraud, M.&#160;L&#233;aument, Mme&#160;&#201;lisa&#160;Martin, M.&#160;Maudet, Mme&#160;Maximi, Mme&#160;Mesmeur, Mme&#160;Manon&#160;Meunier, M.&#160;Nilor, Mme&#160;Nosb&#233;, Mme&#160;Obono, Mme&#160;Oziol, Mme&#160;Panot, M.&#160;Pilato, M.&#160;Piquemal, M.&#160;Portes, M.&#160;Prud&apos;homme, M.&#160;Ratenon, M.&#160;Saint-Martin, M.&#160;Saintoul, Mme&#160;Soudais, Mme&#160;Stambach-Terrenoir, M.&#160;Tach&#233;, Mme&#160;Taurinya, M.&#160;Tavel, Mme&#160;Trouv&#233; et M.&#160;Vannier","I. – Avant l’alinéa 1, insérer l’alinéa suivant : « IA. – Aux XXIV et XXV de l’article 55 de la loi n° 2022‑1726 du 30 décembre 2022 de finances pour 2023, chaque occurrence des mots : « en 2020, 2021 et 2022 et qui aurait été perçu en 2023 », est remplacée par les mots : « en 2020 et qui aurait été perçu en 2023 ». II. – Compléter cet article par l’alinéa suivant : « III. – La perte de recettes pour l’État est compensée à due concurrence par la création d’une taxe additionnelle à l’accise sur l","Par cet amendement nous proposons de modifier le calcul pour la compensation de CVAE perdue par les collectivités, afin de ne pas retenir les années 2021 et 2022 car ces années correspondent au produit de CVAE versée en 2020 par les entreprises, année marquée par l'épidémie de covid-19. Afin de compenser au mieux les collectivités face à la suppression de la CVAE, mesure contre laquelle nous nous opposons fermement, nous proposons a minima de ne pas conserver les années qui pénalisent les collectivités.",1119,2024-10-13,,ia_calcul,/home/user/Operation_robespierre/Amendements/DLR5L17N50198/PRJLANR5L17B0324/AMANR5L17PO59048B0324P1D1N000633.json,Guiraud,David,La France insoumise - Nouveau Front Populaire,LFI-NFP,Nord
amendement,AMANR5L17PO838901B0324P2D1N000606,II-606,17,AN,PRJLANR5L17B0324,PA643175,PO840056,PA642695|PA722150|PA719922|PA822617|PA1592|PA841017|PA720362|PA795330,"Mme&#160;Dupont,  M.&#160;Bothorel, M.&#160;Houli&#233;, M.&#160;Causse, Mme&#160;Froger, M.&#160;Habib, M.&#160;Huwart, M.&#160;Belhaddad et Mme&#160;Caroit",,"Le fonds de développement de l’inclusion (FDI) est destiné à soutenir et à développer les structures d’insertion par l’activité économique (EI, ETTI, EITI, AI et ACI). À ce titre, il peut être mobilisé pour différents types d’actions : aide au démarrage d’une structure nouvelle ; aide au développement, à l’adaptation et à la diversification des activités ; aide à l’appui - conseil ; aide à la professionnalisation ; évaluation / expérimentation ; aide exceptionnelle à la consolidation financière. Dans le PLF 2025, aucune dotation n’est prévue au titre du FDI. Cet amendement propose d'abonder de 30 millions d'euros les crédits dédiés au fonds de développement de l’inclusion (FDI) en augmentant les crédits de la sous-action 03.02 du programme n° 102 « Accès et retour à l'emploi », AE = CP. Afin de répondre aux obligations fixées par la LOLF et conserver un solde à zéro sur cette mission, il minore du même montant l'action 38 du programme n° 10 « Soutien des ministères sociaux », AE = CP. ",1346,2024-10-30,,ia_calcul,/home/user/Operation_robespierre/Amendements/DLR5L17N50198/PRJLANR5L17B0324/AMANR5L17PO838901B0324P2D1N000606.json,Dupont,Stella,Non inscrit,NI,Maine-et-Loire
amendement,AMANR5L17PO419604B0324P2D1N000212,II-AC212,17,CION-CEDU,PRJLANR5L17B0324,PA840159,PO845401,,M.&#160;Clavet,,"Cet amendement prévoit de diminuer les crédits, en autorisation d’engagement et en crédits de paiement, d’un montant de 2 548 827 000 euros pour l’action n° 1 « France Télévisions » du programme 372 « France Télévisions » et de diminuer les crédits, en autorisation d’engagement et en crédits de paiement, d’un montant de 660 133 908 euros pour l’action n° 1 « Radio France » du programme 374 « Radio France » Cet amendement vise à initier une réforme du paysage audiovisuel français par la privatisation de France Télévisions et de Radio France , permettant ainsi de réduire de 3,2 milliards d’euros la charge supportée par l’État . Toutefois, le Rassemblement national prévoit de maintenir dans le giron public Arte France , TV5 Monde , et les chaînes du groupe France Médias Monde en raison de leur rôle essentiel dans le rayonnement de la France en Europe et dans le monde. De même, l’ Institut national de l’audiovisuel (INA) sera préservé dans le domaine public pour son rôle crucial dans la pr",2354,2024-10-18,,souverainete_numerique,/home/user/Operation_robespierre/Amendements/DLR5L17N50198/PRJLANR5L17B0324/AMANR5L17PO419604B0324P2D1N000212.json,Clavet,Bruno,Rassemblement National,RN,Pas-de-Calais
amendement,AMANR5L17PO838901B0324P1D1N003481,I-3481,17,AN,PRJLANR5L17B0324,PA795950,PO845407,PA719472|PA795176|PA721158,"M.&#160;Amiel,  M.&#160;Jean-Ren&#233;&#160;Cazeneuve, M.&#160;Metzdorf et M.&#160;Anglade","I. – À la fin de l’alinéa 3, substituer aux mots : « ou d’un processus dont l’objet n’est pas la production de chaleur », les mots : « , des déchets et d’énergie de récupération ». II. – Compléter cet article par l’alinéa suivant : « III. – La perte de recettes pour l’État est compensée à due concurrence par la création d’une taxe additionnelle à l’accise sur les tabacs prévue au chapitre IV du titre I er du livre III du code des impositions sur les biens et services. »","Le présent article a pour objet de mettre en conformité - avec les évolutions du droit de l’Union européenne - le champ d’application du taux réduit de TVA applicable à la livraison de chaleur et de froid dans les réseaux alimentés par au moins 50% d’énergies renouvelables et de récupération. C’est à ce titre qu’il propose d’inclure de manière explicite l’énergie ambiante parmi les sources d’énergie éligibles au taux réduit de TVA. Cependant, la clarification proposée est effectuée par l’intermédiaire d’une référence à un article du code de l’énergie qui exclut les déchets et les énergies de récupération du champ d’application de la TVA réduite. Or, les déchets et les énergies de récupération (chaleur fatale, data centers, valorisation énergétique des déchets, eaux usées ...) étaient jusqu’à présent bien mentionnés dans la législation (européenne et française) en vigueur. Les exclure ne serait pas sans conséquence au regard de l’importance des énergies de récupération dans la décarbona",2728,2024-10-19,,data_center,/home/user/Operation_robespierre/Amendements/DLR5L17N50198/PRJLANR5L17B0324/AMANR5L17PO838901B0324P1D1N003481.json,,,,,
amendement,AMANR5L17PO419604B0324P2D1N000138,II-AC138,17,CION-CEDU,PRJLANR5L17B0324,PA796090,PO845413,PA795228|PA793262|PA794906|PA794138|PA795588|PA795084|PA842105|PA841657|PA720430|PA793772|PA795616|PA793444|PA794938|PA795318|PA841023|PA793912|PA842187|PA842037|PA791812|PA793736|PA721202|PA795136|PA793464|PA842155|PA795200|PA795844|PA841251|PA794786|PA794870|PA796070|PA795310|PA794478|PA841947|PA794082|PA794130|PA720846|PA841729|PA795516|PA841515|PA795672|PA795108|PA795298|PA791824|PA842029|PA793532|PA795746|PA342384|PA795422|PA794686|PA841215|PA795482|PA610654|PA841191|PA721960|PA793872|PA720892|PA817211|PA793756|PA796062|PA719578|PA721062|PA841845|PA795982|PA795466|PA793744|PA720952|PA794106|PA794166|PA795164|PA795596,"M.&#160;Caron,  Mme&#160;Abomangoli, M.&#160;Alexandre, M.&#160;Amard, Mme&#160;Amiot, Mme&#160;Amrani, M.&#160;Arenas, M.&#160;Arnault, Mme&#160;Belouassa-Cherifi, M.&#160;Bernalicis, M.&#160;Bex, M.&#160;Bilongo, M.&#160;Bompard, M.&#160;Boumertit, M.&#160;Boyard, M.&#160;Cadalen, M.&#160;Carri&#232;re, Mme&#160;Cathala, M.&#160;Cernon, Mme&#160;Chikirou, M.&#160;Clouet, M.&#160;Coquerel, M.&#160;Coulomme, M.&#160;Delogu, M.&#160;Diouara, Mme&#160;Dufour, Mme&#160;Erodi, Mme&#160;Feld, M.&#160;Fernandes, Mme&#160;Ferrer, M.&#160;Gaillard, Mme&#160;Guett&#233;, M.&#160;Guiraud, Mme&#160;Hamdane, Mme&#160;Hignet, M.&#160;Kerbrat, M.&#160;Lachaud, M.&#160;Lahmar, M.&#160;Laisney, M.&#160;Le&#160;Coq, M.&#160;Le&#160;Gall, Mme&#160;Leboucher, M.&#160;Legavre, Mme&#160;Legrain, Mme&#160;Lejeune, Mme&#160;Lepvraud, M.&#160;L&#233;aument, Mme&#160;&#201;lisa&#160;Martin, M.&#160;Maudet, Mme&#160;Maximi, Mme&#160;Mesmeur, Mme&#160;Manon&#160;Meunier, M.&#160;Nilor, Mme&#160;Nosb&#233;, Mme&#160;Obono, Mme&#160;Oziol, Mme&#160;Panot, M.&#160;Pilato, M.&#160;Piquemal, M.&#160;Portes, M.&#160;Prud&apos;homme, M.&#160;Ratenon, M.&#160;Saint-Martin, M.&#160;Saintoul, Mme&#160;Soudais, Mme&#160;Stambach-Terrenoir, M.&#160;Tach&#233;, Mme&#160;Taurinya, M.&#160;Tavel, Mme&#160;Trouv&#233; et M.&#160;Vannier",,"Par cet amendement, nous proposons de créer un fond de soutien pour l’installation des librairies indépendantes dans les centres-villes des communes rurales. La rentabilité économique des librairies est très faible. Alors que le prix du livre est relativement stable, notamment en raison de son encadrement par la loi de 1981, les différentes charges, notamment énergétiques ont tendance à augmenter. Il en va de même pour les frais de transport des marchandises ou de gestion des stocks. Surtout, le loyer constitue une variable importante, souvent particulièrement pénalisante, représentant en moyenne entre 5 et 10 % du chiffre d’affaires. Avec des moyens bien plus restreints que les grands magasins et plateforme de ventes en ligne, les petites librairies sont les plus exposées à ce risque économique, auquel s’ajoute une baisse du pouvoir d’achat généralisée. Le Syndicat de la librairie française (SLF) nous alertait en juin 2024 : une majorité de librairies indépendantes françaises seront d",4314,2024-10-18,,souverainete_numerique,/home/user/Operation_robespierre/Amendements/DLR5L17N50198/PRJLANR5L17B0324/AMANR5L17PO419604B0324P2D1N000138.json,Caron,Aymeric,La France insoumise - Nouveau Front Populaire,LFI-NFP,Paris
amendement,AMANR5L17PO838901BTC1522P0D1N000166,166,17,AN,PIONANR5L17BTC1522,PA840817,PO845485,PA267763|PA720976|PA719138|PA794554|PA719286|PA942|PA841359|PA267042|PA1592|PA795244|PA841931|PA607619|PA721486|PA793210|PA793796,"M.&#160;Bruneau,  M.&#160;Bataille, M.&#160;Mathiasin, M.&#160;Castellani, M.&#160;Castiglione, M.&#160;Colombani, M.&#160;de&#160;Courson, Mme&#160;de&#160;P&#233;lichy, M.&#160;Favennec-B&#233;cot, M.&#160;Habib, M.&#160;Lenormand, M.&#160;Mazaury, M.&#160;Molac, M.&#160;Naegelen, M.&#160;Panifous et M.&#160;Taupiac",Compléter l’alinéa 11 par la phrase suivante : « Une stratégie nationale de développement des capacités mobilisables pour la flexibilité électrique favorise le développement d’un programme industriel de déploiement d’équipements pour le pilotage des consommations et de la production et incite à la mise en place d’un programme de recherche et de développement de nouvelles flexibilités technique et d’optimisation en temps réel. »,"Cet amendement s'inspire des recommandations du rapport de l'ADEME de mars 2024 sur la flexibilité du système électrique. La transition énergétique vers un système électrique décarboné mise sur une montée en puissance massive des énergies renouvelables, par nature variables et non pilotables. Dans ce contexte, la flexibilité électrique devient un levier stratégique pour assurer en temps réel l’équilibre entre l’offre et la demande d’électricité, tout en garantissant la sécurité du système, la maîtrise des coûts et l’intégration optimale des énergies renouvelables. Or, la France ne dispose aujourd’hui d’aucun cadre stratégique en matière de flexibilité, alors même que les besoins identifiés à l’horizon 2030–2040 sont en forte croissance, comme le soulignent les travaux du gestionnaire RTE, de l’ADEME et de la CRE. Cet amendement propose donc que l’État se dote d’une stratégie nationale pour le développement des flexibilités électriques. Celle-ci devra répondre à deux priorités complémen",1944,2025-06-11,,ia_calcul,/home/user/Operation_robespierre/Amendements/DLR5L16N49849/PIONANR5L17BTC1522/AMANR5L17PO838901BTC1522P0D1N000166.json,Bruneau,Joël,"Libertés, Indépendants, Outre-mer et Territoires",LIOT,Calvados
amendement,AMANR5L17PO419610B0463P0D1N000578,CE578,17,CION-ECO,PIONANR5L17B0463,PA841495,PO845401,,M.&#160;Amblard,"Rédiger ainsi le trente-troisième alinéa : « 7° De soutenir un programme scientifique et technologique sur le développement des réacteurs de quatrième génération à neutrons rapides refroidis au sodium et la valorisation des matières nucléaires associées, dans l’objectif d’un déploiement industriel d’un parc de tels réacteurs au plus tard à partir de 2040, avec un objectif minimal de 12 GW installés d’ici 2050 ; »","Le présent sous-amendement affirme clairement l’objectif de déployer un parc industriel de réacteurs nucléaires de quatrième génération à partir de 2040, en supprimant toute ambiguïté sur son caractère éventuel. En fixant une échéance claire pour un déploiement industriel, le texte donne une visibilité aux acteurs de la recherche, de l’industrie et des institutions concernées. Il constitue un levier stratégique de souveraineté technologique, d’abondance énergétique et de fermeture du cycle du combustible nucléaire.",937,2025-06-02,,souverainete_numerique,/home/user/Operation_robespierre/Amendements/DLR5L16N49849/PIONANR5L17B0463/AMANR5L17PO419610B0463P0D1N000578.json,Amblard,Maxime,Rassemblement National,RN,Meuse
amendement,AMANR5L17PO419610B0463P0D1N000515,CE515,17,CION-ECO,PIONANR5L17B0463,PA841605,PO845401,,M.&#160;Golliot,"Le 1° de l’article L100‑1 du code de l’énergie est ainsi rédigé : « 1° Favorise l’émergence d’une économie croissante et riche en emplois grâce à une réindustrialisation fondée sur un prix abordable et compétitif d’une énergie souveraine, décarbonée et pilotable, reposant principalement sur la production nucléaire ; ».","Cet amendement vise à mettre l'énergie nucléaire au coeur de la relance de l’économie et de l’emploi en France. Le nucléaire, source d’énergie pilotable, décarbonée et produite sur notre sol, constitue le socle naturel de cette stratégie. Il garantit un prix de l’énergie compétitif, indépendant des fluctuations des marchés européens, et assure la souveraineté énergétique du pays. Cette rédaction recentre la politique énergétique sur les intérêts fondamentaux de notre pays, l’emploi, la compétitivité, l’indépendance technologique et la maîtrise des coûts pour les Français.",899,2025-05-28,,souverainete_numerique,/home/user/Operation_robespierre/Amendements/DLR5L16N49849/PIONANR5L17B0463/AMANR5L17PO419610B0463P0D1N000515.json,Golliot,Antoine,Rassemblement National,RN,Pas-de-Calais
amendement,AMANR5L17PO419610B0463P0D1N000489,CE489,17,CION-ECO,PIONANR5L17B0463,PA841495,PO845401,PA793246|PA841139|PA794590|PA841479|PA719436,"M.&#160;Amblard,  M.&#160;Falcon, M.&#160;Gabarron, M.&#160;Loubet, M.&#160;Weber et M.&#160;Meizonnet","Après le mot : « associées », rédiger ainsi la fin de l’alinéa 11 : « dans l’objectif d’un déploiement industriel d’un parc de tels réacteurs au plus tard à partir de 2040 ; »","Le présent amendement affirme clairement l’objectif de déployer un parc industriel de réacteurs nucléaires de quatrième génération à partir de 2040, en supprimant toute ambiguïté sur son caractère éventuel. En fixant une échéance claire pour un déploiement industriel, le texte donne une visibilité aux acteurs de la recherche, de l’industrie et des institutions concernées. Il constitue un levier stratégique de souveraineté technologique, d’abondance énergétique et de fermeture du cycle du combustible nucléaire.",691,2025-05-28,,souverainete_numerique,/home/user/Operation_robespierre/Amendements/DLR5L16N49849/PIONANR5L17B0463/AMANR5L17PO419610B0463P0D1N000489.json,Amblard,Maxime,Rassemblement National,RN,Meuse
amendement,AMANR5L17PO838901B0263P0D1N000006,6,17,AN,PIONANR5L17B0263,PA841955,PO845401,,M.&#160;Renault,Compléter l’alinéa 2 par la phrase suivante : « Les médecins salariés d’une société de téléconsultation ne peuvent bénéficier de cette exonération. »,Cet amendement propose d’exclure de l’exonération la téléconsultation par les médecins salariés d’une plateforme numérique (mais pas les médecins libéraux qui y recourent parfois avec leur patientèle). L’objectif est en effet de soutenir une activité médicale libérale sur le terrain.,434,2024-10-28,,cloud,/home/user/Operation_robespierre/Amendements/DLR5L17N50424/PIONANR5L17B0263/AMANR5L17PO838901B0263P0D1N000006.json,Renault,Matthias,Rassemblement National,RN,Somme
amendement,AMANR5L17PO59048B0263P0D1N000004,CF4,17,CION_FIN,PIONANR5L17B0263,PA841955,PO845401,,"M.&#160;Renault, rapporteur",Compléter l’alinéa 2 par la phrase suivante : « Les médecins salariés d’une société de téléconsultation ne peuvent bénéficier de cette exonération. »,Cet amendement propose d’exclure de l’exonération la téléconsultation par les médecins salariés d’une plateforme numérique (mais pas les médecins libéraux qui y recourent parfois avec leur patientèle). L’objectif est en effet de soutenir une activité médicale libérale sur le terrain.,434,2024-10-22,,cloud,/home/user/Operation_robespierre/Amendements/DLR5L17N50424/PIONANR5L17B0263/AMANR5L17PO59048B0263P0D1N000004.json,Renault,Matthias,Rassemblement National,RN,Somme
amendement,AMANR5L17PO838901BTC0475P0D1N000023,23,17,AN,PIONANR5L17BTC0475,PA793094,PO845425,,M.&#160;Ray,"I. – Après le 5° ter de l’article 157 du code général des impôts, il est inséré un 5° quater ainsi rédigé : « 5° quater. Les capitaux et rentes viagères prévus à l’article L. 224‑39‑1 du code monétaire et financier ; ». II. – Après la section 3 du chapitre IV du titre II du livre II du code monétaire et financier, il est inséré une section 3 bis ainsi rédigée : « Section 3 bis « Le plan d’épargne retraite couple solidaire « Sous-section 1 « Dispositions communes « Art. L. 224‑39‑1 . – Les conjoi","Cet amendement vise à créer un plan d'épargne retraite « couple solidaire » afin de compenser les inégalités existantes au sein d'un foyer face à la retraite. Les pensions de retraite des femmes sont en moyenne inférieure de 40% à celle des hommes en raison du temps consacré à la famille qui est source de carrières hachées. Ainsi, en 2021, 52 % des femmes retraitées perçoivent une pension mensuelle inférieure à 1 000 euros, contre 20 % pour les hommes selon de la Direction de la recherche, des études, de l'évaluation et des statistiques (DREES). Malgré les mesures prises pour compenser l’impact de la maternité sur les pensions de retraite, la réforme des retraites d'avril 2023 a davantage défavorisé les femmes par rapport aux hommes. En effet, en raison de carrières plus courtes, l’allongement de la durée de cotisation entraine des difficultés accrues pour les femmes pour atteindre le taux plein. Pour pallier cette inégalité, cet amendement propose de mettre en place un plan d'épargne ",13476,2024-10-28,,cloud,/home/user/Operation_robespierre/Amendements/DLR5L17N50453/PIONANR5L17BTC0475/AMANR5L17PO838901BTC0475P0D1N000023.json,Ray,Nicolas,Droite Républicaine,DR,Allier
amendement,AMANR5L17PO59051B0136P0D1N000372,CL372,17,CION_LOIS,PIONANR5L17B0136,PA793664,PO845439,PA610968|PA841701|PA795362|PA841351|PA840947|PA794022|PA793708|PA794154|PA794778,"Mme&#160;Pochon,  M.&#160;Amirshahi, Mme&#160;Balage&#160;El&#160;Mariky, Mme&#160;Belluco, M.&#160;Duplessy, Mme&#160;Catherine&#160;Hervieu, M.&#160;Iordanoff, M.&#160;Peytavie, M.&#160;Raux et Mme&#160;Regol","L’État veille à la mise en visibilité des formations existantes à destination des élus locaux, notamment via une plateforme numérique recensant les offres proposées par les acteurs habilités.","Pour améliorer la lisibilité des offres de formation à destination des élus locaux, il est proposé par cet amendement d’envisager la mise en place d’une plateforme numérique sur laquelle pourraient être recensées l’ensemble des offres de formation proposées par les acteurs agréés.",473,2025-06-13,,cloud,/home/user/Operation_robespierre/Amendements/DLR5L16N49280/PIONANR5L17B0136/AMANR5L17PO59051B0136P0D1N000372.json,Pochon,Marie,Écologiste et Social,ECOS,Drôme
amendement,AMANR5L17PO59051B0136P0D1N000470,CL470,17,CION_LOIS,PIONANR5L17B0136,PA840947,PO845439,PA841351|PA610968|PA841701|PA794022|PA794778|PA795362|PA793708|PA793664|PA794154,"Mme&#160;Catherine&#160;Hervieu,  M.&#160;Duplessy, M.&#160;Amirshahi, Mme&#160;Balage&#160;El&#160;Mariky, M.&#160;Iordanoff, Mme&#160;Regol, Mme&#160;Belluco, M.&#160;Peytavie, Mme&#160;Pochon et M.&#160;Raux","Compléter cet article par l’alinéa suivant : « 3° Une formation au numérique, sur les enjeux de cybersécurité, et une sensibilisation de l’utilisation de l’intelligence artificielle. »","Les élus locaux ont besoin de formation sur les enjeux du numérique, de cybersécurité, et une sensibilisation de l'utilisation de l'IA.",320,2025-06-13,,ia_calcul,/home/user/Operation_robespierre/Amendements/DLR5L16N49280/PIONANR5L17B0136/AMANR5L17PO59051B0136P0D1N000470.json,Hervieu,Catherine,Écologiste et Social,ECOS,Côte-d'or
amendement,AMANR5L17PO838901BTC1603P0D1N000840,840,17,AN,PIONANR5L17BTC1603,PA840947,PO845439,PA841351|PA610968|PA793780|PA588884|PA841701|PA795362|PA795454|PA840997|PA841885|PA841507|PA794008|PA721210|PA793452|PA793980|PA795010|PA841419|PA842013|PA794022|PA794146|PA841223|PA795636|PA842045|PA793708|PA793664|PA794154|PA794778|PA606545|PA795076|PA722142|PA610002|PA795808|PA796018|PA736201|PA841713|PA793948|PA2940,"Mme&#160;Catherine&#160;Hervieu,  M.&#160;Duplessy, M.&#160;Amirshahi, Mme&#160;Arrighi, Mme&#160;Autain, Mme&#160;Balage&#160;El&#160;Mariky, Mme&#160;Belluco, M.&#160;Ben&#160;Cheikh, M.&#160;Biteau, M.&#160;Arnaud&#160;Bonnet, M.&#160;Nicolas&#160;Bonnet, Mme&#160;Chatelain, M.&#160;Corbi&#232;re, M.&#160;Davi, M.&#160;Fournier, Mme&#160;Garin, M.&#160;Damien&#160;Girard, M.&#160;Gustave, M.&#160;Iordanoff, Mme&#160;Laernoes, M.&#160;Lahais, M.&#160;Lucas-Lundy, Mme&#160;Ozenne, M.&#160;Peytavie, Mme&#160;Pochon, M.&#160;Raux, Mme&#160;Regol, M.&#160;Roum&#233;gas, Mme&#160;Sandrine&#160;Rousseau, M.&#160;Ruffin, Mme&#160;Sas, Mme&#160;Sebaihi, Mme&#160;Simonnet, Mme&#160;Taill&#233;-Polian, M.&#160;Tavernier, M.&#160;Thierry et Mme&#160;Voynet","Compléter cet article par l’alinéa suivant : « 6° Un module consacré aux outils numériques, aux enjeux de cybersécurité, et une sensibilisation de l’utilisation de l’intelligence artificielle. »","Les élus locaux ont besoin d'être informés sur les enjeux du numérique, de cybersécurité, et sensibilisé de l'utilisation de l'IA. Ce module permettrait une acculturation suffisante des élus au numérique et notamment aux outils numériques. Les élus demandent des informations pour répondre à leurs besoins en la matière et réaliser des démarches sur les outils numériques de l'Etat et des collectivités. De plus, ce module leur permettrait d'accéder aux informations pour accéder aux outils de formation et à la formation à distance. L'utilisation de l'intelligence artificielle augmente et certaines informations sont nécessaires afin d'éviter de transmettre des données confidentielles. Enfin, les communes sont les cibles de cyberattaques et d'ingérences. Cette session d'information leur permettrait d'être sensibilisé sur ces sujets.",1033,2025-07-03,,ia_calcul,/home/user/Operation_robespierre/Amendements/DLR5L16N49280/PIONANR5L17BTC1603/AMANR5L17PO838901BTC1603P0D1N000840.json,Hervieu,Catherine,Écologiste et Social,ECOS,Côte-d'or
amendement,AMANR5L17PO838901BTC1603P0D1N000727,727,17,AN,PIONANR5L17BTC1603,PA794042,PO845425,PA607090|PA794994|PA332523|PA722390|PA794178,"Mme&#160;Dezarnaud,  M.&#160;Jean-Pierre&#160;Vigier, M.&#160;Portier, Mme&#160;Dalloz, Mme&#160;Corneloup et M.&#160;Taite","I. – Rédiger ainsi l’alinéa 6 : « 3° Un volet relatif à l’utilisation des outils numériques et de l’intelligence artificielle, visant à former les élus à leur maîtrise pour faciliter leur travail quotidien, dispensé par des formateurs issus du Centre National de la Fonction Publique Territoriale ou des partenariats existants avec des entreprises locales, financé par un redéploiement des budgets de formation déjà alloués ; ». II. – En conséquence, rédiger ainsi l’alinéa 7 : « 4° Un volet sécurita","Les élus locaux, notamment dans les territoires ruraux, insulaires, montagneux et d’outre-mer, doivent maîtriser les outils numériques et l’IA pour optimiser leur travail quotidien, malgré des défis de connectivité. Par ailleurs, la montée des incivilités et des crises locales nécessite une formation sécuritaire adaptée. Cet amendement enrichit les sessions d’information en intégrant ces volets, financés par un redéploiement des budgets du CNFPT et une mutualisation des ressources des services d’ordre publics, garantissant ainsi l’absence de nouvelles charges pour les finances publiques tout en renforçant les compétences des élus.",1611,2025-07-03,,ia_calcul,/home/user/Operation_robespierre/Amendements/DLR5L16N49280/PIONANR5L17BTC1603/AMANR5L17PO838901BTC1603P0D1N000727.json,,,,,
amendement,AMANR5L17PO59051B0907P0D1N000396,CL396,17,CION_LOIS,PIONANR5L17B0907,PA642695,PO845407,,M.&#160;Bothorel,Supprimer cet article.,"L’article 23 ter, introduit au Sénat, prévoit qu’en cas d’installation d’une antenne relais à proximité d’un établissement pénitentiaire, le dossier d’information mairie (DIM) doit être transmis au chef dudit établissement, qui devra rendre un avis sur la compatibilité du projet avec les dispositifs techniques de lutte contre la délinquance et la criminalité organisées déployés en prison. Tant que cet avis n’a pas été émis, le maire ou le président de l’intercommunalité ne pourra délivrer l’autorisation d’urbanisme. Par ailleurs, cet article prévoit que le chef d’établissement pénitentiaire participe à l’instance de concertation départementale relative à l’implantation des antennes. Cette disposition introduit des contraintes nouvelles et substantielles dans les procédures d’autorisation d’implantation des antennes relais, qui sont aujourd’hui régies par la loi n°2015-136 du 9 février 2015, dite loi « Abeille ». Or, l’un des enjeux fondamentaux du déploiement des réseaux mobiles réside",3368,2025-03-01,,data_center,/home/user/Operation_robespierre/Amendements/DLR5L17N50169/PIONANR5L17B0907/AMANR5L17PO59051B0907P0D1N000396.json,Bothorel,Éric,Ensemble pour la République,EPR,Côtes-d'armor
amendement,AMANR5L17PO59051B0907P0D1N000484,CL484,17,CION_LOIS,PIONANR5L17B0907,PA610968,PO845439,,M.&#160;Amirshahi,Supprimer cet article.,"Cet amendement vise à supprimer l’article 8 ter qui impose aux opérateurs de messageries chiffrées de mettre en œuvre les mesures nécessaires afin de permettre aux services de renseignement d’avoir accès au contenu intelligible des conversations. Cela reviendrait à affaiblir les mécanismes de chiffrement, ce qui exposerait l’ensemble des utilisateurs de ces plateformes à des risques pour la sécurité de leur communication, et ultimement pour leur vie privée. Ces dispositions entraîneraient alors un affaiblissement généralisé des moyens cryptographiques et reviendrait donc à mettre en danger notre sécurité, comme le formulait Guillaume Poupard, ancien directeur de l’ANSSI. L’accès aux communications chiffrées pour les autorités et les services de renseignement via des portes dérobées ne garantit en aucun cas que ces mêmes portes ne soient pas utilisées par d’autres. La multiplication des points d’entrée dans ces communications les rend particulièrement vulnérables. Les narcotrafiquants t",2109,2025-03-01,,souverainete_numerique,/home/user/Operation_robespierre/Amendements/DLR5L17N50169/PIONANR5L17B0907/AMANR5L17PO59051B0907P0D1N000484.json,Amirshahi,Pouria,Écologiste et Social,ECOS,Paris
amendement,AMANR5L17PO59051B0907P0D1N000374,CL374,17,CION_LOIS,PIONANR5L17B0907,PA720430,PO845413,PA795746|PA342384|PA842187|PA796062,"M.&#160;Bernalicis,  M.&#160;L&#233;aument, Mme&#160;&#201;lisa&#160;Martin, Mme&#160;Cathala et M.&#160;Portes","Dans un délai de six mois à compter de la promulgation de la présente loi, le Gouvernement remet au Parlement un rapport évaluant les moyens humains et financiers de la la juridiction nationale chargée des affaires de criminalité organisée (Junalco).","Cet amendement d’appel vise à alerter le Gouvernement sur le manque de moyens de la Junalco. Devant la commission d’enquête du Sénat sur le narcotrafic, en décembre 2023, tous les magistrats de la Junalco et du Parquet de Paris ont pointé le manque de moyens humains et en particuliers informatiques. Précisément, la vice-présidente chargée de l’instruction Sophie Aleksic parlait d’un manque ""d’assistants spécialisés"" et un ""environnement informatique totalement inadapté"". Seulement un assistant spécialisé pour neuf cabinets d’instruction. De plus, certains experts ne veulent plus travailler avec la JUNALCO parce qu’ils sont payés avec beaucoup de retard, au titre des frais de justice, les effectifs des services à caractère financier sont sous-dimensionnés. Les applicatifs métiers et notre environnement informatique sont totalement inadaptés à nos besoins et à la volumétrie des dossiers. En particulier le logiciel métier, Cassiopée, est lent et manque de fluidité. Il ne permet pas de sor",2175,2025-03-01,,data_center,/home/user/Operation_robespierre/Amendements/DLR5L17N50169/PIONANR5L17B0907/AMANR5L17PO59051B0907P0D1N000374.json,Bernalicis,Ugo,La France insoumise - Nouveau Front Populaire,LFI-NFP,Nord
amendement,AMANR5L17PO59051B0907P0D1N000311,CL311,17,CION_LOIS,PIONANR5L17B0907,PA793904,PO845401,,M.&#160;Lopez-Liguori,Supprimer l'alinéa 3.,"Amendement d'appel La lutte contre le blanchiment d’argent et le financement des activités criminelles, notamment le narcotrafic, est une nécessité impérieuse. Toutefois, les dispositions introduites à l’article 324-1-1 du code pénal par cette proposition de loi introduisent une présomption de blanchiment pour certaines catégories de transactions en crypto-actifs. En effet, l’alinéa 3 prévoit une présomption de blanchiment pour toute transaction effectuée avec un crypto-actif doté d’une fonction d’anonymisation ou recourant à un procédé d’opacification. Cette disposition revient à criminaliser des outils technologiques en eux-mêmes, indépendamment de l’usage qui en est fait. Il est essentiel de rappeler que les fonctionnalités d’anonymisation ne sont pas en soi illicites : elles répondent à des besoins légitimes de confidentialité, notamment pour les journalistes ou les lanceurs d’alertes. Par ailleurs, cette approche ignore la nature même des registres blockchain, qui offrent intrinsè",2000,2025-02-28,,souverainete_numerique,/home/user/Operation_robespierre/Amendements/DLR5L17N50169/PIONANR5L17B0907/AMANR5L17PO59051B0907P0D1N000311.json,Lopez-Liguori,Aurélien,Rassemblement National,RN,Hérault
amendement,AMANR5L17PO59051B0907P0D1N000044,CL44,17,CION_LOIS,PIONANR5L17B0907,PA795746,PO845413,PA795228|PA793262|PA794906|PA794138|PA795588|PA795084|PA842105|PA841657|PA720430|PA793772|PA795616|PA793444|PA794938|PA795318|PA841023|PA796090|PA793912|PA842187|PA842037|PA791812|PA793736|PA721202|PA795136|PA793464|PA842155|PA795200|PA795844|PA841251|PA794786|PA794870|PA796070|PA795310|PA794478|PA841947|PA794082|PA794130|PA720846|PA841729|PA795516|PA841515|PA795672|PA795108|PA795298|PA791824|PA842029|PA793532|PA342384|PA795422|PA794686|PA841215|PA795482|PA610654|PA841191|PA721960|PA793872|PA720892|PA817211|PA793756|PA796062|PA719578|PA721062|PA841845|PA795982|PA795466|PA793744|PA720952|PA794106|PA794166|PA795164|PA795596,"M.&#160;L&#233;aument,  Mme&#160;Abomangoli, M.&#160;Alexandre, M.&#160;Amard, Mme&#160;Amiot, Mme&#160;Amrani, M.&#160;Arenas, M.&#160;Arnault, Mme&#160;Belouassa-Cherifi, M.&#160;Bernalicis, M.&#160;Bex, M.&#160;Bilongo, M.&#160;Bompard, M.&#160;Boumertit, M.&#160;Boyard, M.&#160;Cadalen, M.&#160;Caron, M.&#160;Carri&#232;re, Mme&#160;Cathala, M.&#160;Cernon, Mme&#160;Chikirou, M.&#160;Clouet, M.&#160;Coquerel, M.&#160;Coulomme, M.&#160;Delogu, M.&#160;Diouara, Mme&#160;Dufour, Mme&#160;Erodi, Mme&#160;Feld, M.&#160;Fernandes, Mme&#160;Ferrer, M.&#160;Gaillard, Mme&#160;Guett&#233;, M.&#160;Guiraud, Mme&#160;Hamdane, Mme&#160;Hignet, M.&#160;Kerbrat, M.&#160;Lachaud, M.&#160;Lahmar, M.&#160;Laisney, M.&#160;Le&#160;Coq, M.&#160;Le&#160;Gall, Mme&#160;Leboucher, M.&#160;Legavre, Mme&#160;Legrain, Mme&#160;Lejeune, Mme&#160;Lepvraud, Mme&#160;&#201;lisa&#160;Martin, M.&#160;Maudet, Mme&#160;Maximi, Mme&#160;Mesmeur, Mme&#160;Manon&#160;Meunier, M.&#160;Nilor, Mme&#160;Nosb&#233;, Mme&#160;Obono, Mme&#160;Oziol, Mme&#160;Panot, M.&#160;Pilato, M.&#160;Piquemal, M.&#160;Portes, M.&#160;Prud&apos;homme, M.&#160;Ratenon, M.&#160;Saint-Martin, M.&#160;Saintoul, Mme&#160;Soudais, Mme&#160;Stambach-Terrenoir, M.&#160;Tach&#233;, Mme&#160;Taurinya, M.&#160;Tavel, Mme&#160;Trouv&#233; et M.&#160;Vannier",Supprimer cet article.,"Par cet amendement, les député·es du groupe LFI-NFP visent à protéger la vie privée des citoyens en leur garantissant le chiffrement légitime des échanges afin de les protéger des entreprises de communication qui collectent les données mais aussi du risque d'arbitraire qui découlerait d'un grand pouvoir discrétionnaire octroyé au premier ministre. La présente proposition de loi prévoit un accès en amont aux clés de chiffrement, ce qui devrait permettre d'accéder en temps réel aux échanges cryptés. Cela constitue une atteinte substantielle aux garanties de cryptologie permettant de protéger les données personnelles ou sensibles. De plus, l'article prévoit que les fournisseurs de services cryptés ne pourront pas invoquer d'obstacles techniques pour refuser de transmettre les informations, alors même que de nombreuses entreprises, comme Signal, ne disposent pas elles-mêmes des clés de chiffrement. En outre, la proposition de loi prévoit la mise en oeuvre d'une ""backdoor"" dans une logique ",1615,2025-02-21,,souverainete_numerique,/home/user/Operation_robespierre/Amendements/DLR5L17N50169/PIONANR5L17B0907/AMANR5L17PO59051B0907P0D1N000044.json,Léaument,Antoine,La France insoumise - Nouveau Front Populaire,LFI-NFP,Essonne
amendement,AMANR5L17PO59051B0907P0D1N000160,CL160,17,CION_LOIS,PIONANR5L17B0907,PA721984,PO845454,,M.&#160;Latombe,Supprimer cet article.,"En appelant à la création de « portes dérobées, l’article 8 ter rend la méthode de chiffrement de bout-en-bout ineffective, affectant gravement la cybersécurité des communications électroniques, au détriment de l’intégrité et de la confidentialité des échanges légitimes. Si le chiffrement de bout-en-bout peut être utilisé par des personnes malveillantes pour réaliser certaines actions frauduleuses, cette méthode n’en demeure pas moins cruciale pour garantir la sécurité de nos concitoyens et des activités de l’État, dont les communications sont opérées par des acteurs spécialisés dans la cryptographie. Elle est d’ailleurs décrite par le Comité européen de la protection des données et le Contrôleur européen de la protection des données comme un outil fondamental de confidentialité des échanges. L’un des effets pervers d’un tel amendement serait de conduire à l’abandon de ce système, ce qui entraînerait une dégradation substantielle de la confidentialité et de la sécurité des échanges par",1325,2025-02-28,,souverainete_numerique,/home/user/Operation_robespierre/Amendements/DLR5L17N50169/PIONANR5L17B0907/AMANR5L17PO59051B0907P0D1N000160.json,Latombe,Philippe,Les Démocrates,DEM,Vendée
amendement,AMANR5L17PO59051B0907P0D1N000023,CL23,17,CION_LOIS,PIONANR5L17B0907,PA795746,PO845413,PA795228|PA793262|PA794906|PA794138|PA795588|PA795084|PA842105|PA841657|PA720430|PA793772|PA795616|PA793444|PA794938|PA795318|PA841023|PA796090|PA793912|PA842187|PA842037|PA791812|PA793736|PA721202|PA795136|PA793464|PA842155|PA795200|PA795844|PA841251|PA794786|PA794870|PA796070|PA795310|PA794478|PA841947|PA794082|PA794130|PA720846|PA841729|PA795516|PA841515|PA795672|PA795108|PA795298|PA791824|PA842029|PA793532|PA342384|PA795422|PA794686|PA841215|PA795482|PA610654|PA841191|PA721960|PA793872|PA720892|PA817211|PA793756|PA796062|PA719578|PA721062|PA841845|PA795982|PA795466|PA793744|PA720952|PA794106|PA794166|PA795164|PA795596,"M.&#160;L&#233;aument,  Mme&#160;Abomangoli, M.&#160;Alexandre, M.&#160;Amard, Mme&#160;Amiot, Mme&#160;Amrani, M.&#160;Arenas, M.&#160;Arnault, Mme&#160;Belouassa-Cherifi, M.&#160;Bernalicis, M.&#160;Bex, M.&#160;Bilongo, M.&#160;Bompard, M.&#160;Boumertit, M.&#160;Boyard, M.&#160;Cadalen, M.&#160;Caron, M.&#160;Carri&#232;re, Mme&#160;Cathala, M.&#160;Cernon, Mme&#160;Chikirou, M.&#160;Clouet, M.&#160;Coquerel, M.&#160;Coulomme, M.&#160;Delogu, M.&#160;Diouara, Mme&#160;Dufour, Mme&#160;Erodi, Mme&#160;Feld, M.&#160;Fernandes, Mme&#160;Ferrer, M.&#160;Gaillard, Mme&#160;Guett&#233;, M.&#160;Guiraud, Mme&#160;Hamdane, Mme&#160;Hignet, M.&#160;Kerbrat, M.&#160;Lachaud, M.&#160;Lahmar, M.&#160;Laisney, M.&#160;Le&#160;Coq, M.&#160;Le&#160;Gall, Mme&#160;Leboucher, M.&#160;Legavre, Mme&#160;Legrain, Mme&#160;Lejeune, Mme&#160;Lepvraud, Mme&#160;&#201;lisa&#160;Martin, M.&#160;Maudet, Mme&#160;Maximi, Mme&#160;Mesmeur, Mme&#160;Manon&#160;Meunier, M.&#160;Nilor, Mme&#160;Nosb&#233;, Mme&#160;Obono, Mme&#160;Oziol, Mme&#160;Panot, M.&#160;Pilato, M.&#160;Piquemal, M.&#160;Portes, M.&#160;Prud&apos;homme, M.&#160;Ratenon, M.&#160;Saint-Martin, M.&#160;Saintoul, Mme&#160;Soudais, Mme&#160;Stambach-Terrenoir, M.&#160;Tach&#233;, Mme&#160;Taurinya, M.&#160;Tavel, Mme&#160;Trouv&#233; et M.&#160;Vannier","À la première phrase de l’alinéa 84, après le mot : « avis », insérer le mot : « conforme ».","Par cet amendement de repli, les députés du groupe LFI-NFP entendent s'assurer que les modalités d'application du présent article, relatif à la surveillance par caméras installées sur des aéronefs, respectent les garanties fondamentales en matière de protection et de traitement des données. La Commission nationale de l'informatique et des libertés (CNIL) est chargée de veiller à la protection des données personnelles contenues dans les fichiers et les traitements informatiques ou papiers, qu'ils soient publics ou privés. Elle joue ainsi le rôle de garant de la vie privée numérique de nos concitoyens. L’installation de caméras sur des drones dans les établissements pénitentiaires s’inscrit dans une logique de surveillance généralisée reposant sur les nouvelles technologies dans la continuité de la loi sécurité globale de M. Darmanin. Ce dispositif renforce une approche sécuritaire axée sur le contrôle permanent des individus, en particulier des personnes détenues, au détriment de leurs ",1994,2025-02-21,,souverainete_numerique,/home/user/Operation_robespierre/Amendements/DLR5L17N50169/PIONANR5L17B0907/AMANR5L17PO59051B0907P0D1N000023.json,Léaument,Antoine,La France insoumise - Nouveau Front Populaire,LFI-NFP,Essonne
amendement,AMANR5L17PO59051B0907P0D1N000078,CL78,17,CION_LOIS,PIONANR5L17B0907,PA720430,PO845413,PA795228|PA793262|PA794906|PA794138|PA795588|PA795084|PA842105|PA841657|PA793772|PA795616|PA793444|PA794938|PA795318|PA841023|PA796090|PA793912|PA842187|PA842037|PA791812|PA793736|PA721202|PA795136|PA793464|PA842155|PA795200|PA795844|PA841251|PA794786|PA794870|PA796070|PA795310|PA794478|PA841947|PA794082|PA794130|PA720846|PA841729|PA795516|PA841515|PA795672|PA795108|PA795298|PA791824|PA842029|PA793532|PA795746|PA342384|PA795422|PA794686|PA841215|PA795482|PA610654|PA841191|PA721960|PA793872|PA720892|PA817211|PA793756|PA796062|PA719578|PA721062|PA841845|PA795982|PA795466|PA793744|PA720952|PA794106|PA794166|PA795164|PA795596,"M.&#160;Bernalicis,  Mme&#160;Abomangoli, M.&#160;Alexandre, M.&#160;Amard, Mme&#160;Amiot, Mme&#160;Amrani, M.&#160;Arenas, M.&#160;Arnault, Mme&#160;Belouassa-Cherifi, M.&#160;Bex, M.&#160;Bilongo, M.&#160;Bompard, M.&#160;Boumertit, M.&#160;Boyard, M.&#160;Cadalen, M.&#160;Caron, M.&#160;Carri&#232;re, Mme&#160;Cathala, M.&#160;Cernon, Mme&#160;Chikirou, M.&#160;Clouet, M.&#160;Coquerel, M.&#160;Coulomme, M.&#160;Delogu, M.&#160;Diouara, Mme&#160;Dufour, Mme&#160;Erodi, Mme&#160;Feld, M.&#160;Fernandes, Mme&#160;Ferrer, M.&#160;Gaillard, Mme&#160;Guett&#233;, M.&#160;Guiraud, Mme&#160;Hamdane, Mme&#160;Hignet, M.&#160;Kerbrat, M.&#160;Lachaud, M.&#160;Lahmar, M.&#160;Laisney, M.&#160;Le&#160;Coq, M.&#160;Le&#160;Gall, Mme&#160;Leboucher, M.&#160;Legavre, Mme&#160;Legrain, Mme&#160;Lejeune, Mme&#160;Lepvraud, M.&#160;L&#233;aument, Mme&#160;&#201;lisa&#160;Martin, M.&#160;Maudet, Mme&#160;Maximi, Mme&#160;Mesmeur, Mme&#160;Manon&#160;Meunier, M.&#160;Nilor, Mme&#160;Nosb&#233;, Mme&#160;Obono, Mme&#160;Oziol, Mme&#160;Panot, M.&#160;Pilato, M.&#160;Piquemal, M.&#160;Portes, M.&#160;Prud&apos;homme, M.&#160;Ratenon, M.&#160;Saint-Martin, M.&#160;Saintoul, Mme&#160;Soudais, Mme&#160;Stambach-Terrenoir, M.&#160;Tach&#233;, Mme&#160;Taurinya, M.&#160;Tavel, Mme&#160;Trouv&#233; et M.&#160;Vannier",Compléter l’alinéa 2 par la phrase suivante : « Les données ne pourront être conservées au-delà d’une période de neuf ans. »,"Par cet amendement, les députés du groupe LFI-NFP souhaitent limiter à 9 ans la conservation des données. La longueur des enquêtes en matière de crime organisé peut se heurter à ce délai de 3 ans et donc entraver la recherche des auteurs d’infractions. Le fichier reste un fichier contrôlé par un magistrat et la prolongation du délai prévue par le texte ne peut avoir lieu que sur décision d’un magistrat. Ce sont des exigences minimales pour assurer la proportionnalité du dispositif. Cependant, le fichier concerne des données personnelles particulièrement sensibles. C'est la raison pour laquelle nous proposons une durée maximale à la conservation de ces données et ainsi permettre un total de deux renouvellements. Cette durée reste grande, et pour accélerer les enquêtes nous considérons qu'il est nécessaire de renforcer les effectifs de la police judiciaire ainsi que ceux des juges. Nous ne pouvons nous limiter à seulement déroger aux règles protectrices des droits et libertés.",1114,2025-02-21,,souverainete_numerique,/home/user/Operation_robespierre/Amendements/DLR5L17N50169/PIONANR5L17B0907/AMANR5L17PO59051B0907P0D1N000078.json,Bernalicis,Ugo,La France insoumise - Nouveau Front Populaire,LFI-NFP,Nord
amendement,AMANR5L17PO59051B0907P0D1N000008,CL8,17,CION_LOIS,PIONANR5L17B0907,PA795746,PO845413,PA795228|PA793262|PA794906|PA794138|PA795588|PA795084|PA842105|PA841657|PA720430|PA793772|PA795616|PA793444|PA794938|PA795318|PA841023|PA796090|PA793912|PA842187|PA842037|PA791812|PA793736|PA721202|PA795136|PA793464|PA842155|PA795200|PA795844|PA841251|PA794786|PA794870|PA796070|PA795310|PA794478|PA841947|PA794082|PA794130|PA720846|PA841729|PA795516|PA841515|PA795672|PA795108|PA795298|PA791824|PA842029|PA793532|PA342384|PA795422|PA794686|PA841215|PA795482|PA610654|PA841191|PA721960|PA793872|PA720892|PA817211|PA793756|PA796062|PA719578|PA721062|PA841845|PA795982|PA795466|PA793744|PA720952|PA794106|PA794166|PA795164|PA795596,"M.&#160;L&#233;aument,  Mme&#160;Abomangoli, M.&#160;Alexandre, M.&#160;Amard, Mme&#160;Amiot, Mme&#160;Amrani, M.&#160;Arenas, M.&#160;Arnault, Mme&#160;Belouassa-Cherifi, M.&#160;Bernalicis, M.&#160;Bex, M.&#160;Bilongo, M.&#160;Bompard, M.&#160;Boumertit, M.&#160;Boyard, M.&#160;Cadalen, M.&#160;Caron, M.&#160;Carri&#232;re, Mme&#160;Cathala, M.&#160;Cernon, Mme&#160;Chikirou, M.&#160;Clouet, M.&#160;Coquerel, M.&#160;Coulomme, M.&#160;Delogu, M.&#160;Diouara, Mme&#160;Dufour, Mme&#160;Erodi, Mme&#160;Feld, M.&#160;Fernandes, Mme&#160;Ferrer, M.&#160;Gaillard, Mme&#160;Guett&#233;, M.&#160;Guiraud, Mme&#160;Hamdane, Mme&#160;Hignet, M.&#160;Kerbrat, M.&#160;Lachaud, M.&#160;Lahmar, M.&#160;Laisney, M.&#160;Le&#160;Coq, M.&#160;Le&#160;Gall, Mme&#160;Leboucher, M.&#160;Legavre, Mme&#160;Legrain, Mme&#160;Lejeune, Mme&#160;Lepvraud, Mme&#160;&#201;lisa&#160;Martin, M.&#160;Maudet, Mme&#160;Maximi, Mme&#160;Mesmeur, Mme&#160;Manon&#160;Meunier, M.&#160;Nilor, Mme&#160;Nosb&#233;, Mme&#160;Obono, Mme&#160;Oziol, Mme&#160;Panot, M.&#160;Pilato, M.&#160;Piquemal, M.&#160;Portes, M.&#160;Prud&apos;homme, M.&#160;Ratenon, M.&#160;Saint-Martin, M.&#160;Saintoul, Mme&#160;Soudais, Mme&#160;Stambach-Terrenoir, M.&#160;Tach&#233;, Mme&#160;Taurinya, M.&#160;Tavel, Mme&#160;Trouv&#233; et M.&#160;Vannier","I. – Après l’alinéa 60, insérer les deux alinéas suivants : « c) Il est ajouté un alinéa ainsi rédigé : « « Les opérations mentionnées dans cet article sont soumises au contrôle de la commission nationale de l’informatique et des libertés ; ». » II. – En conséquence, après l’alinéa 61, insérer les deux alinéas suivants : « 2° bis L’article L. 135 ZJ du livre des procédures fiscales est complété par un alinéa ainsi rédigé : « « Les opérations mentionnées dans cet article sont soumises au contrôle","Par cet amendement, les député·es du groupe LFI-NFP proposent d'assurer un contrôle du traitement des données autorisé au titre de l'article 3 par la Commission nationale de l'informatique et des libertés (CNIL). Cet article propose d'étendre aux agents de police judiciaire des finances le droit d'accès direct à certains fichiers des officiers de douane judiciaire et officiers fiscaux judiciaires et ouvre aussi l'accès aux données juridiques immobilières. De plus, il confère à l’ensemble des assistants spécialisés des pôles économiques et financiers, des juridictions interrégionales spécialisées (JIRS) et du procureur de la République financier un accès direct aux fichiers Ficoba (fichier des comptes bancaires assimilés), Ficovie (fichier des contrats d'assurance-vie), BNDP (base nationale des données patrimoniales) et PATRIM (recherche des transactions immobilières), jusqu’à présent réservé aux seuls assistants détachés par la DGFIP. En outre, il ouvre aussi aux greffiers des tribunau",2796,2025-02-21,,souverainete_numerique,/home/user/Operation_robespierre/Amendements/DLR5L17N50169/PIONANR5L17B0907/AMANR5L17PO59051B0907P0D1N000008.json,Léaument,Antoine,La France insoumise - Nouveau Front Populaire,LFI-NFP,Essonne
amendement,AMANR5L17PO59051B0907P0D1N000312,CL312,17,CION_LOIS,PIONANR5L17B0907,PA793904,PO845401,PA793374|PA793844|PA794886|PA793928|PA841737|PA793832|PA840757|PA793218|PA721932|PA793330|PA793254|PA795410|PA796050|PA794502|PA794946,"M.&#160;Lopez-Liguori,  M.&#160;Baubry, Mme&#160;Bordes, Mme&#160;Blanc, Mme&#160;Diaz, M.&#160;Gery, M.&#160;Gillet, Mme&#160;Griseti, M.&#160;Guitton, Mme&#160;Lorho, M.&#160;Bryan&#160;Masson, M.&#160;Rancoule, Mme&#160;Roullaud, M.&#160;Schreck, M.&#160;Taverne et M.&#160;Villedieu",Supprimer cet article.,"L'article 8 ter instaure pour les plateformes une obligation de mettre en œuvre les mesures techniques nécessaires afin de permettre aux services de renseignement d’accéder au contenu intelligible des correspondances et données qui y transitent. D'un point de vue technique, il est impossible pour un opérateur de lever un cryptage de bout en bout puisqu'une telle technologie est justement conçue pour que le chiffrement, le déchiffrement, la génération des clés soient effectués au niveau des terminaux des utilisateurs. Il s'agirait alors pour satisfaire aux obligations de cet article de mettre en place des portes dérobées pour toutes les communications, ce qui dépasserait largement le cadre de la lutte contre le narcotrafic, en plus de fragiliser le secret des communications des utilisateurs et de représenter une atteinte directe à leur vie privée. Alors que des données sensibles peuvent transiter sur ces messageries utilisées par des entreprises stratégiques, des personnalités politique",2003,2025-02-28,,souverainete_numerique,/home/user/Operation_robespierre/Amendements/DLR5L17N50169/PIONANR5L17B0907/AMANR5L17PO59051B0907P0D1N000312.json,Lopez-Liguori,Aurélien,Rassemblement National,RN,Hérault
amendement,AMANR5L17PO59051B0907P0D1N000410,CL410,17,CION_LOIS,PIONANR5L17B0907,PA610968,PO845439,PA841701|PA841351|PA794778|PA794022,"M.&#160;Amirshahi,  Mme&#160;Balage&#160;El&#160;Mariky, M.&#160;Duplessy, Mme&#160;Regol et M.&#160;Iordanoff","À l’alinéa 4, substituer au mot : « cinq » le mot : « deux ».","Cet amendement du groupe Écologiste et Social vise à réduire la durée de conservation des données personnelles détenues par les opérateurs de communications électroniques ou leurs sous‑traitants offrant un service de communications interpersonnelles à prépaiement, conformément au principe de minimisation. En limitant cette durée, cet amendement cherche ainsi à concilier impératifs de sécurité et protection des libertés fondamentales.",499,2025-03-01,,souverainete_numerique,/home/user/Operation_robespierre/Amendements/DLR5L17N50169/PIONANR5L17B0907/AMANR5L17PO59051B0907P0D1N000410.json,Amirshahi,Pouria,Écologiste et Social,ECOS,Paris
amendement,AMANR5L17PO59051B0907P0D1N000392,CL392,17,CION_LOIS,PIONANR5L17B0907,PA642695,PO845407,PA643184|PA345722|PA607395|PA720342|PA718674|PA720370|PA720446,"M.&#160;Bothorel,  Mme&#160;Klinkert, Mme&#160;Le&#160;Grip, M.&#160;Travert, Mme&#160;Le&#160;Peih, Mme&#160;Givernet, M.&#160;Mendes et Mme&#160;Liso",Supprimer cet article.,"L’amendement vise à supprimer l’article 8 ter introduit au Sénat, qui impose aux opérateurs de messageries chiffrées de mettre en œuvre « les mesures techniques nécessaires afin de permettre d’accéder au contenu intelligible » des communications. Une telle disposition méconnaît les risques majeurs qu’elle fait peser sur la sécurité des communications numériques et ignore les récentes évolutions technologiques qui rendent inopérantes les obligations de résultat ainsi imposées. L’exigence d’un affaiblissement des mécanismes de chiffrement va à l’encontre des principes fondamentaux de sécurité informatique et expose l’ensemble des utilisateurs à des menaces accrues. Guillaume Poupard, ancien directeur général de l’ANSSI, rappelait déjà en 2016 que « les moyens de cryptographie et notamment les technologies de chiffrement de l’information sont indispensables à la sécurité des échanges numériques », soulignant que toute obligation visant à imposer un accès garanti aux messages chiffrés aura",4224,2025-03-01,,souverainete_numerique,/home/user/Operation_robespierre/Amendements/DLR5L17N50169/PIONANR5L17B0907/AMANR5L17PO59051B0907P0D1N000392.json,Bothorel,Éric,Ensemble pour la République,EPR,Côtes-d'armor
amendement,AMANR5L17PO59051B0907P0D1N000069,CL69,17,CION_LOIS,PIONANR5L17B0907,PA720430,PO845413,PA795228|PA793262|PA794906|PA794138|PA795588|PA795084|PA842105|PA841657|PA793772|PA795616|PA793444|PA794938|PA795318|PA841023|PA796090|PA793912|PA842187|PA842037|PA791812|PA793736|PA721202|PA795136|PA793464|PA842155|PA795200|PA795844|PA841251|PA794786|PA794870|PA796070|PA795310|PA794478|PA841947|PA794082|PA794130|PA720846|PA841729|PA795516|PA841515|PA795672|PA795108|PA795298|PA791824|PA842029|PA793532|PA795746|PA342384|PA795422|PA794686|PA841215|PA795482|PA610654|PA841191|PA721960|PA793872|PA720892|PA817211|PA793756|PA796062|PA719578|PA721062|PA841845|PA795982|PA795466|PA793744|PA720952|PA794106|PA794166|PA795164|PA795596,"M.&#160;Bernalicis,  Mme&#160;Abomangoli, M.&#160;Alexandre, M.&#160;Amard, Mme&#160;Amiot, Mme&#160;Amrani, M.&#160;Arenas, M.&#160;Arnault, Mme&#160;Belouassa-Cherifi, M.&#160;Bex, M.&#160;Bilongo, M.&#160;Bompard, M.&#160;Boumertit, M.&#160;Boyard, M.&#160;Cadalen, M.&#160;Caron, M.&#160;Carri&#232;re, Mme&#160;Cathala, M.&#160;Cernon, Mme&#160;Chikirou, M.&#160;Clouet, M.&#160;Coquerel, M.&#160;Coulomme, M.&#160;Delogu, M.&#160;Diouara, Mme&#160;Dufour, Mme&#160;Erodi, Mme&#160;Feld, M.&#160;Fernandes, Mme&#160;Ferrer, M.&#160;Gaillard, Mme&#160;Guett&#233;, M.&#160;Guiraud, Mme&#160;Hamdane, Mme&#160;Hignet, M.&#160;Kerbrat, M.&#160;Lachaud, M.&#160;Lahmar, M.&#160;Laisney, M.&#160;Le&#160;Coq, M.&#160;Le&#160;Gall, Mme&#160;Leboucher, M.&#160;Legavre, Mme&#160;Legrain, Mme&#160;Lejeune, Mme&#160;Lepvraud, M.&#160;L&#233;aument, Mme&#160;&#201;lisa&#160;Martin, M.&#160;Maudet, Mme&#160;Maximi, Mme&#160;Mesmeur, Mme&#160;Manon&#160;Meunier, M.&#160;Nilor, Mme&#160;Nosb&#233;, Mme&#160;Obono, Mme&#160;Oziol, Mme&#160;Panot, M.&#160;Pilato, M.&#160;Piquemal, M.&#160;Portes, M.&#160;Prud&apos;homme, M.&#160;Ratenon, M.&#160;Saint-Martin, M.&#160;Saintoul, Mme&#160;Soudais, Mme&#160;Stambach-Terrenoir, M.&#160;Tach&#233;, Mme&#160;Taurinya, M.&#160;Tavel, Mme&#160;Trouv&#233; et M.&#160;Vannier","À la première phrase de l’alinéa 30, après le mot : « avis », insérer le mot : « conforme ».","Par cet amendement, les députés du groupe LFI-NFP souhaitent s'assurer que les modalités d'application du présent article respectent les garanties élémentaires en matière de protection des données et de leur traitement, en proposant un avis conforme de la CNIL concernant les conditions dans lesquelles les informations recueillies dans le cadre de la procédure de signalement peuvent être échangées entre les administrations. La Commission nationale de l'informatique et des libertés (CNIL) est chargée de veiller à la protection des données personnelles contenues dans les fichiers et les traitements informatiques ou papiers, qu'ils soient publics ou privés. Elle joue ainsi un rôle essentiel de garant de la vie privée numérique de nos concitoyens et du respect des libertés fondamentales. Dès lors, l'avis qu'elle formule ne doit pas être un simple élément consultatif, mais revêtir un caractère contraignant afin d'assurer une protection effective des données et d'éviter toute dérive dans leur",1270,2025-02-21,,souverainete_numerique,/home/user/Operation_robespierre/Amendements/DLR5L17N50169/PIONANR5L17B0907/AMANR5L17PO59051B0907P0D1N000069.json,Bernalicis,Ugo,La France insoumise - Nouveau Front Populaire,LFI-NFP,Nord
amendement,AMANR5L17PO59051B0907P0D1N000088,CL88,17,CION_LOIS,PIONANR5L17B0907,PA605694,PO845454,PA721336|PA805166|PA795100,"M.&#160;Falorni,  Mme&#160;Brocard, Mme&#160;Bergantz et M.&#160;Martineau","Après l’article L. 232-7-1 du code de la sécurité intérieure, il est inséré un article L. 232‑7‑2 ainsi rédigé : « Art. L. 232‑7‑2. – I. – Afin de prévenir et de réprimer le terrorisme, de faciliter la constatation des infractions s’y rattachant, de faciliter la constatation des infractions criminelles ou liées à la criminalité organisée au sens des articles 706‑73 et 706‑73‑1 du code de procédure pénale, des infractions de contrebande, d’importation ou d’exportation commises en bande organisée,","Le présent amendement vise à créer une obligation à la charge des autorités portuaires de transmission des données qu’elles recueillent lors de l’escale des navires de plaisance. En effet, la préfecture de la Charente-Maritime a lancé en février 2025 un dispositif expérimental unique en métropole dont l’objectif est d’améliorer le renseignement sur les navires de plaisance en escale dans le port de la Rochelle. Ce dispositif s’inspire des systèmes de PNR aérien (dossier passager - Passenger Name Record) visant à circulariser de l’information entre services de renseignement et services judiciaires à partir de données renseignées dans les documents commerciaux remplis par les usagers (données transmises aux compagnies aériennes dans le cadre du PNR aérien, données récoltées dans le cadre de la réservation d’anneaux dans le cadre de cette expérimentation sur le port de plaisance). Les autorités du port transmettent ainsi les informations commerciales dont elles disposent aux services de r",4822,2025-02-25,,souverainete_numerique,/home/user/Operation_robespierre/Amendements/DLR5L17N50169/PIONANR5L17B0907/AMANR5L17PO59051B0907P0D1N000088.json,Falorni,Olivier,Les Démocrates,DEM,Charente-Maritime
amendement,AMANR5L17PO59051B0907P0D1N000335,CL335,17,CION_LOIS,PIONANR5L17B0907,PA721896,PO845514,PA795998|PA720838|PA796106|PA795868|PA267306|PA774962|PA335612|PA796010|PA842271|PA793174|PA795820|PA721270|PA795240|PA795876|PA605745|PA842299,"Mme&#160;Faucillon,  Mme&#160;K/Bidi, Mme&#160;Bourouaha, M.&#160;B&#233;nard, M.&#160;Castor, M.&#160;Chassaigne, Mme&#160;Lebon, M.&#160;Lecoq, M.&#160;Maillot, M.&#160;Maurel, M.&#160;Monnet, M.&#160;Nadeau, M.&#160;Peu, Mme&#160;Reid&#160;Arbelot, M.&#160;Rimane, M.&#160;Sansu et M.&#160;Tjibaou",Supprimer cet article.,"Cet amendement vise à supprimer l’article 8 ter lequel instaure pour les plateformes une obligation de mettre en œuvre les mesures techniques nécessaires afin de permettre aux services de renseignement d’accéder au contenu intelligible des correspondances et données qui y transitent. De nombreuses institutions, telles que l’ANSSI et le Comité européen de la protection des données, affirment que l’accès aux messageries chiffrées affaiblirait le niveau de protection de l’ensemble des communications et menacerait la confidentialité de tous nos échanges. Selon la Quadrature du Net, « non seulement cette mesure est impossible techniquement mais elle contrevient à toutes les exigences de sécurité numérique. Le chiffrement de bout-en-bout est conçu pour que les entreprises elles-mêmes n’aient pas accès aux messages. Introduire un accès, une « backdoor », affaiblirait le niveau de protection de l’ensemble des communications et cela n’est d’ailleurs prévu nulle part dans le monde. Le chiffremen",2295,2025-02-28,,souverainete_numerique,/home/user/Operation_robespierre/Amendements/DLR5L17N50169/PIONANR5L17B0907/AMANR5L17PO59051B0907P0D1N000335.json,Faucillon,Elsa,Gauche Démocrate et Républicaine,GDR,Hauts-de-Seine
amendement,AMANR5L17PO59051B0907P0D1N000009,CL9,17,CION_LOIS,PIONANR5L17B0907,PA720430,PO845413,PA795228|PA793262|PA794906|PA794138|PA795588|PA795084|PA842105|PA841657|PA793772|PA795616|PA793444|PA794938|PA795318|PA841023|PA796090|PA793912|PA842187|PA842037|PA791812|PA793736|PA721202|PA795136|PA793464|PA842155|PA795200|PA795844|PA841251|PA794786|PA794870|PA796070|PA795310|PA794478|PA841947|PA794082|PA794130|PA720846|PA841729|PA795516|PA841515|PA795672|PA795108|PA795298|PA791824|PA842029|PA793532|PA795746|PA342384|PA795422|PA794686|PA841215|PA795482|PA610654|PA841191|PA721960|PA793872|PA720892|PA817211|PA793756|PA796062|PA719578|PA721062|PA841845|PA795982|PA795466|PA793744|PA720952|PA794106|PA794166|PA795164|PA795596,"M.&#160;Bernalicis,  Mme&#160;Abomangoli, M.&#160;Alexandre, M.&#160;Amard, Mme&#160;Amiot, Mme&#160;Amrani, M.&#160;Arenas, M.&#160;Arnault, Mme&#160;Belouassa-Cherifi, M.&#160;Bex, M.&#160;Bilongo, M.&#160;Bompard, M.&#160;Boumertit, M.&#160;Boyard, M.&#160;Cadalen, M.&#160;Caron, M.&#160;Carri&#232;re, Mme&#160;Cathala, M.&#160;Cernon, Mme&#160;Chikirou, M.&#160;Clouet, M.&#160;Coquerel, M.&#160;Coulomme, M.&#160;Delogu, M.&#160;Diouara, Mme&#160;Dufour, Mme&#160;Erodi, Mme&#160;Feld, M.&#160;Fernandes, Mme&#160;Ferrer, M.&#160;Gaillard, Mme&#160;Guett&#233;, M.&#160;Guiraud, Mme&#160;Hamdane, Mme&#160;Hignet, M.&#160;Kerbrat, M.&#160;Lachaud, M.&#160;Lahmar, M.&#160;Laisney, M.&#160;Le&#160;Coq, M.&#160;Le&#160;Gall, Mme&#160;Leboucher, M.&#160;Legavre, Mme&#160;Legrain, Mme&#160;Lejeune, Mme&#160;Lepvraud, M.&#160;L&#233;aument, Mme&#160;&#201;lisa&#160;Martin, M.&#160;Maudet, Mme&#160;Maximi, Mme&#160;Mesmeur, Mme&#160;Manon&#160;Meunier, M.&#160;Nilor, Mme&#160;Nosb&#233;, Mme&#160;Obono, Mme&#160;Oziol, Mme&#160;Panot, M.&#160;Pilato, M.&#160;Piquemal, M.&#160;Portes, M.&#160;Prud&apos;homme, M.&#160;Ratenon, M.&#160;Saint-Martin, M.&#160;Saintoul, Mme&#160;Soudais, Mme&#160;Stambach-Terrenoir, M.&#160;Tach&#233;, Mme&#160;Taurinya, M.&#160;Tavel, Mme&#160;Trouv&#233; et M.&#160;Vannier","À la première phrase de l’alinéa 10, après le mot : « avis », insérer le mot : « conforme ».","Par cet amendement, les députés du groupe LFI-NFP souhaitent garantir que les modalités d'application du présent article respectent les garanties élémentaires en matière de protection des données et de leur traitement. La Commission nationale de l'informatique et des libertés (CNIL) est chargée de veiller à la protection des données personnelles contenues dans les fichiers et les traitements informatiques ou papiers, qu'ils soient publics ou privés. Elle joue ainsi le rôle de garant de la vie privée numérique de nos concitoyens. Cet article étend les pouvoirs des douanes en leur permettant notamment d'accéder aux données relatives aux trafics internationaux. L'avis de la CNIL sur cette extension est essentiel afin de garantir un équilibre entre les exigences de la lutte contre la fraude et le respect des libertés individuelles. Il est donc crucial que le décret d'application soit strictement conforme aux recommandations de la CNIL pour prévenir tout risque d'abus et de dérives dans l'u",1563,2025-02-21,,souverainete_numerique,/home/user/Operation_robespierre/Amendements/DLR5L17N50169/PIONANR5L17B0907/AMANR5L17PO59051B0907P0D1N000009.json,Bernalicis,Ugo,La France insoumise - Nouveau Front Populaire,LFI-NFP,Nord
amendement,AMANR5L17PO59051B0907P0D1N000067,CL67,17,CION_LOIS,PIONANR5L17B0907,PA795746,PO845413,PA795228|PA793262|PA794906|PA794138|PA795588|PA795084|PA842105|PA841657|PA720430|PA793772|PA795616|PA793444|PA794938|PA795318|PA841023|PA796090|PA793912|PA842187|PA842037|PA791812|PA793736|PA721202|PA795136|PA793464|PA842155|PA795200|PA795844|PA841251|PA794786|PA794870|PA796070|PA795310|PA794478|PA841947|PA794082|PA794130|PA720846|PA841729|PA795516|PA841515|PA795672|PA795108|PA795298|PA791824|PA842029|PA793532|PA342384|PA795422|PA794686|PA841215|PA795482|PA610654|PA841191|PA721960|PA793872|PA720892|PA817211|PA793756|PA796062|PA719578|PA721062|PA841845|PA795982|PA795466|PA793744|PA720952|PA794106|PA794166|PA795164|PA795596,"M.&#160;L&#233;aument,  Mme&#160;Abomangoli, M.&#160;Alexandre, M.&#160;Amard, Mme&#160;Amiot, Mme&#160;Amrani, M.&#160;Arenas, M.&#160;Arnault, Mme&#160;Belouassa-Cherifi, M.&#160;Bernalicis, M.&#160;Bex, M.&#160;Bilongo, M.&#160;Bompard, M.&#160;Boumertit, M.&#160;Boyard, M.&#160;Cadalen, M.&#160;Caron, M.&#160;Carri&#232;re, Mme&#160;Cathala, M.&#160;Cernon, Mme&#160;Chikirou, M.&#160;Clouet, M.&#160;Coquerel, M.&#160;Coulomme, M.&#160;Delogu, M.&#160;Diouara, Mme&#160;Dufour, Mme&#160;Erodi, Mme&#160;Feld, M.&#160;Fernandes, Mme&#160;Ferrer, M.&#160;Gaillard, Mme&#160;Guett&#233;, M.&#160;Guiraud, Mme&#160;Hamdane, Mme&#160;Hignet, M.&#160;Kerbrat, M.&#160;Lachaud, M.&#160;Lahmar, M.&#160;Laisney, M.&#160;Le&#160;Coq, M.&#160;Le&#160;Gall, Mme&#160;Leboucher, M.&#160;Legavre, Mme&#160;Legrain, Mme&#160;Lejeune, Mme&#160;Lepvraud, Mme&#160;&#201;lisa&#160;Martin, M.&#160;Maudet, Mme&#160;Maximi, Mme&#160;Mesmeur, Mme&#160;Manon&#160;Meunier, M.&#160;Nilor, Mme&#160;Nosb&#233;, Mme&#160;Obono, Mme&#160;Oziol, Mme&#160;Panot, M.&#160;Pilato, M.&#160;Piquemal, M.&#160;Portes, M.&#160;Prud&apos;homme, M.&#160;Ratenon, M.&#160;Saint-Martin, M.&#160;Saintoul, Mme&#160;Soudais, Mme&#160;Stambach-Terrenoir, M.&#160;Tach&#233;, Mme&#160;Taurinya, M.&#160;Tavel, Mme&#160;Trouv&#233; et M.&#160;Vannier","À l’alinéa 88, après le mot : « avis » , insérer le mot : « conforme ».","Par cet amendement, les députés du groupe LFI-NFP visent à garantir que les modalités d'application du présent article respectent les garanties élémentaires en matière de protection des données et de leur traitement. Nous proposons ainsi qu'un avis conforme de la CNIL soit requis concernant la mise en place d'un point de contact unique de signalement au sein de chaque port maritime, ainsi que les mécanismes d'enquête découlant d'un signalement. La Commission nationale de l'informatique et des libertés (CNIL) est chargée de veiller à la protection des données personnelles contenues dans les fichiers et les traitements informatiques ou papiers, qu'ils soient publics ou privés. Elle joue ainsi un rôle essentiel de garant de la vie privée numérique de nos concitoyens et du respect des libertés fondamentales. Dès lors, l'avis qu'elle formule ne doit pas être un simple élément consultatif, mais revêtir un caractère contraignant afin d'assurer une protection effective des données et d'éviter ",1271,2025-02-21,,souverainete_numerique,/home/user/Operation_robespierre/Amendements/DLR5L17N50169/PIONANR5L17B0907/AMANR5L17PO59051B0907P0D1N000067.json,Léaument,Antoine,La France insoumise - Nouveau Front Populaire,LFI-NFP,Essonne
amendement,AMANR5L17PO59051B0907P0D1N000076,CL76,17,CION_LOIS,PIONANR5L17B0907,PA795746,PO845413,PA795228|PA793262|PA794906|PA794138|PA795588|PA795084|PA842105|PA841657|PA720430|PA793772|PA795616|PA793444|PA794938|PA795318|PA841023|PA796090|PA793912|PA842187|PA842037|PA791812|PA793736|PA721202|PA795136|PA793464|PA842155|PA795200|PA795844|PA841251|PA794786|PA794870|PA796070|PA795310|PA794478|PA841947|PA794082|PA794130|PA720846|PA841729|PA795516|PA841515|PA795672|PA795108|PA795298|PA791824|PA842029|PA793532|PA342384|PA795422|PA794686|PA841215|PA795482|PA610654|PA841191|PA721960|PA793872|PA720892|PA817211|PA793756|PA796062|PA719578|PA721062|PA841845|PA795982|PA795466|PA793744|PA720952|PA794106|PA794166|PA795164|PA795596,"M.&#160;L&#233;aument,  Mme&#160;Abomangoli, M.&#160;Alexandre, M.&#160;Amard, Mme&#160;Amiot, Mme&#160;Amrani, M.&#160;Arenas, M.&#160;Arnault, Mme&#160;Belouassa-Cherifi, M.&#160;Bernalicis, M.&#160;Bex, M.&#160;Bilongo, M.&#160;Bompard, M.&#160;Boumertit, M.&#160;Boyard, M.&#160;Cadalen, M.&#160;Caron, M.&#160;Carri&#232;re, Mme&#160;Cathala, M.&#160;Cernon, Mme&#160;Chikirou, M.&#160;Clouet, M.&#160;Coquerel, M.&#160;Coulomme, M.&#160;Delogu, M.&#160;Diouara, Mme&#160;Dufour, Mme&#160;Erodi, Mme&#160;Feld, M.&#160;Fernandes, Mme&#160;Ferrer, M.&#160;Gaillard, Mme&#160;Guett&#233;, M.&#160;Guiraud, Mme&#160;Hamdane, Mme&#160;Hignet, M.&#160;Kerbrat, M.&#160;Lachaud, M.&#160;Lahmar, M.&#160;Laisney, M.&#160;Le&#160;Coq, M.&#160;Le&#160;Gall, Mme&#160;Leboucher, M.&#160;Legavre, Mme&#160;Legrain, Mme&#160;Lejeune, Mme&#160;Lepvraud, Mme&#160;&#201;lisa&#160;Martin, M.&#160;Maudet, Mme&#160;Maximi, Mme&#160;Mesmeur, Mme&#160;Manon&#160;Meunier, M.&#160;Nilor, Mme&#160;Nosb&#233;, Mme&#160;Obono, Mme&#160;Oziol, Mme&#160;Panot, M.&#160;Pilato, M.&#160;Piquemal, M.&#160;Portes, M.&#160;Prud&apos;homme, M.&#160;Ratenon, M.&#160;Saint-Martin, M.&#160;Saintoul, Mme&#160;Soudais, Mme&#160;Stambach-Terrenoir, M.&#160;Tach&#233;, Mme&#160;Taurinya, M.&#160;Tavel, Mme&#160;Trouv&#233; et M.&#160;Vannier",Compléter l’alinéa 7 par les mots : « ou une infraction mentionnée à la section 10 du chapitre II du livre II du code pénal ou à la section 1 bis du chapitre V du titre II du livre II du même code. »,"Par cet amendement, les députés du groupe LFI-NFP souhaitent étendre l'extraterritorialité prévue par l'article au trafic d'armes et au trafic d'êtres humains. La présente proposition de loi se focalise sur la lutte contre le ""narcotrafic"", ce qui méconnaît l'architecture globale de la criminalité organisée, qui s'intègre dans un ensemble de branches d'activités illicites comme le trafic d'armes et le trafic d'êtres humains. Il est donc temps d'enrayer ces trafics. Il y a 11 millions d'armes en circulation en France, environ 4 363 victimes de la traite d'êtres humains ont été recensées en 2022 : autant de chiffres insupportables. La proposition d'extraterriorialité va dans le sens de la lutte judiciaire contre le haut du panier du crime organisé. Face à cette réalité alarmante, il est impératif de renforcer les moyens juridiques et opérationnels pour lutter efficacement contre ces trafics. L'extension de l'extraterritorialité permettra de poursuivre plus aisément les réseaux criminels,",1458,2025-02-21,,souverainete_numerique,/home/user/Operation_robespierre/Amendements/DLR5L17N50169/PIONANR5L17B0907/AMANR5L17PO59051B0907P0D1N000076.json,Léaument,Antoine,La France insoumise - Nouveau Front Populaire,LFI-NFP,Essonne
amendement,AMANR5L17PO838901BTC1043P0D1N000260,260,17,AN,PIONANR5L17BTC1043,PA795746,PO845413,PA795228|PA793262|PA794906|PA794138|PA795588|PA795084|PA842105|PA841657|PA720430|PA793772|PA795616|PA793444|PA794938|PA795318|PA841023|PA796090|PA793912|PA842187|PA842037|PA791812|PA793736|PA721202|PA795136|PA793464|PA842155|PA795200|PA795844|PA841251|PA794786|PA794870|PA796070|PA795310|PA794478|PA841947|PA794082|PA794130|PA720846|PA841729|PA795516|PA841515|PA795672|PA795108|PA795298|PA791824|PA842029|PA793532|PA342384|PA795422|PA794686|PA841215|PA795482|PA610654|PA841191|PA721960|PA793872|PA720892|PA817211|PA793756|PA796062|PA719578|PA721062|PA841845|PA795982|PA795466|PA793744|PA720952|PA794106|PA794166|PA795164|PA795596,"M.&#160;L&#233;aument,  Mme&#160;Abomangoli, M.&#160;Alexandre, M.&#160;Amard, Mme&#160;Amiot, Mme&#160;Amrani, M.&#160;Arenas, M.&#160;Arnault, Mme&#160;Belouassa-Cherifi, M.&#160;Bernalicis, M.&#160;Bex, M.&#160;Bilongo, M.&#160;Bompard, M.&#160;Boumertit, M.&#160;Boyard, M.&#160;Cadalen, M.&#160;Caron, M.&#160;Carri&#232;re, Mme&#160;Cathala, M.&#160;Cernon, Mme&#160;Chikirou, M.&#160;Clouet, M.&#160;Coquerel, M.&#160;Coulomme, M.&#160;Delogu, M.&#160;Diouara, Mme&#160;Dufour, Mme&#160;Erodi, Mme&#160;Feld, M.&#160;Fernandes, Mme&#160;Ferrer, M.&#160;Gaillard, Mme&#160;Guett&#233;, M.&#160;Guiraud, Mme&#160;Hamdane, Mme&#160;Hignet, M.&#160;Kerbrat, M.&#160;Lachaud, M.&#160;Lahmar, M.&#160;Laisney, M.&#160;Le&#160;Coq, M.&#160;Le&#160;Gall, Mme&#160;Leboucher, M.&#160;Legavre, Mme&#160;Legrain, Mme&#160;Lejeune, Mme&#160;Lepvraud, Mme&#160;&#201;lisa&#160;Martin, M.&#160;Maudet, Mme&#160;Maximi, Mme&#160;Mesmeur, Mme&#160;Manon&#160;Meunier, M.&#160;Nilor, Mme&#160;Nosb&#233;, Mme&#160;Obono, Mme&#160;Oziol, Mme&#160;Panot, M.&#160;Pilato, M.&#160;Piquemal, M.&#160;Portes, M.&#160;Prud&apos;homme, M.&#160;Ratenon, M.&#160;Saint-Martin, M.&#160;Saintoul, Mme&#160;Soudais, Mme&#160;Stambach-Terrenoir, M.&#160;Tach&#233;, Mme&#160;Taurinya, M.&#160;Tavel, Mme&#160;Trouv&#233; et M.&#160;Vannier","À l’alinéa 13, substituer aux mots : « deux ans » les mots : « six mois ».","Par cet amendement, les députés du groupe LFI-NFP proposent de rétablir la durée initiale de conservation des données prévue par l'article de 6 mois, supprimant ainsi l'allongement à 2 ans adopté en commission. Cet article étend les pouvoirs des douanes en leur permettant notamment d'accéder aux données relatives aux trafics internationaux. La commission a décidé d'allonger la durée de conservation à 2 ans, tout en refusant de faire de l'avis de la Commission nationale de l'informatique et des libertés un avis conforme. Tout d'abord, la conservation prolongée des données personnelles constitue une atteinte aux libertés fondamentales. A ce titre, la Cour de justice de l’Union européenne a jugé, le 21 décembre 2016, que le principe de conservation généralisée des données par les opérateurs, y compris lorsque ce sont les États qui souhaitent instaurer ce principe notamment pour des questions liées à la sécurité et à la lutte contre la criminalité était contraire au droit à la vie privée. ",2211,2025-03-13,,souverainete_numerique,/home/user/Operation_robespierre/Amendements/DLR5L17N50169/PIONANR5L17BTC1043/AMANR5L17PO838901BTC1043P0D1N000260.json,Léaument,Antoine,La France insoumise - Nouveau Front Populaire,LFI-NFP,Essonne
amendement,AMANR5L17PO838901BTC1043P0D1N000362,362,17,AN,PIONANR5L17BTC1043,PA720430,PO845413,PA795228|PA793262|PA794906|PA794138|PA795588|PA795084|PA842105|PA841657|PA793772|PA795616|PA793444|PA794938|PA795318|PA841023|PA796090|PA793912|PA842187|PA842037|PA791812|PA793736|PA721202|PA795136|PA793464|PA842155|PA795200|PA795844|PA841251|PA794786|PA794870|PA796070|PA795310|PA794478|PA841947|PA794082|PA794130|PA720846|PA841729|PA795516|PA841515|PA795672|PA795108|PA795298|PA791824|PA842029|PA793532|PA795746|PA342384|PA795422|PA794686|PA841215|PA795482|PA610654|PA841191|PA721960|PA793872|PA720892|PA817211|PA793756|PA796062|PA719578|PA721062|PA841845|PA795982|PA795466|PA793744|PA720952|PA794106|PA794166|PA795164|PA795596,"M.&#160;Bernalicis,  Mme&#160;Abomangoli, M.&#160;Alexandre, M.&#160;Amard, Mme&#160;Amiot, Mme&#160;Amrani, M.&#160;Arenas, M.&#160;Arnault, Mme&#160;Belouassa-Cherifi, M.&#160;Bex, M.&#160;Bilongo, M.&#160;Bompard, M.&#160;Boumertit, M.&#160;Boyard, M.&#160;Cadalen, M.&#160;Caron, M.&#160;Carri&#232;re, Mme&#160;Cathala, M.&#160;Cernon, Mme&#160;Chikirou, M.&#160;Clouet, M.&#160;Coquerel, M.&#160;Coulomme, M.&#160;Delogu, M.&#160;Diouara, Mme&#160;Dufour, Mme&#160;Erodi, Mme&#160;Feld, M.&#160;Fernandes, Mme&#160;Ferrer, M.&#160;Gaillard, Mme&#160;Guett&#233;, M.&#160;Guiraud, Mme&#160;Hamdane, Mme&#160;Hignet, M.&#160;Kerbrat, M.&#160;Lachaud, M.&#160;Lahmar, M.&#160;Laisney, M.&#160;Le&#160;Coq, M.&#160;Le&#160;Gall, Mme&#160;Leboucher, M.&#160;Legavre, Mme&#160;Legrain, Mme&#160;Lejeune, Mme&#160;Lepvraud, M.&#160;L&#233;aument, Mme&#160;&#201;lisa&#160;Martin, M.&#160;Maudet, Mme&#160;Maximi, Mme&#160;Mesmeur, Mme&#160;Manon&#160;Meunier, M.&#160;Nilor, Mme&#160;Nosb&#233;, Mme&#160;Obono, Mme&#160;Oziol, Mme&#160;Panot, M.&#160;Pilato, M.&#160;Piquemal, M.&#160;Portes, M.&#160;Prud&apos;homme, M.&#160;Ratenon, M.&#160;Saint-Martin, M.&#160;Saintoul, Mme&#160;Soudais, Mme&#160;Stambach-Terrenoir, M.&#160;Tach&#233;, Mme&#160;Taurinya, M.&#160;Tavel, Mme&#160;Trouv&#233; et M.&#160;Vannier",Supprimer les alinéas 8 à 12.,"Par cet amendement, les députés du groupe LFI-NFP proposent de supprimer les dispositions prévoyant une dérogation aux règles de droit commun concernant le partage de renseignements entre les services de renseignement dits ""du second cercle"", à savoir la police, la gendarmerie nationale, la préfecture de police et l'administration pénitentiaire. Actuellement, l'article L. 822-3 du Code de la sécurité intérieure impose une procédure rigoureuse et encadrée pour la transmission des renseignements collectés par les services dits ""du premier cercle"" (comme la Direction générale de la sécurité intérieure, la Direction générale de la sécurité extérieure, la Direction nationale du renseignement et des enquêtes douanières, etc.) aux services dits ""du second cercle"". Ces données ne peuvent être transmises que si elles ont une finalité précise et légitime, et leur diffusion nécessite une autorisation préalable du Premier ministre, après consultation de la Commission nationale de contrôle des tech",2542,2025-03-14,,souverainete_numerique,/home/user/Operation_robespierre/Amendements/DLR5L17N50169/PIONANR5L17BTC1043/AMANR5L17PO838901BTC1043P0D1N000362.json,Bernalicis,Ugo,La France insoumise - Nouveau Front Populaire,LFI-NFP,Nord
amendement,AMANR5L17PO838901BTC1043P0D1N000846,846,17,AN,PIONANR5L17BTC1043,PA795664,PO845407,,M.&#160;Midy,"Rétablir cet article dans la rédaction suivante : « I. – Le code de la sécurité intérieure est ainsi modifié : « 1° Le premier et le second alinéas de l’article L. 871‑1 sont remplacés par les dispositions suivantes : « « I. – Les opérateurs et personnes mentionnés à l’article L. 851‑1 qui fournissent des prestations de cryptologie assurant une fonction de confidentialité, sont tenus de permettre, dans un délai n’excédant pas 72 heures, aux seuls agents autorisés, d’accéder au contenu intelligib","En Commission, a été supprimé l’article 8 ter de la proposition de loi qui avait été introduit, au Sénat et qui réécrivait l’article L. 871-1 du code de la sécurité intérieure, pour passer d’une logique d’exigence de déchiffrement généralisé des communications au bénéfice des autorités publiques à une exigence de fourniture des seuls contenus des correspondances que la loi autorise les services de renseignement à réquisitionner. Ce faisant, l’article rééquilibrait les obligations des opérateurs de messageries tout en assurant la conventionalité du dispositif, notamment suite à l’arrêt CEDH, 13 février 2024, Podchasov c. Russie qui, tout en reconnaissant la légitimité des interceptions, en raison notamment des impératifs de protection de la sécurité nationale et de la sûreté publique ou de prévention des infractions pénales, interdisait une règlementation aboutissant à une atteinte généralisée au chiffrement au bénéfice des services de sécurité. Les débats en Commission ont mis en évide",20958,2025-03-14,,souverainete_numerique,/home/user/Operation_robespierre/Amendements/DLR5L17N50169/PIONANR5L17BTC1043/AMANR5L17PO838901BTC1043P0D1N000846.json,Midy,Paul,Ensemble pour la République,EPR,Essonne
amendement,AMANR5L17PO838901BTC1043P0D1N000258,258 (Rect),17,AN,PIONANR5L17BTC1043,PA795746,PO845413,PA795228|PA793262|PA794906|PA794138|PA795588|PA795084|PA842105|PA841657|PA720430|PA793772|PA795616|PA793444|PA794938|PA795318|PA841023|PA796090|PA793912|PA842187|PA842037|PA791812|PA793736|PA721202|PA795136|PA793464|PA842155|PA795200|PA795844|PA841251|PA794786|PA794870|PA796070|PA795310|PA794478|PA841947|PA794082|PA794130|PA720846|PA841729|PA795516|PA841515|PA795672|PA795108|PA795298|PA791824|PA842029|PA793532|PA342384|PA795422|PA794686|PA841215|PA795482|PA610654|PA841191|PA721960|PA793872|PA720892|PA817211|PA793756|PA796062|PA719578|PA721062|PA841845|PA795982|PA795466|PA793744|PA720952|PA794106|PA794166|PA795164|PA795596,"M.&#160;L&#233;aument,  Mme&#160;Abomangoli, M.&#160;Alexandre, M.&#160;Amard, Mme&#160;Amiot, Mme&#160;Amrani, M.&#160;Arenas, M.&#160;Arnault, Mme&#160;Belouassa-Cherifi, M.&#160;Bernalicis, M.&#160;Bex, M.&#160;Bilongo, M.&#160;Bompard, M.&#160;Boumertit, M.&#160;Boyard, M.&#160;Cadalen, M.&#160;Caron, M.&#160;Carri&#232;re, Mme&#160;Cathala, M.&#160;Cernon, Mme&#160;Chikirou, M.&#160;Clouet, M.&#160;Coquerel, M.&#160;Coulomme, M.&#160;Delogu, M.&#160;Diouara, Mme&#160;Dufour, Mme&#160;Erodi, Mme&#160;Feld, M.&#160;Fernandes, Mme&#160;Ferrer, M.&#160;Gaillard, Mme&#160;Guett&#233;, M.&#160;Guiraud, Mme&#160;Hamdane, Mme&#160;Hignet, M.&#160;Kerbrat, M.&#160;Lachaud, M.&#160;Lahmar, M.&#160;Laisney, M.&#160;Le&#160;Coq, M.&#160;Le&#160;Gall, Mme&#160;Leboucher, M.&#160;Legavre, Mme&#160;Legrain, Mme&#160;Lejeune, Mme&#160;Lepvraud, Mme&#160;&#201;lisa&#160;Martin, M.&#160;Maudet, Mme&#160;Maximi, Mme&#160;Mesmeur, Mme&#160;Manon&#160;Meunier, M.&#160;Nilor, Mme&#160;Nosb&#233;, Mme&#160;Obono, Mme&#160;Oziol, Mme&#160;Panot, M.&#160;Pilato, M.&#160;Piquemal, M.&#160;Portes, M.&#160;Prud&apos;homme, M.&#160;Ratenon, M.&#160;Saint-Martin, M.&#160;Saintoul, Mme&#160;Soudais, Mme&#160;Stambach-Terrenoir, M.&#160;Tach&#233;, Mme&#160;Taurinya, M.&#160;Tavel, Mme&#160;Trouv&#233; et M.&#160;Vannier","I. – Après l’alinéa 79, sont insérés deux alinéas ainsi rédigés : « c) Il est ajouté un alinéa ainsi rédigé : « Les opérations mentionnées au premier alinéa du présent article sont soumises au contrôle de la Commission nationale de l’informatique et des libertés. » ; II. – En conséquence, après l’alinéa 80, sont insérés deux alinéas ainsi rédigés : « 2° bis A L’article L. 135 ZJ est complété par un alinéa ainsi rédigé : « Les opérations mentionnées au premier alinéa du présent article sont soumi","Par cet amendement, les députés du groupe LFI-NFP proposent d'assurer un contrôle du traitement des données autorisé au titre de l'article 3 par la Commission nationale de l'informatique et des libertés (CNIL). Cet article propose d'étendre aux agents de police judiciaire des finances le droit d'accès direct à certains fichiers des officiers de douane judiciaire et officiers fiscaux judiciaires et ouvre aussi l'accès aux données juridiques immobilières. De plus, il confère à l’ensemble des assistants spécialisés des pôles économiques et financiers, des juridictions interrégionales spécialisées (JIRS) et du procureur de la République financier un accès direct aux fichiers Ficoba (fichier des comptes bancaires assimilés), Ficovie (fichier des contrats d'assurance-vie), BNDP (base nationale des données patrimoniales) et PATRIM (recherche des transactions immobilières), jusqu’à présent réservé aux seuls assistants détachés par la DGFIP. En outre, il ouvre aussi aux greffiers des tribunaux ",2821,2025-03-13,,souverainete_numerique,/home/user/Operation_robespierre/Amendements/DLR5L17N50169/PIONANR5L17BTC1043/AMANR5L17PO838901BTC1043P0D1N000258.json,Léaument,Antoine,La France insoumise - Nouveau Front Populaire,LFI-NFP,Essonne
amendement,AMANR5L17PO838901BTC1043P0D1N000640,640,17,AN,PIONANR5L17BTC1043,PA606098,PO845425,,M.&#160;Marleix,"Rétablir cet article dans la rédaction suivante : « I. – Le code de la sécurité intérieure est ainsi modifié : « 1° Le premier et le second alinéas de l’article L. 871‑1 sont remplacés par les dispositions suivantes : « « I. – Les opérateurs et personnes mentionnés à l’article L. 851‑1 qui fournissent des prestations de cryptologie assurant une fonction de confidentialité, sont tenus de permettre, dans un délai n’excédant pas 72 heures, aux seuls agents autorisés, d’accéder au contenu intelligib","La Commission des lois de l’Assemblée nationale a supprimé l’article 8 ter de la proposition de loi qui avait été introduit, au Sénat, en séance publique par voie d’amendement et qui réécrivait l’article L. 871-1 du code de la sécurité intérieure, pour passer d’une logique d’exigence de déchiffrement généralisé des communications au bénéfice des autorités publiques à une exigence de fourniture des seuls contenus des correspondances que la loi autorise les services de renseignement à réquisitionner. Ce faisant, l’article rééquilibrait les obligations des opérateurs de messageries tout en assurant la conventionalité du dispositif, notamment suite à l’arrêt CEDH, 13 février 2024, Podchasov c. Russie qui, tout en reconnaissant la légitimité des interceptions, en raison notamment des impératifs de protection de la sécurité nationale et de la sûreté publique ou de prévention des infractions pénales, interdisait une règlementation aboutissant à une atteinte généralisée au chiffrement au bénéf",21889,2025-03-14,,souverainete_numerique,/home/user/Operation_robespierre/Amendements/DLR5L17N50169/PIONANR5L17BTC1043/AMANR5L17PO838901BTC1043P0D1N000640.json,,,,,
amendement,AMANR5L17PO838901BTC1043P0D1N000119,119,17,AN,PIONANR5L17BTC1043,PA642695,PO845407,,M.&#160;Bothorel,Supprimer cet article.,"L’article 23 ter, introduit au Sénat, prévoit qu’en cas d’installation d’une antenne relais à proximité d’un établissement pénitentiaire, le dossier d’information mairie (DIM) doit être transmis au chef dudit établissement, qui devra rendre un avis sur la compatibilité du projet avec les dispositifs techniques de lutte contre la délinquance et la criminalité organisées déployés en prison. Tant que cet avis n’a pas été émis, le maire ou le président de l’intercommunalité ne pourra délivrer l’autorisation d’urbanisme. Par ailleurs, cet article prévoit que le chef d’établissement pénitentiaire participe à l’instance de concertation départementale relative à l’implantation des antennes. Cette disposition introduit des contraintes nouvelles et substantielles dans les procédures d’autorisation d’implantation des antennes relais, qui sont aujourd’hui régies par la loi n°2015-136 du 9 février 2015, dite loi « Abeille ». Or, l’un des enjeux fondamentaux du déploiement des réseaux mobiles réside",3368,2025-03-13,,data_center,/home/user/Operation_robespierre/Amendements/DLR5L17N50169/PIONANR5L17BTC1043/AMANR5L17PO838901BTC1043P0D1N000119.json,Bothorel,Éric,Ensemble pour la République,EPR,Côtes-d'armor
amendement,AMANR5L17PO838901BTC1043P0D1N000479,479,17,AN,PIONANR5L17BTC1043,PA795746,PO845413,PA795228|PA793262|PA794906|PA794138|PA795588|PA795084|PA842105|PA841657|PA720430|PA793772|PA795616|PA793444|PA794938|PA795318|PA841023|PA796090|PA793912|PA842187|PA842037|PA791812|PA793736|PA721202|PA795136|PA793464|PA842155|PA795200|PA795844|PA841251|PA794786|PA794870|PA796070|PA795310|PA794478|PA841947|PA794082|PA794130|PA720846|PA841729|PA795516|PA841515|PA795672|PA795108|PA795298|PA791824|PA842029|PA793532|PA342384|PA795422|PA794686|PA841215|PA795482|PA610654|PA841191|PA721960|PA793872|PA720892|PA817211|PA793756|PA796062|PA719578|PA721062|PA841845|PA795982|PA795466|PA793744|PA720952|PA794106|PA794166|PA795164|PA795596,"M.&#160;L&#233;aument,  Mme&#160;Abomangoli, M.&#160;Alexandre, M.&#160;Amard, Mme&#160;Amiot, Mme&#160;Amrani, M.&#160;Arenas, M.&#160;Arnault, Mme&#160;Belouassa-Cherifi, M.&#160;Bernalicis, M.&#160;Bex, M.&#160;Bilongo, M.&#160;Bompard, M.&#160;Boumertit, M.&#160;Boyard, M.&#160;Cadalen, M.&#160;Caron, M.&#160;Carri&#232;re, Mme&#160;Cathala, M.&#160;Cernon, Mme&#160;Chikirou, M.&#160;Clouet, M.&#160;Coquerel, M.&#160;Coulomme, M.&#160;Delogu, M.&#160;Diouara, Mme&#160;Dufour, Mme&#160;Erodi, Mme&#160;Feld, M.&#160;Fernandes, Mme&#160;Ferrer, M.&#160;Gaillard, Mme&#160;Guett&#233;, M.&#160;Guiraud, Mme&#160;Hamdane, Mme&#160;Hignet, M.&#160;Kerbrat, M.&#160;Lachaud, M.&#160;Lahmar, M.&#160;Laisney, M.&#160;Le&#160;Coq, M.&#160;Le&#160;Gall, Mme&#160;Leboucher, M.&#160;Legavre, Mme&#160;Legrain, Mme&#160;Lejeune, Mme&#160;Lepvraud, Mme&#160;&#201;lisa&#160;Martin, M.&#160;Maudet, Mme&#160;Maximi, Mme&#160;Mesmeur, Mme&#160;Manon&#160;Meunier, M.&#160;Nilor, Mme&#160;Nosb&#233;, Mme&#160;Obono, Mme&#160;Oziol, Mme&#160;Panot, M.&#160;Pilato, M.&#160;Piquemal, M.&#160;Portes, M.&#160;Prud&apos;homme, M.&#160;Ratenon, M.&#160;Saint-Martin, M.&#160;Saintoul, Mme&#160;Soudais, Mme&#160;Stambach-Terrenoir, M.&#160;Tach&#233;, Mme&#160;Taurinya, M.&#160;Tavel, Mme&#160;Trouv&#233; et M.&#160;Vannier","Dans un délai de six mois à compter de la promulgation de la présente loi, le Gouvernement remet au Parlement un rapport évaluant les moyens humains et financiers de la juridiction nationale chargée des affaires de criminalité organisée.","Cet amendement d’appel vise à alerter le Gouvernement sur le manque de moyens de la Junalco. Devant la commission d’enquête du Sénat sur le narcotrafic, en décembre 2023, tous les magistrats de la Junalco et du Parquet de Paris ont pointé le manque de moyens humains et en particuliers informatiques. Précisément, la vice-présidente chargée de l’instruction Sophie Aleksic parlait d’un manque ""d’assistants spécialisés"" et un ""environnement informatique totalement inadapté"". Seulement un assistant spécialisé pour neuf cabinets d’instruction. De plus, certains experts ne veulent plus travailler avec la JUNALCO parce qu’ils sont payés avec beaucoup de retard, au titre des frais de justice, les effectifs des services à caractère financier sont sous-dimensionnés. Les applicatifs métiers et l'environnement informatique sont totalement inadaptés aux besoins et à la volumétrie des dossiers. En particulier le logiciel métier, Cassiopée, est lent et manque de fluidité. Il ne permet pas de sortir de",2156,2025-03-14,,data_center,/home/user/Operation_robespierre/Amendements/DLR5L17N50169/PIONANR5L17BTC1043/AMANR5L17PO838901BTC1043P0D1N000479.json,Léaument,Antoine,La France insoumise - Nouveau Front Populaire,LFI-NFP,Essonne
amendement,AMANR5L17PO838901BTC1043P0D1N000503,503,17,AN,PIONANR5L17BTC1043,PA720430,PO845413,PA795228|PA793262|PA794906|PA794138|PA795588|PA795084|PA842105|PA841657|PA793772|PA795616|PA793444|PA794938|PA795318|PA841023|PA796090|PA793912|PA842187|PA842037|PA791812|PA793736|PA721202|PA795136|PA793464|PA842155|PA795200|PA795844|PA841251|PA794786|PA794870|PA796070|PA795310|PA794478|PA841947|PA794082|PA794130|PA720846|PA841729|PA795516|PA841515|PA795672|PA795108|PA795298|PA791824|PA842029|PA793532|PA795746|PA342384|PA795422|PA794686|PA841215|PA795482|PA610654|PA841191|PA721960|PA793872|PA720892|PA817211|PA793756|PA796062|PA719578|PA721062|PA841845|PA795982|PA795466|PA793744|PA720952|PA794106|PA794166|PA795164|PA795596,"M.&#160;Bernalicis,  Mme&#160;Abomangoli, M.&#160;Alexandre, M.&#160;Amard, Mme&#160;Amiot, Mme&#160;Amrani, M.&#160;Arenas, M.&#160;Arnault, Mme&#160;Belouassa-Cherifi, M.&#160;Bex, M.&#160;Bilongo, M.&#160;Bompard, M.&#160;Boumertit, M.&#160;Boyard, M.&#160;Cadalen, M.&#160;Caron, M.&#160;Carri&#232;re, Mme&#160;Cathala, M.&#160;Cernon, Mme&#160;Chikirou, M.&#160;Clouet, M.&#160;Coquerel, M.&#160;Coulomme, M.&#160;Delogu, M.&#160;Diouara, Mme&#160;Dufour, Mme&#160;Erodi, Mme&#160;Feld, M.&#160;Fernandes, Mme&#160;Ferrer, M.&#160;Gaillard, Mme&#160;Guett&#233;, M.&#160;Guiraud, Mme&#160;Hamdane, Mme&#160;Hignet, M.&#160;Kerbrat, M.&#160;Lachaud, M.&#160;Lahmar, M.&#160;Laisney, M.&#160;Le&#160;Coq, M.&#160;Le&#160;Gall, Mme&#160;Leboucher, M.&#160;Legavre, Mme&#160;Legrain, Mme&#160;Lejeune, Mme&#160;Lepvraud, M.&#160;L&#233;aument, Mme&#160;&#201;lisa&#160;Martin, M.&#160;Maudet, Mme&#160;Maximi, Mme&#160;Mesmeur, Mme&#160;Manon&#160;Meunier, M.&#160;Nilor, Mme&#160;Nosb&#233;, Mme&#160;Obono, Mme&#160;Oziol, Mme&#160;Panot, M.&#160;Pilato, M.&#160;Piquemal, M.&#160;Portes, M.&#160;Prud&apos;homme, M.&#160;Ratenon, M.&#160;Saint-Martin, M.&#160;Saintoul, Mme&#160;Soudais, Mme&#160;Stambach-Terrenoir, M.&#160;Tach&#233;, Mme&#160;Taurinya, M.&#160;Tavel, Mme&#160;Trouv&#233; et M.&#160;Vannier",Compléter l’alinéa 3 par la phrase suivante : « Les données ne pourront être conservées au delà d’une période de 9 ans. »,"Par cet amendement, les députés du groupe LFI-NFP souhaitent limiter à 9 ans la conservation des données. La longueur des enquêtes en matière de crime organisé peut se heurter à ce délai de 3 ans et donc entraver la recherche des auteurs d’infractions. Le fichier reste un fichier contrôlé par un magistrat et la prolongation du délai prévue par le texte ne peut avoir lieu que sur décision d’un magistrat. Ce sont des exigences minimales pour assurer la proportionnalité du dispositif. Cependant, le fichier concerne des données personnelles particulièrement sensibles. C'est la raison pour laquelle nous proposons une durée maximale à la conservation de ces données et ainsi permettre un total de deux renouvellements. Cette durée reste grande, et pour accélérer les enquêtes nous considérons qu'il est nécessaire de renforcer les effectifs de la police judiciaire ainsi que ceux des juges. Nous ne pouvons nous limiter à seulement déroger aux règles protectrices des droits et libertés.",1111,2025-03-14,,souverainete_numerique,/home/user/Operation_robespierre/Amendements/DLR5L17N50169/PIONANR5L17BTC1043/AMANR5L17PO838901BTC1043P0D1N000503.json,Bernalicis,Ugo,La France insoumise - Nouveau Front Populaire,LFI-NFP,Nord
amendement,AMANR5L17PO838901BTC1043P0D1N000655,655,17,AN,PIONANR5L17BTC1043,PA795386,PO845407,,M.&#160;Lef&#232;vre,"Rétablir cet article dans la rédaction suivante : « I. – Le code de la sécurité intérieure est ainsi modifié : « 1° Le premier et le second alinéas de l’article L. 871‑1 sont remplacés par les dispositions suivantes : « « I. – Les opérateurs et personnes mentionnés à l’article L. 851‑1 qui fournissent des prestations de cryptologie assurant une fonction de confidentialité, sont tenus de permettre, dans un délai n’excédant pas 72 heures, aux seuls agents autorisés, d’accéder au contenu intelligib","L’article 8 ter adopté au Sénat permettait de passer d’une logique d’exigence de déchiffrement généralisé des communications au bénéfice des autorités publiques à une exigence de fourniture des seuls contenus des correspondances que la loi autorise les services de renseignement à réquisitionner. Cet article équilibré et en accord avec la jurisprudence européenne a été supprimé en commission de lois. Le présent amendement propose donc de rétablir partiellement cet article 8 ter en opérant la modification permettant de ne cibler que les correspondances qui font l’objet d’une autorisation d’interception par les services de renseignement. Il ajoute des garanties claires quant au fait que la technologie mise en œuvre pour permettre ces interceptions préserve le secret des correspondances et assure la protection des données à caractère personnel au titre du respect de la vie privée. De surcroit, cet amendement explicite dans la loi le fait que les dispositifs techniques mis en œuvre sont sou",13443,2025-03-14,,souverainete_numerique,/home/user/Operation_robespierre/Amendements/DLR5L17N50169/PIONANR5L17BTC1043/AMANR5L17PO838901BTC1043P0D1N000655.json,,,,,
amendement,AMANR5L17PO838901BTC1043P0D1N000747,747,17,AN,PIONANR5L17BTC1043,PA793904,PO845401,PA793432|PA841495|PA796118|PA794562|PA842279|PA793238|PA793374|PA793158|PA794434|PA841645|PA842001|PA720822|PA720668|PA794886|PA796042|PA793844|PA841487|PA841131|PA793182|PA793134|PA840075|PA720468|PA794198|PA840159|PA793548|PA795644|PA841613|PA642988|PA840119|PA793166|PA793928|PA794762|PA793146|PA840135|PA842073|PA841761|PA841621|PA793246|PA840143|PA840801|PA794678|PA841139|PA793892|PA841737|PA796034|PA793832|PA793102|PA841605|PA793362|PA794418|PA793592|PA840757|PA841451|PA794734|PA793218|PA795900|PA793632|PA842085|PA794598|PA841439|PA794030|PA841749|PA841075|PA840869|PA794354|PA795912|PA841837|PA720614|PA796026|PA840857|PA793290|PA793608|PA841873|PA840967|PA793672|PA721932|PA795974|PA794590|PA841587|PA841563|PA794530|PA840837|PA841825|PA794770|PA793314|PA793330|PA793616|PA719436|PA793354|PA795786|PA794322|PA793852|PA840915|PA793696|PA795552|PA794670|PA841199|PA794582|PA793656|PA795966|PA793230|PA793254|PA841955|PA841981|PA842227|PA794442|PA795410|PA842097|PA794894|PA794570|PA794954|PA796050|PA842255|PA793382|PA795778|PA794502|PA841553|PA793298|PA840781|PA794946|PA841575|PA841479,"M.&#160;Lopez-Liguori,  M.&#160;Allisio, M.&#160;Amblard, Mme&#160;Auzanot, M.&#160;Ballard, Mme&#160;Bamana, M.&#160;Barth&#232;s, M.&#160;Baubry, M.&#160;Beaurain, M.&#160;Bentz, M.&#160;Bernhardt, M.&#160;Bigot, M.&#160;Bilde, M.&#160;Blairy, Mme&#160;Blanc, M.&#160;Boccaletti, Mme&#160;Bordes, M.&#160;Boulogne, Mme&#160;Bouquin, M.&#160;Bovet, M.&#160;Buisson, M.&#160;Casterman, M.&#160;Chenu, M.&#160;Chudeau, M.&#160;Clavet, Mme&#160;Colombier, Mme&#160;Da&#160;Conceicao&#160;Carvalho, M.&#160;de&#160;Fleurian, M.&#160;de&#160;L&#233;pinau, Mme&#160;Delannoy, M.&#160;Dessigny, Mme&#160;Diaz, Mme&#160;Dogor-Such, M.&#160;Dragon, M.&#160;Dufosset, M.&#160;Dussausaye, M.&#160;Dutremble, M.&#160;Evrard, M.&#160;Falcon, M.&#160;Florquin, M.&#160;Fouquart, M.&#160;Frapp&#233;, M.&#160;Gabarron, Mme&#160;Galzy, M.&#160;Gery, M.&#160;Giletti, M.&#160;Gillet, M.&#160;Christian&#160;Girard, M.&#160;Golliot, M.&#160;Gonzalez, Mme&#160;Florence&#160;Goulet, Mme&#160;Grangier, Mme&#160;Griseti, M.&#160;Guibert, M.&#160;Guiniot, M.&#160;Guitton, Mme&#160;Hamelet, M.&#160;Houssin, M.&#160;Humbert, M.&#160;Jacobelli, M.&#160;Jenft, M.&#160;Jolly, Mme&#160;Joncour, Mme&#160;Josserand, Mme&#160;Joubert, Mme&#160;Laporte, Mme&#160;Lavalette, M.&#160;Le&#160;Bourgeois, Mme&#160;Le&#160;Pen, Mme&#160;Lechanteux, Mme&#160;Lechon, Mme&#160;Lelouis, Mme&#160;Levavasseur, M.&#160;Limongi, M.&#160;Lioret, Mme&#160;Loir, Mme&#160;Lorho, M.&#160;Lottiaux, M.&#160;Loubet, M.&#160;David&#160;Magnier, Mme&#160;Marais-Beuil, M.&#160;Marchio, M.&#160;Markowsky, M.&#160;Patrice&#160;Martin, Mme&#160;Martinez, Mme&#160;Alexandra&#160;Masson, M.&#160;Bryan&#160;Masson, M.&#160;Mauvieux, M.&#160;Meizonnet, Mme&#160;M&#233;lin, Mme&#160;M&#233;nach&#233;, M.&#160;M&#233;nag&#233;, M.&#160;Meurin, M.&#160;Monnier, M.&#160;Muller, M.&#160;Odoul, Mme&#160;Parmentier, M.&#160;Perez, M.&#160;Pfeffer, Mme&#160;Pollet, M.&#160;Rambaud, Mme&#160;Ranc, M.&#160;Rancoule, M.&#160;Renault, Mme&#160;Rimbert, M.&#160;Rivi&#232;re, Mme&#160;Robert-Dehault, Mme&#160;Roullaud, Mme&#160;Roy, Mme&#160;Sabatini, M.&#160;Sabatou, M.&#160;Salmon, M.&#160;Schreck, Mme&#160;Sicard, M.&#160;Tach&#233;&#160;de&#160;la&#160;Pagerie, M.&#160;Jean-Philippe&#160;Tanguy, M.&#160;Taverne, M.&#160;Tesson, M.&#160;Tivoli, M.&#160;Tonussi, M.&#160;Villedieu, M.&#160;Vos et M.&#160;Weber",Supprimer l'alinéa 3,"La lutte contre le blanchiment d’argent et le financement des activités criminelles, notamment le narcotrafic, est une nécessité impérieuse. Toutefois, les dispositions introduites à l’article 324-1-1 du code pénal par cette proposition de loi introduisent une présomption de blanchiment pour certaines catégories de transactions en crypto-actifs. En effet, l’alinéa 3 prévoit une présomption de blanchiment pour toute transaction effectuée avec un crypto-actif doté d’une fonction d’anonymisation ou recourant à un procédé d’opacification. Cette disposition revient à criminaliser des outils technologiques en eux-mêmes, indépendamment de l’usage qui en est fait. Il est essentiel de rappeler que les fonctionnalités d’anonymisation ne sont pas en soi illicites : elles répondent à des besoins légitimes de confidentialité, notamment pour les journalistes ou les lanceurs d’alertes. Par ailleurs, cette approche ignore la nature même des registres blockchain, qui offrent intrinsèquement une traçabi",1980,2025-03-14,,souverainete_numerique,/home/user/Operation_robespierre/Amendements/DLR5L17N50169/PIONANR5L17BTC1043/AMANR5L17PO838901BTC1043P0D1N000747.json,Lopez-Liguori,Aurélien,Rassemblement National,RN,Hérault
amendement,AMANR5L17PO838901B0003P0D1N000027,27,17,AN,PRJLANR5L17B0003,PA841251,PO845413,PA795228|PA793262|PA794906|PA794138|PA795588|PA795084|PA842105|PA841657|PA720430|PA793772|PA795616|PA793444|PA794938|PA795318|PA841023|PA796090|PA793912|PA842187|PA842037|PA791812|PA793736|PA721202|PA795136|PA793464|PA842155|PA795200|PA795844|PA794786|PA794870|PA796070|PA795310|PA794478|PA841947|PA794082|PA794130|PA720846|PA841729|PA795516|PA841515|PA795672|PA795108|PA795298|PA791824|PA842029|PA793532|PA795746|PA342384|PA795422|PA794686|PA841215|PA795482|PA610654|PA841191|PA721960|PA793872|PA720892|PA817211|PA793756|PA796062|PA841167|PA719578|PA721062|PA841845|PA795982|PA795466|PA793744|PA720952|PA794106|PA794166|PA795164|PA795596,"Mme&#160;Feld,  Mme&#160;Abomangoli, M.&#160;Alexandre, M.&#160;Amard, Mme&#160;Amiot, Mme&#160;Amrani, M.&#160;Arenas, M.&#160;Arnault, Mme&#160;Belouassa-Cherifi, M.&#160;Bernalicis, M.&#160;Bex, M.&#160;Bilongo, M.&#160;Bompard, M.&#160;Boumertit, M.&#160;Boyard, M.&#160;Cadalen, M.&#160;Caron, M.&#160;Carri&#232;re, Mme&#160;Cathala, M.&#160;Cernon, Mme&#160;Chikirou, M.&#160;Clouet, M.&#160;Coquerel, M.&#160;Coulomme, M.&#160;Delogu, M.&#160;Diouara, Mme&#160;Dufour, Mme&#160;Erodi, M.&#160;Fernandes, Mme&#160;Ferrer, M.&#160;Gaillard, Mme&#160;Guett&#233;, M.&#160;Guiraud, Mme&#160;Hamdane, Mme&#160;Hignet, M.&#160;Kerbrat, M.&#160;Lachaud, M.&#160;Lahmar, M.&#160;Laisney, M.&#160;Le&#160;Coq, M.&#160;Le&#160;Gall, Mme&#160;Leboucher, M.&#160;Legavre, Mme&#160;Legrain, Mme&#160;Lejeune, Mme&#160;Lepvraud, M.&#160;L&#233;aument, Mme&#160;&#201;lisa&#160;Martin, M.&#160;Maudet, Mme&#160;Maximi, Mme&#160;Mesmeur, Mme&#160;Manon&#160;Meunier, M.&#160;Nilor, Mme&#160;Nosb&#233;, Mme&#160;Obono, Mme&#160;Oziol, Mme&#160;Panot, M.&#160;Pilato, M.&#160;Piquemal, M.&#160;Portes, M.&#160;Prevost, M.&#160;Prud&apos;homme, M.&#160;Ratenon, M.&#160;Saint-Martin, M.&#160;Saintoul, Mme&#160;Soudais, Mme&#160;Stambach-Terrenoir, M.&#160;Tach&#233;, Mme&#160;Taurinya, M.&#160;Tavel, Mme&#160;Trouv&#233; et M.&#160;Vannier","Dans un délai de six mois à compter de la promulgation de la présente loi, le Gouvernement remet au Parlement un rapport agrégeant et détaillant l’utilisation des crédits consacrés au contrôle fiscal et à la lutte contre l’évasion fiscale en 2023, ainsi que l'évolution de ces crédits depuis 2017. Ce rapport détaille l'allocation des moyens en fonction des typologies d'entités contrôlées.","Par cet amendement, les députés du groupe LFI-NFP demandent la réalisation d’un document budgétaire permettant d’évaluer précisément l’ensemble des moyens mis en œuvre dans la lutte contre l’évasion fiscale, et la répartition de ces moyens entre les typologies de personnes contrôlées. Un tel document est vital pour que le Parlement puisse débattre sereinement des besoins matériels et humains de l’administration dans son combat contre une des principales raisons au déficit budgétaire, et donc à la cure d’austérité sans précédent que nous imposent les gouvernements Macron successifs. Qu’ils s’agissent des fiches d’exécution budgétaire, comme des rapports annuels de performances, ces documents réalisent un mélange des crédits et des effectifs consacrés au contrôle fiscal avec des crédits et des effectifs consacrés à d’autres politiques publiques, en particulier au recouvrement « normal » de l’impôt. Cette confusion empêche toute évaluation par la représentation nationale des tendances en ",3994,2024-10-08,,ia_calcul,/home/user/Operation_robespierre/Amendements/DLR5L17N50172/PRJLANR5L17B0003/AMANR5L17PO838901B0003P0D1N000027.json,Feld,Mathilde,La France insoumise - Nouveau Front Populaire,LFI-NFP,Gironde
amendement,AMANR5L17PO838901B0003P0D1N000032,32,17,AN,PRJLANR5L17B0003,PA841167,PO845413,PA795228|PA793262|PA794906|PA794138|PA795588|PA795084|PA842105|PA841657|PA720430|PA793772|PA795616|PA793444|PA794938|PA795318|PA841023|PA796090|PA793912|PA842187|PA842037|PA791812|PA793736|PA721202|PA795136|PA793464|PA842155|PA795200|PA795844|PA841251|PA794786|PA794870|PA796070|PA795310|PA794478|PA841947|PA794082|PA794130|PA720846|PA841729|PA795516|PA841515|PA795672|PA795108|PA795298|PA791824|PA842029|PA793532|PA795746|PA342384|PA795422|PA794686|PA841215|PA795482|PA610654|PA841191|PA721960|PA793872|PA720892|PA817211|PA793756|PA796062|PA719578|PA721062|PA841845|PA795982|PA795466|PA793744|PA720952|PA794106|PA794166|PA795164|PA795596,"M.&#160;Prevost,  Mme&#160;Abomangoli, M.&#160;Alexandre, M.&#160;Amard, Mme&#160;Amiot, Mme&#160;Amrani, M.&#160;Arenas, M.&#160;Arnault, Mme&#160;Belouassa-Cherifi, M.&#160;Bernalicis, M.&#160;Bex, M.&#160;Bilongo, M.&#160;Bompard, M.&#160;Boumertit, M.&#160;Boyard, M.&#160;Cadalen, M.&#160;Caron, M.&#160;Carri&#232;re, Mme&#160;Cathala, M.&#160;Cernon, Mme&#160;Chikirou, M.&#160;Clouet, M.&#160;Coquerel, M.&#160;Coulomme, M.&#160;Delogu, M.&#160;Diouara, Mme&#160;Dufour, Mme&#160;Erodi, Mme&#160;Feld, M.&#160;Fernandes, Mme&#160;Ferrer, M.&#160;Gaillard, Mme&#160;Guett&#233;, M.&#160;Guiraud, Mme&#160;Hamdane, Mme&#160;Hignet, M.&#160;Kerbrat, M.&#160;Lachaud, M.&#160;Lahmar, M.&#160;Laisney, M.&#160;Le&#160;Coq, M.&#160;Le&#160;Gall, Mme&#160;Leboucher, M.&#160;Legavre, Mme&#160;Legrain, Mme&#160;Lejeune, Mme&#160;Lepvraud, M.&#160;L&#233;aument, Mme&#160;&#201;lisa&#160;Martin, M.&#160;Maudet, Mme&#160;Maximi, Mme&#160;Mesmeur, Mme&#160;Manon&#160;Meunier, M.&#160;Nilor, Mme&#160;Nosb&#233;, Mme&#160;Obono, Mme&#160;Oziol, Mme&#160;Panot, M.&#160;Pilato, M.&#160;Piquemal, M.&#160;Portes, M.&#160;Prud&apos;homme, M.&#160;Ratenon, M.&#160;Saint-Martin, M.&#160;Saintoul, Mme&#160;Soudais, Mme&#160;Stambach-Terrenoir, M.&#160;Tach&#233;, Mme&#160;Taurinya, M.&#160;Tavel, Mme&#160;Trouv&#233; et M.&#160;Vannier","Dans un délai de six mois à compter de la promulgation de la présente loi, le Gouvernement remet au Parlement un rapport détaillant l’influence pour la souveraineté des très petites entreprises et des petites et moyennes implantées sur le territoire français des différents plans gouvernementaux depuis 2020, comprenant notamment le « Plan d’urgence face à la crise sanitaire », le plan « France relance », le plan « France 2030 », et le « Plan de résilience ». Ce rapport détaille notamment le nivea","Par cet amendement, le groupe LFI-NFP demande la production d’un rapport permettant d’évaluer l’impact des différents plans gouvernementaux sur la souveraineté des petites et moyennes entreprises. Depuis la crise sanitaire de 2020, de nombreux plans ont été mis en place : « Plan d’urgence face à la crise sanitaire », « France relance », « France 2030 », « Plan de résilience » : autant de milliards d’euros abondés sans qu’une estimation des besoins n’ait été effectuée au préalable. Des plans axés sur une politique de l’offre, un conglomérat de mesures disparates sans cohérence d’ensemble, ni vision de long terme. Derrière ces annonces en grande pompe, des cadeaux distribués aux grandes entreprises, sans contrepartie. Pour quelle efficacité ? Lors des lancements des différents plans gouvernementaux, la souveraineté avait été le maître-mot, décliné sous de nombreux aspects. France 2030 devait assurer notre « souveraineté énergétique » et garantir notre « souveraineté alimentaire », le pla",3827,2024-10-08,,souverainete_numerique,/home/user/Operation_robespierre/Amendements/DLR5L17N50172/PRJLANR5L17B0003/AMANR5L17PO838901B0003P0D1N000032.json,,,,,
amendement,AMANR5L17PO59048B0003P0D1N000017,CF17,17,CION_FIN,PRJLANR5L17B0003,PA841167,PO845413,PA795228|PA793262|PA794906|PA794138|PA795588|PA795084|PA842105|PA841657|PA720430|PA793772|PA795616|PA793444|PA794938|PA795318|PA841023|PA796090|PA793912|PA842187|PA842037|PA791812|PA793736|PA721202|PA795136|PA793464|PA842155|PA795200|PA795844|PA841251|PA794786|PA794870|PA796070|PA795310|PA794478|PA841947|PA794082|PA794130|PA720846|PA841729|PA795516|PA841515|PA795672|PA795108|PA795298|PA791824|PA842029|PA793532|PA795746|PA342384|PA795422|PA794686|PA841215|PA795482|PA610654|PA841191|PA721960|PA793872|PA720892|PA817211|PA793756|PA796062|PA719578|PA721062|PA841845|PA795982|PA795466|PA793744|PA720952|PA794106|PA794166|PA795164|PA795596,"M.&#160;Prevost,  Mme&#160;Abomangoli, M.&#160;Alexandre, M.&#160;Amard, Mme&#160;Amiot, Mme&#160;Amrani, M.&#160;Arenas, M.&#160;Arnault, Mme&#160;Belouassa-Cherifi, M.&#160;Bernalicis, M.&#160;Bex, M.&#160;Bilongo, M.&#160;Bompard, M.&#160;Boumertit, M.&#160;Boyard, M.&#160;Cadalen, M.&#160;Caron, M.&#160;Carri&#232;re, Mme&#160;Cathala, M.&#160;Cernon, Mme&#160;Chikirou, M.&#160;Clouet, M.&#160;Coquerel, M.&#160;Coulomme, M.&#160;Delogu, M.&#160;Diouara, Mme&#160;Dufour, Mme&#160;Erodi, Mme&#160;Feld, M.&#160;Fernandes, Mme&#160;Ferrer, M.&#160;Gaillard, Mme&#160;Guett&#233;, M.&#160;Guiraud, Mme&#160;Hamdane, Mme&#160;Hignet, M.&#160;Kerbrat, M.&#160;Lachaud, M.&#160;Lahmar, M.&#160;Laisney, M.&#160;Le&#160;Coq, M.&#160;Le&#160;Gall, Mme&#160;Leboucher, M.&#160;Legavre, Mme&#160;Legrain, Mme&#160;Lejeune, Mme&#160;Lepvraud, M.&#160;L&#233;aument, Mme&#160;&#201;lisa&#160;Martin, M.&#160;Maudet, Mme&#160;Maximi, Mme&#160;Mesmeur, Mme&#160;Manon&#160;Meunier, M.&#160;Nilor, Mme&#160;Nosb&#233;, Mme&#160;Obono, Mme&#160;Oziol, Mme&#160;Panot, M.&#160;Pilato, M.&#160;Piquemal, M.&#160;Portes, M.&#160;Prud&apos;homme, M.&#160;Ratenon, M.&#160;Saint-Martin, M.&#160;Saintoul, Mme&#160;Soudais, Mme&#160;Stambach-Terrenoir, M.&#160;Tach&#233;, Mme&#160;Taurinya, M.&#160;Tavel, Mme&#160;Trouv&#233; et M.&#160;Vannier","Dans un délai de six mois à compter de la promulgation de la présente loi, le Gouvernement remet au Parlement un rapport détaillant l’influence pour la souveraineté des TPE et PME implantées sur le territoire français des différents plans gouvernementaux depuis 2020, comprenant notamment le Plan d’urgence face à la crise sanitaire, le plan France relance, le plan France 2030 et le Plan de résilience. Ce rapport détaille notamment le niveau de dépendance des TPE et PME aux brevets qu’elles ne dét","Par cet amendement, le groupe LFI-NFP demande la production d’un rapport permettant d’évaluer l’impact des différents plans gouvernementaux sur la souveraineté des petites et moyennes entreprises. Depuis la crise sanitaire de 2020, de nombreux plans ont été mis en place : « Plan d’urgence face à la crise sanitaire », « France relance », « France 2030 », « Plan de résilience » : autant de milliards d’euros abondés sans qu’une estimation des besoins n’ait été effectuée au préalable. Des plans axés sur une politique de l’offre, un conglomérat de mesures disparates sans cohérence d’ensemble, ni vision de long terme. Derrière ces annonces en grande pompe, des cadeaux distribués aux grandes entreprises, sans contrepartie. Pour quelle efficacité ? Lors des lancements des différents plans gouvernementaux, la souveraineté avait été le maître-mot, décliné sous de nombreux aspects. France 2030 devait assurer notre « souveraineté énergétique » et garantir notre « souveraineté alimentaire », le pla",3720,2024-09-20,,souverainete_numerique,/home/user/Operation_robespierre/Amendements/DLR5L17N50172/PRJLANR5L17B0003/AMANR5L17PO59048B0003P0D1N000017.json,,,,,
amendement,AMANR5L17PO59048B0003P0D1N000012,CF12,17,CION_FIN,PRJLANR5L17B0003,PA841251,PO845413,PA795228|PA793262|PA794906|PA794138|PA795588|PA795084|PA842105|PA841657|PA720430|PA793772|PA795616|PA793444|PA794938|PA795318|PA841023|PA796090|PA793912|PA842187|PA842037|PA791812|PA793736|PA721202|PA795136|PA793464|PA842155|PA795200|PA795844|PA794786|PA794870|PA796070|PA795310|PA794478|PA841947|PA794082|PA794130|PA720846|PA841729|PA795516|PA841515|PA795672|PA795108|PA795298|PA791824|PA842029|PA793532|PA795746|PA342384|PA795422|PA794686|PA841215|PA795482|PA610654|PA841191|PA721960|PA793872|PA720892|PA817211|PA793756|PA796062|PA841167|PA719578|PA721062|PA841845|PA795982|PA795466|PA793744|PA720952|PA794106|PA794166|PA795164|PA795596,"Mme&#160;Feld,  Mme&#160;Abomangoli, M.&#160;Alexandre, M.&#160;Amard, Mme&#160;Amiot, Mme&#160;Amrani, M.&#160;Arenas, M.&#160;Arnault, Mme&#160;Belouassa-Cherifi, M.&#160;Bernalicis, M.&#160;Bex, M.&#160;Bilongo, M.&#160;Bompard, M.&#160;Boumertit, M.&#160;Boyard, M.&#160;Cadalen, M.&#160;Caron, M.&#160;Carri&#232;re, Mme&#160;Cathala, M.&#160;Cernon, Mme&#160;Chikirou, M.&#160;Clouet, M.&#160;Coquerel, M.&#160;Coulomme, M.&#160;Delogu, M.&#160;Diouara, Mme&#160;Dufour, Mme&#160;Erodi, M.&#160;Fernandes, Mme&#160;Ferrer, M.&#160;Gaillard, Mme&#160;Guett&#233;, M.&#160;Guiraud, Mme&#160;Hamdane, Mme&#160;Hignet, M.&#160;Kerbrat, M.&#160;Lachaud, M.&#160;Lahmar, M.&#160;Laisney, M.&#160;Le&#160;Coq, M.&#160;Le&#160;Gall, Mme&#160;Leboucher, M.&#160;Legavre, Mme&#160;Legrain, Mme&#160;Lejeune, Mme&#160;Lepvraud, M.&#160;L&#233;aument, Mme&#160;&#201;lisa&#160;Martin, M.&#160;Maudet, Mme&#160;Maximi, Mme&#160;Mesmeur, Mme&#160;Manon&#160;Meunier, M.&#160;Nilor, Mme&#160;Nosb&#233;, Mme&#160;Obono, Mme&#160;Oziol, Mme&#160;Panot, M.&#160;Pilato, M.&#160;Piquemal, M.&#160;Portes, M.&#160;Prevost, M.&#160;Prud&apos;homme, M.&#160;Ratenon, M.&#160;Saint-Martin, M.&#160;Saintoul, Mme&#160;Soudais, Mme&#160;Stambach-Terrenoir, M.&#160;Tach&#233;, Mme&#160;Taurinya, M.&#160;Tavel, Mme&#160;Trouv&#233; et M.&#160;Vannier","Dans un délai de six mois à compter de la promulgation de la présente loi, le Gouvernement remet au Parlement un rapport agrégeant et détaillant l’utilisation des crédits consacrés au contrôle fiscal et à la lutte contre l’évasion fiscale en 2023, ainsi que l’évolution de ces crédits depuis 2017. Ce rapport détaille l’allocation des moyens en fonction des typologies d’entités contrôlées.","Par cet amendement, les députés du groupe LFI-NFP demandent la réalisation d’un document budgétaire permettant d’évaluer précisément l’ensemble des moyens mis en œuvre dans la lutte contre l’évasion fiscale, et la répartition de ces moyens entre les typologies de personnes contrôlées. Un tel document est vital pour que le Parlement puisse débattre sereinement des besoins matériels et humains de l’administration dans son combat contre une des principales raisons au déficit budgétaire, et donc à la cure d’austérité sans précédent que nous imposent les gouvernements Macron successifs. Qu’ils s’agissent des fiches d’exécution budgétaire, comme des rapports annuels de performances, ces documents réalisent un mélange des crédits et des effectifs consacrés au contrôle fiscal avec des crédits et des effectifs consacrés à d’autres politiques publiques, en particulier au recouvrement « normal » de l’impôt. Cette confusion empêche toute évaluation par la représentation nationale des tendances en ",3994,2024-09-20,,ia_calcul,/home/user/Operation_robespierre/Amendements/DLR5L17N50172/PRJLANR5L17B0003/AMANR5L17PO59048B0003P0D1N000012.json,Feld,Mathilde,La France insoumise - Nouveau Front Populaire,LFI-NFP,Gironde
amendement,AMANR5L17PO838901BTC0636P0D1N000150,150 (2ème Rect),17,AN,PIONANR5L17BTC0636,PA721314,PO840056,,M.&#160;Schellenberger,"L’article 10 de la loi n° 2023‑380 du 19 mai 2023 relative aux jeux Olympiques et Paralympiques de 2024 et portant diverses autres dispositions est ainsi modifié : 1° La première phrase du I est ainsi modifiée : a) La date : « 31 mars 2025 » est remplacée par la date : « 31 mars 2027 » ; b) Les mots : « à la seule fin » sont remplacés par les mots : « aux seules fins » ; c) Après le mot : « personnes, », sont insérés les mots : « ainsi que la sécurité des personnes et des biens au sein des empri","Compte tenu de son succès opérationnel lors des Jeux de Paris 2024 et de la nécessité d’obtenir davantage de données pour juger de son efficacité en dehors d’événements et manifestations exceptionnels, le présent amendement vise à prolonger de deux ans l’expérimentation de l’usage de l’intelligence artificielle permise par l’article 10 de la loi n° 2023-380 du 19 mai 2023 relative aux jeux Olympiques et Paralympiques de 2024 et portant diverses autres dispositions. L’amendement étend par ailleurs la finalité de l’expérimentation pour permettre l’usage des traitements algorithmiques dans les emprises et véhicules de transport public de personnes, même en l’absence de manifestations sportives, récréatives ou culturelles. Les conditions de mise en œuvre de l’expérimentation restent quant à elles inchangées.",1831,2025-02-06,,ia_calcul,/home/user/Operation_robespierre/Amendements/DLR5L16N49176/PIONANR5L17BTC0636/AMANR5L17PO838901BTC0636P0D1N000150.json,Schellenberger,Raphaël,Non inscrit,NI,Haut-Rhin
amendement,AMANR5L17PO838901BTC0636P0D1N000259,259,17,AN,PIONANR5L17BTC0636,PA794778,PO845439,,Mme&#160;Regol,"À la deuxième phrase de l’alinéa 5, substituer au mot : « doivent » le mot : « peuvent ».","L'objectif de la mesure est légitime : sécuriser les contrôles ainsi que les déplacements des usagers à travers l’utilisation de dispositifs électroniques. Néanmoins, cette disposition ne doit pas conduire à imposer un mode de fonctionnement unique au détriment de la liberté de choix des personnes concernées. Il est essentiel de prévoir une alternative au dispositif électronique en autorisant les usagers qui le souhaitent à recourir à un dispositif papier. Ce sous-amendement vise donc à rétablir l’équilibre entre modernisation des dispositifs de contrôle et respect des droits fondamentaux en laissant aux usagers la possibilité de choisir librement le mode de contrôle qui leur convient. Ce choix est conforme aux exigences des textes européens en matière de protection des données personnelles qui impose de limiter les traitements de données au strict nécessaire.",962,2025-02-10,,souverainete_numerique,/home/user/Operation_robespierre/Amendements/DLR5L16N49176/PIONANR5L17BTC0636/AMANR5L17PO838901BTC0636P0D1N000259.json,Regol,Sandra,Écologiste et Social,ECOS,Bas-Rhin
amendement,AMANR5L17PO838901BTC0636P0D1N000171,171 (Rect),17,AN,PIONANR5L17BTC0636,PA840979,PO845425,PA608416|PA793508|PA794178|PA794994|PA722390|PA793342,"M.&#160;Le&#160;Fur,  M.&#160;Hetzel, M.&#160;Brigand, M.&#160;Taite, M.&#160;Portier, Mme&#160;Corneloup et Mme&#160;Alexandra&#160;Martin","L’article 10 de la loi n° 2023‑380 du 19 mai 2023 relative aux jeux Olympiques et Paralympiques de 2024 et portant diverses autres dispositions est ainsi modifié : 1° La première phrase du I est ainsi modifiée : a) La date : « 31 mars 2025 » est remplacée par la date : « 31 mars 2027 » ; b) Les mots : « à la seule fin » sont remplacés par les mots : « aux seules fins » ; c) Après le mot : « personnes, », sont insérés les mots : « ainsi que la sécurité des personnes et des biens au sein des empri","Compte tenu de son succès opérationnel lors des Jeux de Paris 2024 et de la nécessité d’obtenir davantage de données pour juger de son efficacité en dehors d’événements et manifestations exceptionnels, le présent amendement vise à prolonger de deux ans l’expérimentation de l’usage de l’intelligence artificielle permise par l’article 10 de la loi n° 2023‑380 du 19 mai 2023 relative aux jeux Olympiques et Paralympiques de 2024 et portant diverses autres dispositions. L’amendement étend par ailleurs la finalité de l’expérimentation pour permettre l’usage des traitements algorithmiques dans les emprises et véhicules de transport public de personnes, même en l’absence de manifestations sportives, récréatives ou culturelles. Les conditions de mise en œuvre de l’expérimentation restent quant à elles inchangées.",1831,2025-02-06,,ia_calcul,/home/user/Operation_robespierre/Amendements/DLR5L16N49176/PIONANR5L17BTC0636/AMANR5L17PO838901BTC0636P0D1N000171.json,Le Fur,Corentin,Droite Républicaine,DR,Côtes-d'armor
amendement,AMANR5L17PO838901BTC0636P0D1N000015,15,17,AN,PIONANR5L17BTC0636,PA720230,PO845470,PA793572|PA841833|PA721458|PA721844,"Mme&#160;Lise&#160;Magnier,  M.&#160;Plassard, M.&#160;Guerin, M.&#160;Roseren et Mme&#160;Piron","L’article L. 166 F du livre des procédures fiscales est complété par un alinéa ainsi rédigé : « Le secret professionnel ne fait pas obstacle à ce qu’un prestataire technique auquel la personne morale mentionnée au troisième alinéa de l’article L. 2241‑2‑1 du code des transports recourt, le cas échéant, accède aux informations strictement nécessaires au développement, à l’hébergement et à la maintenance du système d’information permettant la réalisation des opérations dont celle-ci a la charge. »","Le présent amendement a pour objet de permettre à la personne morale unique de recourir aux services d’un prestataire technique pour la conception, l’exploitation et la maintenance de la plateforme nécessaire au fonctionnement du dispositif de vérification de l’adresse. Dans son avis sur le projet de décret d’application de l’article L. 2241-2-1 du code des transports, le Conseil d’Etat avait en effet relevé que, faute de dispositions législatives le permettant, la personne morale unique ne pouvait légalement faire appel à un tel prestataire, notamment parce que ce dernier n’était pas autorisé par la loi à accéder aux données échangées, fût-ce pour les seuls besoins de la réalisation de prestations techniques. Cet obstacle avait empêché, parmi d’autres que la proposition de loi entend lever, l’édiction du décret nécessaire à l’entrée en vigueur du dispositif. Cet amendement prévoit donc explicitement cette possibilité (sans en faire une obligation) et aménage en conséquence les disposi",1940,2024-12-03,,cloud,/home/user/Operation_robespierre/Amendements/DLR5L16N49176/PIONANR5L17BTC0636/AMANR5L17PO838901BTC0636P0D1N000015.json,Magnier,Lise,Horizons & Indépendants,HOR,Marne
amendement,AMANR5L17PO838901BTC0636P0D1N000014,14,17,AN,PIONANR5L17BTC0636,PA794494,PO845419,PA340343|PA840665|PA608264|PA840903|PA335054|PA840793|PA841893|PA720992|PA642764|PA643143|PA840829|PA342415|PA606793|PA842211|PA841315|PA794094|PA793624|PA795762|PA841295|PA1008|PA793394|PA795430|PA841919|PA606573|PA841633|PA794854|PA842195|PA609332|PA841665|PA333285|PA840939|PA841539|PA331973|PA840171|PA1567|PA841471|PA842263|PA841813|PA841853|PA1654|PA643192|PA795156|PA774958|PA840765|PA841463|PA643157|PA841107|PA841381|PA794270|PA608172|PA607553|PA840955|PA841367|PA840673|PA342196|PA826635|PA841327|PA841717|PA341981|PA841243|PA774960|PA841091|PA841681|PA793816|PA719930,"M.&#160;Vicot,  M.&#160;Saulignac, Mme&#160;Allemand, Mme&#160;Capdevielle, M.&#160;Christophle, Mme&#160;Karamanli, M.&#160;Pena, Mme&#160;Thi&#233;bault-Martinez, M.&#160;William, M.&#160;Aviragnet, M.&#160;Baptiste, M.&#160;Barusseau, Mme&#160;Battistel, M.&#160;Baumel, Mme&#160;Bellay, M.&#160;Benbrahim, M.&#160;Bouloux, M.&#160;Philippe&#160;Brun, M.&#160;Califer, M.&#160;Courbon, M.&#160;David, M.&#160;Delaporte, M.&#160;Delautrette, Mme&#160;Diop, Mme&#160;Dombre&#160;Coste, M.&#160;Dufau, M.&#160;Echaniz, M.&#160;Eskenazi, M.&#160;Faure, M.&#160;F&#233;gn&#233;, M.&#160;Garot, Mme&#160;Godard, M.&#160;Gokel, Mme&#160;Got, M.&#160;Emmanuel&#160;Gr&#233;goire, M.&#160;Guedj, M.&#160;Hablot, Mme&#160;Hadizadeh, Mme&#160;Herouin-L&#233;autey, Mme&#160;C&#233;line&#160;Hervieu, M.&#160;Hollande, Mme&#160;Jourdan, Mme&#160;Keloua&#160;Hachi, M.&#160;Leseul, M.&#160;Lhardit, Mme&#160;Mercier, M.&#160;Naillet, M.&#160;Oberti, Mme&#160;Pantel, Mme&#160;Pic, Mme&#160;Pir&#232;s&#160;Beaune, M.&#160;Potier, M.&#160;Pribetich, M.&#160;Proen&#231;a, Mme&#160;Rossi, Mme&#160;Rouaux, M.&#160;Aur&#233;lien&#160;Rousseau, M.&#160;Roussel, Mme&#160;Runel, Mme&#160;R&#233;calde, M.&#160;Saint-Pasteur, Mme&#160;Santiago, M.&#160;Simion, M.&#160;Sother, Mme&#160;Thomin, M.&#160;Vallaud et les membres du groupe Socialistes et apparent&#233;s",Supprimer cet article.,"Cet amendement du groupe Socialistes et apparentés vise à supprimer l'article 19 qui permet la communication par l’administration de certaines données fiscales et sociales aux agents chargés du recouvrement des exploitants des services de transport aux fins du recouvrement d’indemnités dues au titre d’infractions aux règlements relatifs à la police ou à la sûreté du transport, que l’article 19 entend étendre aux agents assermentés chargés du contrôle et de la sûreté. L'accès à de telles données sensibles doit être réservé à la puissance publique. Les risques d'atteintes au droit au respect de la vie privée sont ici trop sérieux et faute d'étude d'impact nous ne sommes pas en mesure de saisir l'ampleur des conséquences d'une telle mesure. Tel est le sens de cet amendement de suppression.",820,2024-12-02,,souverainete_numerique,/home/user/Operation_robespierre/Amendements/DLR5L16N49176/PIONANR5L17BTC0636/AMANR5L17PO838901BTC0636P0D1N000014.json,Vicot,Roger,Socialistes et apparentés,SOC,Nord
amendement,AMANR5L17PO838901BTC0636P0D1N000122,122,17,AN,PIONANR5L17BTC0636,PA796062,PO845413,PA795228|PA793262|PA794906|PA794138|PA795588|PA795084|PA842105|PA841657|PA720430|PA793772|PA795616|PA793444|PA794938|PA795318|PA841023|PA796090|PA793912|PA842187|PA842037|PA791812|PA793736|PA721202|PA795136|PA793464|PA842155|PA795200|PA795844|PA841251|PA794786|PA794870|PA796070|PA795310|PA794478|PA841947|PA794082|PA794130|PA720846|PA841729|PA795516|PA841515|PA795672|PA795108|PA795298|PA791824|PA842029|PA793532|PA795746|PA342384|PA795422|PA794686|PA841215|PA795482|PA610654|PA841191|PA721960|PA793872|PA720892|PA817211|PA793756|PA719578|PA721062|PA841845|PA795982|PA795466|PA793744|PA720952|PA794106|PA794166|PA795164|PA795596,"M.&#160;Portes,  Mme&#160;Abomangoli, M.&#160;Alexandre, M.&#160;Amard, Mme&#160;Amiot, Mme&#160;Amrani, M.&#160;Arenas, M.&#160;Arnault, Mme&#160;Belouassa-Cherifi, M.&#160;Bernalicis, M.&#160;Bex, M.&#160;Bilongo, M.&#160;Bompard, M.&#160;Boumertit, M.&#160;Boyard, M.&#160;Cadalen, M.&#160;Caron, M.&#160;Carri&#232;re, Mme&#160;Cathala, M.&#160;Cernon, Mme&#160;Chikirou, M.&#160;Clouet, M.&#160;Coquerel, M.&#160;Coulomme, M.&#160;Delogu, M.&#160;Diouara, Mme&#160;Dufour, Mme&#160;Erodi, Mme&#160;Feld, M.&#160;Fernandes, Mme&#160;Ferrer, M.&#160;Gaillard, Mme&#160;Guett&#233;, M.&#160;Guiraud, Mme&#160;Hamdane, Mme&#160;Hignet, M.&#160;Kerbrat, M.&#160;Lachaud, M.&#160;Lahmar, M.&#160;Laisney, M.&#160;Le&#160;Coq, M.&#160;Le&#160;Gall, Mme&#160;Leboucher, M.&#160;Legavre, Mme&#160;Legrain, Mme&#160;Lejeune, Mme&#160;Lepvraud, M.&#160;L&#233;aument, Mme&#160;&#201;lisa&#160;Martin, M.&#160;Maudet, Mme&#160;Maximi, Mme&#160;Mesmeur, Mme&#160;Manon&#160;Meunier, M.&#160;Nilor, Mme&#160;Nosb&#233;, Mme&#160;Obono, Mme&#160;Oziol, Mme&#160;Panot, M.&#160;Pilato, M.&#160;Piquemal, M.&#160;Prud&apos;homme, M.&#160;Ratenon, M.&#160;Saint-Martin, M.&#160;Saintoul, Mme&#160;Soudais, Mme&#160;Stambach-Terrenoir, M.&#160;Tach&#233;, Mme&#160;Taurinya, M.&#160;Tavel, Mme&#160;Trouv&#233; et M.&#160;Vannier",Supprimer cet article.,"Par cet amendement les député.es du groupe LFI-NFP souhaitent supprimer cet article. L’article prévoit que la SNCF puisse accéder au Fichier judiciaire automatisé des auteurs d'infractions sexuelles ou violentes (FIJAISV) pour toutes les activités en relation avec les mineurs. Ce fichier regroupe un certain nombre de données personnelles relatives à l'identité de la personne, la nature et la date de la décision d'inscription au fichier ou encore un certain nombre d'informations diverses (date de justification de l'adresse, la périodicité de cette obligation, etc.). De plus, les informations sont enregistrées sur le fichier pour une durée particulièrement longue de 20 à 30 ans. Enfin, certaines personnes pourront être inscrites sur le fichier même en l'absence de condamnation définitive. L'ensemble de ces critères sont particulièrement attentatoires aux droits et libertés et notamment à la vie privée, et bien que ce fichier poursuive un intérêt légitime - celui de la lutte contre la réc",1553,2025-02-05,,souverainete_numerique,/home/user/Operation_robespierre/Amendements/DLR5L16N49176/PIONANR5L17BTC0636/AMANR5L17PO838901BTC0636P0D1N000122.json,Portes,Thomas,La France insoumise - Nouveau Front Populaire,LFI-NFP,Seine-Saint-Denis
amendement,AMANR5L17PO838901BTC0636P0D1N000237,237 (Rect),17,AN,PIONANR5L17BTC0636,,,,le Gouvernement,"L’article 10 de la loi n° 2023-380 du 19 mai 2023 relative aux jeux Olympiques et Paralympiques de 2024 et portant diverses autres dispositions est ainsi modifié : 1° À la première phrase du I, la date : « 31 mars 2025 » est remplacée par la date : « 31 décembre 2027 » ; 2° À la deuxième phrase du XI, la date : « 31 décembre 2024 » est remplacée par la date : « 30 septembre 2027 ».","Le présent amendement vise à proroger l’expérimentation relative à la mise en œuvre de traitements algorithmiques sur les images collectées au moyen de systèmes de vidéoprotection et de caméras installées sur des aéronefs dans le cadre de manifestations sportives, récréatives ou culturelles, qui par l’ampleur de leur fréquentation ou leurs circonstances sont particulièrement exposés à des risques d’actes de terrorisme ou d’atteintes graves à la sécurité des personnes. En effet, la mise en œuvre de tels traitements algorithmiques a été expérimentée par les services internes de sécurité de la RATP et de la SNCF, les forces de sécurité intérieure et la police municipale dans le cadre de la loi du 19 mai 2023 relative aux jeux Olympiques et Paralympiques de 2024 (JOP 2024). Ces dispositifs de vidéoprotection intelligente, qui ont été déployés non seulement dans le cadre des JOP 2024 mais également à l’occasion d’autres manifestations sportives et culturelles, ont montré leur pertinence au ",2131,2025-02-06,,ia_calcul,/home/user/Operation_robespierre/Amendements/DLR5L16N49176/PIONANR5L17BTC0636/AMANR5L17PO838901BTC0636P0D1N000237.json,,,,,
amendement,AMANR5L17PO838901BTC0636P0D1N000001,1,17,AN,PIONANR5L17BTC0636,PA720230,PO845470,PA793572|PA721458|PA721844,"Mme&#160;Lise&#160;Magnier,  M.&#160;Plassard, M.&#160;Roseren et Mme&#160;Piron","I. – À la deuxième phrase de l’alinéa 4, substituer aux mots : « conservées et les » les mots : « conservées, les ». II. – En conséquence, à la fin de la même phrase du même alinéa 4, substituer au mot : « effectuées » les mots : « enregistrées, les modalités de contrôle par l’administration de la personne morale unique ainsi que les conditions dans lesquelles cette dernière peut recourir à un prestataire technique pour le développement, l’hébergement et la maintenance du système d’information n","Le présent amendement a pour objet de permettre à la personne morale unique de recourir aux services d’un prestataire technique pour la conception, l’exploitation et la maintenance de la plateforme nécessaire au fonctionnement du dispositif de vérification de l’adresse. Dans son avis sur le projet de décret d’application de l’article L. 2241-2-1 du code des transports, le Conseil d’Etat avait en effet relevé que, faute de dispositions législatives le permettant, la personne morale unique ne pouvait légalement faire appel à un tel prestataire, notamment parce que ce dernier n’était pas autorisé par la loi à accéder aux données échangées, fût-ce pour les seuls besoins de la réalisation de prestations techniques. Cet obstacle avait empêché, parmi d’autres que la proposition de loi entend lever, l’édiction du décret nécessaire à l’entrée en vigueur du dispositif. Cet amendement prévoit donc explicitement cette possibilité (sans en faire une obligation) et aménage en conséquence les disposi",2055,2024-12-02,,cloud,/home/user/Operation_robespierre/Amendements/DLR5L16N49176/PIONANR5L17BTC0636/AMANR5L17PO838901BTC0636P0D1N000001.json,Magnier,Lise,Horizons & Indépendants,HOR,Marne
amendement,AMANR5L17PO838901BTC0636P0D1N000190,190 (Rect),17,AN,PIONANR5L17BTC0636,PA793094,PO845425,PA793342|PA840979,"M.&#160;Ray,  Mme&#160;Alexandra&#160;Martin et M.&#160;Le&#160;Fur","L’article 10 de la loi n° 2023-380 du 19 mai 2023 relative aux jeux Olympiques et Paralympiques de 2024 et portant diverses autres dispositions est ainsi modifié : 1° À la première phrase du I, la date : « 31 mars 2025 » est remplacée par la date : « 31 décembre 2027 » ; 2° À la deuxième phrase du XI, la date : « 31 décembre 2024 » est remplacée par la date : « 30 septembre 2027 ».","Le présent amendement vise à proroger l’expérimentation relative à la mise en œuvre de traitements algorithmiques aux services internes de sécurité de la RATP et de la SNCF, aux forces de sécurité intérieure et aux polices municipales dans le cadre de la loi du 19 mai 2023 relative aux jeux Olympiques et Paralympiques de 2024 (JOP 2024). Ce traitement algorithmique des images collectées au moyen de systèmes de vidéoprotection et de caméras installées sur des aéronefs dans le cadre de manifestations sportives, récréatives ou culturelles, qui par l’ampleur de leur fréquentation ou leurs circonstances sont particulièrement exposés à des risques d’actes de terrorisme ou d’atteintes graves à la sécurité des personnes a montré son efficacité. Ces dispositifs de vidéoprotection intelligente, qui ont été déployés non seulement dans le cadre des JOP 2024 mais également à l’occasion d’autres manifestations sportives et culturelles, sont pertinents. Toutefois, les services internes de sécurité de",1976,2025-02-06,,ia_calcul,/home/user/Operation_robespierre/Amendements/DLR5L16N49176/PIONANR5L17BTC0636/AMANR5L17PO838901BTC0636P0D1N000190.json,Ray,Nicolas,Droite Républicaine,DR,Allier
amendement,AMANR5L17PO838901BTC0636P0D1N000123,123,17,AN,PIONANR5L17BTC0636,PA342384,PO845413,PA795228|PA793262|PA794906|PA794138|PA795588|PA795084|PA842105|PA841657|PA720430|PA793772|PA795616|PA793444|PA794938|PA795318|PA841023|PA796090|PA793912|PA842187|PA842037|PA791812|PA793736|PA721202|PA795136|PA793464|PA842155|PA795200|PA795844|PA841251|PA794786|PA794870|PA796070|PA795310|PA794478|PA841947|PA794082|PA794130|PA720846|PA841729|PA795516|PA841515|PA795672|PA795108|PA795298|PA791824|PA842029|PA793532|PA795746|PA795422|PA794686|PA841215|PA795482|PA610654|PA841191|PA721960|PA793872|PA720892|PA817211|PA793756|PA796062|PA719578|PA721062|PA841845|PA795982|PA795466|PA793744|PA720952|PA794106|PA794166|PA795164|PA795596,"Mme&#160;&#201;lisa&#160;Martin,  Mme&#160;Abomangoli, M.&#160;Alexandre, M.&#160;Amard, Mme&#160;Amiot, Mme&#160;Amrani, M.&#160;Arenas, M.&#160;Arnault, Mme&#160;Belouassa-Cherifi, M.&#160;Bernalicis, M.&#160;Bex, M.&#160;Bilongo, M.&#160;Bompard, M.&#160;Boumertit, M.&#160;Boyard, M.&#160;Cadalen, M.&#160;Caron, M.&#160;Carri&#232;re, Mme&#160;Cathala, M.&#160;Cernon, Mme&#160;Chikirou, M.&#160;Clouet, M.&#160;Coquerel, M.&#160;Coulomme, M.&#160;Delogu, M.&#160;Diouara, Mme&#160;Dufour, Mme&#160;Erodi, Mme&#160;Feld, M.&#160;Fernandes, Mme&#160;Ferrer, M.&#160;Gaillard, Mme&#160;Guett&#233;, M.&#160;Guiraud, Mme&#160;Hamdane, Mme&#160;Hignet, M.&#160;Kerbrat, M.&#160;Lachaud, M.&#160;Lahmar, M.&#160;Laisney, M.&#160;Le&#160;Coq, M.&#160;Le&#160;Gall, Mme&#160;Leboucher, M.&#160;Legavre, Mme&#160;Legrain, Mme&#160;Lejeune, Mme&#160;Lepvraud, M.&#160;L&#233;aument, M.&#160;Maudet, Mme&#160;Maximi, Mme&#160;Mesmeur, Mme&#160;Manon&#160;Meunier, M.&#160;Nilor, Mme&#160;Nosb&#233;, Mme&#160;Obono, Mme&#160;Oziol, Mme&#160;Panot, M.&#160;Pilato, M.&#160;Piquemal, M.&#160;Portes, M.&#160;Prud&apos;homme, M.&#160;Ratenon, M.&#160;Saint-Martin, M.&#160;Saintoul, Mme&#160;Soudais, Mme&#160;Stambach-Terrenoir, M.&#160;Tach&#233;, Mme&#160;Taurinya, M.&#160;Tavel, Mme&#160;Trouv&#233; et M.&#160;Vannier",Supprimer cet article.,"Par cet amendement les député.es du groupe LFI-NFP souhaitent supprimer cet article. Cet article prévoit d'étendre le droit de communication des données fiscales des personnes en infraction aux agents de sécurité dans les transports. Le but poursuivi par un tel article est de faciliter l'identification de la personne en infraction pour le bien du recouvrement de l'amende ou de l'amende forfaitaire délictuelle (AFD). Le dispositif manque de garanties, notamment concernant l’accès à des données personnelles par des agents non habilités ou assermentés. Le seul renvoie à un souci de formation à l’alinéa 3 de l’article n’est pas suffisant. Faciliter la coercition contre les individus n'est pas une vision du service public des transports que nous défendons. Une réflexion de fond sur la facilitation de l'accès à ces transports (la gratuité par exemple) ou encore la mise en place de moyens supplémentaires matériels et humain sont nécessaires. Pour l'ensemble de ces raisons nous proposons de su",1043,2025-02-05,,souverainete_numerique,/home/user/Operation_robespierre/Amendements/DLR5L16N49176/PIONANR5L17BTC0636/AMANR5L17PO838901BTC0636P0D1N000123.json,Martin,Élisa,La France insoumise - Nouveau Front Populaire,LFI-NFP,Isère
amendement,AMANR5L17PO838901BTC0636P0D1N000216,216,17,AN,PIONANR5L17BTC0636,PA718784,PO845425,,M.&#160;Pauget,"À la première phrase de de l’article 10 de la loi n° 2023‑380 du 19 mai 2023 relative aux jeux Olympiques et Paralympiques de 2024 et portant diverses autres dispositions, la date : « 31 mars 2025 » est remplacée par la date : « 31 décembre 2027 »","Le présent amendement vise à proroger l’expérimentation relative à la mise en œuvre de traitements algorithmiques sur les images collectées au moyen de systèmes de vidéoprotection et de caméras installées sur des aéronefs dans le cadre de manifestations sportives, récréatives ou culturelles, qui par l’ampleur de leur fréquentation ou leurs circonstances sont particulièrement exposés à des risques d’actes de terrorisme ou d’atteintes graves à la sécurité des personnes. En effet, la mise en œuvre de tels traitements algorithmiques a été expérimentée par les services internes de sécurité de la RATP et de la SNCF, les forces de sécurité intérieure et la police municipale dans le cadre de la loi du 19 mai 2023 relative aux jeux Olympiques et Paralympiques de 2024 (JOP 2024). Ces dispositifs de vidéoprotection intelligente, qui ont été déployés non seulement dans le cadre des JOP 2024 mais également à l’occasion d’autres manifestations sportives et culturelles, ont montré leur pertinence au ",1994,2025-02-06,,ia_calcul,/home/user/Operation_robespierre/Amendements/DLR5L16N49176/PIONANR5L17BTC0636/AMANR5L17PO838901BTC0636P0D1N000216.json,Pauget,Éric,Droite Républicaine,DR,Alpes-Maritimes
amendement,AMANR5L17PO838901BTC0636P0D1N000233,233,17,AN,PIONANR5L17BTC0636,PA721896,PO845514,PA795998|PA720838|PA796106|PA795868|PA267306|PA774962|PA335612|PA796010|PA842271|PA793174|PA795820|PA721270|PA795240|PA795876|PA605745|PA842299,"Mme&#160;Faucillon,  Mme&#160;K/Bidi, Mme&#160;Bourouaha, M.&#160;B&#233;nard, M.&#160;Castor, M.&#160;Chassaigne, Mme&#160;Lebon, M.&#160;Lecoq, M.&#160;Maillot, M.&#160;Maurel, M.&#160;Monnet, M.&#160;Nadeau, M.&#160;Peu, Mme&#160;Reid&#160;Arbelot, M.&#160;Rimane, M.&#160;Sansu et M.&#160;Tjibaou",Supprimer cet article.,"Les auteurs de cet amendement sont opposés à l’extension du nombre des agents des services de transports pouvant obtenir communication des données transmises par l’administration fiscale. Cette possibilité, actuellement réservée aux agents chargés du recouvrement des opérateurs de transport, serait élargie aux agents de contrôle des exploitants des services de transport public et aux agents des services de sûreté de la SNCF et de la RATP, lesquels pourraient ainsi obtenir la communication par l’administration fiscale de renseignements sur les contrevenants (noms, prénoms, date et lieu de naissance, adresse du domicile) dans le cadre de la procédure de transaction. Ces nouvelles prérogatives octroyées aux agents de contrôle des exploitants des services de transport public et aux agents des services de sûreté de la SNCF et de la RATP de consultation de données personnelles paraissent injustifiées et disproportionnées.",952,2025-02-06,,souverainete_numerique,/home/user/Operation_robespierre/Amendements/DLR5L16N49176/PIONANR5L17BTC0636/AMANR5L17PO838901BTC0636P0D1N000233.json,Faucillon,Elsa,Gauche Démocrate et Républicaine,GDR,Hauts-de-Seine
amendement,AMANR5L17PO838901BTC0636P0D1N000238,238,17,AN,PIONANR5L17BTC0636,,,,le Gouvernement,"Le chapitre II du titre III du livre VI de la première partie du code des transports est complété par une section 3 ainsi rédigée : « Section 3 « Mise à disposition d’un dispositif anonymisé d’étiquetage des bagages « Art. L. 1632‑4. – Dans les catégories de véhicules affectés au transport public de voyageurs désignées par arrêté du ministre chargé des transports, tout bagage doit comporter de manière visible la mention des nom et prénom du voyageur. « Lorsque le dispositif prévu à l’article L. ","L’abandon de bagages en gare ou dans les trains a un impact à la fois sur la sûreté du transport collectif, notamment ferroviaire, et la fluidité du trafic. Il est donc proposé d’introduire un nouveau dispositif de prévention. Au-delà de la réduction des perturbations importantes sur la disponibilité du service aux usagers des transports en commun occasionnées par la présence de bagages délaissés au sein des véhicules et emprises, les solutions apportées doivent également apporter des garanties en termes de sécurité publique. L’option identifiée par les opérateurs et les pouvoirs publics consiste à lever le doute sur la menace présentée par un bagage délaissé. Un dispositif de cynodétection a été introduit à cette fin. De manière complémentaire, un deuxième levier réside dans l’identification du propriétaire du bagage afin d’obtenir l’assurance qu’il s’agit bien d’un bagage oublié et non d’un colis suspect. Il est alors indispensable de pouvoir contacter rapidement celui-ci. Or, l’obli",3874,2025-02-06,,souverainete_numerique,/home/user/Operation_robespierre/Amendements/DLR5L16N49176/PIONANR5L17BTC0636/AMANR5L17PO838901BTC0636P0D1N000238.json,,,,,
amendement,AMANR5L17PO838901BTC0636P0D1N000135,135 (Rect),17,AN,PIONANR5L17BTC0636,PA608826,PO845425,PA842117|PA642847|PA719272|PA721410|PA1630|PA721442|PA793094,"Mme&#160;Duby-Muller,  M.&#160;Jeanbrun, M.&#160;Bazin, Mme&#160;Fr&#233;d&#233;rique&#160;Meunier, Mme&#160;Bonnivard, M.&#160;Herbillon, Mme&#160;Petex et M.&#160;Ray","L’article 10 de la loi n° 2023‑380 du 19 mai 2023 relative aux jeux Olympiques et Paralympiques de 2024 et portant diverses autres dispositions est ainsi modifié : 1° La première phrase du I est ainsi modifiée : a) La date : « 31 mars 2025 » est remplacée par la date : « 31 mars 2027 » ; b) Les mots : « à la seule fin » sont remplacés par les mots : « aux seules fins » ; c) Après le mot : « personnes, », sont insérés les mots : « ainsi que la sécurité des personnes et des biens au sein des empri","Compte tenu de son succès opérationnel lors des Jeux de Paris 2024 et de la nécessité d’obtenir davantage de données pour juger de son efficacité en dehors d’événements et manifestations exceptionnels, le présent amendement vise à prolonger de deux ans l’expérimentation de l’usage de l’intelligence artificielle permise par l’article 10 de la loi n° 2023-380 du 19 mai 2023 relative aux jeux Olympiques et Paralympiques de 2024 et portant diverses autres dispositions. L’amendement étend par ailleurs la finalité de l’expérimentation pour permettre l’usage des traitements algorithmiques dans les emprises et véhicules de transport public de personnes, même en l’absence de manifestations sportives, récréatives ou culturelles. Les conditions de mise en œuvre de l’expérimentation restent quant à elles inchangées.",1831,2025-02-05,,ia_calcul,/home/user/Operation_robespierre/Amendements/DLR5L16N49176/PIONANR5L17BTC0636/AMANR5L17PO838901BTC0636P0D1N000135.json,Duby-Muller,Virginie,Droite Républicaine,DR,Haute-Savoie
amendement,AMANR5L17PO838901BTC0636P0D1N000211,211 (Rect),17,AN,PIONANR5L17BTC0636,PA718784,PO845425,,M.&#160;Pauget,"L’article 10 de la loi n° 2023-380 du 19 mai 2023 relative aux jeux Olympiques et Paralympiques de 2024 et portant diverses autres dispositions est ainsi modifié : 1° À la première phrase du I, la date : « 31 mars 2025 » est remplacée par la date : « 31 décembre 2027 » ; 2° À la deuxième phrase du XI, la date : « 31 décembre 2024 » est remplacée par la date : « 30 septembre 2027 ».","Le présent amendement vise à proroger l’expérimentation relative à la mise en œuvre de traitements algorithmiques sur les images collectées au moyen de systèmes de vidéoprotection et de caméras installées sur des aéronefs dans le cadre de manifestations sportives, récréatives ou culturelles, qui par l’ampleur de leur fréquentation ou leurs circonstances sont particulièrement exposés à des risques d’actes de terrorisme ou d’atteintes graves à la sécurité des personnes. En effet, la mise en œuvre de tels traitements algorithmiques a été expérimentée par les services internes de sécurité de la RATP et de la SNCF, les forces de sécurité intérieure et la police municipale dans le cadre de la loi du 19 mai 2023 relative aux jeux Olympiques et Paralympiques de 2024 (JOP 2024). Ces dispositifs de vidéoprotection intelligente, qui ont été déployés non seulement dans le cadre des JOP 2024 mais également à l’occasion d’autres manifestations sportives et culturelles, ont montré leur pertinence au ",2131,2025-02-06,,ia_calcul,/home/user/Operation_robespierre/Amendements/DLR5L16N49176/PIONANR5L17BTC0636/AMANR5L17PO838901BTC0636P0D1N000211.json,Pauget,Éric,Droite Républicaine,DR,Alpes-Maritimes
amendement,AMANR5L17PO59051B0134P0D1N000199,CL199,17,CION_LOIS,PIONANR5L17B0134,PA721984,PO845454,PA721336|PA795100,"M.&#160;Latombe,  Mme&#160;Brocard et M.&#160;Martineau",Supprimer cet article.,"Cet amendement vise à supprimer l'article 10 qui prévoit la création d'un fichier de données sensibles, collectées en temps réel, en utilisable en cas d'infraction flagrante.",197,2024-11-23,,souverainete_numerique,/home/user/Operation_robespierre/Amendements/DLR5L16N49176/PIONANR5L17B0134/AMANR5L17PO59051B0134P0D1N000199.json,Latombe,Philippe,Les Démocrates,DEM,Vendée
amendement,AMANR5L17PO59051B0134P0D1N000181,CL181,17,CION_LOIS,PIONANR5L17B0134,PA607619,PO845485,PA822617,M.&#160;Molac et Mme&#160;Froger,Supprimer cet article.,"Cet amendement vise à supprimer le recours à l’intelligence artificielle par les services de sécurité de la SNCF et de la RATP pour le traitement des réquisitions judiciaires. Le recours à l’intelligence artificielle, tel qu’envisagé, n’est pas accompagnée des garanties nécessaires pour prévenir les abus et protéger les données personnelles des individus. Cet amendement a été travaillé avec le CNB.",424,2024-11-22,,souverainete_numerique|ia_calcul,/home/user/Operation_robespierre/Amendements/DLR5L16N49176/PIONANR5L17B0134/AMANR5L17PO59051B0134P0D1N000181.json,Molac,Paul,"Libertés, Indépendants, Outre-mer et Territoires",LIOT,Morbihan
amendement,AMANR5L17PO59051B0134P0D1N000223,CL223,17,CION_LOIS,PIONANR5L17B0134,PA722150,PO840056,PA643175|PA607395|PA720362|PA642695|PA793210,"M.&#160;Houli&#233;,  Mme&#160;Dupont, M.&#160;Travert, M.&#160;Belhaddad, M.&#160;Bothorel et M.&#160;Panifous",Supprimer cet article.,"Le présent amendement vise à supprimer l’article 10 qui ambitionne, d’après les termes de l’exposé des motifs de la proposition de loi, de permettre la collecte et le traitement de données sensibles par les agents des services internes de sécurité de la SNCF et de la RATP dans le seul cadre du traitement d'infractions flagrantes. D’un constat partagé avec la direction des libertés publiques et des affaires juridiques du ministère de l’intérieur (DLPAJ), l’article 31 de la loi du 6 janvier 1978 dite « informatique et libertés » prévoit déjà au bénéfice de toute personne morale ou physique, pour la seule poursuite des infractions flagrantes, la faculté de collecter et traiter des données sensibles pour le compte de l’État. En outre, considérant qu’aucune règle spécifique en matière de traitement des données sensibles ne trouve à s’appliquer aux services internes de la SNCF et de la RATP et, de surcroit, qu’aucune règle en vigueur ne leur interdit de le faire pour cette finalité, il n’app",1888,2024-11-23,,souverainete_numerique,/home/user/Operation_robespierre/Amendements/DLR5L16N49176/PIONANR5L17B0134/AMANR5L17PO59051B0134P0D1N000223.json,Houlié,Sacha,Socialistes et apparentés,SOC,Vienne
amendement,AMANR5L17PO59051B0134P0D1N000198,CL198,17,CION_LOIS,PIONANR5L17B0134,PA721984,PO845454,PA721336|PA795100,"M.&#160;Latombe,  Mme&#160;Brocard et M.&#160;Martineau",Supprimer cet article.,Cet amendement vise à supprimer l'article 9 qui prévoit une expérimentation de l'utilisation de logiciels d'intelligence artificielle par le GPSR et la Suge pour assurer le traitement de réquisitions judiciaires.,235,2024-11-23,,ia_calcul,/home/user/Operation_robespierre/Amendements/DLR5L16N49176/PIONANR5L17B0134/AMANR5L17PO59051B0134P0D1N000198.json,Latombe,Philippe,Les Démocrates,DEM,Vendée
amendement,AMANR5L17PO59051B0134P0D1N000075,CL75,17,CION_LOIS,PIONANR5L17B0134,PA721896,PO845514,PA795998,Mme&#160;Faucillon et Mme&#160;K/Bidi,Supprimer cet article.,"Les auteurs de cet amendement sont opposés à l’extension du nombre des agents des services de transports pouvant obtenir communication des données transmises par l’administration fiscale. Cette possibilité, actuellement réservée aux agents chargés du recouvrement des opérateurs de transport, serait élargie aux agents de contrôle des exploitants des services de transport public et aux agents des services de sûreté de la SNCF et de la RATP, lesquels pourraient ainsi obtenir la communication par l’administration fiscale de renseignements sur les contrevenants (noms, prénoms, date et lieu de naissance, adresse du domicile) dans le cadre de la procédure de transaction. Ces nouvelles prérogatives octroyées aux agents de contrôle des exploitants des services de transport public et aux agents des services de sûreté de la SNCF et de la RATP de consultation de données personnelles paraissent injustifiées et disproportionnées.",952,2024-11-22,,souverainete_numerique,/home/user/Operation_robespierre/Amendements/DLR5L16N49176/PIONANR5L17B0134/AMANR5L17PO59051B0134P0D1N000075.json,Faucillon,Elsa,Gauche Démocrate et Républicaine,GDR,Hauts-de-Seine
amendement,AMANR5L17PO59051B0134P0D1N000047,CL47,17,CION_LOIS,PIONANR5L17B0134,PA794494,PO845419,PA340343|PA840665|PA608264|PA840903|PA335054|PA840793|PA841893|PA720992,"M.&#160;Vicot,  M.&#160;Saulignac, Mme&#160;Allemand, Mme&#160;Capdevielle, M.&#160;Christophle, Mme&#160;Karamanli, M.&#160;Pena, Mme&#160;Thi&#233;bault-Martinez, M.&#160;William et les membres du groupe Socialistes et apparent&#233;s",Supprimer cet article.,"Cet amendement du groupe Socialistes et apparentés vise à supprimer l'article 19 qui permet la communication par l’administration de certaines données fiscales et sociales aux agents chargés du recouvrement des exploitants des services de transport aux fins du recouvrement d’indemnités dues au titre d’infractions aux règlements relatifs à la police ou à la sûreté du transport, que l’article 19 entend étendre aux agents assermentés chargés du contrôle et de la sûreté. L'accès à de telles données sensibles doit être réservé à la puissance publique. Les risques d'atteintes au droit au respect de la vie privée sont ici trop sérieux et faute d'étude d'impact nous ne sommes pas en mesure de saisir l'ampleur des conséquences d'une telle mesure. Tel est le sens de cet amendement de suppression.",820,2024-11-21,,souverainete_numerique,/home/user/Operation_robespierre/Amendements/DLR5L16N49176/PIONANR5L17B0134/AMANR5L17PO59051B0134P0D1N000047.json,Vicot,Roger,Socialistes et apparentés,SOC,Nord
amendement,AMANR5L17PO59051B0134P0D1N000120,CL120,17,CION_LOIS,PIONANR5L17B0134,PA796062,PO845413,PA795228|PA793262|PA794906|PA794138|PA795588|PA795084|PA842105|PA841657|PA720430|PA793772|PA795616|PA793444|PA794938|PA795318|PA841023|PA796090|PA793912|PA842187|PA842037|PA791812|PA793736|PA721202|PA795136|PA793464|PA842155|PA795200|PA795844|PA841251|PA794786|PA794870|PA796070|PA795310|PA794478|PA841947|PA794082|PA794130|PA720846|PA841729|PA795516|PA841515|PA795672|PA795108|PA795298|PA791824|PA842029|PA793532|PA795746|PA342384|PA795422|PA794686|PA841215|PA795482|PA610654|PA841191|PA721960|PA793872|PA720892|PA817211|PA793756|PA719578|PA721062|PA841845|PA795982|PA795466|PA793744|PA720952|PA794106|PA794166|PA795164|PA795596,"M.&#160;Portes,  Mme&#160;Abomangoli, M.&#160;Alexandre, M.&#160;Amard, Mme&#160;Amiot, Mme&#160;Amrani, M.&#160;Arenas, M.&#160;Arnault, Mme&#160;Belouassa-Cherifi, M.&#160;Bernalicis, M.&#160;Bex, M.&#160;Bilongo, M.&#160;Bompard, M.&#160;Boumertit, M.&#160;Boyard, M.&#160;Cadalen, M.&#160;Caron, M.&#160;Carri&#232;re, Mme&#160;Cathala, M.&#160;Cernon, Mme&#160;Chikirou, M.&#160;Clouet, M.&#160;Coquerel, M.&#160;Coulomme, M.&#160;Delogu, M.&#160;Diouara, Mme&#160;Dufour, Mme&#160;Erodi, Mme&#160;Feld, M.&#160;Fernandes, Mme&#160;Ferrer, M.&#160;Gaillard, Mme&#160;Guett&#233;, M.&#160;Guiraud, Mme&#160;Hamdane, Mme&#160;Hignet, M.&#160;Kerbrat, M.&#160;Lachaud, M.&#160;Lahmar, M.&#160;Laisney, M.&#160;Le&#160;Coq, M.&#160;Le&#160;Gall, Mme&#160;Leboucher, M.&#160;Legavre, Mme&#160;Legrain, Mme&#160;Lejeune, Mme&#160;Lepvraud, M.&#160;L&#233;aument, Mme&#160;&#201;lisa&#160;Martin, M.&#160;Maudet, Mme&#160;Maximi, Mme&#160;Mesmeur, Mme&#160;Manon&#160;Meunier, M.&#160;Nilor, Mme&#160;Nosb&#233;, Mme&#160;Obono, Mme&#160;Oziol, Mme&#160;Panot, M.&#160;Pilato, M.&#160;Piquemal, M.&#160;Prud&apos;homme, M.&#160;Ratenon, M.&#160;Saint-Martin, M.&#160;Saintoul, Mme&#160;Soudais, Mme&#160;Stambach-Terrenoir, M.&#160;Tach&#233;, Mme&#160;Taurinya, M.&#160;Tavel, Mme&#160;Trouv&#233; et M.&#160;Vannier","Après la première phrase de l’alinéa 16, insérer la phrase suivante : « L’autorisation doit être publiée au moins cinq jours ouvrés avant la date ouvrant la mise en œuvre du traitement. »","Par cet amendement de repli, les député.es du groupe LFI-NFP souhaitent imposer un délai de cinq jours entre la décision administrative d'autorisation du recours à la vidéo surveillance algorithmique et la mise en œuvre effective. Le dispositif prévoit que le représentant de l’État dans le département devra autoriser les services au recours à de tels logiciels. Eu égard à l'atteinte effective au respect de la vie privée des individus, du fait du traitement automatisé d'un large panel de données personnelles des individus circulant dans les espaces publics, ce délai est un moyen de garantir le droit à un recours administratif et un recours contentieux contre ces décisions d'autorisation. En effet, l'absence de délai permet aux préfets et au préfet de Police à Paris d'autoriser par arrêté la veille pour lendemain le recours à un tel dispositif. Ce délai très court ne permet pas aux individus et aux associations de défense des droits et libertés de saisir le juge administratif le cas éché",2352,2024-11-22,,souverainete_numerique,/home/user/Operation_robespierre/Amendements/DLR5L16N49176/PIONANR5L17B0134/AMANR5L17PO59051B0134P0D1N000120.json,Portes,Thomas,La France insoumise - Nouveau Front Populaire,LFI-NFP,Seine-Saint-Denis
amendement,AMANR5L17PO59051B0134P0D1N000160,CL160,17,CION_LOIS,PIONANR5L17B0134,PA342384,PO845413,PA795228|PA793262|PA794906|PA794138|PA795588|PA795084|PA842105|PA841657|PA720430|PA793772|PA795616|PA793444|PA794938|PA795318|PA841023|PA796090|PA793912|PA842187|PA842037|PA791812|PA793736|PA721202|PA795136|PA793464|PA842155|PA795200|PA795844|PA841251|PA794786|PA794870|PA796070|PA795310|PA794478|PA841947|PA794082|PA794130|PA720846|PA841729|PA795516|PA841515|PA795672|PA795108|PA795298|PA791824|PA842029|PA793532|PA795746|PA795422|PA794686|PA841215|PA795482|PA610654|PA841191|PA721960|PA793872|PA720892|PA817211|PA793756|PA796062|PA719578|PA721062|PA841845|PA795982|PA795466|PA793744|PA720952|PA794106|PA794166|PA795164|PA795596,"Mme&#160;&#201;lisa&#160;Martin,  Mme&#160;Abomangoli, M.&#160;Alexandre, M.&#160;Amard, Mme&#160;Amiot, Mme&#160;Amrani, M.&#160;Arenas, M.&#160;Arnault, Mme&#160;Belouassa-Cherifi, M.&#160;Bernalicis, M.&#160;Bex, M.&#160;Bilongo, M.&#160;Bompard, M.&#160;Boumertit, M.&#160;Boyard, M.&#160;Cadalen, M.&#160;Caron, M.&#160;Carri&#232;re, Mme&#160;Cathala, M.&#160;Cernon, Mme&#160;Chikirou, M.&#160;Clouet, M.&#160;Coquerel, M.&#160;Coulomme, M.&#160;Delogu, M.&#160;Diouara, Mme&#160;Dufour, Mme&#160;Erodi, Mme&#160;Feld, M.&#160;Fernandes, Mme&#160;Ferrer, M.&#160;Gaillard, Mme&#160;Guett&#233;, M.&#160;Guiraud, Mme&#160;Hamdane, Mme&#160;Hignet, M.&#160;Kerbrat, M.&#160;Lachaud, M.&#160;Lahmar, M.&#160;Laisney, M.&#160;Le&#160;Coq, M.&#160;Le&#160;Gall, Mme&#160;Leboucher, M.&#160;Legavre, Mme&#160;Legrain, Mme&#160;Lejeune, Mme&#160;Lepvraud, M.&#160;L&#233;aument, M.&#160;Maudet, Mme&#160;Maximi, Mme&#160;Mesmeur, Mme&#160;Manon&#160;Meunier, M.&#160;Nilor, Mme&#160;Nosb&#233;, Mme&#160;Obono, Mme&#160;Oziol, Mme&#160;Panot, M.&#160;Pilato, M.&#160;Piquemal, M.&#160;Portes, M.&#160;Prud&apos;homme, M.&#160;Ratenon, M.&#160;Saint-Martin, M.&#160;Saintoul, Mme&#160;Soudais, Mme&#160;Stambach-Terrenoir, M.&#160;Tach&#233;, Mme&#160;Taurinya, M.&#160;Tavel, Mme&#160;Trouv&#233; et M.&#160;Vannier",Supprimer cet article.,"Par cet amendement les député.es du groupe LFI-NFP souhaitent supprimer cet article. Cet article prévoit d'étendre le droit de communication des données fiscales des personnes en infraction aux agents de sécurité dans les transports. Le but poursuivi par un tel article est de faciliter l'identification de la personne en infraction pour le bien du recouvrement de l'amende ou de l'amende forfaitaire délictuelle (AFD). Le dispositif manque de garanties, notamment concernant l’accès à des données personnelles par des agents non habilités ou assermentés. Le seul renvoie à un souci de formation à l’alinéa 3 de l’article n’est pas suffisant. Faciliter la coercition contre les individus n'est pas une vision du service public des transports que nous défendons. Une réflexion de fond sur la facilitation de l'accès à ces transports (la gratuité par exemple) ou encore la mise en place de moyens supplémentaires matériels et humain sont nécessaires. Pour l'ensemble de ces raisons nous proposons de su",1043,2024-11-22,,souverainete_numerique,/home/user/Operation_robespierre/Amendements/DLR5L16N49176/PIONANR5L17B0134/AMANR5L17PO59051B0134P0D1N000160.json,Martin,Élisa,La France insoumise - Nouveau Front Populaire,LFI-NFP,Isère
amendement,AMANR5L17PO59051B0134P0D1N000122,CL122,17,CION_LOIS,PIONANR5L17B0134,PA721296,PO845407,,"M.&#160;Gouffier&#160;Valente, rapporteur",Supprimer cet article.,"L’article 10 de la proposition de loi autorise les services internes de sécurité de la SNCF et de la RATP à collecter et traiter des données sensibles, pour les seuls besoins de leur mission de prévention prévue à l’article L. 2251‑1 du code des transports. Seules les données strictement nécessaires au traitement d’infractions flagrantes punies d’une peine d’emprisonnement seraient concernées. Les données ne pourraient pas être conservées plus de 24 heures. Le rapporteur souscrit à l’objectif de cet article, qui permet à la Suge et au GPSR d’identifier rapidement des individus. Cela permettrait une plus grande fluidité des interventions, en évitant de retenir l’individu le temps qu’un officier de police judiciaire intervienne – ou de le laisser partir. Actuellement, seule une description vestimentaire de la personne qui vient de commettre une infraction est possible. Néanmoins, comme l’a indiqué la Cnil lors des travaux du rapporteur, la mise en place d’un tel traitement de données ne ",1391,2024-11-22,,souverainete_numerique,/home/user/Operation_robespierre/Amendements/DLR5L16N49176/PIONANR5L17B0134/AMANR5L17PO59051B0134P0D1N000122.json,Gouffier Valente,Guillaume,Ensemble pour la République,EPR,Val-de-Marne
amendement,AMANR5L17PO59051B0134P0D1N000013,CL13,17,CION_LOIS,PIONANR5L17B0134,PA794778,PO845439,PA610968|PA841701|PA841351|PA794022,"Mme&#160;Regol,  M.&#160;Amirshahi, Mme&#160;Balage&#160;El&#160;Mariky, M.&#160;Duplessy et M.&#160;Iordanoff",Supprimer cet article.,"Cet amendement du groupe Écologiste vise à supprimer la possibilité pour les agents de la Sûreté ferroviaire et du GPSR de collecter et traiter des données sensibles, c’est-à-dire selon la CNIL des données qui “révèlent la prétendue origine raciale ou ethnique, les opinions politiques, les convictions religieuses ou philosophiques ou l'appartenance syndicale”, en cas de flagrance. Cet article, qui avait été supprimé en commission des lois au Sénat au motif que sa nécessité n’était pas démontrée et que ses effets de bord étaient potentiellement importants, porte une atteinte manifestement disproportionnée aux droits et libertés fondamentaux.",671,2024-11-20,,souverainete_numerique,/home/user/Operation_robespierre/Amendements/DLR5L16N49176/PIONANR5L17B0134/AMANR5L17PO59051B0134P0D1N000013.json,Regol,Sandra,Écologiste et Social,ECOS,Bas-Rhin
amendement,AMANR5L17PO59051B0134P0D1N000119,CL119,17,CION_LOIS,PIONANR5L17B0134,PA796062,PO845413,PA795228|PA793262|PA794906|PA794138|PA795588|PA795084|PA842105|PA841657|PA720430|PA793772|PA795616|PA793444|PA794938|PA795318|PA841023|PA796090|PA793912|PA842187|PA842037|PA791812|PA793736|PA721202|PA795136|PA793464|PA842155|PA795200|PA795844|PA841251|PA794786|PA794870|PA796070|PA795310|PA794478|PA841947|PA794082|PA794130|PA720846|PA841729|PA795516|PA841515|PA795672|PA795108|PA795298|PA791824|PA842029|PA793532|PA795746|PA342384|PA795422|PA794686|PA841215|PA795482|PA610654|PA841191|PA721960|PA793872|PA720892|PA817211|PA793756|PA719578|PA721062|PA841845|PA795982|PA795466|PA793744|PA720952|PA794106|PA794166|PA795164|PA795596,"M.&#160;Portes,  Mme&#160;Abomangoli, M.&#160;Alexandre, M.&#160;Amard, Mme&#160;Amiot, Mme&#160;Amrani, M.&#160;Arenas, M.&#160;Arnault, Mme&#160;Belouassa-Cherifi, M.&#160;Bernalicis, M.&#160;Bex, M.&#160;Bilongo, M.&#160;Bompard, M.&#160;Boumertit, M.&#160;Boyard, M.&#160;Cadalen, M.&#160;Caron, M.&#160;Carri&#232;re, Mme&#160;Cathala, M.&#160;Cernon, Mme&#160;Chikirou, M.&#160;Clouet, M.&#160;Coquerel, M.&#160;Coulomme, M.&#160;Delogu, M.&#160;Diouara, Mme&#160;Dufour, Mme&#160;Erodi, Mme&#160;Feld, M.&#160;Fernandes, Mme&#160;Ferrer, M.&#160;Gaillard, Mme&#160;Guett&#233;, M.&#160;Guiraud, Mme&#160;Hamdane, Mme&#160;Hignet, M.&#160;Kerbrat, M.&#160;Lachaud, M.&#160;Lahmar, M.&#160;Laisney, M.&#160;Le&#160;Coq, M.&#160;Le&#160;Gall, Mme&#160;Leboucher, M.&#160;Legavre, Mme&#160;Legrain, Mme&#160;Lejeune, Mme&#160;Lepvraud, M.&#160;L&#233;aument, Mme&#160;&#201;lisa&#160;Martin, M.&#160;Maudet, Mme&#160;Maximi, Mme&#160;Mesmeur, Mme&#160;Manon&#160;Meunier, M.&#160;Nilor, Mme&#160;Nosb&#233;, Mme&#160;Obono, Mme&#160;Oziol, Mme&#160;Panot, M.&#160;Pilato, M.&#160;Piquemal, M.&#160;Prud&apos;homme, M.&#160;Ratenon, M.&#160;Saint-Martin, M.&#160;Saintoul, Mme&#160;Soudais, Mme&#160;Stambach-Terrenoir, M.&#160;Tach&#233;, Mme&#160;Taurinya, M.&#160;Tavel, Mme&#160;Trouv&#233; et M.&#160;Vannier",Supprimer cet article.,"Par cet amendement, le groupe LFI-NFP demande la suppression de cet article. Cet article vise à permettre aux services internes de sécurité de la SNCF et de la RATP de recourir à des traitements algorithmiques pour améliorer les délais de réponse aux réquisitions judiciaires. Le Quadrature du net définit la vidéosurveillance algorithmique (VSA) comme ""une technologie basée sur des techniques d’« Intelligence Artificielle » qui s’assimile à un contrôle constant et automatisé des espaces publics, et qui marque un tournant historique dans la surveillance d’État"". Les député.es du groupe LFI-NFP s'opposent au recours à l’intelligence artificielle à des fins de surveillance de masse. Même si cette mesure est prévue “à titre expérimental et jusqu’au 1er janvier 2027”, elle a, de fortes ""chances"", d'être par la suite pérennisée et élargie à d'autres fins. De plus, cette mesure est introduite sans même attendre l'évaluation prévue dans le cadre de la loi relative aux jeux Olympiques et Paralym",1842,2024-11-22,,ia_calcul,/home/user/Operation_robespierre/Amendements/DLR5L16N49176/PIONANR5L17B0134/AMANR5L17PO59051B0134P0D1N000119.json,Portes,Thomas,La France insoumise - Nouveau Front Populaire,LFI-NFP,Seine-Saint-Denis
amendement,AMANR5L17PO59051B0134P0D1N000124,CL124,17,CION_LOIS,PIONANR5L17B0134,PA342384,PO845413,PA795228|PA793262|PA794906|PA794138|PA795588|PA795084|PA842105|PA841657|PA720430|PA793772|PA795616|PA793444|PA794938|PA795318|PA841023|PA796090|PA793912|PA842187|PA842037|PA791812|PA793736|PA721202|PA795136|PA793464|PA842155|PA795200|PA795844|PA841251|PA794786|PA794870|PA796070|PA795310|PA794478|PA841947|PA794082|PA794130|PA720846|PA841729|PA795516|PA841515|PA795672|PA795108|PA795298|PA791824|PA842029|PA793532|PA795746|PA795422|PA794686|PA841215|PA795482|PA610654|PA841191|PA721960|PA793872|PA720892|PA817211|PA793756|PA796062|PA719578|PA721062|PA841845|PA795982|PA795466|PA793744|PA720952|PA794106|PA794166|PA795164|PA795596,"Mme&#160;&#201;lisa&#160;Martin,  Mme&#160;Abomangoli, M.&#160;Alexandre, M.&#160;Amard, Mme&#160;Amiot, Mme&#160;Amrani, M.&#160;Arenas, M.&#160;Arnault, Mme&#160;Belouassa-Cherifi, M.&#160;Bernalicis, M.&#160;Bex, M.&#160;Bilongo, M.&#160;Bompard, M.&#160;Boumertit, M.&#160;Boyard, M.&#160;Cadalen, M.&#160;Caron, M.&#160;Carri&#232;re, Mme&#160;Cathala, M.&#160;Cernon, Mme&#160;Chikirou, M.&#160;Clouet, M.&#160;Coquerel, M.&#160;Coulomme, M.&#160;Delogu, M.&#160;Diouara, Mme&#160;Dufour, Mme&#160;Erodi, Mme&#160;Feld, M.&#160;Fernandes, Mme&#160;Ferrer, M.&#160;Gaillard, Mme&#160;Guett&#233;, M.&#160;Guiraud, Mme&#160;Hamdane, Mme&#160;Hignet, M.&#160;Kerbrat, M.&#160;Lachaud, M.&#160;Lahmar, M.&#160;Laisney, M.&#160;Le&#160;Coq, M.&#160;Le&#160;Gall, Mme&#160;Leboucher, M.&#160;Legavre, Mme&#160;Legrain, Mme&#160;Lejeune, Mme&#160;Lepvraud, M.&#160;L&#233;aument, M.&#160;Maudet, Mme&#160;Maximi, Mme&#160;Mesmeur, Mme&#160;Manon&#160;Meunier, M.&#160;Nilor, Mme&#160;Nosb&#233;, Mme&#160;Obono, Mme&#160;Oziol, Mme&#160;Panot, M.&#160;Pilato, M.&#160;Piquemal, M.&#160;Portes, M.&#160;Prud&apos;homme, M.&#160;Ratenon, M.&#160;Saint-Martin, M.&#160;Saintoul, Mme&#160;Soudais, Mme&#160;Stambach-Terrenoir, M.&#160;Tach&#233;, Mme&#160;Taurinya, M.&#160;Tavel, Mme&#160;Trouv&#233; et M.&#160;Vannier",Supprimer cet article.,"Par cet amendement les député.es du groupe LFI-NFP souhaitent supprimer cet article. L'article permet aux services internes de sécurité de la SNCF et de la RATP le traitement de données sensibles en cas d'infraction flagrante et créait donc une nouvelle dérogation à l'interdiction de la collecte et du traitement de données sensibles. Les données sensibles sont des données particulièrement protégées par notre droit et doivent le rester. En effet, les données sensibles correspondent aux informations particulièrement intrusives pour la vie privée (opinions religieuses ou politiques, orientation sexuelles, etc.). Bien que le texte prévoit l'interdiction du traitement de données biométriques, cette limite n'empêche pas une intrusion particulièrement grave dans le droit des données et le droit à la vie privée. De plus, l'article manque largement en précision et ne permet pas d’établir clairement le cadre de traitement de ces données, sachant que ce traitement doit être fait en lien direct av",1591,2024-11-22,,souverainete_numerique,/home/user/Operation_robespierre/Amendements/DLR5L16N49176/PIONANR5L17B0134/AMANR5L17PO59051B0134P0D1N000124.json,Martin,Élisa,La France insoumise - Nouveau Front Populaire,LFI-NFP,Isère
amendement,AMANR5L17PO59051B0134P0D1N000094,CL94,17,CION_LOIS,PIONANR5L17B0134,PA721296,PO845407,,"M.&#160;Gouffier&#160;Valente, rapporteur",Supprimer cet article.,"L'article 9 autorise les services de sûreté de la SNCF et de la RATP à utiliser des logiciels d’intelligence artificielle de traitement de données non biométriques a posteriori , pour sélectionner et exporter les images requises vers le service requérant, aux seules fins d'accélérer le traitement des réquisitions judiciaires. Il s'agit là d'une disposition tout à fait différente de celle votée dans le cadre de la loi n°2023-380 du 19 mai 2023 relative aux jeux Olympiques et Paralympiques 2024. Pour rappel, ce dernier traitement permet, à titre expérimental et jusqu'au 31 mars 2025, de détecter en temps réel des événements prédéterminés susceptibles de présenter ou de révéler des risques pour la sécurité de manifestations sportives, récréatives ou culturelles, et de les signaler en vue de la mise en œuvre des mesures nécessaires par les services de sécurité intérieure. Lors de son audition, la Cnil a expliqué à votre rapporteur que son collège avait d'ores et déjà estimé qu'une loi étai",1808,2024-11-22,,ia_calcul,/home/user/Operation_robespierre/Amendements/DLR5L16N49176/PIONANR5L17B0134/AMANR5L17PO59051B0134P0D1N000094.json,Gouffier Valente,Guillaume,Ensemble pour la République,EPR,Val-de-Marne
amendement,AMANR5L17PO59051B0134P0D1N000067,CL67,17,CION_LOIS,PIONANR5L17B0134,PA721896,PO845514,PA795998,Mme&#160;Faucillon et Mme&#160;K/Bidi,Supprimer cet article.,"Les auteurs de cet amendement proposent la suppression de cet article qui permet aux services internes de sécurité de la RATP et de la SNCF de collecter et traiter des données sensibles. Ils rappellent, comme l’a souligné la commission des lois du Sénat, que l’article 31 de la loi du 6 janvier 1978 dite « informatique et libertés » prévoit déjà au bénéfice de toute personne morale ou physique, pour la seule poursuite des infractions flagrantes, la faculté de collecter et traiter des données sensibles pour le compte de l'État, par dérogation au principe général d'interdiction de collecte et de traitement de telles données applicable à l’ensemble des personnes morales et physiques en application de l’article 6 de la loi précitée et de l’article 9 du Règlement général sur la protection des données (RGPD). Aussi, il ne paraît pas justifié de prévoir un régime particulier pour les services internes de sécurité. Cela conduirait à la création d’une nouvelle dérogation non plus attachée à la f",1076,2024-11-22,,souverainete_numerique,/home/user/Operation_robespierre/Amendements/DLR5L16N49176/PIONANR5L17B0134/AMANR5L17PO59051B0134P0D1N000067.json,Faucillon,Elsa,Gauche Démocrate et Républicaine,GDR,Hauts-de-Seine
amendement,AMANR5L17PO59051B0134P0D1N000156,CL156,17,CION_LOIS,PIONANR5L17B0134,PA796062,PO845413,PA795228|PA793262|PA794906|PA794138|PA795588|PA795084|PA842105|PA841657|PA720430|PA793772|PA795616|PA793444|PA794938|PA795318|PA841023|PA796090|PA793912|PA842187|PA842037|PA791812|PA793736|PA721202|PA795136|PA793464|PA842155|PA795200|PA795844|PA841251|PA794786|PA794870|PA796070|PA795310|PA794478|PA841947|PA794082|PA794130|PA720846|PA841729|PA795516|PA841515|PA795672|PA795108|PA795298|PA791824|PA842029|PA793532|PA795746|PA342384|PA795422|PA794686|PA841215|PA795482|PA610654|PA841191|PA721960|PA793872|PA720892|PA817211|PA793756|PA719578|PA721062|PA841845|PA795982|PA795466|PA793744|PA720952|PA794106|PA794166|PA795164|PA795596,"M.&#160;Portes,  Mme&#160;Abomangoli, M.&#160;Alexandre, M.&#160;Amard, Mme&#160;Amiot, Mme&#160;Amrani, M.&#160;Arenas, M.&#160;Arnault, Mme&#160;Belouassa-Cherifi, M.&#160;Bernalicis, M.&#160;Bex, M.&#160;Bilongo, M.&#160;Bompard, M.&#160;Boumertit, M.&#160;Boyard, M.&#160;Cadalen, M.&#160;Caron, M.&#160;Carri&#232;re, Mme&#160;Cathala, M.&#160;Cernon, Mme&#160;Chikirou, M.&#160;Clouet, M.&#160;Coquerel, M.&#160;Coulomme, M.&#160;Delogu, M.&#160;Diouara, Mme&#160;Dufour, Mme&#160;Erodi, Mme&#160;Feld, M.&#160;Fernandes, Mme&#160;Ferrer, M.&#160;Gaillard, Mme&#160;Guett&#233;, M.&#160;Guiraud, Mme&#160;Hamdane, Mme&#160;Hignet, M.&#160;Kerbrat, M.&#160;Lachaud, M.&#160;Lahmar, M.&#160;Laisney, M.&#160;Le&#160;Coq, M.&#160;Le&#160;Gall, Mme&#160;Leboucher, M.&#160;Legavre, Mme&#160;Legrain, Mme&#160;Lejeune, Mme&#160;Lepvraud, M.&#160;L&#233;aument, Mme&#160;&#201;lisa&#160;Martin, M.&#160;Maudet, Mme&#160;Maximi, Mme&#160;Mesmeur, Mme&#160;Manon&#160;Meunier, M.&#160;Nilor, Mme&#160;Nosb&#233;, Mme&#160;Obono, Mme&#160;Oziol, Mme&#160;Panot, M.&#160;Pilato, M.&#160;Piquemal, M.&#160;Prud&apos;homme, M.&#160;Ratenon, M.&#160;Saint-Martin, M.&#160;Saintoul, Mme&#160;Soudais, Mme&#160;Stambach-Terrenoir, M.&#160;Tach&#233;, Mme&#160;Taurinya, M.&#160;Tavel, Mme&#160;Trouv&#233; et M.&#160;Vannier",Supprimer cet article.,"Par cet amendement les député.es du groupe LFI-NFP souhaitent supprimer cet article. L’article prévoit que les entreprises de transports puissent accéder au Fichier judiciaire automatisé des auteurs d'infractions sexuelles ou violentes (FIJAISV) pour toutes les activités en relation avec les mineurs. Ce fichier regroupe un certain nombre de données personnelles relatives à l'identité de la personne, la nature et la date de la décision d'inscription au fichier ou encore un certain nombre d'informations diverses (date de justification de l'adresse, la périodicité de cette obligation, etc.). De plus, les informations sont enregistrées sur le fichier pour une durée particulièrement longue de 20 à 30 ans. Enfin, certaines personnes pourront être inscrites sur le fichier même en l'absence de condamnation définitive. L'ensemble de ces critères sont particulièrement attentatoires aux droits et libertés et notamment à la vie privée, et bien que ce fichier poursuive un intérêt légitime - celui d",1577,2024-11-22,,souverainete_numerique,/home/user/Operation_robespierre/Amendements/DLR5L16N49176/PIONANR5L17B0134/AMANR5L17PO59051B0134P0D1N000156.json,Portes,Thomas,La France insoumise - Nouveau Front Populaire,LFI-NFP,Seine-Saint-Denis
amendement,AMANR5L17PO59051B0134P0D1N000066,CL66,17,CION_LOIS,PIONANR5L17B0134,PA795998,PO845514,PA721896,Mme&#160;K/Bidi et Mme&#160;Faucillon,Supprimer cet article.,"Les auteurs de cet amendement proposent la suppression de cet article qui, à titre expérimental, jusqu’au 1er janvier 2027, autorise les services internes de sécurité de la SNCF et de la RATP à utiliser des logiciels d’intelligence artificielle pour répondre aux réquisitions judiciaires. Ils s’opposent au traitement algorithmique des images recueillies par vidéosurveillance dans les transports en commun qui ouvre la voie à des dérives graves en matière de libertés individuelles. À cet égard, les auteurs de cet amendement rappellent que la CNCDH, la CNIL et l’Union européenne ont alerté sur l’importance de mener un débat démocratique et éthique en la matière, compte tenu des risques que comporte le recours à ces technologies s’agissant des atteintes aux libertés et droits fondamentaux « à grande échelle », ou encore des effets que pourrait induire le renforcement de la surveillance permis par cette technologie sur la vie privée et sur l’anonymat dont disposent les citoyens dans l’espace",1031,2024-11-22,,ia_calcul,/home/user/Operation_robespierre/Amendements/DLR5L16N49176/PIONANR5L17B0134/AMANR5L17PO59051B0134P0D1N000066.json,K/Bidi,Émeline,Gauche Démocrate et Républicaine,GDR,Réunion
amendement,AMANR5L17PO59051B0134P0D1N000040,CL40,17,CION_LOIS,PIONANR5L17B0134,PA794494,PO845419,PA340343|PA840665|PA608264|PA840903|PA335054|PA840793|PA841893|PA720992,"M.&#160;Vicot,  M.&#160;Saulignac, Mme&#160;Allemand, Mme&#160;Capdevielle, M.&#160;Christophle, Mme&#160;Karamanli, M.&#160;Pena, Mme&#160;Thi&#233;bault-Martinez, M.&#160;William et les membres du groupe Socialistes et apparent&#233;s",Supprimer cet article.,"Cet amendement du groupe Socialistes et apparentés vise à supprimer l'article 10 qui permet aux agents de sécurité de collecter et de traiter des données sensibles. Cet article, supprimé par la commission des lois du Sénat a été rétabli en séance publique. Les risques qu'il ferait courir sur les droits et libertés sont trop important ainsi que cela a pu être constater au Sénat. Au demeurant l'absence d'étude d'impact attachée à ce texte laisse le législateur dans le flou quant aux conséquences d'une telle mesure : nous n'avons en effet aucune idée de la quantité de données qui seraient collectées. Pour l'ensemble de ces raisons, il convient donc de le supprimer.",693,2024-11-21,,souverainete_numerique,/home/user/Operation_robespierre/Amendements/DLR5L16N49176/PIONANR5L17B0134/AMANR5L17PO59051B0134P0D1N000040.json,Vicot,Roger,Socialistes et apparentés,SOC,Nord
