Député·e,Groupe,Circo,Source,Rôle,Date,Référence,Thèmes,Extrait
Zahia Hamdane,LFI-NFP,2e,Amendement,Cosignataire,2024-10-13,AMANR5L17PO59048B0324P1D1N000906,Infrastructure éolienne,"Par cet amendement, le groupe LFI-NFP propose de conditionner à des engagements climatiques le crédit d’impôt au titre des investissements dans l’industrie verte (C3IV) créé dans la loi de finances pour 2024 pour les grandes entreprises.Conçu, assez naïvement, comme une aide sectorielle pour faire d"
Zahia Hamdane,LFI-NFP,2e,Amendement,Cosignataire,2024-10-13,AMANR5L17PO59048B0324P1D1N001075,Réglementation & projets,"Cet amendement vise à mettre en place une taxe kilométrique pour intégrer le coût écologique dans les produits importés, conformément au programme du Nouveau Front Populaire.Le grand déménagement permanent du monde engendre des coûts très importants. La pollution de l'air à elle seule génère des coû"
Zahia Hamdane,LFI-NFP,2e,Amendement,Cosignataire,2024-10-13,AMANR5L17PO59048B0324P1D1N000863,Infrastructure éolienne,"Faute de taxer de manière adéquate les superprofits, cet amendement de repli du groupe LFI-NFP prévoit de reconduire et de renforcer la contribution sur la rente inframarginale de la production d’électricité, en supprimant notamment les mécanismes d’abattements excessifs mis en place sous les gouver"
Zahia Hamdane,LFI-NFP,2e,Amendement,Cosignataire,2024-10-18,AMANR5L17PO419865B0324P2D1N000097,Réglementation & projets,"Par cet amendement d'appel, les député.es LFI-NFP dénoncer les grands projets autoroutiers défendus par le Gouvernement. Ces grands projets vont à l'encontre de l'urgence écologique.La construction de l’autoroute A69 Toulouse – Castres est un exemple symptomatique de ces grands projets autoroutiers "
Zahia Hamdane,LFI-NFP,2e,Amendement,Cosignataire,2024-10-18,AMANR5L17PO419865B0324P2D1N000147,Infrastructure éolienne,"Avec cet amendement, les député.es du groupe parlementaire LFI-NFP proposent de créer un fonds pour la souveraineté dans le pilotage de la transition énergétique. Les moyens alloués à ce fonds devront permettre l’entrée de l’Etat au capital de TotalEnergies et General Electrics, ainsi que l’augmenta"
Zahia Hamdane,LFI-NFP,2e,Amendement,Cosignataire,2024-10-18,AMANR5L17PO838901B0324P1D1N002315,Infrastructure éolienne,"Par cet amendement, le groupe LFI-NFP propose de conditionner à des engagements climatiques le crédit d’impôt au titre des investissements dans l’industrie verte (C3IV) créé dans la loi de finances pour 2024 pour les grandes entreprises.Conçu, assez naïvement, comme une aide sectorielle pour faire d"
Zahia Hamdane,LFI-NFP,2e,Amendement,Cosignataire,2024-10-18,AMANR5L17PO419865B0324P2D1N000120,Réglementation & projets,"Avec cet amendement, les député.es du groupe parlementaire LFI-NFP souhaitent augmenter les effectifs des inspecteurs des installations classées pour protection de l'environnement.Les services d’inspection des ICPE connaissent un manque structurel de moyens humains pour assurer leurs missions de con"
Zahia Hamdane,LFI-NFP,2e,Amendement,Cosignataire,2024-10-18,AMANR5L17PO838901B0324P1D1N002180,Infrastructure éolienne,"Faute de taxer de manière adéquate les superprofits, cet amendement de repli du groupe LFI-NFP prévoit de reconduire et de renforcer la contribution sur la rente inframarginale de la production d'électricité, en supprimant notamment les mécanismes d’abattements excessifs mis en place sous les gouver"
Zahia Hamdane,LFI-NFP,2e,Amendement,Cosignataire,2024-10-18,AMANR5L17PO59047B0324P2D1N000042,Réglementation & projets,"Par cet amendement, le groupe LFI-NFP souhaite augmenter considérablement la qualité des services consulaires offerts aux français de l’Etranger, en créant 100 ETPT dédiés aux affaires consulaires dans les postes diplomatiques.Les moyens humains déployés dans les ambassades et les postes consulaires"
Zahia Hamdane,LFI-NFP,2e,Amendement,Cosignataire,2024-10-18,AMANR5L17PO838901B0324P1D1N002340,Réglementation & projets,"Cet amendement vise à mettre en place une taxe kilométrique pour intégrer le coût écologique dans les produits importés, conformément au programme du Nouveau Front Populaire.Le grand déménagement permanent du monde engendre des coûts très importants. La pollution de l'air à elle seule génère des coû"
Zahia Hamdane,LFI-NFP,2e,Amendement,Cosignataire,2024-10-18,AMANR5L17PO838901B0324P1D1N002348,Réglementation & projets,"Cet amendement des députés LFI-NFP vise à fixer des niveaux de taxe sur l'aviation d'affaire cohérent avec les engagements pris par la France de réduire ses émissions de gaz à effet de serre dans le cadre des Accords de Paris, qui dégageront une recette essentielle pour améliorer l'offre de transpor"
Zahia Hamdane,LFI-NFP,2e,Amendement,Cosignataire,2024-10-23,AMANR5L17PO419610B0324P2D1N000224,Infrastructure éolienne,"Avec cet amendement, les député.es du groupe parlementaire LFI-NFP proposent de créer un fonds pour la souveraineté dans le pilotage de la transition énergétique. Les moyens alloués à ce fonds devront permettre l’entrée de l’Etat au capital de TotalEnergies et General Electrics, ainsi que l’augmenta"
Zahia Hamdane,LFI-NFP,2e,Amendement,Cosignataire,2024-10-23,AMANR5L17PO59048B0324P2D1N000534,Infrastructure éolienne,"Avec cet amendement, les député.es du groupe parlementaire LFI-NFP proposent de créer un fonds pour la souveraineté dans le pilotage de la transition énergétique. Les moyens alloués à ce fonds devront permettre l’entrée de l’Etat au capital de TotalEnergies et General Electrics, ainsi que l’augmenta"
Zahia Hamdane,LFI-NFP,2e,Amendement,Cosignataire,2024-10-23,AMANR5L17PO59048B0324P2D1N000424,Réglementation & projets,"Par cet amendement d'appel, les député.es LFI-NFP dénoncer les grands projets autoroutiers défendus par le Gouvernement. Ces grands projets vont à l'encontre de l'urgence écologique.La construction de l’autoroute A69 Toulouse – Castres est un exemple symptomatique de ces grands projets autoroutiers "
Zahia Hamdane,LFI-NFP,2e,Amendement,Cosignataire,2024-10-23,AMANR5L17PO59048B0324P2D1N000552,Réglementation & projets,"Avec cet amendement, les député.es du groupe parlementaire LFI-NFP souhaitent augmenter les effectifs des inspecteurs des installations classées pour protection de l'environnement.Les services d’inspection des ICPE connaissent un manque structurel de moyens humains pour assurer leurs missions de con"
Zahia Hamdane,LFI-NFP,2e,Amendement,Cosignataire,2024-10-23,AMANR5L17PO59048B0324P2D1N000503,Réglementation & projets,"Par cet amendement, le groupe LFI-NFP souhaite établir un bilan précis du nombre d'ouvertures de structures sous le statut d'annexes par des établissements privés sous contrat afin d'en analyser les potentielles conséquences néfastes, notamment sur la question du renforcement de la ségrégation socio"
Zahia Hamdane,LFI-NFP,2e,Amendement,Cosignataire,2024-10-24,AMANR5L17PO59048B0324P2D1N000997,Réglementation & projets,"Par cet amendement d’appel, les parlementaires du groupe LFI-NFP proposent de créer un programme police judiciaire au sein de la mission « Justice ».Proposition constante du programme de l’Avenir en commun, cet amendement propose le rattachement de la police judiciaire à la Justice, notamment afin d"
Zahia Hamdane,LFI-NFP,2e,Amendement,Cosignataire,2024-10-24,AMANR5L17PO59048B0324P2D1N000786,Réglementation & projets,"Par cet amendement, le groupe LFI-NFP souhaite augmenter considérablement la qualité des services consulaires offerts aux français de l’Etranger, en créant 100 ETPT dédiés aux affaires consulaires dans les postes diplomatiques.Les moyens humains déployés dans les ambassades et les postes consulaires"
Zahia Hamdane,LFI-NFP,2e,Amendement,Cosignataire,2024-10-24,AMANR5L17PO419604B0324P2D1N000341,Réglementation & projets,"Par cet amendement, le groupe LFI-NFP souhaite établir un bilan précis du nombre d’ouvertures de structures sous le statut d’annexes par des établissements privés sous contrat afin d’en analyser les potentielles conséquences néfastes, notamment sur la question du renforcement de la ségrégation socio"
Zahia Hamdane,LFI-NFP,2e,Amendement,Cosignataire,2024-10-25,AMANR5L17PO59046B0324P2D1N000079,Réglementation & projets,"Par cet amendement d'appel, les députés du groupe de la France insoumise - NFP souhaitent garantir l'existence effective des satellites de communication nécessaires à nos armées.Les satellites de télécommunications militaires de nouvelles génération sont devenus indispensables, au vu de l'évolution "
Zahia Hamdane,LFI-NFP,2e,Amendement,Cosignataire,2024-10-29,AMANR5L17PO59048B0324P2D1N002250,Réglementation & projets,"Par cet amendement d'appel, les députés du groupe de la France insoumise - NFP souhaitent garantir l'existence effective des satellites de communication nécessaires à nos armées.Les satellites de télécommunications militaires de nouvelles génération sont devenus indispensables, au vu de l'évolution "
Zahia Hamdane,LFI-NFP,2e,Amendement,Cosignataire,2024-10-31,AMANR5L17PO59051B0324P2D1N000394,Réglementation & projets,"Par cet amendement d’appel, les parlementaires du groupe LFI-NFP proposent de créer un programme police judiciaire au sein de la mission « Justice ».Proposition constante du programme de l’Avenir en commun, cet amendement propose le rattachement de la police judiciaire à la Justice, notamment afin d"
Zahia Hamdane,LFI-NFP,2e,Amendement,Cosignataire,2024-11-05,AMANR5L17PO838901B0324P2D1N001923,Réglementation & projets,"Par cet amendement, le groupe LFI-NFP souhaite établir un bilan précis du nombre d’ouvertures de structures sous le statut d’annexes par des établissements privés sous contrat afin d’en analyser les potentielles conséquences néfastes, notamment sur la question du renforcement de la ségrégation socio"
Zahia Hamdane,LFI-NFP,2e,Amendement,Cosignataire,2024-11-06,AMANR5L17PO838901B0324P2D1N002003,Infrastructure éolienne,"Avec cet amendement, les député.es du groupe parlementaire LFI-NFP proposent de créer un fonds pour la souveraineté dans le pilotage de la transition énergétique. Les moyens alloués à ce fonds devront permettre l’entrée de l’Etat au capital de TotalEnergies et General Electrics, ainsi que l’augmenta"
Zahia Hamdane,LFI-NFP,2e,Amendement,Cosignataire,2024-11-06,AMANR5L17PO838901B0324P2D1N002029,Réglementation & projets,"Avec cet amendement, les député.es du groupe parlementaire LFI-NFP souhaitent augmenter les effectifs des inspecteurs des installations classées pour protection de l'environnement.Les services d’inspection des ICPE connaissent un manque structurel de moyens humains pour assurer leurs missions de con"
Zahia Hamdane,LFI-NFP,2e,Amendement,Cosignataire,2024-11-06,AMANR5L17PO838901B0324P2D1N002291,Réglementation & projets,"Cet amendement vise à augmenter considérablement la qualité des services consulaires offerts aux français de l’étranger, en créant 100 équivalents temps pleines travaillés (ETPT) dédiés aux affaires consulaires dans les postes diplomatiques.Les moyens humains déployés dans les ambassades et les post"
Zahia Hamdane,LFI-NFP,2e,Amendement,Cosignataire,2024-11-06,AMANR5L17PO838901B0324P2D1N001992,Réglementation & projets,"Par cet amendement d'appel, les député.es LFI-NFP dénoncer les grands projets autoroutiers défendus par le Gouvernement. Ces grands projets vont à l'encontre de l'urgence écologique.La construction de l’autoroute A69 Toulouse – Castres est un exemple symptomatique de ces grands projets autoroutiers "
Zahia Hamdane,LFI-NFP,2e,Amendement,Cosignataire,2024-11-07,AMANR5L17PO838901B0324P2D1N002807,Réglementation & projets,"Par cet amendement, le groupe LFI-NFP souhaite augmenter considérablement la qualité des services consulaires offerts aux français de l’Etranger, en créant 100 ETPT dédiés aux affaires consulaires dans les postes diplomatiques.Les moyens humains déployés dans les ambassades et les postes consulaires"
Zahia Hamdane,LFI-NFP,2e,Amendement,Cosignataire,2024-11-07,AMANR5L17PO838901B0324P2D1N002762,Réglementation & projets,"Cet amendement vise à établir un bilan précis du nombre d’ouvertures de structures sous le statut d’annexes par des établissements privés sous contrat afin d’en analyser les potentielles conséquences néfastes, notamment sur la question du renforcement de la ségrégation socio-scolaire.L’ouverture d’u"
Zahia Hamdane,LFI-NFP,2e,Amendement,Cosignataire,2024-11-07,AMANR5L17PO838901B0324P2D1N002851,Réglementation & projets,"Par cet amendement d’appel, les parlementaires du groupe LFI-NFP proposent de créer un programme police judiciaire au sein de la mission « Justice ».Proposition constante du programme de l’Avenir en commun, cet amendement propose le rattachement de la police judiciaire à la Justice, notamment afin d"
Zahia Hamdane,LFI-NFP,2e,Amendement,Cosignataire,2024-11-08,AMANR5L17PO838901B0324P2D1N003038,Réglementation & projets,"Par cet amendement d'appel, les députés du groupe de la France insoumise - NFP souhaitent garantir l'existence effective des satellites de communication nécessaires à nos armées.Les satellites de télécommunications militaires de nouvelles génération sont devenus indispensables, au vu de l'évolution "
Zahia Hamdane,LFI-NFP,2e,Amendement,Cosignataire,2025-02-21,AMANR5L17PO59051B0907P0D1N000074,Réglementation & projets,"Par cet amendement, les député·es du groupe LFI-NFP souhaitent supprimer la disposition permettant aux agents des douanes de recourir aux techniques spéciales d'enquêtes permettant l'activation à distance des objets électroniques.L’activation à distance des appareils connectés est particulièrement a"
Zahia Hamdane,LFI-NFP,2e,Amendement,Cosignataire,2025-02-21,AMANR5L17PO59051B0907P0D1N000052,Réglementation & projets,"Par cet amendement, les députés du groupe LFI-NFP visent à supprimer l'article qui prévoit de mettre en œuvre l'activation des objets ""fixes"" afin de capter le son et les images au sein des lieux privés, comme les appareils embarqués au sein des véhicules ou des objets de domotique.L'activation à di"
Zahia Hamdane,LFI-NFP,2e,Amendement,Cosignataire,2025-03-14,AMANR5L17PO838901BTC1043P0D1N000505,Réglementation & projets,"Par cet amendement, les députés du groupe LFI-NFP souhaitent supprimer la disposition permettant aux agents des douanes de recourir aux techniques spéciales d'enquêtes permettant l'activation à distance des objets électroniques.L’activation à distance des appareils connectés est particulièrement att"
Zahia Hamdane,LFI-NFP,2e,Amendement,Cosignataire,2025-03-20,AMANR5L17PO849474B0481P0D1N000648,Réglementation & projets,"Cet amendement du groupe LFI-NFP vise à la suppression de l'article 21 bis introduit par le Sénat.En effet, l'article 21 bis prévoit la mise en place d'un fonds de garantie pour les exploitants d'une installation de production de biogaz, qui serait destiné à compenser une partie des pertes financièr"
Zahia Hamdane,LFI-NFP,2e,Amendement,Cosignataire,2025-04-04,AMANR5L17PO838901BTC1191P0D1N002295,Réglementation & projets,"Cet amendement du groupe LFI-NFP vise à la suppression de l'article 15 bis C.En effet, celui-ci prévoit que pour les projets qualifiés d’intérêt national majeur pour la souveraineté nationale ou la transition écologique, la demande d’autorisation environnementale ne donne pas lieu à la réalisation d"
Zahia Hamdane,LFI-NFP,2e,Amendement,Cosignataire,2025-04-04,AMANR5L17PO838901BTC1191P0D1N002302,Politique énergétique,"Cet amendement de repli du groupe LFI-NFP vise à renforcer le caractère démocratique des choix de politique énergétique, en garantissant au Parlement de légiférer régulièrement, tous les cins ans, sur la planification énergétique.En effet, le présent article supprime les instruments de planification"
Zahia Hamdane,LFI-NFP,2e,Amendement,Cosignataire,2025-04-04,AMANR5L17PO838901BTC1191P0D1N002312,Politique énergétique,"Cet amendement de repli du groupe LFI-NFP vise à sauvegarder la programmation pluriannuelle de l'énergie (PPE), instrument de planification énergétique fixée par décret, que le présent article entend supprimer.La programmation pluriannuelle de l'énergie, fixée par décret, définit en effet les modali"
Zahia Hamdane,LFI-NFP,2e,Amendement,Cosignataire,2025-04-04,AMANR5L17PO838901BTC1191P0D1N002006,Politique énergétique,Cet amendement du groupe LFI-NFP vise à la suppression de l'article 21 quater introduit en commission à l'Assemblée nationale. Celui-ci prévoit en effet des régressions majeures en matière de politique et de planification énergétique.Il supprime en effet les instruments de planification énergétique 
Zahia Hamdane,LFI-NFP,2e,Amendement,Cosignataire,2025-04-04,AMANR5L17PO838901BTC1191P0D1N002305,Politique énergétique,"Cet amendement de repli du groupe LFI-NFP vise à réintégrer, à la nouvelle loi de programmation pluriannuelle de l'énergie prévue au présent article, les instruments de planification énergétique qui sont censés figurer dans la loi de programmation énergie-climat (LPEC) que le gouvernement aurait du "
Zahia Hamdane,LFI-NFP,2e,Amendement,Cosignataire,2025-05-23,AMANR5L17PO419865B0463P0D1N000022,Politique énergétique,Cet amendement d'appel du groupe LFI-NFP vise à interpeller sur la nécessité pour l'Etat de se donner les moyens nécessaires au déploiement rapide des énergies renouvelables dans des conditions qui garantissent la protection de l'environnement.Les articles 22 quater et 22 quinquies prévoient en effe
Zahia Hamdane,LFI-NFP,2e,Amendement,Cosignataire,2025-05-23,AMANR5L17PO419865B0463P0D1N000023,Politique énergétique,Cet amendement d'appel du groupe LFI-NFP vise à interpeller sur la nécessité pour l'Etat de se donner les moyens nécessaires au déploiement rapide des énergies renouvelables dans des conditions qui garantissent la protection de l'environnement.Les articles 22 quater et 22 quinquies prévoient en effe
Zahia Hamdane,LFI-NFP,2e,Amendement,Cosignataire,2025-05-28,AMANR5L17PO419610B0463P0D1N000404,Réglementation & projets | Infrastructure éolienne,"Cet amendement de repli du groupe LFI-NFP vise à modifier les termes de la demande de rapport prévue à l'article 25 D concernant les projets éoliens en mer, pour en supprimer des aspects inutiles et y intégrer une étude des créations d’emplois directs et indirects qu'ils induisent et des recettes fi"
Zahia Hamdane,LFI-NFP,2e,Amendement,Cosignataire,2025-05-28,AMANR5L17PO419610B0463P0D1N000310,Politique énergétique,"Cet amendement de repli du groupe LFI-NFP vise à fixer l'objectif d'atteindre une capacité installée d'au moins 54 gigawatts (GW) de production d’électricité d’origine photovoltaïque à l'horizon 2030. Il relève ainsi de 4 gigawatts l’objectif actuellement fixé à l'article 5, pour atteindre au moins "
Zahia Hamdane,LFI-NFP,2e,Amendement,Cosignataire,2025-05-28,AMANR5L17PO419610B0463P0D1N000319,Réglementation & projets | Infrastructure éolienne | Politique énergétique,Cet amendement du groupe LFI-NFP vise à augmenter la capacité installée de production d’électricité issues d’installation d’éoliennes en mer avec pour objectif d’atteindre au moins 18 gigawatts en 2035.L’absence de loi de programmation énergie-climat et de décret relatif à la programmation pluriannu
Zahia Hamdane,LFI-NFP,2e,Amendement,Cosignataire,2025-05-28,AMANR5L17PO419610B0463P0D1N000355,Réglementation & projets | Infrastructure éolienne,"Cet amendement du groupe LFI-NFP vise à supprimer la demande de rapport prévue à l'article 25 D.En effet, la place de l’éolien en mer dans le mix électrique français, que cette demande de rapport vise à examiner, a déjà fait l’objet de nombreuses études et rapport depuis plusieurs années. Tous confi"
Zahia Hamdane,LFI-NFP,2e,Amendement,Cosignataire,2025-05-28,AMANR5L17PO419610B0463P0D1N000409,Infrastructure éolienne | Politique énergétique,"Cet amendement du groupe LFI-NFP demande la remise d'un rapport évaluant le potentiel des énergies osmotique, houlomotrice et thermique des mers.De par sa maturité technologique, ses taux de charges avantageux couplés à des puissances développées importantes et en hausse, l’éolien en mer est l’énerg"
Zahia Hamdane,LFI-NFP,2e,Amendement,Cosignataire,2025-05-28,AMANR5L17PO419610B0463P0D1N000205,Politique énergétique,"Cet amendement du groupe LFI-NFP vise à la suppression de l’alinéa 4 de l’article 13.En effet, cet alinéa prévoit que, pour l’électricité d’origine nucléaire, la programmation pluriannuelle de l’énergie (PPE) précise les modalités de mise en œuvre des objectifs fixés aux articles 12 et 3 de la prése"
Zahia Hamdane,LFI-NFP,2e,Amendement,Cosignataire,2025-05-28,AMANR5L17PO419610B0463P0D1N000207,Politique énergétique,"Cet amendement de repli du groupe LFI-NFP vise à la suppression de l’alinéa 8 de l’article 13.En effet, celui-ci prévoit que la présentation de la programmation pluriannuelle de l’énergie (PPE) au Parlement, une fois approuvée, expose la politique du Gouvernement en faveur de l’énergie nucléaire et "
Zahia Hamdane,LFI-NFP,2e,Amendement,Cosignataire,2025-05-28,AMANR5L17PO419610B0463P0D1N000202,Politique énergétique,"Cet amendement du groupe LFI-NFP vise à la suppression de l'article 13, qui modifie les dispositions qui régissent la programmation pluriannuelle de l'énergie (PPE, fixée par décret), en particulier en vue d'y conforter la place du nucléaire.En effet, cet article y ajoute que, pour l’électricité d’o"
Zahia Hamdane,LFI-NFP,2e,Amendement,Cosignataire,2025-05-28,AMANR5L17PO419610B0463P0D1N000340,Politique énergétique,"Cet amendement du groupe LFI-NFP vise à fixer l'objectif d'atteindre une capacité installée de 250 mégawatts d’ici 2030 et d’au moins 5 gigawatts en 2050 d'électricité issue de l'hydrolien.L’hydrolien produit de l’électricité grâce aux courants de marée, parfaitement connus des années à l’avance. Ce"
Zahia Hamdane,LFI-NFP,2e,Amendement,Cosignataire,2025-05-28,AMANR5L17PO419610B0463P0D1N000327,Réglementation & projets | Infrastructure éolienne | Politique énergétique,Cet amendement du groupe LFI-NFP vise à introduire la possibilité de lancer des appels d’offres pour les projets éoliens en mer au-delà des capacités installées prévues par la PPE en cours.L’absence de loi de programmation énergie-climat et de décret relatif à la programmation pluriannuelle de l’éne
Zahia Hamdane,LFI-NFP,2e,Amendement,Cosignataire,2025-05-28,AMANR5L17PO419610B0463P0D1N000344,Infrastructure éolienne | Politique énergétique,"Cet amendement du groupe LFI-NFP vise à soutenir le développement des énergies renouvelables et à donner de la visibilité à la filière éolienne terrestre. Il prévoit ainsi de fixer l'objectif de favoriser le développement des capacités de production d’électricité à partir d'éoliennes terrestres, en "
Zahia Hamdane,LFI-NFP,2e,Amendement,Cosignataire,2025-05-28,AMANR5L17PO419610B0463P0D1N000412,Infrastructure éolienne | Politique énergétique,"Cet amendement du groupe LFI-NFP demande la remise d'un rapport évaluant l'opportunité de lancer des appels à projets de France 2030 portant sur le développement de l’énergie osmotique, de l’énergie houlomotrice et de l’énergie thermique des mers.De par sa maturité technologique, ses taux de charges"
Zahia Hamdane,LFI-NFP,2e,Amendement,Cosignataire,2025-05-28,AMANR5L17PO419610B0463P0D1N000204,Politique énergétique,"Cet amendement de repli du groupe LFI-NFP vise à la suppression de l’alinéa 2 de l’article 13.En effet, celui-ci prévoit que la synthèse pédagogique accessible au public de la programmation pluriannuelle de l’énergie (PPE) expose la politique du Gouvernement en faveur de l’énergie nucléaire et de l’"
Zahia Hamdane,LFI-NFP,2e,Amendement,Cosignataire,2025-05-28,AMANR5L17PO419610B0463P0D1N000330,Politique énergétique,"Cet amendement du groupe LFI-NFP vise à fixer l'objectif d'atteindre au moins 1 gigawatt de capacité installée de production d'électricité issue de l'hydrolien d'ici à 2030.L’hydrolien produit de l’électricité grâce aux courants de marée, parfaitement connus des années à l’avance. Cette production d"
Zahia Hamdane,LFI-NFP,2e,Amendement,Cosignataire,2025-06-03,AMANR5L17PO419610B0463P0D1N000627,Politique énergétique,"Ce sous-amendement de repli du groupe LFI-NFP vise à fixer l’objectif d’atteindre une capacité installée d’au moins 54 gigawatts (GW) de production d’électricité d’origine photovoltaïque à l’horizon 2030. Il relève ainsi de 4 gigawatts l’objectif actuellement fixé à l’article 5, pour atteindre au mo"
Zahia Hamdane,LFI-NFP,2e,Amendement,Cosignataire,2025-06-03,AMANR5L17PO419610B0463P0D1N000622,Réglementation & projets | Infrastructure éolienne | Politique énergétique,Ce sous-amendement du groupe LFI-NFP vise à augmenter la capacité installée de production d’électricité issues d’installation d’éoliennes en mer avec pour objectif d’atteindre au moins 18 gigawatts en 2035.L’absence de loi de programmation énergie-climat et de décret relatif à la programmation pluri
Zahia Hamdane,LFI-NFP,2e,Amendement,Cosignataire,2025-06-03,AMANR5L17PO419610B0463P0D1N000623,Politique énergétique,"Ce sous-amendement du groupe LFI-NFP vise à fixer l’objectif d’atteindre une capacité installée de 250 mégawatts d’ici 2030 et d’au moins 5 gigawatts en 2050 d’électricité issue de l’hydrolien.L’hydrolien produit de l’électricité grâce aux courants de marée, parfaitement connus des années à l’avance"
Zahia Hamdane,LFI-NFP,2e,Amendement,Cosignataire,2025-06-03,AMANR5L17PO419610B0463P0D1N000629,Politique énergétique,"Cet amendement du groupe LFI-NFP vise à fixer l’objectif d’atteindre au moins 1 gigawatt de capacité installée de production d’électricité issue de l’hydrolien d’ici à 2030.L’hydrolien produit de l’électricité grâce aux courants de marée, parfaitement connus des années à l’avance. Cette production d"
Zahia Hamdane,LFI-NFP,2e,Amendement,Cosignataire,2025-06-03,AMANR5L17PO419610B0463P0D1N000628,Infrastructure éolienne | Politique énergétique,"Ce sous-amendement du groupe LFI-NFP vise à soutenir le développement des énergies renouvelables et à donner de la visibilité à la filière éolienne terrestre. Il prévoit ainsi de fixer l’objectif de favoriser le développement des capacités de production d’électricité à partir d’éoliennes terrestres,"
Zahia Hamdane,LFI-NFP,2e,Amendement,Cosignataire,2025-06-12,AMANR5L17PO838901BTC1522P0D1N000275,Réglementation & projets | Infrastructure éolienne | Politique énergétique,"Cet amendement du groupe LFI-NFP prévoit d'inscrire dans la loi les objectifs de développement des capacités installée de production d'électricité photovoltaïque prévus pour 2030 et 2035 par le projet de décret sur la programmation pluriannuelle de l'énergie (PPE), actuellement en consultation, en v"
Zahia Hamdane,LFI-NFP,2e,Amendement,Cosignataire,2025-06-12,AMANR5L17PO838901BTC1522P0D1N000331,Politique énergétique,"Cet amendement du groupe LFI-NFP vise à fixer l'objectif d'atteindre une capacité installée de 250 mégawatts d’ici 2030 et d’au moins 5 gigawatts en 2050 d'électricité issue de l'hydrolien.L’hydrolien produit de l’électricité grâce aux courants de marée, parfaitement connus des années à l’avance. Ce"
Zahia Hamdane,LFI-NFP,2e,Amendement,Cosignataire,2025-06-12,AMANR5L17PO838901BTC1522P0D1N000264,Réglementation & projets | Infrastructure éolienne | Politique énergétique,"Cet amendement de repli du groupe LFI-NFP propose une réécriture générale de l'article 5, qui vise à permettre de fixer une trajectoire de développement des énergies renouvelables permettant de sortir du nucléaire et de viser l'objectif de 100% d'énergies renouvelables en 2060, en s'appuyant notamme"
Zahia Hamdane,LFI-NFP,2e,Amendement,Cosignataire,2025-06-12,AMANR5L17PO838901BTC1522P0D1N000298,Réglementation & projets | Infrastructure éolienne | Politique énergétique,"Cet amendement de repli du groupe LFI-NFP vise à permettre de fixer une trajectoire de développement de l'éolien terrestre permettant de sortir du nucléaire et de viser l'objectif de 100% d'énergies renouvelables en 2060, en s'appuyant notamment sur le scénario M1 de RTE.Depuis la révision de la Str"
Zahia Hamdane,LFI-NFP,2e,Amendement,Cosignataire,2025-06-12,AMANR5L17PO838901BTC1522P0D1N000272,Réglementation & projets | Infrastructure éolienne | Politique énergétique,"Cet amendement du groupe LFI-NFP vise à garantir l'existence d'un objectif global de production d'énergies renouvelables à horizon 2030, que ne prévoit pas la rédaction actuelle de l'article 5. Il prévoit ainsi de fixer l'objectif que la production globale d'énergies renouvelables soit au moins de 2"
Zahia Hamdane,LFI-NFP,2e,Amendement,Cosignataire,2025-06-12,AMANR5L17PO838901BTC1522P0D1N000317,Réglementation & projets | Infrastructure éolienne | Politique énergétique,Cet amendement du groupe LFI-NFP vise à fixer l'objectif d'atteindre une capacité installée de production d'électricité photovoltaïque d'au moins 75 gigawatts en 2035.Cet objectif se situe dans la fourchette des objectifs envisagés par le projet de décret sur la programmation pluriannuelle de l'éner
Zahia Hamdane,LFI-NFP,2e,Amendement,Cosignataire,2025-06-12,AMANR5L17PO838901BTC1522P0D1N000277,Réglementation & projets | Infrastructure éolienne | Politique énergétique,"Cet amendement du groupe LFI-NFP prévoit d'inscrire dans la loi les objectifs de développement des capacités installée de production d'électricité photovoltaïque prévus pour 2030 et 2035 par le projet de décret sur la programmation pluriannuelle de l'énergie (PPE), actuellement en consultation, en v"
Zahia Hamdane,LFI-NFP,2e,Amendement,Cosignataire,2025-06-12,AMANR5L17PO838901BTC1522P0D1N000269,Réglementation & projets | Infrastructure éolienne | Politique énergétique,"Cet amendement du groupe LFI-NFP prévoit d'inscrire dans la loi les objectifs de développement des capacités installée de production d'électricité issue de l'éolien terrestre prévus pour 2030 et 2035 par le projet de décret sur la programmation pluriannuelle de l'énergie (PPE), actuellement en consu"
Zahia Hamdane,LFI-NFP,2e,Amendement,Cosignataire,2025-06-12,AMANR5L17PO838901BTC1522P0D1N000303,Réglementation & projets | Infrastructure éolienne | Politique énergétique,"Cet amendement de repli du groupe LFI-NFP vise à permettre de fixer une trajectoire de développement de l'éolien en mer permettant de sortir du nucléaire et de viser l'objectif de 100% d'énergies renouvelables en 2060, en s'appuyant notamment sur le scénario M23 de RTE.Depuis la révision de la Strat"
Zahia Hamdane,LFI-NFP,2e,Amendement,Cosignataire,2025-06-12,AMANR5L17PO838901BTC1522P0D1N000256,Réglementation & projets | Infrastructure éolienne | Politique énergétique,"Cet amendement de repli du groupe LFI-NFP propose une réécriture générale de l'article 5 qui prévoit d'inscrire dans la loi les objectifs de développement des énergies renouvelables prévus par le projet de décret sur la programmation pluriannuelle de l'énergie (PPE), actuellement en consultation, en"
Zahia Hamdane,LFI-NFP,2e,Amendement,Cosignataire,2025-06-12,AMANR5L17PO838901BTC1522P0D1N000320,Réglementation & projets | Infrastructure éolienne | Politique énergétique,"Cet amendement du groupe LFI-NFP prévoit d'inscrire dans la loi l'objectif de développement des capacités installée de production d'électricité issue de l'éolien terrestre prévu pour 2030 par le projet de décret sur la programmation pluriannuelle de l'énergie (PPE), actuellement en consultation, en "
Zahia Hamdane,LFI-NFP,2e,Amendement,Cosignataire,2025-06-12,AMANR5L17PO838901BTC1522P0D1N000255,Réglementation & projets | Infrastructure éolienne | Politique énergétique,"Cet amendement de repli du groupe LFI-NFP propose une réécriture générale de l'article 5 qui prévoit d'inscrire dans la loi les objectifs de développement des énergies renouvelables prévus par le projet de décret sur la programmation pluriannuelle de l'énergie (PPE), actuellement en consultation, en"
Zahia Hamdane,LFI-NFP,2e,Amendement,Cosignataire,2025-06-12,AMANR5L17PO838901BTC1522P0D1N000297,Réglementation & projets | Infrastructure éolienne | Politique énergétique,"Cet amendement de repli du groupe LFI-NFP vise à permettre de fixer une trajectoire de développement de l'éolien en mer permettant de sortir du nucléaire et de viser l'objectif de 100% d'énergies renouvelables en 2060, en s'appuyant notamment sur le scénario M1 de RTE.Depuis la révision de la Straté"
Zahia Hamdane,LFI-NFP,2e,Amendement,Cosignataire,2025-06-12,AMANR5L17PO838901BTC1522P0D1N000287,Réglementation & projets | Infrastructure éolienne | Politique énergétique,"Cet amendement du groupe LFI-NFP vise à permettre de fixer une trajectoire de développement de l'éolien en mer permettant de sortir du nucléaire et de viser l'objectif de 100% d'énergies renouvelables en 2050, en s'appuyant notamment sur le scénario M0 de RTE.Depuis la révision de la Stratégie Natio"
Zahia Hamdane,LFI-NFP,2e,Amendement,Cosignataire,2025-06-12,AMANR5L17PO838901BTC1522P0D1N000258,Réglementation & projets | Infrastructure éolienne | Politique énergétique,"Cet amendement de réécriture générale du groupe LFI-NFP vise à permettre de fixer une trajectoire de développement des énergies renouvelables permettant de sortir du nucléaire et de viser l'objectif de 100% d'énergies renouvelables en 2050, en s'appuyant notamment sur le scénario M0 de RTE.Depuis la"
Zahia Hamdane,LFI-NFP,2e,Amendement,Cosignataire,2025-06-12,AMANR5L17PO838901BTC1522P0D1N000323,Réglementation & projets | Infrastructure éolienne | Politique énergétique,"Cet amendement du groupe LFI-NFP prévoit d'inscrire dans la loi les objectifs de développement des capacités installée de production d'électricité photovoltaïque prévus pour 2030 et 2035 par le projet de décret sur la programmation pluriannuelle de l'énergie (PPE), actuellement en consultation, en v"
Zahia Hamdane,LFI-NFP,2e,Amendement,Cosignataire,2025-06-12,AMANR5L17PO838901BTC1522P0D1N000334,Réglementation & projets | Infrastructure éolienne | Politique énergétique,"Cet amendement du groupe LFI-NFP vise à permettre de fixer une trajectoire de développement de l'éolien en mer permettant de sortir du nucléaire et de viser l'objectif de 100% d'énergies renouvelables en 2050, en s'appuyant notamment sur le scénario M0 de RTE.Depuis la révision de la Stratégie Natio"
Zahia Hamdane,LFI-NFP,2e,Amendement,Cosignataire,2025-06-12,AMANR5L17PO838901BTC1522P0D1N000527,Infrastructure éolienne | Politique énergétique,"Cet amendement du groupe LFI-NFP vise à développer des capacités de production de chaleur et de froid en thalassothermie. De par sa maturité technologique, ses taux de charges avantageux couplés à des puissances développées importantes et en hausse, l’éolien en mer est l’énergie maritime la plus dév"
Zahia Hamdane,LFI-NFP,2e,Amendement,Cosignataire,2025-06-12,AMANR5L17PO838901BTC1522P0D1N000319,Réglementation & projets | Infrastructure éolienne | Politique énergétique,"Cet amendement du groupe LFI-NFP prévoit d'inscrire dans la loi les objectifs de développement des capacités installée de production d'électricité issue de l'éolien terrestre prévus pour 2030 et 2035 par le projet de décret sur la programmation pluriannuelle de l'énergie (PPE), actuellement en consu"
Zahia Hamdane,LFI-NFP,2e,Amendement,Cosignataire,2025-06-12,AMANR5L17PO838901BTC1522P0D1N000261,Réglementation & projets | Infrastructure éolienne | Politique énergétique,"Cet amendement de repli du groupe LFI-NFP propose une réécriture générale de l'article 5, qui vise à permettre de fixer une trajectoire de développement des énergies renouvelables permettant de sortir du nucléaire et de viser l'objectif de 100% d'énergies renouvelables en 2060, en s'appuyant notamme"
Zahia Hamdane,LFI-NFP,2e,Amendement,Cosignataire,2025-06-12,AMANR5L17PO838901BTC1522P0D1N000233,Infrastructure éolienne | Politique énergétique,"Cet amendement du groupe LFI-NFP demande la remise d'un rapport évaluant le potentiel des énergies osmotique, houlomotrice et thermique des mers.De par sa maturité technologique, ses taux de charges avantageux couplés à des puissances développées importantes et en hausse, l’éolien en mer est l’énerg"
Zahia Hamdane,LFI-NFP,2e,Amendement,Cosignataire,2025-06-12,AMANR5L17PO838901BTC1522P0D1N000332,Réglementation & projets | Infrastructure éolienne | Politique énergétique,"Cet amendement du groupe LFI-NFP vise à permettre de fixer une trajectoire de développement de l'éolien terrestre permettant de sortir du nucléaire et de viser l'objectif de 100% d'énergies renouvelables en 2050, en s'appuyant notamment sur le scénario M0 de RTE.Depuis la révision de la Stratégie Na"
Zahia Hamdane,LFI-NFP,2e,Amendement,Cosignataire,2025-06-12,AMANR5L17PO838901BTC1522P0D1N000290,Réglementation & projets | Infrastructure éolienne | Politique énergétique,"Cet amendement du groupe LFI-NFP vise à permettre de fixer une trajectoire de développement de l'éolien terrestre permettant de sortir du nucléaire et de viser l'objectif de 100% d'énergies renouvelables en 2050, en s'appuyant notamment sur le scénario M0 de RTE.Depuis la révision de la Stratégie Na"
Zahia Hamdane,LFI-NFP,2e,Amendement,Cosignataire,2025-06-12,AMANR5L17PO838901BTC1522P0D1N000270,Réglementation & projets | Infrastructure éolienne | Politique énergétique,"Cet amendement du groupe LFI-NFP prévoit d'inscrire dans la loi l'objectif de développement des capacités installée de production d'électricité issue de l'éolien terrestre prévu pour 2030 par le projet de décret sur la programmation pluriannuelle de l'énergie (PPE), actuellement en consultation, en "
Zahia Hamdane,LFI-NFP,2e,Amendement,Cosignataire,2025-06-12,AMANR5L17PO838901BTC1522P0D1N000336,Réglementation & projets | Infrastructure éolienne | Politique énergétique,"Cet amendement du groupe LFI-NFP vise à garantir l'existence d'un objectif global de production d'énergies renouvelables à horizon 2030, que ne prévoit pas la rédaction actuelle de l'article 5. Il prévoit ainsi de fixer l'objectif que la production globale d'énergies renouvelables soit au moins de 2"
Zahia Hamdane,LFI-NFP,2e,Amendement,Cosignataire,2025-06-12,AMANR5L17PO838901BTC1522P0D1N000234,Infrastructure éolienne | Politique énergétique,"Cet amendement du groupe LFI-NFP demande la remise d'un rapport évaluant l'opportunité de lancer des appels à projets de France 2030 portant sur le développement de l’énergie osmotique, de l’énergie houlomotrice et de l’énergie thermique des mers.De par sa maturité technologique, ses taux de charges"
Zahia Hamdane,LFI-NFP,2e,Amendement,Cosignataire,2025-06-12,AMANR5L17PO838901BTC1522P0D1N000304,Réglementation & projets | Infrastructure éolienne | Politique énergétique,"Cet amendement de repli du groupe LFI-NFP vise à permettre de fixer une trajectoire de développement de l'éolien terrestre permettant de sortir du nucléaire et de viser l'objectif de 100% d'énergies renouvelables en 2060, en s'appuyant notamment sur le scénario M23 de RTE.Depuis la révision de la St"
Zahia Hamdane,LFI-NFP,2e,Amendement,Cosignataire,2025-06-12,AMANR5L17PO838901BTC1522P0D1N000328,Réglementation & projets | Infrastructure éolienne | Politique énergétique,Cet amendement du groupe LFI-NFP vise à augmenter la capacité installée de production d’électricité issues d’installation d’éoliennes en mer avec pour objectif d’atteindre au moins 18 gigawatts en 2035.L’absence de loi de programmation énergie-climat et de décret relatif à la programmation pluriannu
Zahia Hamdane,LFI-NFP,2e,Amendement,Cosignataire,2025-06-12,AMANR5L17PO838901BTC1522P0D1N000326,Réglementation & projets | Infrastructure éolienne | Politique énergétique,"Cet amendement du groupe LFI-NFP prévoit d'inscrire dans la loi les objectifs de développement des capacités installée de production d'électricité photovoltaïque prévus pour 2030 et 2035 par le projet de décret sur la programmation pluriannuelle de l'énergie (PPE), actuellement en consultation, en v"
Zahia Hamdane,LFI-NFP,2e,Amendement,Cosignataire,2025-06-18,AMANR5L17PO838901BTC1522P0D1N000843,Réglementation & projets | Infrastructure éolienne | Politique énergétique,"Ce sous-amendement du groupe LFI-NFP vise à permettre de fixer une trajectoire de développement de l'éolien en mer permettant de sortir du nucléaire et de viser l'objectif de 100% d'énergies renouvelables en 2050, en s'appuyant notamment sur le scénario M0 de RTE.Depuis la révision de la Stratégie N"
Zahia Hamdane,LFI-NFP,2e,Amendement,Cosignataire,2025-06-18,AMANR5L17PO838901BTC1522P0D1N000844,Réglementation & projets | Infrastructure éolienne | Politique énergétique,"Ce sous-amendement du groupe LFI-NFP prévoit d'inscrire dans la loi les objectifs de développement des capacités installée de production d'électricité photovoltaïque envisagées pour 2030 et 2035 par le projet de décret sur la programmation pluriannuelle de l'énergie (PPE), actuellement en consultati"
Zahia Hamdane,LFI-NFP,2e,Amendement,Cosignataire,2025-06-18,AMANR5L17PO838901BTC1522P0D1N000842,Réglementation & projets | Infrastructure éolienne | Politique énergétique,"Ce sous-amendement du groupe LFI-NFP vise à permettre de fixer une trajectoire de développement de l'éolien terrestre permettant de sortir du nucléaire et de viser l'objectif de 100% d'énergies renouvelables en 2050, en s'appuyant notamment sur le scénario M0 de RTE.Depuis la révision de la Stratégi"
Zahia Hamdane,LFI-NFP,2e,Amendement,Cosignataire,2025-06-18,AMANR5L17PO838901BTC1522P0D1N000840,Réglementation & projets | Infrastructure éolienne | Politique énergétique,Ce sous-amendement du groupe LFI-NFP vise à augmenter la capacité installée de production d’électricité issues d’installation d’éoliennes en mer avec pour objectif de garantir d’atteindre au moins 18 gigawatts en 2035.L’absence de loi de programmation énergie-climat et de décret relatif à la program
Zahia Hamdane,LFI-NFP,2e,Amendement,Cosignataire,2025-06-18,AMANR5L17PO838901BTC1522P0D1N000841,Réglementation & projets | Infrastructure éolienne | Politique énergétique,"Ce sous-amendement du groupe LFI-NFP prévoit d'inscrire dans la loi les objectifs de développement des capacités installée de production d'électricité issue de l'éolien terrestre envisagés pour 2030 et 2035 par le projet de décret sur la programmation pluriannuelle de l'énergie (PPE), actuellement e"
Zahia Hamdane,LFI-NFP,2e,Amendement,Cosignataire,2025-06-18,AMANR5L17PO838901BTC1522P0D1N000846,Politique énergétique,"Ce sous-amendement du groupe LFI-NFP vise à garantir de fixer l'objectif d'atteindre une capacité installée de 250 mégawatts d’ici 2030 et d’au moins 5 gigawatts en 2050 d'électricité issue de l'hydrolien, ainsi que l'a déjà voté la commission des affaires économiques.L’hydrolien produit de l’électr"
Yaël Ménaché,RN,5e,Amendement,Cosignataire,2024-10-17,AMANR5L17PO419610B0324P2D1N000041,Politique énergétique,"L’indicateur de l’alinéa 703 dispose qu’il faut « Contribuer à porter à 40 % la part des énergies renouvelables dans la production d’électricité en 2030 ». À l’heure de la relance du nucléaire, il est absurde de maintenir l’objectif de 40 % de part d’énergies renouvelables dans la production d’élect"
Yaël Ménaché,RN,5e,Amendement,Cosignataire,2024-10-17,AMANR5L17PO838901B0324P1D1N001132,Infrastructure éolienne,"La loi de finances pour 2021 a introduit une réduction de 50 % de la valeur locative cadastrale pour les installations industrielles, y compris les parcs éoliens. Cette mesure a contribué à alléger considérablement la fiscalité pesant sur les opérateurs de parcs éoliens, réduisant leurs coûts d'expl"
Yaël Ménaché,RN,5e,Amendement,Cosignataire,2024-10-28,AMANR5L17PO838901B0324P2D1N000243,Infrastructure éolienne,"Cet amendement vise à allouer davantage de crédits à l'IFREMER afin d'intensifier la recherche pour la lutte contre les maladies générées par les norovirus. Ces norovirus rendent impropres à la consommation les huîtres touchées. En 2022, il y a eu trois interdictions de ventes de moules, palourdes e"
Yaël Ménaché,RN,5e,Amendement,Cosignataire,2024-10-29,AMANR5L17PO838901B0324P2D1N000363,Infrastructure éolienne | Politique énergétique,"Le présent amendement propose de minorer les crédits affectés au service public de l’énergie, part qui correspond à la subvention des éoliennes en mer, énergie intermittente, peu efficace, et qui abîme les cotes françaises. Il s’agit d’une mesure d’économie budgétaire, afin de recentrer les dépenses"
Yaël Ménaché,RN,5e,Amendement,Cosignataire,2024-10-30,AMANR5L17PO838901B0324P2D1N000626,Infrastructure éolienne | Politique énergétique,"Le présent amendement abonde, en AE et en CP, de 25 000 000 € l’Opérateur : Agences de l'eau"" du programme n°113 : ""Paysage eau et biodiversité"".Le présent amendement abonde en AE et en CP de 50 000 000 euros l’action n°10 : ""Prévention des risques naturels et hydrauliques"" du programme n°174 : ""Éne"
Yaël Ménaché,RN,5e,Amendement,Cosignataire,2024-11-05,AMANR5L17PO838901B0324P2D1N001892,Infrastructure éolienne,"L'éolien en mer présente des problèmes au niveau de leur impact local sur l’environnement. Le Conseil national de la protection de la nature (CNPN) a émis plusieurs avis défavorables à l’implantation d’éoliennes offshore : Courseulles-sur-Mer (13/04/2023), Dunkerke (11/07/2023), Le Havre (13/06/2022"
Yaël Ménaché,RN,5e,Amendement,Cosignataire,2024-11-05,AMANR5L17PO838901B0324P2D1N001893,Réglementation & projets | Infrastructure éolienne,"Cet amendement vise à mettre en évidence les conséquences néfastes de la filière des éoliennes sur nos territoires : les nuisances générées sur la faune, la pollution sonore et visuelle ou encore celle liée à l'extraction et au traitement des matériaux qui la composent (béton, acier, métaux rares) e"
Yaël Ménaché,RN,5e,Amendement,Cosignataire,2024-11-06,AMANR5L17PO838901B0324P2D1N001983,Infrastructure éolienne,"Les critiques concernant le Fonds vert soulignent un manque de transparence et d’efficacité, appelant à une meilleure répartition des fonds et un contrôle parlementaire renforcé, avec la publication d’un rapport annuel. Le financement est jugé trop orienté vers des énergies intermittentes, comme l’é"
Yaël Ménaché,RN,5e,Amendement,Cosignataire,2024-11-12,AMANR5L17PO838901B0324P2D1N004026,Infrastructure éolienne | Politique énergétique,"Le présent amendement prévoit une augmentation de 35 millions d’euros en AE et en CP à l’action 07 « Pêche et aquaculture » du programme 205 « Affaires maritimes, pêche et aquaculture », compensée par une diminution équivalente des crédits alloués à la sous-action 02 « Éolien en mer » de l’action 09"
Yaël Ménaché,RN,5e,Amendement,Cosignataire,2024-11-12,AMANR5L17PO838901B0324P2D1N004029,Infrastructure éolienne,"Les paysages français, littoraux ou ruraux, constituent des éléments structurants de notre patrimoine national. Ils participent non seulement au rayonnement de l'image de la France à l'échelle internationale, mais également à l'attractivité touristique de nos territoires. Ces paysages sont également"
Yaël Ménaché,RN,5e,Amendement,Cosignataire,2024-11-12,AMANR5L17PO838901B0324P2D1N004028,Infrastructure éolienne | Politique énergétique,"Cet amendement vise à abonder de 30 millions d’euros en AE et en CP la sous-action 02 « Entretien du réseau routier national » de l’action 04 « Routes - Entretien » du programme 203 « Infrastructures et services de transports », et de minorer ce montant à la sous-action 01 « Éolien terrestre » de l’"
Yaël Ménaché,RN,5e,Amendement,Cosignataire,2025-03-11,AMANR5L17PO838901BTC1043P0D1N000006,Réglementation & projets,"L’article 15 ter de la présente proposition de loi, introduit en séance au Sénat, prévoit la possibilité pour les enquêteurs, sur autorisation du juge des libertés et de la détention ou requête du procureur de la République ou du juge d’instruction, d’avoir recours à une activation à distance d’appa"
Yaël Ménaché,RN,5e,Amendement,Cosignataire,2025-03-11,AMANR5L17PO838901BTC1043P0D1N000005,Réglementation & projets,"L’article 15 quater de la présente proposition de loi, introduit en séance au Sénat, crée un cadre légal permettant aux enquêteurs de recourir à l’activation à distance d’appareils connectés des mis en cause.Cette technique spéciale d’enquête permettrait aux enquêteurs de conduire leurs opérations s"
Yaël Ménaché,RN,5e,Amendement,Cosignataire,2025-03-11,AMANR5L17PO838901BTC1043P0D1N000004,Réglementation & projets,"L’article 15 quater de la présente proposition de loi, introduit en séance au Sénat, crée un cadre légal permettant aux enquêteurs de recourir à l’activation à distance d’appareils connectés des mis en cause.Cette technique spéciale d’enquête permettrait aux enquêteurs de conduire leurs opérations s"
Yaël Ménaché,RN,5e,Amendement,Cosignataire,2025-03-11,AMANR5L17PO838901BTC1043P0D1N000002,Réglementation & projets,"L’article 16 de la présente proposition de loi crée un « dossier coffre », permettant de protéger des risques de divulgation certains éléments limitativement énumérés relatifs à certains outils employés par les enquêteurs, dans le cadre de la lutte contre le narcotrafic et la criminalité organisée.T"
Yaël Ménaché,RN,5e,Amendement,Cosignataire,2025-03-20,AMANR5L17PO849474B0481P0D1N000719,Infrastructure éolienne,"L’objectif de cet amendement est de supprimer cet article. Les éoliennes offshore se développent depuis plusieurs années, malgré des résultats contrastés. Leur intermittence est difficilement compatible avec le système de production d’électricité français, principalement basé sur l’énergie nucléaire"
Yaël Ménaché,RN,5e,Amendement,Cosignataire,2025-04-04,AMANR5L17PO838901BTC1191P0D1N001250,Infrastructure éolienne,"L’objectif de cet amendement est de supprimer cet article. Les éoliennes offshore se développent depuis plusieurs années, malgré des résultats contrastés. Leur intermittence est difficilement compatible avec le système de production d’électricité français, principalement basé sur l’énergie nucléaire"
Yaël Ménaché,RN,5e,Amendement,Cosignataire,2025-04-04,AMANR5L17PO838901BTC1191P0D1N001902,Réglementation & projets,Cet amendement tend à ce que la déclaration d’utilité publique (DUP) concernant un projet de construction indique si ledit projet est conforme aux exigences de la protection de l’environnement.En effet la délivrance de la DUP exige déjà l’accomplissement d’une étude d’impact prenant en compte les co
Yaël Ménaché,RN,5e,Amendement,Cosignataire,2025-04-04,AMANR5L17PO838901BTC1191P0D1N001901,Réglementation & projets,"Cet amendement tend à ce que tout projet, et non seulement d’infrastructure, soit considéré comme répondant de plein droit à toutes les exigences posées par la loi pour l’obtention de l’autorisation environnementale, dès lors qu’il a fait l’objet d’une « déclaration d’utilité publique ».En effet la "
Yaël Ménaché,RN,5e,Amendement,Cosignataire,2025-06-11,AMANR5L17PO838901BTC1522P0D1N000051,Infrastructure éolienne,Le présent amendement vise à introduire un alinéa complémentaire à l'article 5 du présent texte rendant obligatoire la mise en place d'une consultation des habitants des communes concernées par des projets d'implantation ou de renouvellement de parcs éoliens et photovoltaïques sur le territo
Yaël Ménaché,RN,5e,Amendement,Cosignataire,2025-06-11,AMANR5L17PO838901BTC1522P0D1N000034,Infrastructure éolienne,"Le présent amendement du groupe Rassemblement National fixe des objectifs clairs de production d’hydrogène décarboné, en visant au moins 50 TWh par an d’ici 2035, et 170 TWh à l’horizon 2050. Il prend en compte l’ensemble des technologies pertinentes — électrolyse, thermolyse et hydrogène blanc — af"
Yaël Ménaché,RN,5e,Amendement,Cosignataire,2025-06-11,AMANR5L17PO838901BTC1522P0D1N000054,Infrastructure éolienne,"Ce moratoire proposé par le groupe Rassemblement National a pour but de suspendre temporairement le développement de nouvelles capacités intermittentes (énergie d’origine éolienne, solaire ou marine) tant que leur contribution réelle à la sécurité d’approvisionnement, à la décarbonation et à la mini"
Yaël Ménaché,RN,5e,Amendement,Cosignataire,2025-06-11,AMANR5L17PO838901BTC1522P0D1N000048,Infrastructure éolienne,"Les forêts jouent un rôle très important dans l'équilibre de notre biodiversité, en agissant comme des puits de carbone naturels mais également en régulant les cycles de l’eau.Elles contribuent également de manière non négligeable à la production énergétique durable, notamment par la filière bois-én"
Yaël Ménaché,RN,5e,Amendement,Cosignataire,2025-06-11,AMANR5L17PO838901BTC1522P0D1N000086,Infrastructure éolienne,"Ce moratoire a pour but de suspendre temporairement le développement de nouvelles capacités intermittentes (énergie d'origine éolienne, solaire ou marine)tant que leur contribution réelle à la sécurité d'approvisionnement, à la décarbonation et à la minimisation des coûts du système n'a pas été éval"
Yaël Ménaché,RN,5e,Amendement,Cosignataire,2025-06-11,AMANR5L17PO838901BTC1522P0D1N000049,Réglementation & projets | Infrastructure éolienne,"""Fixer une programmation énergétique ambitieuse"" ne doit pas se faire au détriment de notre appareil nucléaire, producteur de l'énergie la plus propre et la moins chère du marché.Aussi, il est particulièrement dangereux pour la souveraineté énergétique nationale de, je cite, ""de poursuivre le dévelo"
Yaël Ménaché,RN,5e,Amendement,Cosignataire,2025-06-12,AMANR5L17PO838901BTC1522P0D1N000411,Infrastructure éolienne,"Le présent amendement vise à inscrire dans les dispositions préliminaires du code de l'énergie la nécessaire considération de l'acceptabilité des projets d'installations de production d'électricité. Il apparaît en effet que, très régulièrement, le développement de certaines installations suscite pre"
Yaël Ménaché,RN,5e,Amendement,Cosignataire,2025-06-12,AMANR5L17PO838901BTC1522P0D1N000347,Infrastructure éolienne,"Cet amendement de repli vise à mettre un terme à l’implantation de nouvelles éoliennes terrestres ainsi qu’à leur réinstallation sur des sites déjà démantelés. Il ne remet pas en cause le renouvellement ou l’entretien des parcs existants, mais marque une inflexion claire en matière de développement "
Yaël Ménaché,RN,5e,Amendement,Cosignataire,2025-06-12,AMANR5L17PO838901BTC1522P0D1N000412,Infrastructure éolienne,"Si la politique énergétique doit en effet poursuivre un objectif de cohésion sociale et territoriale, cet objectif ne peut seulement prendre en considération les problématiques, légitimes de coût de l’énergie et de pouvoir d’achat. En matière énergétique, la cohésion sociale et territoriale passe ég"
Yaël Ménaché,RN,5e,Amendement,Cosignataire,2025-06-12,AMANR5L17PO838901BTC1522P0D1N000252,Réglementation & projets | Infrastructure éolienne,"Cet amendement vise à instaurer un moratoire de dix ans sur l'installations de projets éoliens.L’objectif est de stopper un modèle de production électrique qui, malgré un soutien financier massif, s’avère coûteux, peu fiable et porteur de nuisances écologiques, économiques et paysagères. Ce moratoir"
Yaël Ménaché,RN,5e,Amendement,Cosignataire,2025-06-12,AMANR5L17PO838901BTC1522P0D1N000410,Infrastructure éolienne,"Amendement de repliLa construction d'éoliennes sur nos territoires suscite de très nombreuses problématiques. Intermittentes, coûteuses, porteuses de nombreuses nuisances, nuisibles à l'équilibre du réseau électrique, elles sont enfin largement décriées par les habitants concernés. A cet égard, les "
Matthias Renault,RN,3e,Amendement,Cosignataire,2024-10-17,AMANR5L17PO419610B0324P2D1N000041,Politique énergétique,"L’indicateur de l’alinéa 703 dispose qu’il faut « Contribuer à porter à 40 % la part des énergies renouvelables dans la production d’électricité en 2030 ». À l’heure de la relance du nucléaire, il est absurde de maintenir l’objectif de 40 % de part d’énergies renouvelables dans la production d’élect"
Matthias Renault,RN,3e,Amendement,Cosignataire,2024-10-29,AMANR5L17PO838901B0324P2D1N000363,Infrastructure éolienne | Politique énergétique,"Le présent amendement propose de minorer les crédits affectés au service public de l’énergie, part qui correspond à la subvention des éoliennes en mer, énergie intermittente, peu efficace, et qui abîme les cotes françaises. Il s’agit d’une mesure d’économie budgétaire, afin de recentrer les dépenses"
Matthias Renault,RN,3e,Amendement,Cosignataire,2025-03-11,AMANR5L17PO838901BTC1043P0D1N000006,Réglementation & projets,"L’article 15 ter de la présente proposition de loi, introduit en séance au Sénat, prévoit la possibilité pour les enquêteurs, sur autorisation du juge des libertés et de la détention ou requête du procureur de la République ou du juge d’instruction, d’avoir recours à une activation à distance d’appa"
Matthias Renault,RN,3e,Amendement,Cosignataire,2025-03-11,AMANR5L17PO838901BTC1043P0D1N000005,Réglementation & projets,"L’article 15 quater de la présente proposition de loi, introduit en séance au Sénat, crée un cadre légal permettant aux enquêteurs de recourir à l’activation à distance d’appareils connectés des mis en cause.Cette technique spéciale d’enquête permettrait aux enquêteurs de conduire leurs opérations s"
Matthias Renault,RN,3e,Amendement,Cosignataire,2025-03-11,AMANR5L17PO838901BTC1043P0D1N000004,Réglementation & projets,"L’article 15 quater de la présente proposition de loi, introduit en séance au Sénat, crée un cadre légal permettant aux enquêteurs de recourir à l’activation à distance d’appareils connectés des mis en cause.Cette technique spéciale d’enquête permettrait aux enquêteurs de conduire leurs opérations s"
Matthias Renault,RN,3e,Amendement,Cosignataire,2025-03-11,AMANR5L17PO838901BTC1043P0D1N000002,Réglementation & projets,"L’article 16 de la présente proposition de loi crée un « dossier coffre », permettant de protéger des risques de divulgation certains éléments limitativement énumérés relatifs à certains outils employés par les enquêteurs, dans le cadre de la lutte contre le narcotrafic et la criminalité organisée.T"
Matthias Renault,RN,3e,Amendement,Cosignataire,2025-03-20,AMANR5L17PO849474B0481P0D1N000850,Infrastructure éolienne,"Si les panneaux photovoltaïques sont une installation de production d'énergie décarbonée plébiscitée par de nombreux Français et constituant une alternative acceptable au développement anarchique des éoliennes, force est d'admettre que la filière française est à ce jour trop faible.Une telle disposi"
Matthias Renault,RN,3e,Amendement,Cosignataire,2025-03-20,AMANR5L17PO849474B0481P0D1N000487,Infrastructure éolienne,"Cet amendement vise à supprimer l’article 16, qui prévoit l’élargissement des cas de dérogation au principe d’allotissement pour certaines infrastructures liées à la transition énergétique, ainsi que la possibilité pour les sous-traitants de renoncer au paiement direct lorsqu'ils y trouvent un intér"
Matthias Renault,RN,3e,Amendement,Cosignataire,2025-03-20,AMANR5L17PO849474B0481P0D1N000588,Réglementation & projets,"Le présent amendement vise à donner une meilleure visibilité aux acteurs économiques sur les délais d’instruction de leur dossier de demande d’autorisation environnementale. En effet ce délai est souvent très long dans certains secteurs, souvent faute de moyens des services instructeurs.Il convient "
Matthias Renault,RN,3e,Amendement,Cosignataire,2025-03-20,AMANR5L17PO849474B0481P0D1N000602,Réglementation & projets,"Le présent amendement vise à donner une meilleure visibilité aux acteurs économiques sur les délais d’instruction de leur dossier de demande d’autorisation environnementale. En effet ce délai est souvent très long dans certains secteurs, souvent faute de moyens des services instructeurs.Il convient "
Matthias Renault,RN,3e,Amendement,Cosignataire,2025-03-20,AMANR5L17PO849474B0481P0D1N000878,Infrastructure éolienne,"L'article 20 bis intégré par le Sénat vise à abaisser le seuil de tension des postes électriques ouvrant droit à la qualification de projets d’envergure nationale ou européenne : ce seuil permet de justifier la consommation d'espaces naturels, agricoles et forestiers au niveau national. Il s'inscrit"
Matthias Renault,RN,3e,Amendement,Cosignataire,2025-03-20,AMANR5L17PO849474B0481P0D1N001114,Infrastructure éolienne | Politique énergétique,"Cet article vise à permettre l'extension du dispositif de « projet d'intérêt national majeur » (PNIM), introduit avec la loi industrie verte pour les projets industriels les plus stratégiques, aux centres de données d'envergure comparable. Cela permettra une accélération procédurale concernant la mi"
Matthias Renault,RN,3e,Amendement,Cosignataire,2025-03-20,AMANR5L17PO849474B0481P0D1N000605,Réglementation & projets,Cet amendement vise à permettre aux acteurs qui déposent une demande d'autorisation environnementale de disposer d'un délai prévisionnel maximal d'instruction. Les acteurs qui sollicitent cette autorisation pourra ainsi bénéficier de davantage de visibilité pour entreprendre leur projet.
Matthias Renault,RN,3e,Amendement,Cosignataire,2025-03-20,AMANR5L17PO849474B0481P0D1N000603,Réglementation & projets,"Le présent amendement vise à donner une meilleure visibilité aux acteurs économiques sur les délais d’instruction de leur dossier de demande d’autorisation environnementale. En effet ce délai est souvent très long dans certains secteurs, souvent faute de moyens des services instructeurs.Il convient "
Matthias Renault,RN,3e,Amendement,Cosignataire,2025-03-20,AMANR5L17PO849474B0481P0D1N000843,Infrastructure éolienne | Politique énergétique,"Le présent article vise à faciliter le développement des projets de production d'énergies renouvelables comme l'éolien.La position du groupe Rassemblement National est claire quant au développement anarchique des éoliennes : les éoliennes ne sont pas seulement intermittentes, onéreuses ou périssable"
Matthias Renault,RN,3e,Amendement,Cosignataire,2025-03-20,AMANR5L17PO849474B0481P0D1N000892,Infrastructure éolienne,"L’implantation de parcs éoliens en mer, avec des machines atteignant aujourd’hui près de 300 mètres de haut, regroupées dans des parcs de plus de 60 machines, ont un impact certain sur le paysage maritime, en particulier dans des zones où le littoral est économiquement dédié au tourisme et à la pêch"
Matthias Renault,RN,3e,Amendement,Cosignataire,2025-03-20,AMANR5L17PO849474B0481P0D1N000607,Réglementation & projets,"Cet amendement vise à simplifier la procédure d'autorisation environnementale, au cas par cas, en rétablissant une mesure qui existait il y a encore quelques mois. Quand un projet, après étude de son dossier, ne nécessite qu'une étude d'incidence continue avec une participation du public qui ne dure"
Matthias Renault,RN,3e,Amendement,Cosignataire,2025-04-04,AMANR5L17PO838901BTC1191P0D1N001250,Infrastructure éolienne,"L’objectif de cet amendement est de supprimer cet article. Les éoliennes offshore se développent depuis plusieurs années, malgré des résultats contrastés. Leur intermittence est difficilement compatible avec le système de production d’électricité français, principalement basé sur l’énergie nucléaire"
Matthias Renault,RN,3e,Amendement,Cosignataire,2025-04-04,AMANR5L17PO838901BTC1191P0D1N001902,Réglementation & projets,Cet amendement tend à ce que la déclaration d’utilité publique (DUP) concernant un projet de construction indique si ledit projet est conforme aux exigences de la protection de l’environnement.En effet la délivrance de la DUP exige déjà l’accomplissement d’une étude d’impact prenant en compte les co
Matthias Renault,RN,3e,Amendement,Cosignataire,2025-04-04,AMANR5L17PO838901BTC1191P0D1N001901,Réglementation & projets,"Cet amendement tend à ce que tout projet, et non seulement d’infrastructure, soit considéré comme répondant de plein droit à toutes les exigences posées par la loi pour l’obtention de l’autorisation environnementale, dès lors qu’il a fait l’objet d’une « déclaration d’utilité publique ».En effet la "
Matthias Renault,RN,3e,Amendement,Cosignataire,2025-06-11,AMANR5L17PO838901BTC1522P0D1N000051,Infrastructure éolienne,Le présent amendement vise à introduire un alinéa complémentaire à l'article 5 du présent texte rendant obligatoire la mise en place d'une consultation des habitants des communes concernées par des projets d'implantation ou de renouvellement de parcs éoliens et photovoltaïques sur le territo
Matthias Renault,RN,3e,Amendement,Cosignataire,2025-06-11,AMANR5L17PO838901BTC1522P0D1N000034,Infrastructure éolienne,"Le présent amendement du groupe Rassemblement National fixe des objectifs clairs de production d’hydrogène décarboné, en visant au moins 50 TWh par an d’ici 2035, et 170 TWh à l’horizon 2050. Il prend en compte l’ensemble des technologies pertinentes — électrolyse, thermolyse et hydrogène blanc — af"
Matthias Renault,RN,3e,Amendement,Cosignataire,2025-06-11,AMANR5L17PO838901BTC1522P0D1N000054,Infrastructure éolienne,"Ce moratoire proposé par le groupe Rassemblement National a pour but de suspendre temporairement le développement de nouvelles capacités intermittentes (énergie d’origine éolienne, solaire ou marine) tant que leur contribution réelle à la sécurité d’approvisionnement, à la décarbonation et à la mini"
Matthias Renault,RN,3e,Amendement,Cosignataire,2025-06-11,AMANR5L17PO838901BTC1522P0D1N000048,Infrastructure éolienne,"Les forêts jouent un rôle très important dans l'équilibre de notre biodiversité, en agissant comme des puits de carbone naturels mais également en régulant les cycles de l’eau.Elles contribuent également de manière non négligeable à la production énergétique durable, notamment par la filière bois-én"
Matthias Renault,RN,3e,Amendement,Cosignataire,2025-06-11,AMANR5L17PO838901BTC1522P0D1N000086,Infrastructure éolienne,"Ce moratoire a pour but de suspendre temporairement le développement de nouvelles capacités intermittentes (énergie d'origine éolienne, solaire ou marine)tant que leur contribution réelle à la sécurité d'approvisionnement, à la décarbonation et à la minimisation des coûts du système n'a pas été éval"
Matthias Renault,RN,3e,Amendement,Cosignataire,2025-06-11,AMANR5L17PO838901BTC1522P0D1N000049,Réglementation & projets | Infrastructure éolienne,"""Fixer une programmation énergétique ambitieuse"" ne doit pas se faire au détriment de notre appareil nucléaire, producteur de l'énergie la plus propre et la moins chère du marché.Aussi, il est particulièrement dangereux pour la souveraineté énergétique nationale de, je cite, ""de poursuivre le dévelo"
Matthias Renault,RN,3e,Amendement,Cosignataire,2025-06-12,AMANR5L17PO838901BTC1522P0D1N000411,Infrastructure éolienne,"Le présent amendement vise à inscrire dans les dispositions préliminaires du code de l'énergie la nécessaire considération de l'acceptabilité des projets d'installations de production d'électricité. Il apparaît en effet que, très régulièrement, le développement de certaines installations suscite pre"
Matthias Renault,RN,3e,Amendement,Auteur,2025-06-12,AMANR5L17PO838901BTC1522P0D1N000415,Infrastructure éolienne,"Le présent amendement vise à supprimer le développement de l’éolien en mer des objectifs de la politique énergétique nationale, telle que définie par l’article L. 100‑4 du code de l’énergie.D’une part, l’éolien en mer constitue une technologie particulièrement coûteuse, tant en phase d’installation "
Matthias Renault,RN,3e,Amendement,Cosignataire,2025-06-12,AMANR5L17PO838901BTC1522P0D1N000347,Infrastructure éolienne,"Cet amendement de repli vise à mettre un terme à l’implantation de nouvelles éoliennes terrestres ainsi qu’à leur réinstallation sur des sites déjà démantelés. Il ne remet pas en cause le renouvellement ou l’entretien des parcs existants, mais marque une inflexion claire en matière de développement "
Matthias Renault,RN,3e,Amendement,Cosignataire,2025-06-12,AMANR5L17PO838901BTC1522P0D1N000412,Infrastructure éolienne,"Si la politique énergétique doit en effet poursuivre un objectif de cohésion sociale et territoriale, cet objectif ne peut seulement prendre en considération les problématiques, légitimes de coût de l’énergie et de pouvoir d’achat. En matière énergétique, la cohésion sociale et territoriale passe ég"
Matthias Renault,RN,3e,Amendement,Cosignataire,2025-06-12,AMANR5L17PO838901BTC1522P0D1N000252,Réglementation & projets | Infrastructure éolienne,"Cet amendement vise à instaurer un moratoire de dix ans sur l'installations de projets éoliens.L’objectif est de stopper un modèle de production électrique qui, malgré un soutien financier massif, s’avère coûteux, peu fiable et porteur de nuisances écologiques, économiques et paysagères. Ce moratoir"
Matthias Renault,RN,3e,Amendement,Cosignataire,2025-06-12,AMANR5L17PO838901BTC1522P0D1N000410,Infrastructure éolienne,"Amendement de repliLa construction d'éoliennes sur nos territoires suscite de très nombreuses problématiques. Intermittentes, coûteuses, porteuses de nombreuses nuisances, nuisibles à l'équilibre du réseau électrique, elles sont enfin largement décriées par les habitants concernés. A cet égard, les "
Matthias Renault,RN,3e,Séance plénière,Intervenant,jeudi 19 juin 2025,CRSANR5L17S2025O1N249,Réglementation & projets | Infrastructure éolienne | Politique énergétique,"Nous ne pouvons pas laisser passer certains des arguments avancés par les députés de gauche et d’extrême gauche, en particulier l’affirmation selon laquelle le coût du nucléaire serait infiniment supérieur à celui des éoliennes. Vous avez estimé le coût complet de l’éolien à 40 ou 50 euros le mégawa"
Matthias Renault,RN,3e,Séance plénière,Intervenant,jeudi 19 juin 2025,CRSANR5L17S2025O1N248,Politique énergétique,"Si cette série d’amendements est somme toute assez neutre, puisque la ventilation des objectifs par énergie renouvelable n’est pas détaillée et qu’elle est renvoyée à un décret, il n’en reste pas moins que tout le bloc central, la gauche et l’extrême gauche, ont voté, main dans la main, l’objectif g"
Matthias Renault,RN,3e,Séance plénière,Intervenant,jeudi 19 juin 2025,CRSANR5L17S2025O1N248,Infrastructure éolienne,"Nous avons discuté de l’éolien en mer, mais revenons sur son coût pour les finances publiques. Cette énergie hypersubventionnée n’est pas rentable. En 2018, dans un premier bilan sur l’éolien en mer, la Cour des comptes a estimé qu’il coûterait 40 milliards d’argent public sur vingt ans – 2 milliard"
Matthias Renault,RN,3e,Séance plénière,Intervenant,jeudi 19 juin 2025,CRSANR5L17S2025O1N248,Infrastructure éolienne,"À titre de comparaison, le mégawattheure d’électricité produit par l’éolien terrestre, lui-même hypersubventionné et non rentable, est racheté 102 euros."
Matthias Renault,RN,3e,Séance plénière,Intervenant,jeudi 19 juin 2025,CRSANR5L17S2025O1N248,Réglementation & projets | Infrastructure éolienne | Politique énergétique,"Le coût de raccordement des éoliennes en mer, lui, est souvent sous-estimé. D’après la projection de RTE, qui se réfère elle-même au projet de décret PPE 3, ce coût pour les quinze prochaines représentera 37 milliards d’euros d’argent public : c’est absolument délirant ! (Exclamations sur les bancs "
Matthias Renault,RN,3e,Séance plénière,Intervenant,jeudi 19 juin 2025,CRSANR5L17S2025O1N248,Infrastructure éolienne | Politique énergétique,"Par ailleurs, l’éolien offshore n’est absolument pas une solution souveraine, et je voudrais répondre sur ce point à des remarques que j’ai entendues au cours de débats précédents.D’abord, la construction des éoliennes offshore est assurée par des entreprises étrangères : le groupe américain General"
Matthias Renault,RN,3e,Séance plénière,Intervenant,jeudi 19 juin 2025,CRSANR5L17S2025O1N248,Infrastructure éolienne,"En outre, seuls 25 % des composants des éoliennes, aussi bien terrestres que maritimes, sont produits en France. Ce n’est donc pas une solution souveraine."
Matthias Renault,RN,3e,Séance plénière,Intervenant,jeudi 19 juin 2025,CRSANR5L17S2025O1N248,Infrastructure éolienne,"Quant au capital des exploitants des éoliennes en mer, il passe sous drapeau étranger."
Matthias Renault,RN,3e,Séance plénière,Intervenant,jeudi 19 juin 2025,CRSANR5L17S2025O1N248,Infrastructure éolienne,"Prenons l’exemple, dans ma circonscription, du parc éolien offshore en cours de construction au large de Dieppe et du Tréport : les capitaux de l’exploitant sont détenus par une société espagnole et commencent à être infiltrés par des Chinois."
Matthias Renault,RN,3e,Séance plénière,Intervenant,jeudi 19 juin 2025,CRSANR5L17S2025O1N248,Infrastructure éolienne,L’éolien offshore est une catastrophe pour les finances publiques. C’est une catastrophe parce que ce n’est pas une solution souveraine.
Matthias Renault,RN,3e,Séance plénière,Intervenant,jeudi 19 juin 2025,CRSANR5L17S2025O1N248,Infrastructure éolienne,"C’est une catastrophe pour les activités de pêche : l’impact des éoliennes en mer, c’est une baisse de 30 % du chiffre d’affaires pour les pêcheurs. (« Mais non ! », « Il n’y connaît rien ! » et « N’importe quoi ! » sur quelques bancs des groupes LFI-NFP, EcoS et Dem.) C’est évidemment une catastrop"
Matthias Renault,RN,3e,Séance plénière,Intervenant,jeudi 19 juin 2025,CRSANR5L17S2025O1N248,Infrastructure éolienne,"C’est une catastrophe, enfin, pour l’environnement : les éoliennes en mer saccagent les fonds marins (« Mais non ! » sur quelques bancs), à tel point que certaines ONG écologistes historiques, comme Sea Shepherd, sont radicalement opposées à leur développement. (Applaudissements sur quelques bancs d"
Matthias Renault,RN,3e,Séance plénière,Intervenant,jeudi 19 juin 2025,CRSANR5L17S2025O1N248,Réglementation & projets | Infrastructure éolienne | Politique énergétique,"Autrement dit, même si on se place sur votre terrain, cela ne fonctionne pas.Le débat sur l’éolien est très important. À cet égard, les amendements que nous examinons ici sont relativement neutres, car ils n’entrent pas dans le détail s’agissant des énergies renouvelables. Nous aurons surtout ce déb"
Matthias Renault,RN,3e,Séance plénière,Intervenant,jeudi 19 juin 2025,CRSANR5L17S2025O1N248,Réglementation & projets | Infrastructure éolienne | Politique énergétique,"Nous nous apprêtons à voter, enfin, le moratoire sur les éoliennes terrestres et maritimes. C’est le groupe DR, représenté par deux députés seulement ce matin, qui a déposé l’amendement tendant à l’imposer. Nous soutiendrons son initiative, en la précisant par des sous-amendements.D’autres l’ont rap"
Matthias Renault,RN,3e,Séance plénière,Intervenant,jeudi 19 juin 2025,CRSANR5L17S2025O1N248,Infrastructure éolienne,"Cette acceptabilité sociale est toutefois relative, ce que j’ai déjà rappelé hier soir. Dans l’immense majorité des cas, les opposants aux projets remportent des victoires écrasantes quand les conseils municipaux organisent des référendums locaux sur les éoliennes terrestres.Le nucléaire procure aux"
Matthias Renault,RN,3e,Séance plénière,Intervenant,jeudi 19 juin 2025,CRSANR5L17S2025O1N248,Infrastructure éolienne,"Le ratio entre la surface de paysages saccagés et la production d’électricité est évidemment en faveur du nucléaire. Je ne prétendrai pas qu’une centrale nucléaire, c’est beau. C’est moche comme les éoliennes, mais ça produit beaucoup plus d’électricité et pour un coût bien moins élevé et un niveau "
Matthias Renault,RN,3e,Séance plénière,Intervenant,jeudi 19 juin 2025,CRSANR5L17S2025O1N248,Réglementation & projets | Infrastructure éolienne,"L’amendement no 447 de M. Nury est important et ces sous-amendements précisent sa rédaction. Votons, enfin, un moratoire sur les éoliennes terrestres et maritimes ! (Applaudissements sur les bancs du groupe RN.)"
Matthias Renault,RN,3e,Séance plénière,Intervenant,jeudi 19 juin 2025,CRSANR5L17S2025O1N250,Infrastructure éolienne,"…car il fait semblant de ne pas comprendre, comme l’a brillamment exposé M. Amblard, qu’il y a plusieurs sources d’énergies renouvelables. L’un des principes qui commande notre choix est la responsabilité budgétaire. Après huit ans de Macronie, il y a 1 200 milliards d’euros de dette publique supplé"
Matthias Renault,RN,3e,Séance plénière,Intervenant,lundi 17 février 2025,CRSANR5L17S2025O1N103,Infrastructure éolienne,Il y a trop d’éoliennes !
Matthias Renault,RN,3e,Séance plénière,Intervenant,lundi 17 février 2025,CRSANR5L17S2025O1N103,Réglementation & projets | Infrastructure éolienne,"L’article 24, que cet amendement vise à supprimer, facilite le développement des éoliennes dans les zones économiques exclusives (ZEE) en créant un point de contact unique pour les porteurs de projet. Sans surprise, nous sommes résolument opposés au développement des éoliennes en mer et nous demando"
Matthias Renault,RN,3e,Séance plénière,Intervenant,lundi 17 février 2025,CRSANR5L17S2025O1N103,Infrastructure éolienne,"En réponse à M. le rapporteur, je citerai l’étude d’impact qui accompagne le projet de loi, page 286 : la disposition de l’article 24 « contribu[e] à l’accélération de la mise en œuvre de projets d’installation de […] parcs éoliens en mer ». Votre pique rhétorique masque difficilement le fond de l’a"
Matthias Renault,RN,3e,Séance plénière,Intervenant,lundi 17 février 2025,CRSANR5L17S2025O1N103,Infrastructure éolienne,"Le projet de parc éolien en baie de Somme, dont la convention a été signée en 2014, n’a fait l’objet d’aucun référendum local. En matière de consultation et d’acceptabilité par la population locale, c’est assez limité !Enfin, puisque vous évoquez l’enjeu de souveraineté, il s’agit effectivement d’un"
Matthias Renault,RN,3e,Séance plénière,Intervenant,lundi 17 février 2025,CRSANR5L17S2025O1N103,Infrastructure éolienne,"L’article 25 est assez extraordinaire. On développe les énergies renouvelables en général et les éoliennes en particulier au nom d’objectifs environnementaux. Ces éoliennes provoquent des dégâts environnementaux, désormais documentés, sur les oiseaux et sur les fonds marins. Et on demande des déroga"
Matthias Renault,RN,3e,Séance plénière,Intervenant,lundi 17 novembre 2025,CRSANR5L17S2026O1N055,Infrastructure éolienne,"Je vous rassure, je n’évoquerai pas l’arc narratif complotiste relatif à la Russie !Madame la ministre, nous proposons certes des augmentations considérables de recettes ; mais les subventions de l’État, en face, sont bien plus considérables encore. J’ai envoyé un courrier à vos services – je vais p"
Matthias Renault,RN,3e,Séance plénière,Intervenant,mercredi 18 juin 2025,CRSANR5L17S2025O1N247,Infrastructure éolienne | Politique énergétique,"…en vingt-quatre heures, comme vous le dites, non pas la politique relative aux énergies renouvelables en général, mais à l’éolien en particulier – sur lequel nous allons bientôt voter –, ce sera parce que les Français auront voté pour notre programme."
Matthias Renault,RN,3e,Séance plénière,Intervenant,mercredi 18 juin 2025,CRSANR5L17S2025O1N247,Infrastructure éolienne,"Par ailleurs, vous avez parlé de l’acceptabilité sociale des énergies renouvelables en général, et des éoliennes en particulier, en vous référant à un sondage qui montrerait que 80 % des Français auraient une bonne image des énergies renouvelables ou y seraient favorables. D’abord, il s’agit des éne"
Matthias Renault,RN,3e,Séance plénière,Intervenant,mercredi 18 juin 2025,CRSANR5L17S2025O1N247,Infrastructure éolienne,"Par ailleurs, ce sondage traduit une déclaration de bons sentiments assez générale, après des années de propagande qui a consisté à démolir systématiquement l’image du nucléaire dans notre pays. Quand on entre dans les travaux pratiques, on s’aperçoit que les habitants des communes concernées rejett"
Matthias Renault,RN,3e,Séance plénière,Intervenant,mercredi 18 juin 2025,CRSANR5L17S2025O1N247,Infrastructure éolienne,"Je voudrais lancer un appel aux associations antiéoliennes et aux citoyens : il faut qu’ils aillent voir leur conseil municipal et qu’ils fassent pression sur lui pour exiger un référendum d’initiative locale sur les projets d’éoliennes, parce que souvent, on ne leur demande pas leur avis. Vive la d"
Matthias Renault,RN,3e,Séance plénière,Intervenant,mercredi 28 mai 2025,CRSANR5L17S2025O1N219,Politique énergétique,"Le gouvernement et le bloc central n’ont de cesse d’expliquer que les dispositions relatives au ZAN doivent être examinées dans le cadre de la proposition de loi Trace et que le présent projet de loi n’est pas le bon véhicule législatif pour en débattre, alors même qu’on multiplie les dérogations de"
Matthias Renault,RN,3e,Séance plénière,Intervenant,vendredi 11 avril 2025,CRSANR5L17S2025O1N171,Infrastructure éolienne,"Sur cette somme, 100 milliards d’euros devraient subventionner le développement des énergies renouvelables et 35 milliards d’euros devraient être consacrés au raccordement des éoliennes en mer.Ces sujets doivent être discutés par le Parlement,…"
Matthias Renault,RN,3e,Séance plénière,Intervenant,vendredi 11 avril 2025,CRSANR5L17S2025O1N171,Infrastructure éolienne,"Il a trait au Conservatoire du littoral. Soyons clairs : la loi du 3 janvier 1986 relative à l’aménagement, la protection et la mise en valeur du littoral, dite « loi littoral », a été une très bonne loi. Elle a permis, au contraire de ce qui s’est passé dans d’autres pays, de préserver les paysages"
Matthias Renault,RN,3e,Séance plénière,Intervenant,vendredi 21 novembre 2025,CRSANR5L17S2026O1N066,Infrastructure éolienne,Ils visent à revoir la répartition d’une partie de l’affectation de la taxe sur les éoliennes en mer. Le premier modifie la répartition entre le Comité national des pêches maritimes et des élevages marins (CNPMEM) et les comités régionaux (CRPMEM). En tant que rapporteur spécial de la commission des
Matthias Renault,RN,3e,Séance plénière,Intervenant,vendredi 25 octobre 2024,CRSANR5L17S2025O1N018,Infrastructure éolienne,"Il est assez semblable aux deux amendements précédents, puisqu’il vise à doubler la taxe sur les éoliennes en mer. Cette source d’énergie est intermittente…"
Matthias Renault,RN,3e,Séance plénière,Intervenant,vendredi 25 octobre 2024,CRSANR5L17S2025O1N018,Infrastructure éolienne,"…et non rentable. Pendant deux ans, avec l’augmentation des prix de l’électricité, on nous a fait croire qu’elle l’était, mais on découvre dans le projet de budget que les éoliennes en mer seront à nouveau subventionnées à hauteur de 600 millions d’euros.Dans ma circonscription, le projet d’éolienne"
François Ruffin,ECOS,1re,Amendement,Cosignataire,2024-10-12,AMANR5L17PO59048B0324P1D1N000550,Réglementation & projets,"Cet amendement vise à créer une taxe sur les livraisons à domicile de biens opérées par les grandes plateformes numériques de vente en ligne, en exemptant les territoires ruraux et les livraisons en point relais.Plus précisément, cette taxe vise à cibler exclusivement les plateformes réalisant les v"
François Ruffin,ECOS,1re,Amendement,Cosignataire,2024-10-13,AMANR5L17PO59048B0324P1D1N000653,Infrastructure éolienne,"Cet amendement vise à étendre le crédit d’impôt au titre des investissements dans l’industrie verte aux entreprises industrielles et commerciales qui assurent le recyclage, le réemploi, la réutilisation et le reconditionnement des équipements et composants d’équipements cités dans le présent article"
François Ruffin,ECOS,1re,Amendement,Cosignataire,2024-10-13,AMANR5L17PO59048B0324P1D1N001418,Réglementation & projets,"Cet amendement vise à étendre l’assiette de la taxe sur l’exploitation des infrastructures de transport de longue distance en supprimant les seuils relatifs aux revenus de l’exploitation et à la rentabilité actuellement en vigueur, et en intégrant dans le champ d’application de la taxe les infrastru"
François Ruffin,ECOS,1re,Amendement,Cosignataire,2024-10-13,AMANR5L17PO59048B0324P1D1N001416,Réglementation & projets,"Cet amendement vise à refondre le tarif de solidarité, composante de la taxe sur le transport aérien de passagers, en alignant le barème de la classe économique sur le niveau allemand, et en doublant ce barème pour obtenir le montant en classes premium. Le barèmede l’aviation d’affaires commerciale "
François Ruffin,ECOS,1re,Amendement,Cosignataire,2024-10-17,AMANR5L17PO838901B0324P1D1N000797,Réglementation & projets,"Cet amendement vise à créer une taxe sur les livraisons à domicile de biens opérées par les grandes plateformes numériques de vente en ligne, en exemptant les territoires ruraux et les livraisons en point relais.Plus précisément, cette taxe vise à cibler exclusivement les plateformes réalisant les v"
François Ruffin,ECOS,1re,Amendement,Cosignataire,2024-10-18,AMANR5L17PO838901B0324P1D1N001510,Réglementation & projets,"Le nombre de livraisons de biens opérées par les plateformes numériques de vente en ligne a explosé ces dernières années au point de représenter 1,5 milliard de colis annuels livrés en France. En ville, ce flux de transport de marchandises correspond à 20 % du trafic et à 20 % des émissions de gaz à"
François Ruffin,ECOS,1re,Amendement,Cosignataire,2024-10-19,AMANR5L17PO838901B0324P1D1N003260,Réglementation & projets,"Cet amendement vise à refondre le tarif de solidarité, composante de la taxe sur le transport aérien de passagers, en alignant le barème de la classe économique sur le niveau allemand, et en doublant ce barème pour obtenir le montant en classes premium. Le barèmede l’aviation d’affaires commerciale "
François Ruffin,ECOS,1re,Amendement,Cosignataire,2024-10-19,AMANR5L17PO838901B0324P1D1N002825,Infrastructure éolienne,"La disponibilité et l’accès aux matières premières critiques pour la production industrielle constituent un enjeu majeur pour la souveraineté nationale et la réalisation de la transition énergétique, c’est pourquoi cet amendement vise à accélérer les investissements réalisés pour la collecte, le rec"
François Ruffin,ECOS,1re,Amendement,Cosignataire,2024-10-19,AMANR5L17PO838901B0324P1D1N003256,Réglementation & projets,"Cet amendement vise à étendre l’assiette de la taxe sur l’exploitation des infrastructures de transport de longue distance en supprimant les seuils relatifs aux revenus de l’exploitation et à la rentabilité actuellement en vigueur, et en intégrant dans le champ d’application de la taxe les infrastru"
François Ruffin,ECOS,1re,Amendement,Cosignataire,2024-10-24,AMANR5L17PO59048B0324P2D1N001197,Réglementation & projets,"Cet amendement vise à augmenter les effectifs des inspecteurs des installations classées pour protection de l'environnement.L’inspection des installations classées a réalisé 24 232 contrôles en 2023. Or, on dénombre en France environ 500 000 installations classées. Aussi, l’extrême majorité des site"
François Ruffin,ECOS,1re,Amendement,Cosignataire,2024-10-24,AMANR5L17PO59048B0324P2D1N001132,Réglementation & projets,"L'objet de cet amendement est de poursuivre sur la bonne dynamique impulsée l'an passé en PLF avec la création de 100 postes d'inspecteur·ices des installations classées, en créant à nouveau 100 postes pour l'année 2025, et en prévoyant une hausse des autorisations d'engagements pour permettre, sur "
François Ruffin,ECOS,1re,Amendement,Cosignataire,2024-10-25,AMANR5L17PO419610B0324P2D1N000278,Infrastructure éolienne | Politique énergétique,"Le développement des énergies renouvelables a conduit à une évolution dont l’importance n’a pas été, jusqu’à présent, pleinement mesurée : le nombre de projets à instruire (autorisation, raccordement, etc.) est bien plus important qu’hier et sera en augmentation constante demain.À titre d’exemples, "
François Ruffin,ECOS,1re,Amendement,Cosignataire,2024-10-29,AMANR5L17PO59048B0324P2D1N002364,Réglementation & projets,"Cet amendement vise à appliquer aux territoires ultramarins le dispositif de continuité territoriale actuellement en vigueur en Corse. Aujourd’hui le régime en vigueur est peu efficace. Faute de dotation suffisante, l’éligibilité au dispositif de subvention est très restreinte et mobilisable q"
François Ruffin,ECOS,1re,Amendement,Cosignataire,2024-10-30,AMANR5L17PO59048B0324P2D1N002697,Infrastructure éolienne,"Cet amendement vise à soutenir le développement des énergies renouvelables en outre-mer, en soutenant les entreprises d’énergies renouvelables dans les territoires d’outre-mer à hauteur de 5 millions d’euros.Aujourd’hui, le modèle énergétique des territoires d’outre-mer est marqué par une forte dépe"
François Ruffin,ECOS,1re,Amendement,Cosignataire,2024-10-31,AMANR5L17PO838901B0324P2D1N000870,Réglementation & projets,"L'objet de cet amendement est de poursuivre sur la bonne dynamique impulsée l'an passé en PLF avec la création de 100 postes d'inspecteur·ices des installations classées, en créant à nouveau 100 postes pour l'année 2025, et en prévoyant une hausse des autorisations d'engagements pour permettre, sur "
François Ruffin,ECOS,1re,Amendement,Cosignataire,2024-11-04,AMANR5L17PO838901B0324P2D1N001175,Réglementation & projets,"Cet amendement vise à augmenter les effectifs des inspecteurs des installations classées pour protection de l'environnement.L’inspection des installations classées a réalisé 24 232 contrôles en 2023. Or, on dénombre en France environ 500 000 installations classées. Aussi, l’extrême majorité des site"
François Ruffin,ECOS,1re,Amendement,Cosignataire,2024-11-04,AMANR5L17PO838901B0324P2D1N001280,Réglementation & projets,"Cet amendement vise à financer la création d’un refuge marin pour accueillir les cétacés captifs en France conformément aux dispositions relatives au delphinariums de loi contre la maltraitance animale de 2021.Dans la nature, les orques et dauphins peuvent parcourir quotidiennement jusqu’à cent-cinq"
François Ruffin,ECOS,1re,Amendement,Cosignataire,2024-11-05,AMANR5L17PO838901B0324P2D1N001527,Infrastructure éolienne | Politique énergétique,"Le développement des énergies renouvelables a conduit à une évolution dont l’importance n’a pas été, jusqu’à présent, pleinement mesurée : le nombre de projets à instruire (autorisation, raccordement, etc.) est bien plus important qu’hier et sera en augmentation constante demain.À titre d’exemples, "
François Ruffin,ECOS,1re,Amendement,Cosignataire,2024-11-06,AMANR5L17PO838901B0324P2D1N002125,Politique énergétique,"Le présent amendement du groupe Écologiste et Social vise à permettre aux parlementaires d’avoir une visibilité précise sur les autorisations d’engagement et les crédits de paiement de l’ADEME au titre des Fonds chaleur et économie circulaire.Dans la présentation actuelle du budget, le programme bud"
François Ruffin,ECOS,1re,Amendement,Cosignataire,2024-11-07,AMANR5L17PO838901B0324P2D1N002816,Réglementation & projets,"Le Centre National d’Enseignement à Distance (CNED) est chargé d’une double mission d’éducation et de formation. Opérateur public de l’enseignement à distance, l’établissement permet à ceux qui sont éloignés du système éducatif d’accéder à la formation ou encore à d’autres, en reprise d‘études, "
François Ruffin,ECOS,1re,Amendement,Cosignataire,2024-11-07,AMANR5L17PO838901B0324P2D1N002887,Politique énergétique,"Le présent amendement vise tout d’abord à permettre aux parlementaires d’avoir une visibilité précise sur les autorisations d’engagement et les crédits de paiement de l’ADEME au titre des Fonds chaleur et économie circulaire. En effet, dans la présentation actuelle du budget, la ligne budgétaire pré"
François Ruffin,ECOS,1re,Amendement,Cosignataire,2024-11-08,AMANR5L17PO838901B0324P2D1N003243,Infrastructure éolienne,"Cet amendement, adopté en commission des finances, vise à soutenir le développement des énergies renouvelables en outre-mer, en soutenant les entreprises d’énergies renouvelables dans les territoires d’outre-mer à hauteur de 5 millions d’euros.Aujourd’hui, le modèle énergétique des territoires d’out"
François Ruffin,ECOS,1re,Amendement,Cosignataire,2024-11-08,AMANR5L17PO838901B0324P2D1N003336,Infrastructure éolienne,"Cet amendement vise à soutenir le développement des énergies renouvelables en outre-mer, en soutenant les entreprises d’énergies renouvelables dans les territoires d’outre-mer à hauteur de 5 millions d’euros.Aujourd’hui, le modèle énergétique des territoires d’outre-mer est marqué par une forte dépe"
François Ruffin,ECOS,1re,Amendement,Cosignataire,2025-03-14,AMANR5L17PO838901BTC1043P0D1N000727,Réglementation & projets,Cet amendement du groupe Écologiste et Social vise à atténuer les effets de l’isolement social imposé aux personnes détenues en quartiers de lutte contre la criminalité organisée en rétablissant l’accès aux unités de vie familiale (UVF) pour les proches résidant à plus de 200 kilomètres de l’établis
François Ruffin,ECOS,1re,Amendement,Cosignataire,2025-03-20,AMANR5L17PO849474B0481P0D1N000948,Réglementation & projets | Infrastructure éolienne | Politique énergétique,"Le présent amendement vise à encadrer le délai d’instruction et de délivrance des autorisations pour l’éolien en mer pour accélérer et faciliter la réalisation des projets et, ainsi, l’atteinte des objectifs de transition énergétique. Cette période d’instruction des projets éoliens en mer dure aujou"
François Ruffin,ECOS,1re,Amendement,Cosignataire,2025-03-20,AMANR5L17PO849474B0481P0D1N000946,Réglementation & projets | Infrastructure éolienne | Politique énergétique,Le présent article 16 introduit des dérogations supplémentaires au principe d'allotissement pour le développement de l'éolien en mer. Au prétexte d'un fort besoin d'accélération sur certains projets essentiels à la transition écologique et au prétexte que peu ou pas de TPE-PME ne sont pour l'instant
François Ruffin,ECOS,1re,Amendement,Cosignataire,2025-04-03,AMANR5L17PO838901BTC1191P0D1N000843,Réglementation & projets,Cet amendement vise à rétablir l’évaluation environnementale des projets qualifiés d’intérêt national majeur pour la souveraineté nationale ou la transition écologique Cet article prévoit que la demande d’autorisation environnementale d’un projet qualifié d’intérêt national majeur pour la souveraine
François Ruffin,ECOS,1re,Amendement,Cosignataire,2025-04-03,AMANR5L17PO838901BTC1191P0D1N000834,Réglementation & projets,"Un projet d’intérêt national majeur, créé par la loi industrie verte, correspond à “tout projet industriel qui revêt, eu égard à son objet et à son envergure, notamment en termes d'investissement et d'emploi, une importance particulière pour la transition écologique ou la souveraineté na"
François Ruffin,ECOS,1re,Amendement,Cosignataire,2025-04-04,AMANR5L17PO838901BTC1191P0D1N002201,Réglementation & projets,"Cet amendement vise à garantir la tenue d’une enquête publique pour les projets soumis à autorisation environnementale, et en particulier pour les datacenters. L’article 4 de la loi relative à l’industrie verte a introduit la possibilité de remplacer l’enquête publique par une consultation du public"
François Ruffin,ECOS,1re,Amendement,Cosignataire,2025-04-04,AMANR5L17PO838901BTC1191P0D1N001098,Politique énergétique,"Le présent amendement vise à supprimer l’article 21 quater, introduit par l’adoption de l’amendement CS509 en commission spéciale chargée d’examiner le projet de loi de simplification de la vie économique, qui abroge le cadre législatif existant relatif à la loi de programmation énergie-climat (LPEC"
François Ruffin,ECOS,1re,Amendement,Cosignataire,2025-04-04,AMANR5L17PO838901BTC1191P0D1N001613,Réglementation & projets | Infrastructure éolienne | Politique énergétique,Le présent article 16 introduit des dérogations supplémentaires au principe d'allotissement pour le développement de l'éolien en mer. Au prétexte d'un fort besoin d'accélération sur certains projets essentiels à la transition écologique et au prétexte que peu ou pas de TPE-PME ne sont pour l'instant
François Ruffin,ECOS,1re,Amendement,Cosignataire,2025-04-04,AMANR5L17PO838901BTC1191P0D1N001597,Réglementation & projets,"Cet amendement vise à supprimer l'extension de la notion de PINM aux centres de données. Un projet d’intérêt national majeur, créé par la loi industrie verte, correspond à “tout projet industriel qui revêt, eu égard à son objet et à son envergure, notamment en termes d'investissement et d'e"
François Ruffin,ECOS,1re,Amendement,Cosignataire,2025-04-04,AMANR5L17PO838901BTC1191P0D1N002195,Réglementation & projets,"Le présent amendement vise à inciter fortement l’activité industrielle, forte consommatrice de chaleur, à décarboner ses consommations. Les gisements non exploités de chaleur fatale à proximité de réseaux de chaleur est estimé à 15 TWh. Il s’agit d’étendre dès 2025, l’obligation pour toute installat"
François Ruffin,ECOS,1re,Amendement,Cosignataire,2025-04-04,AMANR5L17PO838901BTC1191P0D1N001615,Réglementation & projets | Infrastructure éolienne,"Cet amendement vise à faciliter la participation des PME et ETI, en particulier présentes sur le territoire national, en tant que parties prenantes de groupements candidatant aux appels d'offres de mise en concurrence unique pour plusieurs projets d’éoliennes en mer. Ces entreprises ancrées dans le "
François Ruffin,ECOS,1re,Amendement,Cosignataire,2025-04-04,AMANR5L17PO838901BTC1191P0D1N001618,Réglementation & projets | Infrastructure éolienne | Politique énergétique,"Le présent amendement vise à encadrer le délai d’instruction et de délivrance des autorisations pour l’éolien en mer pour accélérer et faciliter la réalisation des projets et, ainsi, l’atteinte des objectifs de transition énergétique. Cette période d’instruction des projets éoliens en mer dure aujou"
François Ruffin,ECOS,1re,Amendement,Cosignataire,2025-04-04,AMANR5L17PO838901BTC1191P0D1N001739,Réglementation & projets,"Cet amendement vise à faciliter l'accès des lauréats des appels d'offres à l'intégralité des informations environnementales nécessaires à la réalisation de l'étude d'impact intégrant la demande d'autorisation du lauréat. Il prévoit donc, dans le cadre des appels d'offres des projets éoliens en mer, "
François Ruffin,ECOS,1re,Amendement,Cosignataire,2025-06-12,AMANR5L17PO838901BTC1522P0D1N000529,Politique énergétique,"Le présent amendement du groupe Écologiste et Social vise à fixer un objectif de capacité installée pour le photovoltaïque à 60 GW en 2030 et entre 75 et 100 GW en 2035, conformément au meilleur scénario du dernier projet de future Programmation pluriannuelle de l'énergie (PPE 3) proposé par le gouv"
François Ruffin,ECOS,1re,Amendement,Cosignataire,2025-06-12,AMANR5L17PO838901BTC1522P0D1N000360,Infrastructure éolienne,"Cet amendement vise à remettre au cœur des objectifs de la politique énergétique nationale la nécessité de renforcer les capacités de recherche et d’innovation pour le développement des énergies renouvelables, tant pour les énergies existantes que pour des sources d'énergies émergentes et sous-explo"
François Ruffin,ECOS,1re,Amendement,Cosignataire,2025-06-12,AMANR5L17PO838901BTC1522P0D1N000363,Infrastructure éolienne,"Cet amendement vise à intégrer l'économie circulaire dans les grands objectifs de la politique énergétique nationale.L'intégration de l'économie circulaire dans les politiques énergétiques de la France est non seulement une nécessité environnementale, mais également une stratégie essentielle pour re"
François Ruffin,ECOS,1re,Amendement,Cosignataire,2025-06-12,AMANR5L17PO838901BTC1522P0D1N000359,Politique énergétique,"Cet amendement vise à fixer dans la politique énergétique nationale l'objectif de privilégier et soutenir prioritairement les projets d'équipements en panneaux photovoltaïques sur les parcs de stationnement extérieurs, avec une ambition supérieure à celle inscrite dans la loi relative à l’accélérati"
François Ruffin,ECOS,1re,Amendement,Cosignataire,2025-06-12,AMANR5L17PO838901BTC1522P0D1N000356,Infrastructure éolienne,"Cet amendement de repli du groupe Écologiste et Social propose d’inscrire un rythme d’installation de nouvelles capacités de production d’éolien terrestre d’au moins 1,5 GW par an jusqu’en 2035, conformément aux objectifs de la Stratégie française énergie-climat (SFEC) présentée par le Gouvernement "
François Ruffin,ECOS,1re,Amendement,Cosignataire,2025-06-12,AMANR5L17PO838901BTC1522P0D1N000525,Politique énergétique,"Cet amendement du groupe Écologiste et Social, travaillé avec Enerplan, vise à ajouter un plancher d’objectif de capacités installés pour le solaire thermique.Il est primordial de poursuivre la dynamique du solaire thermique en vue d’atteindre au moins 6 térawattheures en 2030 et au moins 10 térawat"
François Ruffin,ECOS,1re,Amendement,Cosignataire,2025-06-12,AMANR5L17PO838901BTC1522P0D1N000546,Réglementation & projets | Infrastructure éolienne | Politique énergétique,"Cet amendement du groupe Écologiste et Social vise à réécrire l'article 5 de la présente proposition de loi, pour redonner à la politique énergétique française une trajectoire claire et alignée sur les objectifs européens de développement des énergies renouvelables.Alors que la version actuelle de l"
François Ruffin,ECOS,1re,Amendement,Cosignataire,2025-06-12,AMANR5L17PO838901BTC1522P0D1N000541,Politique énergétique,"Cet amendement du groupe Écologiste et Social vise à intégrer les coûts complets du nucléaire et des énergies renouvelables dans la programmation pluriannuelle de l’énergie (PPE) afin d’éclairer le législateur, les acteurs et porteurs de projets et le consommateur.Il est en effet nécessaire que le l"
François Ruffin,ECOS,1re,Amendement,Cosignataire,2025-06-12,AMANR5L17PO838901BTC1522P0D1N000534,Infrastructure éolienne | Politique énergétique,"Le présent amendement vise à réaffirmer la nécessité de reconvertir les centrales à charbon. Il prévoit ainsi qu’à l’horizon du 31 décembre 2026, ces installations fassent l'objet d’un plan de reconversion vers des moyens de production d’électricité à partir de sources renouvelables, ou vers des uni"
François Ruffin,ECOS,1re,Amendement,Cosignataire,2025-06-12,AMANR5L17PO838901BTC1522P0D1N000407,Infrastructure éolienne | Politique énergétique,"Cet amendement a pour but d’inciter à installer des éoliennes plus hautes, là où c’est possible, afin d’en installer moins.Des éoliennes plus hautes, ce sont des éoliennes plus puissantes, grâce à une surface balayée plus importante, qui captent des vents plus forts et plus réguliers, et donc qui pr"
François Ruffin,ECOS,1re,Amendement,Cosignataire,2025-06-12,AMANR5L17PO838901BTC1522P0D1N000521,Infrastructure éolienne | Politique énergétique,"Cet amendement du groupe Écologiste et Social vise à garantir la pleine conformité du droit français aux exigences européennes en matière de transition énergétique. La directive (UE) 2023/2413 du 18 octobre 2023, dite « RED III », impose à chaque État membre une part minimale contraignante de 42,5 %"
François Ruffin,ECOS,1re,Amendement,Cosignataire,2025-06-12,AMANR5L17PO838901BTC1522P0D1N000355,Infrastructure éolienne,"Cet amendement du groupe Écologiste et Social vise à inscrire dans la loi un rythme minimal de déploiement de l’éolien terrestre, à hauteur de 2 GW de nouvelles capacités installées par an jusqu’en 2035.En l’état, l’article 5 se contente de réaffirmer un principe général de poursuite du développemen"
François Ruffin,ECOS,1re,Amendement,Cosignataire,2025-06-12,AMANR5L17PO838901BTC1522P0D1N000532,Politique énergétique,"L’article 8 de la présente proposition de loi rehausse pour 2030 à -30 % par rapport à 2012 (au lieu de -20 % actuellement), l’objectif de baisse de la consommation d’énergie finale.Si ce nouvel objectif est louable, il n’en reste pas moins encore insuffisant, de 12 points, pour respecter les engage"
François Ruffin,ECOS,1re,Amendement,Cosignataire,2025-06-12,AMANR5L17PO838901BTC1522P0D1N000533,Politique énergétique,"Par cet amendement, le groupe Écologiste et Social souhaite renforcer la portée de l’objectif de réduction de la consommation énergétique finale d’ici 2030, en remplaçant les mots « à hauteur » par « d’au moins » 30 % par rapport à 2012. Il ne s’agit pas d’un simple ajustement technique, mais d’un s"
François Ruffin,ECOS,1re,Amendement,Cosignataire,2025-06-12,AMANR5L17PO838901BTC1522P0D1N000514,Politique énergétique,"La définition de notre politique énergétique et climatique est une décision structurante pour notre société car l’énergie est un bien essentiel, que nous utilisons quotidiennement, dont on ne peut se passer (chauffage, déplacements, cuisine…). Nous sommes donc tous concernés, en particulier les plus"
François Ruffin,ECOS,1re,Amendement,Cosignataire,2025-06-12,AMANR5L17PO838901BTC1522P0D1N000548,Infrastructure éolienne | Politique énergétique,"Le présent amendement du groupe Écologiste et Social vise à inscrire dans la présente proposition de loi de nouveaux objectifs nationaux de développement de l’éolien en mer. Ces objectifs sont issus à la fois du Pacte éolien en mer, conclu en 2018 entre le Gouvernement et les acteurs de la filière, "
François Ruffin,ECOS,1re,Amendement,Cosignataire,2025-06-12,AMANR5L17PO838901BTC1522P0D1N000549,Infrastructure éolienne | Politique énergétique,"Amendement de repli à l'amendement n°546.Il vise à réécrire l'article 5 pour inscrire dans la loi l'objectif de 42,5 % d’énergies renouvelables dans la consommation finale brute d’énergie à l’horizon 2030, en cohérence avec l’objectif européen fixé par la directive RED III.Pour rappel, cette directi"
François Ruffin,ECOS,1re,Amendement,Cosignataire,2025-06-12,AMANR5L17PO838901BTC1522P0D1N000530,Politique énergétique,"Le présent amendement de repli du groupe Écologiste et Social vise à fixer un objectif de développement du photovoltaïque aligné sur la cible de référence de la dernière version de la Programmation pluriannuelle de l’énergie (PPE 3), à savoir 54 GW en 2030 et entre 65 et 90 GW à l’horizon 2035.Il s’"
François Ruffin,ECOS,1re,Amendement,Cosignataire,2025-06-16,AMANR5L17PO838901BTC1522P0D1N000701,Politique énergétique,"Ce sous-amendement du groupe Écologiste et Social vise à supprimer le 5° quater de l'amendement du gouvernement, qui prévoit le maintien en fonctionnement de toutes les installations de retraitement et de valorisation des combustibles usés, au-delà de 2040.Cette orientation soutient de fait la prolo"
François Ruffin,ECOS,1re,Amendement,Cosignataire,2025-06-16,AMANR5L17PO838901BTC1522P0D1N000728,Politique énergétique,"Ce sous-amendement du groupe Écologiste et Social vise à supprimer le 5° quater, qui prévoit le maintien en fonctionnement de toutes les installations de retraitement et de valorisation des combustibles usés, au-delà de 2040.Cette orientation soutient de fait la prolongation d’installations ancienne"
François Ruffin,ECOS,1re,Séance plénière,Intervenant,mardi 22 octobre 2024,CRSANR5L17S2025O1N010,Infrastructure éolienne,"« Déléguer notre protection, notre santé, notre alimentation à d’autres est une folie. » Voilà ce que déclarait le Président de la République au cœur de la crise du covid. Il ajoutait : « Nous devons en reprendre le contrôle. » J’approuvais, nous étions nombreux à approuver cette volonté de souverai"
Jean-Philippe Tanguy,RN,4e,Amendement,Cosignataire,2024-10-17,AMANR5L17PO419610B0324P2D1N000041,Politique énergétique,"L’indicateur de l’alinéa 703 dispose qu’il faut « Contribuer à porter à 40 % la part des énergies renouvelables dans la production d’électricité en 2030 ». À l’heure de la relance du nucléaire, il est absurde de maintenir l’objectif de 40 % de part d’énergies renouvelables dans la production d’élect"
Jean-Philippe Tanguy,RN,4e,Amendement,Auteur,2024-10-17,AMANR5L17PO838901B0324P1D1N000881,Infrastructure éolienne,"La mise en service du parc éolien de Saint-Nazaire, composé de 80 éoliennes géantes de 180 mètres, est le premier d’une série de 7 parcs éoliens en mer. La puissance de production du parc de Saint Nazaire équivaut au sixième de la puissance des deux réacteurs de Fessenheim désormais fermés, à la dif"
Jean-Philippe Tanguy,RN,4e,Amendement,Cosignataire,2024-10-29,AMANR5L17PO838901B0324P2D1N000363,Infrastructure éolienne | Politique énergétique,"Le présent amendement propose de minorer les crédits affectés au service public de l’énergie, part qui correspond à la subvention des éoliennes en mer, énergie intermittente, peu efficace, et qui abîme les cotes françaises. Il s’agit d’une mesure d’économie budgétaire, afin de recentrer les dépenses"
Jean-Philippe Tanguy,RN,4e,Amendement,Cosignataire,2025-03-11,AMANR5L17PO838901BTC1043P0D1N000006,Réglementation & projets,"L’article 15 ter de la présente proposition de loi, introduit en séance au Sénat, prévoit la possibilité pour les enquêteurs, sur autorisation du juge des libertés et de la détention ou requête du procureur de la République ou du juge d’instruction, d’avoir recours à une activation à distance d’appa"
Jean-Philippe Tanguy,RN,4e,Amendement,Cosignataire,2025-03-11,AMANR5L17PO838901BTC1043P0D1N000005,Réglementation & projets,"L’article 15 quater de la présente proposition de loi, introduit en séance au Sénat, crée un cadre légal permettant aux enquêteurs de recourir à l’activation à distance d’appareils connectés des mis en cause.Cette technique spéciale d’enquête permettrait aux enquêteurs de conduire leurs opérations s"
Jean-Philippe Tanguy,RN,4e,Amendement,Cosignataire,2025-03-11,AMANR5L17PO838901BTC1043P0D1N000004,Réglementation & projets,"L’article 15 quater de la présente proposition de loi, introduit en séance au Sénat, crée un cadre légal permettant aux enquêteurs de recourir à l’activation à distance d’appareils connectés des mis en cause.Cette technique spéciale d’enquête permettrait aux enquêteurs de conduire leurs opérations s"
Jean-Philippe Tanguy,RN,4e,Amendement,Cosignataire,2025-03-11,AMANR5L17PO838901BTC1043P0D1N000002,Réglementation & projets,"L’article 16 de la présente proposition de loi crée un « dossier coffre », permettant de protéger des risques de divulgation certains éléments limitativement énumérés relatifs à certains outils employés par les enquêteurs, dans le cadre de la lutte contre le narcotrafic et la criminalité organisée.T"
Jean-Philippe Tanguy,RN,4e,Amendement,Cosignataire,2025-03-20,AMANR5L17PO849474B0481P0D1N000719,Infrastructure éolienne,"L’objectif de cet amendement est de supprimer cet article. Les éoliennes offshore se développent depuis plusieurs années, malgré des résultats contrastés. Leur intermittence est difficilement compatible avec le système de production d’électricité français, principalement basé sur l’énergie nucléaire"
Jean-Philippe Tanguy,RN,4e,Amendement,Cosignataire,2025-04-04,AMANR5L17PO838901BTC1191P0D1N001250,Infrastructure éolienne,"L’objectif de cet amendement est de supprimer cet article. Les éoliennes offshore se développent depuis plusieurs années, malgré des résultats contrastés. Leur intermittence est difficilement compatible avec le système de production d’électricité français, principalement basé sur l’énergie nucléaire"
Jean-Philippe Tanguy,RN,4e,Amendement,Cosignataire,2025-04-04,AMANR5L17PO838901BTC1191P0D1N001902,Réglementation & projets,Cet amendement tend à ce que la déclaration d’utilité publique (DUP) concernant un projet de construction indique si ledit projet est conforme aux exigences de la protection de l’environnement.En effet la délivrance de la DUP exige déjà l’accomplissement d’une étude d’impact prenant en compte les co
Jean-Philippe Tanguy,RN,4e,Amendement,Cosignataire,2025-04-04,AMANR5L17PO838901BTC1191P0D1N001901,Réglementation & projets,"Cet amendement tend à ce que tout projet, et non seulement d’infrastructure, soit considéré comme répondant de plein droit à toutes les exigences posées par la loi pour l’obtention de l’autorisation environnementale, dès lors qu’il a fait l’objet d’une « déclaration d’utilité publique ».En effet la "
Jean-Philippe Tanguy,RN,4e,Amendement,Cosignataire,2025-06-11,AMANR5L17PO838901BTC1522P0D1N000051,Infrastructure éolienne,Le présent amendement vise à introduire un alinéa complémentaire à l'article 5 du présent texte rendant obligatoire la mise en place d'une consultation des habitants des communes concernées par des projets d'implantation ou de renouvellement de parcs éoliens et photovoltaïques sur le territo
Jean-Philippe Tanguy,RN,4e,Amendement,Cosignataire,2025-06-11,AMANR5L17PO838901BTC1522P0D1N000034,Infrastructure éolienne,"Le présent amendement du groupe Rassemblement National fixe des objectifs clairs de production d’hydrogène décarboné, en visant au moins 50 TWh par an d’ici 2035, et 170 TWh à l’horizon 2050. Il prend en compte l’ensemble des technologies pertinentes — électrolyse, thermolyse et hydrogène blanc — af"
Jean-Philippe Tanguy,RN,4e,Amendement,Cosignataire,2025-06-11,AMANR5L17PO838901BTC1522P0D1N000054,Infrastructure éolienne,"Ce moratoire proposé par le groupe Rassemblement National a pour but de suspendre temporairement le développement de nouvelles capacités intermittentes (énergie d’origine éolienne, solaire ou marine) tant que leur contribution réelle à la sécurité d’approvisionnement, à la décarbonation et à la mini"
Jean-Philippe Tanguy,RN,4e,Amendement,Cosignataire,2025-06-11,AMANR5L17PO838901BTC1522P0D1N000048,Infrastructure éolienne,"Les forêts jouent un rôle très important dans l'équilibre de notre biodiversité, en agissant comme des puits de carbone naturels mais également en régulant les cycles de l’eau.Elles contribuent également de manière non négligeable à la production énergétique durable, notamment par la filière bois-én"
Jean-Philippe Tanguy,RN,4e,Amendement,Cosignataire,2025-06-11,AMANR5L17PO838901BTC1522P0D1N000086,Infrastructure éolienne,"Ce moratoire a pour but de suspendre temporairement le développement de nouvelles capacités intermittentes (énergie d'origine éolienne, solaire ou marine)tant que leur contribution réelle à la sécurité d'approvisionnement, à la décarbonation et à la minimisation des coûts du système n'a pas été éval"
Jean-Philippe Tanguy,RN,4e,Amendement,Cosignataire,2025-06-11,AMANR5L17PO838901BTC1522P0D1N000049,Réglementation & projets | Infrastructure éolienne,"""Fixer une programmation énergétique ambitieuse"" ne doit pas se faire au détriment de notre appareil nucléaire, producteur de l'énergie la plus propre et la moins chère du marché.Aussi, il est particulièrement dangereux pour la souveraineté énergétique nationale de, je cite, ""de poursuivre le dévelo"
Jean-Philippe Tanguy,RN,4e,Amendement,Cosignataire,2025-06-12,AMANR5L17PO838901BTC1522P0D1N000411,Infrastructure éolienne,"Le présent amendement vise à inscrire dans les dispositions préliminaires du code de l'énergie la nécessaire considération de l'acceptabilité des projets d'installations de production d'électricité. Il apparaît en effet que, très régulièrement, le développement de certaines installations suscite pre"
Jean-Philippe Tanguy,RN,4e,Amendement,Cosignataire,2025-06-12,AMANR5L17PO838901BTC1522P0D1N000347,Infrastructure éolienne,"Cet amendement de repli vise à mettre un terme à l’implantation de nouvelles éoliennes terrestres ainsi qu’à leur réinstallation sur des sites déjà démantelés. Il ne remet pas en cause le renouvellement ou l’entretien des parcs existants, mais marque une inflexion claire en matière de développement "
Jean-Philippe Tanguy,RN,4e,Amendement,Cosignataire,2025-06-12,AMANR5L17PO838901BTC1522P0D1N000412,Infrastructure éolienne,"Si la politique énergétique doit en effet poursuivre un objectif de cohésion sociale et territoriale, cet objectif ne peut seulement prendre en considération les problématiques, légitimes de coût de l’énergie et de pouvoir d’achat. En matière énergétique, la cohésion sociale et territoriale passe ég"
Jean-Philippe Tanguy,RN,4e,Amendement,Cosignataire,2025-06-12,AMANR5L17PO838901BTC1522P0D1N000252,Réglementation & projets | Infrastructure éolienne,"Cet amendement vise à instaurer un moratoire de dix ans sur l'installations de projets éoliens.L’objectif est de stopper un modèle de production électrique qui, malgré un soutien financier massif, s’avère coûteux, peu fiable et porteur de nuisances écologiques, économiques et paysagères. Ce moratoir"
Jean-Philippe Tanguy,RN,4e,Amendement,Cosignataire,2025-06-12,AMANR5L17PO838901BTC1522P0D1N000410,Infrastructure éolienne,"Amendement de repliLa construction d'éoliennes sur nos territoires suscite de très nombreuses problématiques. Intermittentes, coûteuses, porteuses de nombreuses nuisances, nuisibles à l'équilibre du réseau électrique, elles sont enfin largement décriées par les habitants concernés. A cet égard, les "
Jean-Philippe Tanguy,RN,4e,Séance plénière,Intervenant,jeudi 07 novembre 2024,CRSANR5L17S2025O1N039,Infrastructure éolienne,"Nous ne retirerons pas le second amendement de Kévin Mauvieux, lequel a très bien défendu la philosophie du Rassemblement national.Je répondrai à notre collègue Amiel : depuis dix ans, la production électrique française n’est pas seulement stable, mais à la baisse ! En vingt ans, les installations é"
Jean-Philippe Tanguy,RN,4e,Séance plénière,Intervenant,jeudi 19 juin 2025,CRSANR5L17S2025O1N249,Infrastructure éolienne,"Où sont vos députés ? Où sont les députés écologistes qui auraient pu faire barrage à ce qui menace l’humanité ? Visiblement, madame Rousseau, le texte ne semble pas menacer suffisamment l’humanité pour mobiliser vos collègues de gauche ! (Applaudissements sur les bancs des groupes RN et UDR.) Le co"
Jean-Philippe Tanguy,RN,4e,Séance plénière,Intervenant,jeudi 19 juin 2025,CRSANR5L17S2025O1N249,Infrastructure éolienne,"Que cela vous plaise ou non, le nucléaire a bien plus décarboné l’économie occidentale et l’économie chinoise que n’importe laquelle de vos éoliennes et de votre énergie photovoltaïque. Tout cela n’a pas de sens. Beaucoup d’enjeux écologiques imposent de prendre des décisions sérieuses qui n’ont rie"
Jean-Philippe Tanguy,RN,4e,Séance plénière,Intervenant,jeudi 19 juin 2025,CRSANR5L17S2025O1N249,Infrastructure éolienne,"Aux élections européennes, vous avez proposé une ligne aux Français et aux Européens : votre candidate a recueilli 5,1 % des suffrages. Nous avons proposé la nôtre : notre candidat Jordan Bardella a obtenu 34 % ! (Applaudissements sur les bancs des groupes RN et UDR.) La réalité est que vous n’avez "
Jean-Philippe Tanguy,RN,4e,Séance plénière,Intervenant,jeudi 19 juin 2025,CRSANR5L17S2025O1N249,Infrastructure éolienne,"On ne peut pas en permanence avancer à la godille, faire tout et son contraire, relancer le nucléaire, l’arrêter puis le relancer encore, stopper l’installation des éoliennes dans la Somme puis la relancer, faire de même avec les panneaux photovoltaïques qu’on n’arrive plus à financer. Vous êtes con"
Jean-Philippe Tanguy,RN,4e,Séance plénière,Intervenant,lundi 16 juin 2025,CRSANR5L17S2025O1N241,Infrastructure éolienne,"Nous avions proposé ce dispositif avant l’article 1er, mais l’amendement a malheureusement été déclaré irrecevable. C’est pourquoi nous le proposons de nouveau ici.L’un des principaux enjeux de ce texte est de savoir quel sera le coût de production de l’énergie en France, en particulier celui de l’é"
Jean-Philippe Tanguy,RN,4e,Séance plénière,Intervenant,lundi 16 juin 2025,CRSANR5L17S2025O1N241,Politique énergétique,"Le nucléaire est par essence un bien public. Ce n’est pas un hasard si les grands programmes nucléaires ont été lancés aux lendemains de la guerre, inspirés par l’esprit qui avait animé le Conseil national de la Résistance et des mouvements équivalents dans l’ensemble des pays occidentaux. À ce mome"
Jean-Philippe Tanguy,RN,4e,Séance plénière,Intervenant,lundi 21 octobre 2024,CRSANR5L17S2025O1N008,Infrastructure éolienne,"…dans le plan budgétaire, il est indiqué que les impôts de production ont diminué, alors qu’ils ont, en fait, été alourdis de 13 milliards d’euros par an en trois ans !Troisièmement, vous cachez sciemment toutes les grenades budgétaires qui finiront par nous exploser au visage. Que prévoyez-vous pou"
Jean-Philippe Tanguy,RN,4e,Séance plénière,Intervenant,lundi 28 avril 2025,CRSANR5L17S2025O1N174,Infrastructure éolienne | Politique énergétique,"Permettez-moi d’insister en préambule sur l’ironie qu’il y a à tenir ce débat, alors que l’Espagne et le Portugal connaissent un épisode de blackout, comme par hasard, pile au moment où est enregistré un record de production d’énergie solaire, énergie fatale dont RTE indique depuis des semaines qu’i"
Jean-Philippe Tanguy,RN,4e,Séance plénière,Intervenant,lundi 28 avril 2025,CRSANR5L17S2025O1N174,Politique énergétique,"Si Marine Le Pen n’était pas intervenue, si le Rassemblement national n’avait pas fait usage du pouvoir de premier groupe d’opposition que les Français lui ont donné, l’administration aurait adopté ce décret dans le dos du Parlement, et contre la volonté des Français. Marine Le Pen l’a en effet rapp"
Jean-Philippe Tanguy,RN,4e,Séance plénière,Intervenant,mardi 24 juin 2025,CRSANR5L17S2025O1N253,Infrastructure éolienne,"La gauche votera donc, par idéologie, contre le tarif régulé et populaire du gaz, contre le service public d’EDF et surtout contre la sortie des règles européennes libérales de l’énergie. Mais il est vrai que ces règles ont été créées par les socialistes ; finalement, vous revenez à la niche ! (Sour"
Jean-Philippe Tanguy,RN,4e,Séance plénière,Intervenant,mardi 24 juin 2025,CRSANR5L17S2025O1N253,Infrastructure éolienne,"Chers collègues LR, à force de dire tout et le contraire de tout, vous ne dites plus rien du tout. Sur l’énergie, le Rassemblement national a débusqué votre hypocrisie. Ce texte vient du Sénat, il a été conçu et voté par des sénateurs LR. Or que proposiez-vous dans ce texte ? Le programme d’Emmanuel"
