source,role,uid,url,numero,texte_ref,date,sort,dispositif,expose
Amendement,Auteur,AMANR5L17PO849474B0481P0D1N000567,https://www.assemblee-nationale.fr/dyn/17/amendements/AMANR5L17PO849474B0481P0D1N000567,CS567,PRJLANR5L17B0481,2025-03-20,Irrecevable,,
Amendement,Auteur,AMANR5L17PO849474B0481P0D1N000571,https://www.assemblee-nationale.fr/dyn/17/amendements/AMANR5L17PO849474B0481P0D1N000571,CS571,PRJLANR5L17B0481,2025-03-20,Irrecevable,,
Amendement,Auteur,AMANR5L17PO849474B0481P0D1N000570,https://www.assemblee-nationale.fr/dyn/17/amendements/AMANR5L17PO849474B0481P0D1N000570,CS570,PRJLANR5L17B0481,2025-03-20,Irrecevable,,
Amendement,Auteur,AMANR5L17PO849474B0481P0D1N000569,https://www.assemblee-nationale.fr/dyn/17/amendements/AMANR5L17PO849474B0481P0D1N000569,CS569,PRJLANR5L17B0481,2025-03-20,Discuté,"Substituer à l’alinéa 9 les trois alinéas suivants :« Les sommes payées à titre de garantie par le preneur à bail d’un local mentionné à l’article L. 145‑33 A, qu’elles soient versées ou fournies par des tiers, ne peuvent excéder le montant des loyers dus au titre d’un trimestre. Ces sommes ne portent pas intérêt au profit du preneur à bail.« Dans le cas où le bailleur d’un bail en cours dispose de garanties de toute nature dont le montant cumulé excède le montant des loyers dus au titre d’un tr","Pour assurer un impact rapide sur l’économie et l’investissement des commerçants, la limitation des garanties à trois mois de loyer doit s’appliquer non seulement aux nouveaux baux commerciaux, mais aussi aux baux en cours. Actuellement, la loi plafonne le dépôt de garantie en numéraire, mais permet aux bailleurs d’exiger d’autres garanties (caution bancaire, garantie à première demande, etc.), ce qui réduit la trésorerie des preneurs et freine leur capacité d’investissement. Or, puisque les loyers sont payés mensuellement, une garantie de trois mois suffit à couvrir les risques d’impayés. Maintenir la possibilité de cumuler plusieurs types de garanties entraînerait une surprotection du bailleur au détriment du preneur. Cet amendement vise donc à étendre la limitation à l’ensemble des gara"
Amendement,Auteur,AMANR5L17PO849474B0481P0D1N000572,https://www.assemblee-nationale.fr/dyn/17/amendements/AMANR5L17PO849474B0481P0D1N000572,CS572,PRJLANR5L17B0481,2025-03-20,Irrecevable,,
Amendement,Auteur,AMANR5L17PO849474B0481P0D1N000566,https://www.assemblee-nationale.fr/dyn/17/amendements/AMANR5L17PO849474B0481P0D1N000566,CS566,PRJLANR5L17B0481,2025-03-20,Discuté,"À la première phrase de l’alinéa 2, supprimer les mots :« situées dans un centre commercial ».","En France, l’ouverture d’un magasin prend deux à trois fois plus de temps que dans d’autres pays européens, en partie en raison des procédures d’autorisation de travaux. Pour les magasins de moins de 300 m² situés dans des centres commerciaux, le projet de loi prévoit de remplacer cette autorisation par une simple déclaration de conformité aux règles d’accessibilité et de sécurité incendie. Cette simplification, essentielle pour accélérer l’ouverture des commerces et lutter contre la vacance commerciale, ne devrait pas se limiter aux seuls centres commerciaux. Les magasins situés en centre-ville ou dans d’autres zones doivent aussi en bénéficier, sous réserve d’un rapport préalable d’un bureau de contrôle. Cela éviterait une distorsion de concurrence, réduirait l’impact de la vacance sur l"
Amendement,Auteur,AMANR5L17PO849474B0481P0D1N000568,https://www.assemblee-nationale.fr/dyn/17/amendements/AMANR5L17PO849474B0481P0D1N000568,CS568,PRJLANR5L17B0481,2025-03-20,Discuté,"Substituer à l’alinéa 9 les deux alinéas suivants :« Les sommes payées à titre de garantie par le preneur à bail d’un local mentionné à l’article L. 145‑33 A, qu’elles soient versées ou fournies par des tiers, ne peuvent excéder le montant des loyers dus au titre d’un trimestre. Ces sommes ne portent pas intérêt au profit du preneur à bail.« Dans le cas où le bailleur d’un bail en cours dispose de garanties de toute nature dont le montant cumulé excède le montant des loyers dus au titre d’un tri","Actuellement, la loi limite le dépôt de garantie à trois mois de loyer pour un bail commercial, mais uniquement pour les versements en numéraire. Or, les bailleurs peuvent exiger d’autres garanties (caution bancaire, garantie à première demande, etc.), ce qui réduit la trésorerie et les capacités d’investissement des commerçants. Comme les loyers sont payés mensuellement, une garantie plafonnée à trois mois suffit à couvrir les risques d’impayés. Maintenir la possibilité de cumuler plusieurs types de garanties entraînerait une surprotection du bailleur au détriment du preneur. Cet amendement propose donc d’étendre la limitation à l’ensemble des garanties, quelle que soit leur forme."
Amendement,Cosignataire,AMANR5L17PO838901BTC1191P0D1N001850,https://www.assemblee-nationale.fr/dyn/17/amendements/AMANR5L17PO838901BTC1191P0D1N001850,1850,PRJLANR5L17BTC1191,2025-04-04,Discuté,"Compléter cet article par l’alinéa suivant :« IV. – À l’article L. 2243-1 du code du travail, les mots : « d’un emprisonnement d’un an et » sont supprimés. »","Conformément à l’article L2243-1 du code du travail, le chef d’entreprise peut être condamné à une peine d’emprisonnement d’un an lorsqu’il se soustrait à ses obligations relatives à la convocation des parties à la négociation sur la rémunération, le temps de travail, la valeur ajoutée dans les entreprises et l’égalité professionnelle.La possibilité pour un chef d'entreprise d'être condamné à une peine d'emprisonnement d'un an pour des manquements relatifs à la convocation des parties à la négociation peut sembler disproportionnée, surtout lorsque ces manquements ne sont pas intentionnels mais plutôt le résultat d'une incompréhension des obligations légales ou d'une erreur administrative.C’est pourquoi, il est proposé de supprimer la peine d’emprisonnement dans c"
Amendement,Cosignataire,AMANR5L17PO838901BTC1191P0D1N001844,https://www.assemblee-nationale.fr/dyn/17/amendements/AMANR5L17PO838901BTC1191P0D1N001844,1844,PRJLANR5L17BTC1191,2025-04-04,Irrecevable,,
Amendement,Cosignataire,AMANR5L17PO838901BTC1191P0D1N001851,https://www.assemblee-nationale.fr/dyn/17/amendements/AMANR5L17PO838901BTC1191P0D1N001851,1851,PRJLANR5L17BTC1191,2025-04-04,Discuté,"Au premier alinéa de l’article L. 4742-1 du code du travail, les mots : « d’un emprisonnement d’un an et » sont supprimés.","Conformément à l’article L4742-1 du code du travail, le chef d’entreprise peut être condamné à une peine d’emprisonnement d’un an lorsqu’il porte atteinte ou qu’il tente de porter atteinte soit à la constitution, soit à la libre désignation des membres du comité d’hygiène, de sécurité et des conditions de travail.La possibilité de condamner le chef d'entreprise à une peine d'emprisonnement d'un an pour des violations à la désignation des membres du comité d’hygiène, de sécurité et des conditions de travail pourrait avoir un impact disproportionné sur les petites entreprises et leurs dirigeants.C’est pourquoi, il est proposé de supprimer la peine d’emprisonnement en cas d’atteinte à la constitution des membres du comité d’hygiène, de sécurité et des conditions de "
Amendement,Cosignataire,AMANR5L17PO838901BTC1191P0D1N001848,https://www.assemblee-nationale.fr/dyn/17/amendements/AMANR5L17PO838901BTC1191P0D1N001848,1848,PRJLANR5L17BTC1191,2025-04-04,Discuté,"Après l'article L. 45-00 A du livre des procédures fiscales, il est inséré un article L. 45-00 A bis ainsi rédigé :« Art. L. 45‑00 A bis. – Pour les entreprises comptant moins de 50 salariés, il est prévu qu’aucune notification, au sens de l’article L. 11, ne soit adressée par l’administration fiscale pendant la période s’étendant du 15 juillet au 15 août de chaque année.« Toutefois, cette disposition ne s’applique pas dans les cas suivants :« – lorsqu’une fraude fiscale est suspectée ou","Cet amendement vise à introduire un dispositif permettant aux très petites entreprises (TPE) et aux petites et moyennes entreprises (PME) de bénéficier d'un répit fiscal à des périodes précises de l'année. L'objectif est de suspendre temporairement les contrôles fiscaux durant ces périodes afin de préserver la continuité de leur activité et d'éviter des perturbations pouvant résulter de contrôles intervenant à des moments inopportuns.En effet, les TPE et PME, qui constituent le tissu économique essentiel de notre pays, doivent souvent faire face à des situations complexes liées à leur organisation et à leurs contraintes humaines et financières. Lorsqu'un contrôle fiscal intervient en pleine période de faible activité — par exemple, durant l'été lorsque les sala"
Amendement,Cosignataire,AMANR5L17PO838901BTC1191P0D1N001845,https://www.assemblee-nationale.fr/dyn/17/amendements/AMANR5L17PO838901BTC1191P0D1N001845,1845,PRJLANR5L17BTC1191,2025-04-04,Discuté,"Dans le cadre de ses démarches, l’entreprise se voit systématiquement délivrer un certificat de conformité administrative afin de démontrer qu’elle a bien rempli les formalités liées aux démarches administratives réalisées.","Le chef d’entreprise qui effectue une formalité ne reçoit, en général, aucune notification d’attestation démontrant qu’il est en règle. Un tel document, opposable, serait pourtant utile pour prouver à des tiers que l’entreprise a effectué les formalités obligatoires.Il est donc proposé d’instaurer des « certificats de conformité administrative » adressés systématiquement aux entreprises."
Amendement,Cosignataire,AMANR5L17PO838901BTC1191P0D1N001846,https://www.assemblee-nationale.fr/dyn/17/amendements/AMANR5L17PO838901BTC1191P0D1N001846,1846,PRJLANR5L17BTC1191,2025-04-04,Discuté,"Le chapitre IV du titre II du livre Ier du code des relations entre le public et l’administration est complété par un article L. 124-3 ainsi rédigé :« Art. L. 124-3. – Un décret définit les modalités de création d’un examen de conformité sociale. Cet examen, accessible à toutes les entreprises, permet de vérifier la conformité de leurs pratiques en matière sociale, notamment en ce qui concerne le respect des obligations liées à la sécurité sociale, aux cotisations, aux déclarat","Dans un souci de modernisation et de sécurisation de la relation entre l’État et les entreprises, et dans la continuité de la loi ESSOC de 2018 qui a instauré le « Droit à l’erreur », il est proposé d’instaurer un Examen de Conformité Sociale (ECS). Ce dispositif s’inspire directement de l’Examen de Conformité Fiscale (ECF), mis en place en 2021, qui permet aux entreprises de solliciter un audit préventif de leurs obligations fiscales auprès d’un prestataire agréé. Cet outil a démontré son efficacité en apportant aux entreprises une meilleure visibilité sur leurs obligations et en réduisant les risques de contentieux avec l’administration. Il n’existe aucune raison de ne pas appliquer cette logique à la sphère sociale, où la complexité du droit est tout aussi problématique. Ce dispositif o"
Amendement,Cosignataire,AMANR5L17PO838901BTC1191P0D1N001849,https://www.assemblee-nationale.fr/dyn/17/amendements/AMANR5L17PO838901BTC1191P0D1N001849,1849,PRJLANR5L17BTC1191,2025-04-04,Irrecevable,,
Amendement,Cosignataire,AMANR5L17PO838901BTC1191P0D1N001847,https://www.assemblee-nationale.fr/dyn/17/amendements/AMANR5L17PO838901BTC1191P0D1N001847,1847,PRJLANR5L17BTC1191,2025-04-04,Irrecevable,,
Amendement,Cosignataire,AMANR5L17PO838901BTC1191P0D1N001765,https://www.assemblee-nationale.fr/dyn/17/amendements/AMANR5L17PO838901BTC1191P0D1N001765,1765,PRJLANR5L17BTC1191,2025-04-04,Discuté,"Rétablir cet article dans la rédaction suivante :« L’évaluation des projets de loi ou d’ordonnance ayant un impact technique, administratif ou financier sur les entreprises prend notamment en compte une simulation de l’impact des normes concernées sur les microentreprises et les petites et moyennes entreprises, appelée « test PME ».« L’évaluation des projets de textes réglementaires ayant le même objet peut également prendre en compte un test PME.« Les normes justifiées directement par la protec","Le groupe EPR soutient la mise en œuvre d'une nouvelle méthode pour mieux associer les entreprises, et principalement les plus petites, à la création de la norme.L’introduction d’un test PME participe pleinement de cette association. Il s’agit en effet d’un processus visant à évaluer l’impact des nouvelles normes sur les TPE-PME avant leur adoption. L’obligation de soumettre tout nouveau texte contraignant pour les entreprises à un test PME s’inscrit dans la lignée des recommandations de l’OCDE, de la Commission européenne, du Conseil et du Parlement européen, et s’inspire du test PME existant dans des pays voisins (Allemagne, Pays-Bas, Royaume-Uni, Suisse notamment).Ainsi, la prise en compte ex ante de l’impact sur les entreprises des normes envisagées par des mises en situation réelle ap"
Amendement,Cosignataire,AMANR5L17PO838901BTC1191P0D1N001478,https://www.assemblee-nationale.fr/dyn/17/amendements/AMANR5L17PO838901BTC1191P0D1N001478,1478,PRJLANR5L17BTC1191,2025-04-04,Irrecevable,,
Amendement,Cosignataire,AMANR5L17PO838901BTC1191P0D1N001753,https://www.assemblee-nationale.fr/dyn/17/amendements/AMANR5L17PO838901BTC1191P0D1N001753,1753,PRJLANR5L17BTC1191,2025-04-04,Discuté,Rédiger ainsi l'intitulé du titre XI :« Instaurer un Test PME pour assurer une simplification durable ».,"Le groupe EPR soutient la mise en œuvre d'une nouvelle méthode pour mieux associer les entreprises, et principalement les plus petites, à la création de la norme.L’introduction d’un Test PME participe pleinement de cette association. Il s’agit en effet d’un processus visant à évaluer l’impact des nouvelles normes sur les TPE-PME avant leur adoption.L’obligation de soumettre tout nouveau texte contraignant pour les entreprises à un Test PME s’inscrit dans la lignée des recommandations de l’OCDE, de la Commission européenne, du Conseil et du Parlement européen, et s’inspire du Test PME existant dans des pays voisins (Allemagne, Pays-Bas, Royaume-Uni, Suisse notamment).Ainsi, la prise en compte ex ante de l’impact sur les entreprises des normes envisagées par des mises en situation réelle app"
Amendement,Cosignataire,AMANR5L17PO838901BTC1191P0D1N001461,https://www.assemblee-nationale.fr/dyn/17/amendements/AMANR5L17PO838901BTC1191P0D1N001461,1461,PRJLANR5L17BTC1191,2025-04-04,Discuté,Supprimer l’alinéa 11.,"La Commission spéciale a adopté un amendement visant à exclure du statut de Projet d’Intérêt National Majeur (PINM) les projets de centres de données dont le propriétaire ou l’opérateur est une société soumise, directement ou indirectement, à la législation d’un pays tiers à l’Union européenne, lorsque le droit de cet État n’offre pas un niveau de protection des données personnelles équivalent à celui du RGPD.L'intention est parfaitement compréhensible. Toutefois, l'application de ces dispositions risquerait d'entraîner des effets négatifs. - Ces mesures risquent de porter un préjudice important à l’attractivité économique de la France pour l’implantation de datacenters.- Elles sont contraires au droit européen en imposant des restrictions à l’accès au statut PINM basées sur des critères l"
Amendement,Cosignataire,AMANR5L17PO838901BTC1191P0D1N001852,https://www.assemblee-nationale.fr/dyn/17/amendements/AMANR5L17PO838901BTC1191P0D1N001852,1852,PRJLANR5L17BTC1191,2025-04-04,Discuté,"Compléter cet article par l’alinéa suivant :« IV. – Au deuxième alinéa de l’article 226-22 du code pénal, les mots : « de trois ans d’emprisonnement et » sont supprimés. »","Conformément à l’article 226-22 code pénal le chef d’entreprise peut être condamné à une peine d’emprisonnement lorsqu’il porte à la connaissance d’un tiers, sans autorisation de l’intéressé, des données à caractère personnel dont la divulgation aurait pour effet de porter atteinte à la considération de l’intéressé ou à l’intimité de sa vie privée.La possibilité pour un chef d'entreprise d'être condamné à une peine d'emprisonnement pour une divulgation non autorisée de données personnelles, même par imprudence ou négligence, semble disproportionnée par rapport à la nature de l'infraction.Comme évoqué, le RGPD est une réglementation complexe à connaître pour le dirigeant de TPE- PME, ce qui peut conduire à des erreurs commises par imprudence. Sanctionner d"
Amendement,Cosignataire,AMANR5L17PO838901BTC1191P0D1N001853,https://www.assemblee-nationale.fr/dyn/17/amendements/AMANR5L17PO838901BTC1191P0D1N001853,1853,PRJLANR5L17BTC1191,2025-04-04,Discuté,"Compléter cet article par l’alinéa suivant :« IV. – Au premier alinéa de l’article 226‑16 du code pénal, les mots : « de cinq ans d’emprisonnement et » sont supprimés. »","Conformément à l’article 226-16 code pénal, le chef d’entreprise peut être condamné à une peine d’emprisonnement de cinq ans lorsqu’il procède ou fait procéder à des traitements de données à caractère personnel sans qu’aient été respectées les formalités préalables de mise en œuvre.Cette sanction est particulière sévère, d’autant plus qu’il peut être condamné en cas de négligence et non seulement en cas de faute intentionnelle.La réglementation relative à la protection des données personnelles est complexe et technique, les chefs d’entreprise de TPE-PME ne connaissent pas nécessairement toutes les formalités préalables de mise en œuvre des traitements de données. En effet, les dirigeants de TPE-PME ont généralement des ressources et des compétences limitée"
Amendement,Cosignataire,AMANR5L17PO838901BTC1191P0D1N001419,https://www.assemblee-nationale.fr/dyn/17/amendements/AMANR5L17PO838901BTC1191P0D1N001419,1419,PRJLANR5L17BTC1191,2025-04-04,Irrecevable,,
Amendement,Cosignataire,AMANR5L17PO838901BTC1191P0D1N002238,https://www.assemblee-nationale.fr/dyn/17/amendements/AMANR5L17PO838901BTC1191P0D1N002238,2238,PRJLANR5L17BTC1191,2025-04-04,Discuté,"Compléter cet article par l’alinéa suivant :« Pour les établissements recevant du public de cinquième catégorie, au sens de l’article R. 143‑19 du présent code, l’autorisation mentionnée au premier alinéa doit être notifiée dans un délai ne pouvant excéder deux mois à compter de la réception d’un dossier complet. À compter de ce délai, le silence gardé vaut acceptation. »","Le présent amendement vise à simplifier l’installation des commerces et structures de proximité, de même que la réalisation des travaux d’entretien et d’aménagement réalisés dans ces établissements.Afin de sécuriser les investissements de ces acteurs économiques de terrain et de favoriser un aménagement plus fluide et réactif du territoire, la présente mesure propose de réduire à deux mois le délai maximal d’instruction des demandes d’autorisation, dans le cas des établissements recevant du public de cinquième catégorie. Ce délai, qui déroge au droit commun, est justifié par la simplicité relative des travaux généralement concernés et par la nécessité d’accélérer la prise de décision pour ne pas décourager les porteurs de projet."
Amendement,Cosignataire,AMANR5L17PO838901BTC1191P0D1N000346,https://www.assemblee-nationale.fr/dyn/17/amendements/AMANR5L17PO838901BTC1191P0D1N000346,346,PRJLANR5L17BTC1191,2025-04-02,Irrecevable,,
Amendement,Cosignataire,AMANR5L17PO838901BTC1191P0D1N000774,https://www.assemblee-nationale.fr/dyn/17/amendements/AMANR5L17PO838901BTC1191P0D1N000774,774,PRJLANR5L17BTC1191,2025-04-03,Discuté,Supprimer cet article.,"Introduit en commission, cet amendement est contraire à l'esprit de simplification du texte, complexifiant de façon significative le fonctionnement des commission départementales d'aménagement commercial (CDAC) et les procédures d'autorisation d'exploitation commerciale (AEC) pour les porteurs de projets.En diminuant le seuil de superficie à partir duquel une autorisation est nécessaire et en introduisant de nouveaux critères qualitatifs élargissant le champ d'intervention de la commission, cet article pourrait emboliser les CDAC. Cela risquerait de ralentir, voire de décourager, la conception et l'implantation de nouveaux projets.Ces projets sont créateurs de valeur et d'emplois dans des territoires qui se battent quotidiennement pour survivre. À titre d'exemple, une enseigne qui s'ouvre "
Amendement,Cosignataire,AMANR5L17PO838901BTC1191P0D1N001854,https://www.assemblee-nationale.fr/dyn/17/amendements/AMANR5L17PO838901BTC1191P0D1N001854,1854,PRJLANR5L17BTC1191,2025-04-04,Discuté,"À l’alinéa 13, après le mot :« articles »insérer la référence :« L. 242‑5, ».","Conformément à l’article L242-5 du code de la consommation, le chef d’entreprise peut être condamné à une peine d’emprisonnement de deux ans lorsqu’il ne remet pas au client un exemplaire du contrat conclu hors établissement conformément aux dispositions du code de la consommation.La non-remise d’un exemplaire du contrat peut souvent résulter d’une simple omission administrative.Ainsi, sanctionner pénalement le chef d’entreprise dans ce cas apparaît disproportionné, d’autant plus que les TPE-PME peuvent être particulièrement vulnérables aux sanctions pénales, qui peuvent avoir un impact disproportionné sur leur viabilité financière.C’est pourquoi, il est proposé de supprimer la peine d’emprisonnement en cas de non remise conforme d’un exemplaire du contrat conclu hors é"
Amendement,Cosignataire,AMANR5L17PO838901BTC0625P0D1N000024,https://www.assemblee-nationale.fr/dyn/17/amendements/AMANR5L17PO838901BTC0625P0D1N000024,24,PIONANR5L17BTC0625,2024-11-29,Irrecevable,,
Amendement,Cosignataire,AMANR5L17PO59048B0324P1D1N001792,https://www.assemblee-nationale.fr/dyn/17/amendements/AMANR5L17PO59048B0324P1D1N001792,I-CF1792,PRJLANR5L17B0324,2024-10-13,Discuté,"I. – Après l’alinéa 41, insérer l’alinéa suivant :« La majoration mentionnée au troisième alinéa de l’article L. 312‑37 du code des impositions sur les biens et services et la définition des tarifs réduits pour l’électricité mentionnés au paragraphe 3 de la sous-section 2 de la section 3 du chapitre II du titre 1er du livre III du même code tiennent compte des recettes prévisionnelles supplémentaires liées à la taxe sur la valeur ajoutée non déductible par le gestionnaire du réseau public de tra","La réforme du mécanisme de capacité proposée à l’article 6 du PLF, si elle est nécessaire au regard du droit européen, pourrait à compter de sa mise en œuvre en novembre 2026 faire supporter à RTE une TVA non déductible de l’ordre de 500 M€/an par rapport à une situation sans réforme. Il est proposé dès à présent de garantir la neutralisation intégrale de cette hausse de TVA, en prévoyant à la date d’entrée en vigueur de cette réforme une baisse à due concurrence de l’accise sur l’électricité."
Amendement,Cosignataire,AMANR5L17PO59048B0324P1D1N001321,https://www.assemblee-nationale.fr/dyn/17/amendements/AMANR5L17PO59048B0324P1D1N001321,I-CF1321,PRJLANR5L17B0324,2024-10-13,Discuté,"Au dernier alinéa de l’’article 199 sexdecies du code général des impôts, après le mot : « versées », sont insérés les mots : « ainsi que la nature de l’organisme et la personne morale ou physique définie au 1 dont les services rendent le contribuable bénéficiaire du crédit d’impôt ».","Cet amendement vise à renforcer l’information du Parlement concernant l’utilisation des crédits d’impôt relatifs aux services à la personne (CISAP), dont le coût s’élève à 6 milliards d’euros en 2023 pour environ 4,7 millions de foyers. Bien que l’article 18 de la loi de finances pour 2023 impose déjà au contribuable de préciser le type de service à la personne concerné, les données actuellement disponibles ne permettent pas une évaluation complète de l’impact et de l’efficacité de ce dispositif fiscal. Pour compléter ces données, l’amendement propose d’ajouter une nouvelle rubrique dans la déclaration d’impôt, afin de préciser la nature de l’organisme, la personne morale ou physique ayant fait l’objet du crédit d’impôt et ainsi indiquer s’il s’agit d’un particulier employeur, d’un organis"
Amendement,Cosignataire,AMANR5L17PO838901B0324P2D1N003234,https://www.assemblee-nationale.fr/dyn/17/amendements/AMANR5L17PO838901B0324P2D1N003234,II-3234,PRJLANR5L17B0324,2024-11-08,En traitement,"I. – À l’alinéa 5, substituer au montant :« 500 M€ »le montant :« 770 millions d’euros ».II. – Compléter cet article par l’alinéa suivant :« II. – La perte de recettes pour l’État est compensée à due concurrence par la création d’une taxe additionnelle à l’accise sur les tabacs prévue au chapitre IV du titre Ier du livre III du code des impositions sur les biens et services. »","Le montant maximal de la garantie de l’État accordée à l’Agence française de développement pour intervenir en Nouvelle-Calédonie prévu dans la version initiale de l’article, à savoir 500 millions d’euros, visait à couvrir le refinancement par un prêt de long terme des prêts de court terme octroyés principalement par l’État en 2024 ainsi que les besoins de financement éventuels en 2025.Or, depuis le dépôt du projet de loi de finances, il s’avère que ce niveau de garantie permettra de couvrir essentiellement les besoins de refinancement pour 2024.Le Gouvernement souhaite donc rehausser ce plafond afin d’y inclure une enveloppe suffisante pour l’assistance financière qu’il entend apporter à la Nouvelle-Calédonie au titre du maintien de la continuité des services publics essentiels en 2025, à "
Amendement,Cosignataire,AMANR5L17PO838901B0324P2D1N002724,https://www.assemblee-nationale.fr/dyn/17/amendements/AMANR5L17PO838901B0324P2D1N002724,II-2724,PRJLANR5L17B0324,2024-11-07,En traitement,,"Cet amendement vise à doter le dispositif 3018, numéro unique pour les jeunes victimes de harcèlement et de violences numériques, de moyens nécessaires à l’accomplissement de sa mission à hauteur de 2 millions d’euros.Le 3018 dont la plateforme est gérée par l’association e-enfance n’est pas seulement un numéro d’écoute mais aussi un signaleur de confiance auprès des plateformes en ligne qui peut enclencher des procédures accélérées de demandes de suppression de contenus. Composée d’écoutants, de psychologues et de juristes, la plateforme est accessible par téléphone et par tchat 7 jours sur 7 et de 9h à 23h de manière anonyme.Dans le cadre du plan interministériel de lutte contre le harcèlement à l’école, le 3018 est devenu le numéro unique (fusionné avec l’ex 3020), dont la communication"
Amendement,Cosignataire,AMANR5L17PO838901B0324P2D1N003676,https://www.assemblee-nationale.fr/dyn/17/amendements/AMANR5L17PO838901B0324P2D1N003676,II-3676,PRJLANR5L17B0324,2024-11-11,En traitement,,"L’action « Planification écologique », créée dans le cadre du projet de loi de finances pour 2024, regroupe les crédits consacrés à la planification écologique. Elle est dotée de 372,6 M€ en autorisations d’engagement et 296,9 M€ en crédits de paiement, ce qui représente une diminution de 64 % en autorisations d’engagement et 50 % en crédits de paiement par rapport à l’année en cours.De l’aveu même du ministère chargé de l’agriculture la maquette de cette action n’a pas pu être retravaillée dans le délai imparti pour reconfigurer la répartition de ces crédits lourdement amputés. La répartition entre les sous-actions inscrite dans le projet annuel de performances n’est donc pas stabilisée.A ce stade, les crédits de la planification écologique sont répartis en trois grands blocs : haies, agr"
Amendement,Cosignataire,AMANR5L17PO838901B0324P2D1N003236,https://www.assemblee-nationale.fr/dyn/17/amendements/AMANR5L17PO838901B0324P2D1N003236,II-3236,PRJLANR5L17B0324,2024-11-08,En traitement,,"Cet amendement appelle le gouvernement à créer un fonds d’urgence en soutien à la reconstruction de la Nouvelle-Calédonie.La somme de 500 millions d'euros permettrait de pourvoir, en partie, aux besoins de la Nouvelle- Calédonie pour l'année prochaine.La Nouvelle-Calédonie traverse une crise sociale et économique d’une ampleur sans précédent, provoquée par les exactions associées aux mouvements d'émeutiers contre le dégel du corps électoral. Le territoire et ses habitants sont dépassés par le niveau de violence de ces actions, qui ont plongé la Nouvelle-Calédonie dans un état de désolation. Ce bilan est catastrophique : 35 000 emplois détruits, plus de 1000 entreprises endommagées, pillées ou incendiées, ainsi que des pertes fiscales, sociales et douanières estimées à 2,2 milliards d’euros"
Amendement,Cosignataire,AMANR5L17PO59048B0324P1D1N001793,https://www.assemblee-nationale.fr/dyn/17/amendements/AMANR5L17PO59048B0324P1D1N001793,I-CF1793,PRJLANR5L17B0324,2024-10-13,Discuté,"I. – À la trente-neuvième ligne de la dernière colonne du tableau de l’alinéa 2, substituer au nombre :« 507 000 000 »,le nombre :« 555 000 000 ».II. – Supprimer la vingt-septième ligne du tableau de l'alinéa 5.III. – Supprimer l’alinéa 9.","Cet amendement prévoit la suppression du plafonnement de la taxe affectée à l’AGEFIPH. Le plafonnement envisagé conduirait à une baisse de ressources de 20 %, menaçant des actions indispensables pour accompagner les travailleurs en situation de handicap. Alors que les Jeux Paralympiques doivent être l’occasion d’accélérer les actions en matière d’inclusion, cette décision va à rebours de cet objectif indispensable. Alors que les demandes des entreprises à l’AGEFIPH sont très dynamiques, elle fragiliserait la capacité à y répondre et contribuerait à démobiliser le secteur économique. Au vu des apports, tant sociaux qu’économiques ou même budgétaires, liés à une meilleure insertion dans l’emploi des personnes en situation de handicap, ce plafonnement doit être supprimé."
Amendement,Auteur,AMANR5L17PO838901B0324P1D1N003548,https://www.assemblee-nationale.fr/dyn/17/amendements/AMANR5L17PO838901B0324P1D1N003548,I-3548,PRJLANR5L17B0324,2024-10-19,Discuté,"I. – Au premier alinéa du 5 de l’article 206 du code général des impôts, les mots : « ouverts jusqu’au 31 décembre 2023 » sont remplacés par les mots : « clos jusqu’au 31 décembre 2026 ».II. – La perte de recettes pour l’État est compensée à due concurrence par la création d’une taxe additionnelle à l’accise sur les tabacs prévue au chapitre IV du titre Ier du livre III du code des impositions sur les biens et les services.","En application du 1 de l’article 206 du code général des impôts (CGI), les établissements publics sont assujettis à l’impôt sur les sociétés dans les conditions de droit commun sur leurs activités à caractère lucratif.Les revenus patrimoniaux qui ne se rattachent pas à leurs activités lucratives sont imposés aux taux mentionnés à l’article 219 bis du CGI. Toutefois, le premier alinéa du 5 de l’article 206 du CGI prévoit une exonération de ces mêmes revenus pour les établissements publics scientifiques, d’enseignement et d’assistance au titre des exercices ouverts jusqu’au 31 décembre 2023. L’objectif de cette exonération est de permettre à ces établissements d’utiliser l’intégralité des ressources perçues au titre de ces revenus à la réalisation de leurs activités sociales, médico-sociales"
Amendement,Cosignataire,AMANR5L17PO838901B0324P1D1N003418,https://www.assemblee-nationale.fr/dyn/17/amendements/AMANR5L17PO838901B0324P1D1N003418,I-3418,PRJLANR5L17B0324,2024-10-19,Retiré,"I. – Le premier alinéa de l’article L. 255‑2 du code de la construction et de l’habitation est complété par une phrase ainsi rédigée : « Les plafonds de ressources du preneur ne peuvent être inférieurs aux plafonds de ressources mentionnés au premier alinéa du III de l’article 199 novovicies du code général des impôts. »II. – Au premier alinéa de l’article 1388 octies du code général des impôts, après la dernière occurrence du mot : « de », est inséré le taux : « 25 %, ».III. – La perte de recet","L’accession sociale à la propriété, qui vise à permettre aux ménages aux revenus modestes d’acheter leur résidence principale et de devenir propriétaire à des conditions avantageuses, semble aujourd’hui en panne : le taux de propriétaires occupants, de 57,4 % en 2022, ne progresse plus depuis dix ans, alors qu’environ 80 % des Français sont ou souhaitent devenir propriétaires de leur logement.Ainsi, malgré la difficulté croissante pour les ménages, notamment les plus modestes, d’obtenir des prêts bancaires, la propriété reste un objectif attractif pour de nombreux Français alors que le marché locatif ne peut absorber seul la forte augmentation de la demande.Pour répondre à cette urgence, le bail réel solidaire (BRS) est un dispositif prometteur, sous condition de ressources, qui permet de "
Amendement,Cosignataire,AMANR5L17PO838901B0324P2D1N003681,https://www.assemblee-nationale.fr/dyn/17/amendements/AMANR5L17PO838901B0324P2D1N003681,II-3681,PRJLANR5L17B0324,2024-11-11,En traitement,,"Conformément aux annonces du Gouvernement dans le cadre de la présentation du PLF pour 2025, visant à assurer la réalisation de nos engagements en matière de sécurité et de justice dans notre pays, le présent amendement abonde les crédits de la mission « Justice ».Les moyens supplémentaires octroyés permettront d’alimenter chacune des grandes composantes de la Justice et de mener à bien les missions cardinales du ministère et la mise en œuvre opérationnelle des annonces de la déclaration de politique générale du Premier ministre. Les engagements essentiels seront ainsi maintenus, notamment sur les effectifs.Le présent amendement relève les crédits de la mission « Justice » à hauteur de 249 597 043 € en autorisations d’engagement (AE) et en crédits de paiement (CP)."
Amendement,Auteur,AMANR5L17PO59048B0324P1D1N001770,https://www.assemblee-nationale.fr/dyn/17/amendements/AMANR5L17PO59048B0324P1D1N001770,I-CF1770,PRJLANR5L17B0324,2024-10-13,Discuté,"I. – Le B du I de la section II du chapitre premier du titre premier de la deuxième partie du livre premier du code général des impôts est complété par un article 1382 J ainsi rédigé :« Art. 1382 J. – Les collectivités territoriales et les établissements publics de coopération intercommunale à fiscalité propre peuvent, par délibération prise dans les conditions prévues à l’article 1639 A bis, exonérer totalement, pour la part de taxe foncière sur les propriétés bâties qui leur revient, les immeu","Dans la suite de la loi de programmation de la recherche, cet amendement a pour objet d’ouvrir la possibilité aux collectivités territoriales d’exonérer de taxe foncière sur les propriétés bâties (TFPB) les établissements d’enseignement supérieur d’intérêt général (EESPIG) en tant qu’opérateurs du service public de l’enseignement supérieur et de la recherche (art. L732-1 du Code de l’éducation et art. L112-2 du Code de la recherche).Il permet ainsi d’établir une équité de traitement avec les établissements publics d’enseignement supérieur et de recherche, exonérés de plein droit du paiement de la TFPB au titre de l’article 1382 du Code général des impôts.L’exonération proposée ici s’établit à l’initiative des collectivités territoriales pour les EESPIG, établissements d’enseignement supéri"
Amendement,Auteur,AMANR5L17PO838901B0324P2D1N003685,https://www.assemblee-nationale.fr/dyn/17/amendements/AMANR5L17PO838901B0324P2D1N003685,II-3685,PRJLANR5L17B0324,2024-11-11,En traitement,,"Les pôles de compétitivité, au cœur de la dynamique d’innovation en France, jouent un rôle essentiel pour attirer des investissements privés et renforcer la compétitivité nationale. En phase 5 de leur mission (2023-2026), l'État s'était engagé à leur fournir une dotation annuelle de 9 millions d'euros pour garantir leur fonctionnement et soutenir l'économie locale via les collaborations entre PME, ETI, et grands groupes. Supprimer cette dotation affaiblirait l'impact des pôles dans les territoires, risquant de freiner l’innovation et l’attractivité de la France.Le présent amendement vise donc à prendre dans l'action n°01 ""Infrastructures statistiques et missions régaliennes"" du programme n°220 ""Statistiques et études économiques"" la somme de 9 000 000 € en AE et en CP pour l'attribuer à l'"
Amendement,Cosignataire,AMANR5L17PO838901B0324P1D1N003500,https://www.assemblee-nationale.fr/dyn/17/amendements/AMANR5L17PO838901B0324P1D1N003500,I-3500,PRJLANR5L17B0324,2024-10-19,Discuté,"I. – L’article 5 de la loi n° 2021‑1900 du 30 décembre 2021 de finances pour 2022 est ainsi modifié :1° Au I, les mots : « 2022, 2023 et 2024 » sont remplacés par les mots : « 2025 et 2026 » ;2° Au IV, la date : « 1er octobre 2024 » est remplacée par la date : « 1er octobre 2026 ».II. – La perte de recettes résultant pour l’État du I est compensée, à due concurrence, par la création d’une taxe additionnelle à l’accise sur les tabacs prévue au chapitre IV du titre Ier du livre III du code des imp","Cette proposition a été travaillée en lien avec la CPME. L’article 5 de la loi n° 2021-1900 du 30 décembre 2021 de finances pour 2022 prévoyait une exonération temporaire des pourboires des cotisations et contributions sociales ainsi que de l’impôt sur le revenu et autres contributions auxquelles ces sommes perçues par le personnel en contact avec la clientèle pourraient être assujetties pour les années 2022 et 2023. Après une première prolongation d’un an dans le cadre de la loi n° 2023-1322 du 29 décembre 2023 de finances pour 2024, cette mesure arrive à échéance au 31 décembre. Aussi, cet amendement vise à prolonger l’exonération des pourboires au titre des années 2025 et 2026.Après trois années d’application, cette mesure a démontré son efficacité auprès des entreprises employant des s"
Amendement,Cosignataire,AMANR5L17PO838901B0324P2D1N003677,https://www.assemblee-nationale.fr/dyn/17/amendements/AMANR5L17PO838901B0324P2D1N003677,II-3677,PRJLANR5L17B0324,2024-11-11,En traitement,"Le titre unique du livre Ier de la première partie du code général des collectivités territoriales est compété par un chapitre VII ainsi rédigé : « Chapitre VII« Autonomie fiscale« Art. L. 1117‑1. – Pour chaque catégorie de collectivités, l’autonomie fiscale est définie comme le rapport entre, d’une part, le montant des impositions de toutes natures dont la loi les autorise à fixer le taux ou le tarif et, d’autre part, la totalité de leurs ressources au sens de l’article LO. 1114‑3.« Pour la cat","En premier lieu, cet amendement propose de définir l’autonomie fiscale comme le ratio entre les recettes fiscales sur lesquelles les collectivités disposent d’un pouvoir de taux et leurs ressources totales.Les ressources totales sont les mêmes que celles prises en compte pour calculer les ratios d’autonomie financière (fonctionnement et investissement à l’exclusion des emprunts) afin de favoriser la comparaison entre l’autonomie financière et l’autonomie fiscale.En second lieu, cet amendement prévoit que le ratio ainsi calculé pour chaque catégorie de collectivités, ainsi que pour l’ensemble d’entre elles, soit communiqué annuellement au Parlement par le Gouvernement.Cet amendement constitue la mise en œuvre de la première recommandation formulée par la communication du rapporteur général "
Amendement,Cosignataire,AMANR5L17PO59048B0324P1D1N000829,https://www.assemblee-nationale.fr/dyn/17/amendements/AMANR5L17PO59048B0324P1D1N000829,I-CF829,PRJLANR5L17B0324,2024-10-13,Irrecevable,,
Amendement,Cosignataire,AMANR5L17PO59048B0324P2D1N001893,https://www.assemblee-nationale.fr/dyn/17/amendements/AMANR5L17PO59048B0324P2D1N001893,II-CF1893,PRJLANR5L17B0324,2024-10-24,Irrecevable 40,,
Amendement,Cosignataire,AMANR5L17PO59048B0324P2D1N000938,https://www.assemblee-nationale.fr/dyn/17/amendements/AMANR5L17PO59048B0324P2D1N000938,II-CF938,PRJLANR5L17B0324,2024-10-24,Discuté,"Après l’article L. 1116‑1 du code général des collectivités territoriales, il est inséré un chapitre VII ainsi rédigé : « Chapitre VII« Autonomie fiscale« Art. L. 1117‑1. – Pour chaque catégorie de collectivités, l’autonomie fiscale est définie comme le rapport entre, d’une part, le montant des impositions de toutes natures dont la loi les autorise à fixer le taux ou le tarif et, d’autre part, la totalité de leurs ressources au sens de l’article LO. 1114‑3.« Pour la catégorie des communes, les i","En premier lieu, cet amendement propose de définir l’autonomie fiscale comme le ratio entre les recettes fiscales sur lesquelles les collectivités disposent d’un pouvoir de taux et leurs ressources totales.Les ressources totales sont les mêmes que celles prises en compte pour calculer les ratios d’autonomie financière (fonctionnement et investissement à l’exclusion des emprunts) afin de favoriser la comparaison entre l’autonomie financière et l’autonomie fiscale.En second lieu, cet amendement prévoit que le ratio ainsi calculé pour chaque catégorie de collectivités, ainsi que pour l’ensemble d’entre elles, soit communiqué annuellement au Parlement par le Gouvernement.Cet amendement constitue la mise en œuvre de la première recommandation formulée par la communication du rapporteur général "
Amendement,Auteur,AMANR5L17PO59048B0324P1D1N001782,https://www.assemblee-nationale.fr/dyn/17/amendements/AMANR5L17PO59048B0324P1D1N001782,I-CF1782,PRJLANR5L17B0324,2024-10-13,Discuté,"À la première phrase du quatrième alinéa de l’article L. 169 du livre des procédures fiscales, les mots : « et 1649 AB », sont remplacés par les mots : « , 1649 AB et 1649 bis C ».","La lutte contre la fraude doit être une priorité de notre action à l'heure ou l'État doit résorber le déficit public. C'est un enjeu de justice mais aussi un enjeu majeur pour nos finances publiques.Si beaucoup a été fait en la matière depuis 2017, les formes de fraude évoluent et demandent au législateur de s'adapter en permanence. Ces dernières années, la fraude réalisée aux moyens de crypto-actifs s'est considérablement développée.L'objet du présent amendement est de permettre de renforcer le droit de reprise de l'administration de 3 à 10 ans dans le cas du non respect des obligations déclaratives prévues à l'article 1649 bis C, soit les comptes d'actifs numériques mentionnés à l'article L. 54-10-1 du code monétaire et financier ouverts, détenus, utilisés ou clos auprès d'entreprises, p"
Amendement,Cosignataire,AMANR5L17PO838901B0324P1D1N003521,https://www.assemblee-nationale.fr/dyn/17/amendements/AMANR5L17PO838901B0324P1D1N003521,I-3521,PRJLANR5L17B0324,2024-10-19,Discuté,"I. – La première partie du livre premier du code général des impôts est ainsi modifiée :A. – Après l’article 173, il est inséré un article 173 bis ainsi rédigé :« Art. 173 bis. – L’exonération prévue au 4° bis du 2 de l’article 793 est plafonnée à 150 000 €, majorés de l’effet de l’érosion de la valeur de la monnaie pendant la période de détention du bien, par part reçue par chacun des donataires ou héritiers. Pour l’appréciation de cette limite de 150 000 €, il est tenu compte de l’ensemble des","Notre pays traverse une crise profonde du logement, particulièrement marquée par un recul de la construction de logements neufs. Entre début 2022 et la période de juin 2023 à juin 2024, le nombre de nouveaux logements lancés est passé de plus de 400 000 à 270 000, bien en dessous des besoins annuels estimés entre 350 000 et 500 000.Cette crise du logement neuf a un effet domino sur le logement social, en raison du modèle économique des promoteurs. Conformément à la loi SRU, les projets de construction incluent un quota de logements sociaux. Par conséquent, la baisse de la construction de logements privés neufs réduit également la production de logements HLM, fragilisant ainsi le modèle instauré par cette loi.Face à cette situation, il est impératif de mettre en place des mesures incitative"
Amendement,Cosignataire,AMANR5L17PO838901B0324P1D1N003527,https://www.assemblee-nationale.fr/dyn/17/amendements/AMANR5L17PO838901B0324P1D1N003527,I-3527,PRJLANR5L17B0324,2024-10-19,Discuté,"Le deuxième alinéa du a du 5 de l’article 158 du code général des impôts est ainsi modifié :1° La première phrase est complétée par les mots : « , dont 2 000 € au maximum au titre des pensions de retraites » ;2° Au début de la deuxième phrase, les mots : « Ce plafond s’applique » sont remplacés par les mots : « Ces plafonds s’appliquent » ;3° À la dernière phrase, les mots : « il est révisé » sont remplacés par les mots : « ils sont révisés ».","Le présent amendement propose de limiter à 2 000 € le plafond de l’abattement de 10 % applicable aux pensions de retraite.Aujourd'hui, les retraités imposables bénéficient d'un abattement de 10% jusqu'à un plafond d'un peu plus de 4000€. Cela coûte près de 5 milliards en 2024 avec un coût croissant en 2025 et 2026.Le bénéfice de cet abattement est croissant avec les revenus : il ne soutient pas les retraités modestes qui sont exclus de l'impôt sur le revenu et il est anti-redistributif.L'amendement propose de réduire le plafond de cet abattement à 2 000€ afin qu'il bénéficie d'abord aux classes moyennes. Cela génère une économie massive de plus de 2 milliards d'euros dès 2025. C'est par ailleurs une mesure pérenne et juste qui éviterait notamment la suppression des allègements de charges m"
Amendement,Cosignataire,AMANR5L17PO838901B0324P2D1N003480,https://www.assemblee-nationale.fr/dyn/17/amendements/AMANR5L17PO838901B0324P2D1N003480,II-3480,PRJLANR5L17B0324,2024-11-08,Retiré,,"Cet amendement d’appel vise à alerter le Gouvernement sur la difficulté pour les Universités d’absorber entièrement le coût du relèvement de quatre points du taux des cotisations employeurs pour la fonction publique d’État qui passerait de 74,28 % à 78,28 %.Il est donc proposé de minorer de 180 millions d’euros en autorisation d’engagement (AE) et en crédits de paiement (CP) du programme 172 « Recherches scientifiques et technologiques » pour abonder de 180 millions d’euros le programme 150 « Formations supérieures et recherche universitaire ».Le gage, destiné à satisfaire aux exigences de la recevabilité financière, a vocation à être levé par le Gouvernement.Cet amendement a été travaillé avec France Université."
Amendement,Cosignataire,AMANR5L17PO838901B0324P1D1N002119,https://www.assemblee-nationale.fr/dyn/17/amendements/AMANR5L17PO838901B0324P1D1N002119,I-2119 (Rect),PRJLANR5L17B0324,2024-10-18,Discuté,"I. – À l’alinéa 2, substituer au taux :« 28,14 % », le taux : « 28,64 % ».II. – En conséquence, compléter l’alinéa 4 par les mots : « et le taux : « 5,18 % » est remplacé par le taux : « 5,68 % ».III. – Compléter cet article par l’alinéa suivant :« III. – La perte de recettes pour l’État est compensée à due concurrence par la création d’une taxe additionnelle à l’accise sur les tabacs prévue au chapitre IV du titre 1er du livre III du code des impositions sur les biens et les services. »",Le présent amendement vise à neutraliser l’effet retour de la mesure relative aux allègements généraux de charges prévues dans le PLFSS pour 2025.
Amendement,Cosignataire,AMANR5L17PO59048B0324P1D1N000825,https://www.assemblee-nationale.fr/dyn/17/amendements/AMANR5L17PO59048B0324P1D1N000825,I-CF825,PRJLANR5L17B0324,2024-10-13,Discuté,I. – Le II de l’article 209‑0 B du code général des impôts est complété par un alinéa ainsi rédigé :« Les montants applicables prévus aux tableaux ci-dessus sont actualisées au 1er janvier de chaque année dans la même proportion que la limite supérieure de la première tranche du barème de l’impôt sur le revenu et arrondies à l’euro le plus proche. »II. – La perte de recettes pour l’État est compensée à due concurrence par la création d’une taxe additionnelle à l’accise sur les tabacs prévue au c,"Cet amendement vise à indexer à l’inflation la taxe au tonnage à l’inflation.La taxe au tonnage est une mesure de soutien absolument nécessaire à nos armateurs. Pour rappel la France était absente du marché du transport maritime il y a encore 20 ans, elle est aujourd'hui l'un des leaders mondiaux de ce marché. Dans une situation de commerce mondialisé avec un concurrence particulièrement accrue, il est nécessaire que l’Etat soit au coté de ses fleurons afin de leur permettre de rester compétitif sur la scène internationale. C’est pourquoi il n’est pas envisageable de remettre ne cause ce système d’imposition qui permet à la marine marchande française d’être compétitive au niveau mondial.La flotte française compte aujourd’hui plus de 400 navires, il est nécessaire de les conserver sous pavi"
Amendement,Cosignataire,AMANR5L17PO59048B0324P1D1N001322,https://www.assemblee-nationale.fr/dyn/17/amendements/AMANR5L17PO59048B0324P1D1N001322,I-CF1322,PRJLANR5L17B0324,2024-10-13,Irrecevable 40,,
Amendement,Cosignataire,AMANR5L17PO59048B0324P1D1N001789,https://www.assemblee-nationale.fr/dyn/17/amendements/AMANR5L17PO59048B0324P1D1N001789,I-CF1789,PRJLANR5L17B0324,2024-10-13,Discuté,I. – Le code général des impôts est ainsi modifié : 1° Le I de l’article 199 terdecies-0 A bis est complété par deux alinéa ainsi rédigés :« 3° Des entreprises d’utilité sociale mentionnées à l’article L. 3332‑17‑1 du code du travail ;« 4° Une société commerciale qui remplit les conditions prévues au 2° du II de l‘article 1er de la loi n° 2014‑856 du 31 juillet 2014 relative à l’économie sociale et solidaire. »2° Le I de l’article 199 terdecies-0 A ter est complété par deux alinéa ainsi rédigés ,"Alors que la situation budgétaire contraint à réduire les moyens de nombreuses structures d’accompagnement, il est important de continuer à soutenir l’innovation sociale et solidaire qui répond à nos besoins économiques, sociaux et environnementaux. Ainsi, pour favoriser l’investissement des particuliers dans les entreprises solidaires d’utilité sociales (ESUS) et les sociétés commerciales de l’économie sociale et solidaire, il est proposé d’élargir à cette catégorie d’entreprises le dispositif de l’IR-JEI."
Amendement,Cosignataire,AMANR5L17PO838901B0324P2D1N003237,https://www.assemblee-nationale.fr/dyn/17/amendements/AMANR5L17PO838901B0324P2D1N003237,II-3237,PRJLANR5L17B0324,2024-11-08,En traitement,,"Le présent amendement complète l’amendement gouvernemental qui consiste à déroger à l’article 157 de la loi n° 2002-276 du 27 février 2002 relative à la démocratie de proximité, en portant, exceptionnellement, la période entre deux recensements de la population de cinq ans, comme spécifié dans ladite loi, à six ans pour la collectivité de la Nouvelle-Calédonie.Les événements récents en Nouvelle-Calédonie ont rendu impossible la réalisation du recensement général de la population programmé en 2024 malgré l’engagement des préparatifs de l’opération avant les émeutes. Cette opération de grande ampleur qui nécessite le recrutement de près de 1 000 agents et la mobilisation de l’ensemble de la population est reportée à 2025 et nécessite le rehaussement des crédits du programme 220 « Statistique"
Amendement,Auteur,AMANR5L17PO59048B0324P1D1N001769,https://www.assemblee-nationale.fr/dyn/17/amendements/AMANR5L17PO59048B0324P1D1N001769,I-CF1769,PRJLANR5L17B0324,2024-10-13,Discuté,I. – Les règles relatives à la contribution exceptionnelle sur la puissance de production électrique sont déterminées par les dispositions du livre Ier du code des impositions sur les biens et services et par le présent article.II. – A. – Est soumise à la contribution l’installation de production d’électricité au sens du B qui répond aux conditions cumulatives suivantes :1° Sa puissance de production au sens du C est au moins égale à 260 mégawatts ;2° Elle est située sur le territoire de taxatio,"Le présent amendement a pour objet de faire contribuer les grands producteurs d’électricité au redressement des comptes publics, après plusieurs années au cours desquelles les marges de ces opérateurs ont été dopées par la cherté de l’énergie, le budget de l’Etat prenant à sa charge diverses mesures coûteuses, au cours de cette période, de modération des prix pour les consommateurs finaux.À cette fin, il institue une contribution exceptionnelle sur la puissance de production électrique en service au cours de l’année 2024. Seules sont concernées les installations d’une puissance de production d’au moins 260 mégawatts (MW).La contribution est assise sur la puissance de production au tarif de 34 500 €/mégawatt de puissance.Le niveau de puissance est apprécié à l’échelle de chaque installation"
Amendement,Auteur,AMANR5L17PO838901B0324P1D1N003544,https://www.assemblee-nationale.fr/dyn/17/amendements/AMANR5L17PO838901B0324P1D1N003544,I-3544,PRJLANR5L17B0324,2024-10-19,Retiré,"I.–À la trente-septième ligne de la dernière colonne du tableau de l’alinéa 5, substituer au nombre :« 205 117 000 »le nombre :« 245 117 000 ».II. – En conséquence, après le même alinéa, insérer l’alinéa suivant :« II bis. – Il est opéré un prélèvement de vingt millions d’euros sur les fonds de roulement du réseau des chambres de commerce et d’industrie. Ce prélèvement est réparti entre les différents établissements du réseau par CCI France et est reversé au budget général","Le projet de loi de finances (PLF) pour 2025 prévoit actuellement une nouvelle réduction des ressources publiques affectées au réseau des Chambres de Commerce et d’Industrie (CCI).L’article 33 prévoit en effet une diminution du plafond de la taxe affectée au réseau des CCI (TCCI) de l’ordre de 40 millions d’euros, passant de 525 millions d’euros à 485 millions d’euros, soit une baisse de l’ordre de 8 % du montant annuel perçu par le réseau.Cette proposition contrevient à la trajectoire financière pluriannuelle définie par le Gouvernement, le Parlement et le réseau des CCI et entérinée dans la loi de finances initiale pour 2024.Cette trajectoire prévoyait en effet un maintien de la ressource fiscale affectée aux CCI à 525 millions d’euros jusqu’en 2027, en contrepartie d’"
Amendement,Cosignataire,AMANR5L17PO838901B0324P1D1N003509,https://www.assemblee-nationale.fr/dyn/17/amendements/AMANR5L17PO838901B0324P1D1N003509,I-3509,PRJLANR5L17B0324,2024-10-19,Discuté,"I.–À la trente-septième ligne de la dernière colonne du tableau de l’alinéa 5, substituer au nombre :« 205 117 000 »le nombre :« 245 117 000 ».II. – En conséquence, après le même alinéa, insérer l’alinéa suivant :« II bis. – Il est opéré un prélèvement de vingt millions d’euros sur les fonds de roulement du réseau des chambres de commerce et d’industrie. Ce prélèvement est réparti entre les différents établissements du réseau par CCI France et est reversé au budget général","Cet amendement vise à revenir sur la réduction de taxe affectée aux Chambres de Commerce et d'Industrie (TCCI) et à respecter la trajectoire pluriannuelle définie lors du projet de loi de finances pour l’année 2024. Le présent projet de loi de finances pour 2025 propose de réduire de 40 millions d'euros la taxe affectée aux Chambres de Commerce et d'Industrie (TCCI), la faisant passer de 525 à 485 millions d'euros, soit une baisse de 8 %. Cette décision contrevient à l'accord établi en 2024 qui garantissait un maintien de la TCCI à 525 millions jusqu'en 2027, avec un prélèvement de 20 millions d'euros sur le fonds de roulement chaque année. Les CCI, déjà confrontées à une réduction de 60 % de leur financement depuis 2013 et à une baisse d'effectifs significative (de 25 000 à 14 000), risqu"
Amendement,Cosignataire,AMANR5L17PO59048B0324P1D1N001798,https://www.assemblee-nationale.fr/dyn/17/amendements/AMANR5L17PO59048B0324P1D1N001798,I-CF1798,PRJLANR5L17B0324,2024-10-13,Irrecevable 40,,
Amendement,Cosignataire,AMANR5L17PO59048B0324P1D1N001656,https://www.assemblee-nationale.fr/dyn/17/amendements/AMANR5L17PO59048B0324P1D1N001656,I-CF1656,PRJLANR5L17B0324,2024-10-13,Discuté,Compléter l’alinéa 3 par les mots :« jusqu’au 31 décembre 2026. »,Le présent amendement a pour objet d’alerter sur la nécessité de reprendre les négociations avec le monde du bâtiment ainsi que le secteur des travaux publics passée l’urgence de la crise compte tenu du classement de cette dépense fiscale au regard des exigences environnementales.
Amendement,Auteur,AMANR5L17PO838901B0324P2D1N003485,https://www.assemblee-nationale.fr/dyn/17/amendements/AMANR5L17PO838901B0324P2D1N003485,II-3485,PRJLANR5L17B0324,2024-11-08,Retiré,,"Cet amendement du groupe Socialistes et apparentés vise à créer 3 postes d’enseignants chercheurs en pédopsychiatrie dans chaque faculté de médecine au niveau licence.Alors que deux à trois millions de jeunes de moins de 19 ans souffrent de troubles psychiques, il n’y a que 2 000 psychiatres exerçant en pédopsychiatrie en France et seulement 550 spécialistes, selon la Cour des comptes.Si la crise sanitaire du Covid a contribué à dégrader la santé mentale au sein de la population en général, la dégradation est plus profonde et plus durable chez les plus jeunes, entre sentiment accru de solitude, plaintes psychologiques et somatiques et symptômes dépressifs. Ainsi, selon l’enquête Escapad de l’OFDT conduite en 2022, 9,5 % jeunes de 17 ans étaient exposés à des symptômes anxio-dépressifs sévè"
Amendement,Auteur,AMANR5L17PO838901B0324P1D1N003547,https://www.assemblee-nationale.fr/dyn/17/amendements/AMANR5L17PO838901B0324P1D1N003547,I-3547 (Rect),PRJLANR5L17B0324,2024-10-19,Retiré,"Le code général des impôts est ainsi modifié :I. – L’article 1609 tricies est ainsi modifié :A. – À la première phrase du premier alinéa, après les mots : « paris sportifs », sont insérés les mots : « et casinos en ligne » ;B. – À la première occurrence du troisième alinéa, après les mots : « paris sportifs », sont insérés les mots : « et casinos en ligne » ;C. – Le quatrième alinéa est complété par les mots : « et casinos en ligne » ;II. – Après l’article 302 bis ZI, il est ","Selon un récent rapport de l’Autorité nationale des Jeux, plus de 4 millions de Français jouent sur le marché illégal des jeux en ligne. En l’espace de quelques années, le phénomène est devenu incontrôlable, et ce marché illégal a cru de manière exponentielle (multiplié par 8 en 6 ans) pour atteindre un Produit Brut des Jeux (PBJ) de plus de 2 milliards d’euros en 2023.Fait marquant : pour la première fois depuis la création du secteur des jeux en ligne, le marché illégal des casinos en ligne a dépassé, en 2023, le marché légal des jeux en ligne (tous types de jeux confondus : paris sportifs et hippiques en ligne et poker en ligne). Les sites illégaux de casinos en ligne, basés principalement dans des paradis fiscaux situés en dehors de l’UE, ciblent prioritairement"
Amendement,Cosignataire,AMANR5L17PO838901B0324P2D1N003670,https://www.assemblee-nationale.fr/dyn/17/amendements/AMANR5L17PO838901B0324P2D1N003670,II-3670,PRJLANR5L17B0324,2024-11-11,En traitement,,"Conformément à la recommandation du rapport pour Soutenir l'investissement dans les start-ups, PME innovantes et PME de croissance, le présent amendement vise à augmenter les crédits du programme 134 et plus particulièrement les moyens alloués aux bourses French Tech à destination des femmes.Alors que seule une start-up du Next 40 est dirigée par une femme, il convient de renforcer drastiquement la féminisation du secteur de l'innovation en France. Cet amendement vise à soutenir un programme d'accompagnement financier pour former 10 000 jeunes filles aux métiers de la tech, lancé par le Gouvernement en 2023.Il ne s’agit pas de pénaliser le programme 305 mais uniquement de respecter les conditions de recevabilité financière. Il conviendra que le Gouvernement lève le gage en cas d’adoption d"
Amendement,Auteur,AMANR5L17PO838901B0324P1D1N003545,https://www.assemblee-nationale.fr/dyn/17/amendements/AMANR5L17PO838901B0324P1D1N003545,I-3545,PRJLANR5L17B0324,2024-10-19,Discuté,"I. – Le B du I de la section II du chapitre premier du titre premier de la deuxième partie du livre premier du code général des impôts est complété par un article 1382 J ainsi rédigé :« Art. 1382 J. – Les collectivités territoriales et les établissements publics de coopération intercommunale à fiscalité propre peuvent, par délibération prise dans les conditions prévues à l’article 1639 A bis, exonérer totalement, pour la part de taxe foncière sur les propriétés bâties qui leur revient, les immeu","Dans la suite de la loi de programmation de la recherche, cet amendement a pour objet d’ouvrir la possibilité aux collectivités territoriales d’exonérer de taxe foncière sur les propriétés bâties (TFPB) les établissements d’enseignement supérieur d’intérêt général (EESPIG) en tant qu’opérateurs du service public de l’enseignement supérieur et de la recherche (art. L732-1 du Code de l’éducation et art. L112-2 du Code de la recherche).Il permet ainsi d’établir une équité de traitement avec les établissements publics d’enseignement supérieur et de recherche, exonérés de plein droit du paiement de la TFPB au titre de l’article 1382 du Code général des impôts.L’exonération proposée ici s’établit à l’initiative des collectivités territoriales pour les EESPIG, étab"
Amendement,Cosignataire,AMANR5L17PO838901B0324P1D1N003287,https://www.assemblee-nationale.fr/dyn/17/amendements/AMANR5L17PO838901B0324P1D1N003287,I-3287,PRJLANR5L17B0324,2024-10-19,Discuté,"I. – Au premier alinéa du I de l’article 220 terdecies du code général des impôts, la date : « 31 décembre 2026 » est remplacée par la date : « 31 décembre 2031 ».II. – Le I n’est applicable qu’aux sommes venant en déduction de l’impôt dû.III. – La perte de recettes pour l’État est compensée à due concurrence par la création d’une taxe additionnelle à l’accise sur les tabacs prévue au chapitre IV du titre Ier du livre III du code des impositions sur les biens et services.","Proposition issue du rapport d’information « sur le crédit d’impôt en faveur des entreprises de jeux vidéo » porté par la Commission des Finances dans le cadre du Printemps de l’Evaluation 2024. Le Crédit d’Impôt Jeu Vidéo (CIJV) permet aux entreprises de création de jeux vidéo de déduire de leur impôt une part des dépenses de production d’un jeu. C’est l’un des dispositifs soutenant la création et l’innovation sur notre territoire, dans un contexte international très concurrentiel en la matière.Réformé en 2017, le CIJV montre toute son efficacité vis-à-vis de l’industrie française et internationale : développement des studios et de l’emploi, émergence de studios de taille intermédiaire, développement en France de grands projets internationaux et reconnaissance du savoir-faire français à l"
Amendement,Auteur,AMANR5L17PO838901B0324P2D1N004051,https://www.assemblee-nationale.fr/dyn/17/amendements/AMANR5L17PO838901B0324P2D1N004051,II-4051,PRJLANR5L17B0324,2024-11-12,En traitement,"Après l’article L. 135 ZP du livre des procédures fiscales, insérer l’article suivant :Pour le versement des aides publiques dont elles assurent la gestion, certains établissements publics, peuvent, sur demande, vérifier auprès de l’administration fiscale la cohérence entre les coordonnées bancaires communiquées en vue d’un paiement et l’identité du bénéficiaire de ce dernier. La liste des établissements publics concernés est fixée par arrêté.","La fraude à l’identité et documentaire est l’un des principaux supports des fraudes à la rénovation énergétique.Cet amendement permettra à l’Agence nationale de l’habitat et à l’Agence de l’environnement et de la maîtrise de l’énergie (ADEME), qui versent des aides aux particuliers, d’avoir accès au fichier des comptes bancaires auprès de l’administration fiscale, afin d’identifier plus rapidement les schémas frauduleux et diminuer les dépenses de l’État générées par ces actes frauduleux.L’article 34 II 7° g) de la loi organique relative aux lois de finances permet en effet de transférer des données fiscales dès lors que cela limite les charges de l’État. Or, Tracfin a traité pour 400 millions d’euros d’alertes en 2023 sur MaPrimeRénov’, dispositif d’aide à la rén"
Amendement,Cosignataire,AMANR5L17PO59048B0324P1D1N001791,https://www.assemblee-nationale.fr/dyn/17/amendements/AMANR5L17PO59048B0324P1D1N001791,I-CF1791,PRJLANR5L17B0324,2024-10-13,Discuté,"I. – Au début du k) du II de l’article 244 quater B du code général des impôts, l’année : « 2024 » est remplacée par l’année : « 2027 ».II. – La perte de recettes pour l’État est compensée à due concurrence par la création d’une taxe additionnelle à l’accise sur les tabacs prévue au chapitre IV du titre Ier du livre III du code des impositions sur les biens et services.",Le CII est une extension du CIR qui permet de financer les prototypes de près de 10 000 PME partout sur le territoire. Il est essentiel de proroger ce dispositif pour la vitalité de notre tissu industriel et entrepreneurial et pour préserver sa capacité d’innovation.
Amendement,Cosignataire,AMANR5L17PO838901B0324P1D1N003693,https://www.assemblee-nationale.fr/dyn/17/amendements/AMANR5L17PO838901B0324P1D1N003693,I-3693,PRJLANR5L17B0324,2024-10-25,Discuté,"I. – Supprimer la vingt-septième ligne du tableau de l’alinéa 5.II. – En conséquence, rédiger ainsi l’alinéa 9 : « IV. – Il est opéré en 2025 un prélèvement de 50 millions d’euros sur les ressources de l’association mentionnée au deuxième alinéa de l’article L. 5214‑1 du code du travail. Le recouvrement, le contentieux, les garanties et les sanctions relatifs à ce prélèvement sont régis par les règles applicables en matière de taxe sur les salaires. ».","L’article 33 du projet de loi de finance 2025 a pour objet de fixer un plafond annuel à la dotation collectée versée à l’Agefiph au titre des contributions versées par les entreprises dans le cadre de l’obligation d’emploi des personnes handicapées (OETH).L’objectif de ce plafonnement était de sécuriser le reversement au budget général de 50 M€, lesquels viendraient s’ajouter au budget du ministère du travail et de l’emploi (programme 102) pour financer les entreprises adaptées. Ces 50 M€ venant de l’Agefiph étaient prévus les années précédentes dans le budget de l’Etat, mais sous la forme d’un fonds de concours et d’une convention entre l’Etat et l’Agefiph. Cette forme était moins sécurisante pour le financement desentreprises adaptées.Néanmoins, la mise en place d’un plafond, en cas d’év"
Amendement,Cosignataire,AMANR5L17PO59048B0324P2D1N002047,https://www.assemblee-nationale.fr/dyn/17/amendements/AMANR5L17PO59048B0324P2D1N002047,II-CF2047,PRJLANR5L17B0324,2024-10-25,Discuté,,"La pauvreté à Wallis et Futuna est une réalité grandissante qui frappe durement la population. Les particularités du territoire rendent extrêmement difficile pour les familles de sortir de cette situation par leur travail. La crise en Nouvelle-Calédonie, qui dure depuis près d'un an, aggrave encore cette pauvreté, en touchant les entreprises locales, qui perdent leurs fournisseurs, et les familles qui dépendent des expatriés. Cette crise impacte profondément l’économie locale, menaçant de façon durable l’équilibre social.Face à cette situation, les autorités locales, en partenariat avec l'État, ont mis en place plusieurs aides, notamment pour les personnes âgées, les handicapés, l’insertion sociale, ainsi que des aides pour l’enfance et les factures d’eau. Toutefois, malgré ces dispositifs"
Amendement,Auteur,AMANR5L17PO838901B0324P2D1N003731,https://www.assemblee-nationale.fr/dyn/17/amendements/AMANR5L17PO838901B0324P2D1N003731,II-3731,PRJLANR5L17B0324,2024-11-12,En traitement,I. – Des biens immobiliers relevant du domaine privé ou du domaine public de l’État peuvent être transférés en pleine propriété à l’établissement public créé en application du premier alinéa du II du présent article. Ces transferts s’effectuent à titre gratuit. Un décret fixe la liste des biens transférés et arrête la date de leur transfert.II. – La société anonyme Agence de gestion de l’immobilier de l’État est transformée en un établissement public national à caractère industriel et commercial,"L’immobilier de l’État est confronté à des défis majeurs. L’État doit contribuer significativement l’effort national de réduction de l’empreinte carbone, mais aussi proposer à ses agents et aux usagers des services publics un environnement de travail et d’accueil amélioré et modernisé. Dans la poursuite de ces objectifs, la rationalisation de l’usage des surfaces immobilières, avec la transformation et la valorisation des surfaces libérées, sont des outils puissants. Le présent article vise à mettre en place une réelle fonction État-propriétaire (foncière interministérielle) à travers la mise en œuvre de loyers instituant la répartition des rôles entre l’État-propriétaire et l’État-locataire. Plus largement, il s’agit de responsabiliser, d’une part, l’État propriétaire sur ses missions de "
Amendement,Auteur,AMANR5L17PO838901B0324P1D1N003546,https://www.assemblee-nationale.fr/dyn/17/amendements/AMANR5L17PO838901B0324P1D1N003546,I-3546,PRJLANR5L17B0324,2024-10-19,Discuté,"Le 3 de l’article 279‑0 bis du code général des impôts est ainsi modifié :1° Le premier alinéa est ainsi modifié : a) À la première phrase, le mot : « atteste » est remplacé par les mots : « certifie sur le devis ou la facture » ;b) À la dernière phrase, les mots : « cette attestation » sont remplacés par : « ces éléments » ;2° Au deuxième alinéa, les mots : « copie de cette attestation » sont remplacés par les mots : « copie de ce devis » ;3° Au troisième alinéa, les mots : « l’attestation » so","Le bénéfice des taux réduits applicables aux travaux réalisés dans des locaux d’habitation achevés depuis plus de deux ans est conditionné à la réception d’une attestation remplie, datée et signée par le preneur des travaux.L’article 279-0 bis du CGI (TVA à 10 %) indique que « le preneur atteste que ces travaux se rapportent à des locaux d'habitation achevés depuis plus de deux ans et ne répondent pas aux conditions [qui feraient de ce local un immeuble neuf]. Le prestataire est tenu de conserver cette attestation à l'appui de sa comptabilité ». L’article 278-0 bis A du CGI (TVA à 5,5 %) comporte une disposition similaire.Deux attestations, assorties de notices, sont disponibles sur www.impots.gouv.fr ou www.service-public.fr :Le formulaire n° 1300-SD (CERFA n° 13947) à utiliser lorsque le"
Amendement,Cosignataire,AMANR5L17PO838901B0324P2D1N003232,https://www.assemblee-nationale.fr/dyn/17/amendements/AMANR5L17PO838901B0324P2D1N003232,II-3232,PRJLANR5L17B0324,2024-11-08,En traitement,"Par dérogation à l’article 157 de la loi n° 2002-276 du 27 février 2002 relative à la démocratie de proximité, la durée de cinq ans mentionnée au premier alinéa du II de l’article, en cours à la date de promulgation de la présente loi, pour le recensement général de la population en Nouvelle- Calédonie, est portée à six ans.","La présente mesure a pour objet de déroger à l’article 157 de la loi n° 2002-276 du 27 février 2002 relative à la démocratie de proximité et porter, à titre exceptionnel, la période entre deux recensements de la population de cinq ans comme indiqué dans ladite loi à six ans pour la collectivité de la Nouvelle-Calédonie. Cette mesure induit un coût financier supplémentaire pour l’Insee, qui est couvert par une hausse des crédits de l’Institut à hauteur de 2 millions d’euros en 2025.L’article 157 de la loi n° 2002-276 prévoit qu’il est procédé, tous les cinq ans, à des recensements généraux de la population en Nouvelle-Calédonie. Le précédent recensement général sur ce territoire ayant eu lieu en 2019, la loi précitée conduisait à organiser un nouveau recensement de la population en 2024. Le"
Amendement,Cosignataire,AMANR5L17PO838901B0324P2D1N001284,https://www.assemblee-nationale.fr/dyn/17/amendements/AMANR5L17PO838901B0324P2D1N001284,II-1284,PRJLANR5L17B0324,2024-11-04,A discuter,,"Cet amendement vise à retranscrire la recommandation 13 du rapport « loger les travailleurs des services publics », rédigé dans le cadre de la mission gouvernementale visant à faciliter l’accès au logement des agents publics.En raison du financement assuré par Action Logement, les agents publics ont un accès plus limité à la garantie Visale par rapport aux salariés du secteur privé. Les agents publics de moins de 31 ans peuvent bénéficier de ce dispositif dans les mêmes conditions que les salariés privés pour la location de logements dans le parc privé. Cependant, au-delà de cet âge, seuls les salariés du secteur privé y ont accès, sous certaines conditions : avoir un revenu mensuel inférieur à 1 500 €, ou, en cas de revenus supérieurs, dans le cadre d’une mobilité professionnelle.Notre am"
Amendement,Cosignataire,AMANR5L17PO838901B0324P1D1N003516,https://www.assemblee-nationale.fr/dyn/17/amendements/AMANR5L17PO838901B0324P1D1N003516,I-3516,PRJLANR5L17B0324,2024-10-19,Discuté,I. – Le I de l’article 199 terdecies-0 A bis du code général des impôts est complété par des 3° et 4° ainsi rédigés :« 3° Des entreprises d’utilité sociale mentionnées à l’article L. 3332‑17‑1 du code du travail ;« 4° Une société commerciale qui remplit les conditions prévues au 2° du II de l’article 1er de la loi n° 2014‑856 du 31 juillet 2014 relative à l’économie sociale et solidaire. »II. – La perte de recettes pour l’État est compensée à due concurrence par la création d’une taxe additionne,"Alors que la situation budgétaire contraint à réduire les moyens de nombreuses structures d’accompagnement, il est important de continuer à soutenir l’innovation sociale et solidaire qui répond à nos besoins économiques, sociaux et environnementaux. Ainsi, pour favoriser l’investissement des particuliers dans les entreprises solidaires d’utilité sociales (ESUS) et les sociétés commerciales de l’économie sociale et solidaire, il est proposé d’élargir à cette catégorie d’entreprises le dispositif de l’IR-JEI."
Amendement,Cosignataire,AMANR5L17PO838901B0324P2D1N003669,https://www.assemblee-nationale.fr/dyn/17/amendements/AMANR5L17PO838901B0324P2D1N003669,II-3669,PRJLANR5L17B0324,2024-11-11,En traitement,,"Conformément à la recommandation du rapport pour Soutenir l'investissement dans les start-ups, PME innovantes et PME de croissance, le présent amendement vise à augmenter les crédits du programme 134 et plus particulièrement les moyens alloués au programme French Tech Tremplin.Lancé en 2019 à l’initiative de la Mission French Tech, le programme French Tech Tremplin permet à des personnes éloignées de l’entrepreneuriat de créer leur start-up grâce à l’accompagnement de structures comme Diversidays ou les Déterminés. Au total près de 500 personnes ont été accompagnées lors de la première phase du programme. L'objectif de cet amendement d'appel est de mettre en avant cette initiative et d'appeler à son développement.Il ne s’agit pas de pénaliser le programme 305 mais uniquement de respecter l"
Amendement,Auteur,AMANR5L17PO838901B0324P1D1N003543,https://www.assemblee-nationale.fr/dyn/17/amendements/AMANR5L17PO838901B0324P1D1N003543,I-3543,PRJLANR5L17B0324,2024-10-19,Discuté,"I. – Le code général des impôts est ainsi modifié :1° L’article 755 est ainsi modifié :a) Le premier alinéa est ainsi modifié : – la première occurrence du mot : « ou » est supprimée ;– après la référence : « 1649 AA », sont insérés les mots : « , ainsi que les actifs numériques figurant sur un compte d’actifs numériques, au sens de l’article 1649 bis C » ;b) Au second alinéa, après chaque occurrence du mot : « avoirs », sont insérés les mots : « ou des actifs numériques » ;2° Le I de l’article ","Les actifs numériques, par leurs modalités de création et de conservation, peuvent être utilisés dans le cadre de fraudes fiscales ou pour masquer des activités frauduleuses ou criminelles.Le présent amendement a pour objet d’aligner le traitement juridique de la défaillance déclarative en cas de détention d’actifs numériques à l’étranger sur celui applicable aux comptes bancaires et contrats de capitalisation détenus à l’étranger (article 1649 AA du code général des impôts (CGI)), pour lesquels de nombreuses dispositions spéciales sont prévues tant en matière de procédure que de sanctions applicables.Ainsi, il est proposé de rendre applicable la procédure de taxation d’office en cas d’omission de déclaration de la plus-value de cession d’actifs numériques.De même, la procédure prévue à l’"
Amendement,Cosignataire,AMANR5L17PO838901B0324P1D1N003511,https://www.assemblee-nationale.fr/dyn/17/amendements/AMANR5L17PO838901B0324P1D1N003511,I-3511,PRJLANR5L17B0324,2024-10-19,Discuté,I. – Le II de l’article 209‑0 B du code général des impôts est complété par un alinéa ainsi rédigé :« Les montants applicables prévus aux tableaux ci-dessus sont actualisées au 1er janvier de chaque année dans la même proportion que la limite supérieure de la première tranche du barème de l’impôt sur le revenu et arrondies à l’euro le plus proche. »II. – La perte de recettes pour l’État est compensée à due concurrence par la création d’une taxe additionnelle à l’accise sur les tabacs prévue au c,"Cet amendement vise à indexer à l’inflation la taxe au tonnage à l’inflation. La taxe au tonnage est une mesure de soutien absolument nécessaire à nos armateurs. Pour rappel la France était absente du marché du transport maritime il y a encore 20 ans, elle est aujourd’hui l’un des leaders mondiaux de ce marché. Dans une situation de commerce mondialisé avec un concurrence particulièrement accrue, il est nécessaire que l’État soit au coté de ses fleurons afin de leur permettre de rester compétitif sur la scène internationale. C’est pourquoi il n’est pas envisageable de remettre ne cause ce système d’imposition qui permet à la marine marchande française d’être compétitive au niveau mondial.La flotte française compte aujourd’hui plus de 400 navires, il est nécessaire de les conserver sous pav"
Amendement,Auteur,AMANR5L17PO838901B0324P1D1N003520,https://www.assemblee-nationale.fr/dyn/17/amendements/AMANR5L17PO838901B0324P1D1N003520,I-3520,PRJLANR5L17B0324,2024-10-19,Discuté,"I. – À l’alinéa 24, substituer à la date :« 10 octobre 2024 »la date :« 1er janvier 2024 ».II. – En conséquence, supprimer l’alinéa 25.III. – En conséquence, supprimer l’alinéa 26.","Le présent amendement d'étendre la taxe sur les réductions de capital des grandes entreprises, qu’elles effectuent en annulant leurs propres actions rachetées, aux opérations réalisées dès le 1er janvier 2024."
Amendement,Cosignataire,AMANR5L17PO838901B0324P1D1N003518,https://www.assemblee-nationale.fr/dyn/17/amendements/AMANR5L17PO838901B0324P1D1N003518,I-3518,PRJLANR5L17B0324,2024-10-19,Discuté,"I. – Au premier alinéa du k du II de l’article 244 quater B du code général des impôts, l’année : « 2024 » est remplacée par l’année : « 2027 ».II. – La perte de recettes pour l’État est compensée, à due concurrence, par la création d’une taxe additionnelle à l’accise sur les tabacs prévue au chapitre IV du titre Ier du livre III du code des impositions sur les biens et services.III. – Le I n’est applicable qu’aux sommes venant en déduction de l’impôt dû.",Le CII est une extension du CIR qui permet de financer les prototypes de près de 10 000 PME partout sur le territoire. Il est essentiel de proroger ce dispositif pour la vitalité de notre tissu industriel et entrepreneurial et pour préserver sa capacité d’innovation
Amendement,Auteur,AMANR5L17PO59048B0324P1D1N001768,https://www.assemblee-nationale.fr/dyn/17/amendements/AMANR5L17PO59048B0324P1D1N001768,I-CF1768,PRJLANR5L17B0324,2024-10-13,Discuté,"I. – À l’alinéa 24, substituer à la date :« 10 octobre »la date :« 1er janvier ».II. – En conséquence, supprimer les alinéas 25 et 26.","Le présent amendement d'étendre la taxe sur les réductions de capital des grandes entreprises, qu’elles effectuent en annulant leurs propres actions rachetées, aux opérations réalisées dès le 1er janvier 2025."
Amendement,Cosignataire,AMANR5L17PO59048B0324P1D1N001796,https://www.assemblee-nationale.fr/dyn/17/amendements/AMANR5L17PO59048B0324P1D1N001796,I-CF1796,PRJLANR5L17B0324,2024-10-13,Discuté,"I. – À la quatrième ligne de la troisième colonne du tableau de l’alinéa 2, substituer au nombre :« -5,7 »le nombre :« -5,5 ».II. – En conséquence, à la septième ligne de la même colonne du même tableau, substituer au nombre :« -6,1 »le nombre :« -5,9 ».","Le présent amendement a pour objet d’inviter le Gouvernement à prendre toutes les mesures possibles pour agir sur la dépense publique en 2024, comme l’y invite le Haut Conseil aux Finances Publiques.En effet, si l’ensemble des mesures de régulation de fin d’année sont prises à l’occasion du Projet de loi de fin de gestion, le déficit effectif devrait être inférieur à 6% du PIB."
Amendement,Cosignataire,AMANR5L17PO59048B0324P2D1N001873,https://www.assemblee-nationale.fr/dyn/17/amendements/AMANR5L17PO59048B0324P2D1N001873,II-CF1873,PRJLANR5L17B0324,2024-10-24,Discuté,,"Cet amendement vise à retranscrire la recommandation 13 du rapport « loger les travailleurs des services publics », rédigé dans le cadre de la mission gouvernementale visant à faciliter l’accès au logement des agents publics. En raison du financement assuré par Action Logement, les agents publics ont un accès plus limité à la garantie Visale par rapport aux salariés du secteur privé. Les agents publics de moins de 31 ans peuvent bénéficier de ce dispositif dans les mêmes conditions que les salariés privés pour la location de logements dans le parc privé. Cependant, au-delà de cet âge, seuls les salariés du secteur privé y ont accès, sous certaines conditions : avoir un revenu mensuel inférieur à 1 500 €, ou, en cas de revenus supérieurs, dans le cadre d’une mobilité professionnelle. Notre "
Amendement,Auteur,AMANR5L17PO59048B0324P1D1N001783,https://www.assemblee-nationale.fr/dyn/17/amendements/AMANR5L17PO59048B0324P1D1N001783,I-CF1783,PRJLANR5L17B0324,2024-10-13,Discuté,"I. – Le titre III de la première partie du livre premier du code général des impôts est ainsi modifié :1° L’article 298 quindecies A est ainsi rétabli :« Art. 298 quindecies A. – Pour les besoins du présent VII, les tabacs manufacturés s’entendent de ceux définis à l’article 566 » ;2° L’article 566 est ainsi rétabli :« Art. 566. – Pour l’application de la présente section, les tabacs manufacturés s’entendent :« 1° Des produits du tabac mentionnés aux 1° et 2° de l’article L. 314‑3 du code des im","Ce texte poursuit un objectif de lutte contre les risques de la consommation de nicotine, notamment chez les mineurs. Il est en effet primordial que le législateur anticipe les évolutions en cours en matière d’addiction, au premier rang desquels figurent les sachets ou encore billes. Ces produits sont autant d’éléments qui ne cessent d’attirer toujours plus la jeunesse vers la consommation de nicotine, leur faisant oublier les risques qui en résultent. Il poursuit également un objectif budgétaire, en fiscalisant ces produits. En outre, la fiscalisation de ces nouveaux produits entraînera mécaniquement une hausse de leur prix de vente, et dès lors une moindre accessibilité, en particulier pour les plus jeunes.Les buralistes, préposés de l’administration et commerçants d’utilité locale, dépl"
Amendement,Cosignataire,AMANR5L17PO838901B0324P1D1N003512,https://www.assemblee-nationale.fr/dyn/17/amendements/AMANR5L17PO838901B0324P1D1N003512,I-3512,PRJLANR5L17B0324,2024-10-19,Discuté,"I. – Le premier alinéa de l’article L. 255‑2 du code de la construction et de l’habitation est complété par une phrase ainsi rédigée : « Les plafonds de ressources du preneur ne peuvent être inférieurs aux plafonds de ressources mentionnés au premier alinéa du III de l’article 199 novovicies du code général des impôts. »II. – Au premier alinéa de l’article 1388 octies du code général des impôts, après les mots : « concurrence de », il est inséré le taux : « 25 %, ».III. – La perte de recettes po","L’accession sociale à la propriété, qui vise à permettre aux ménages aux revenus modestes d’acheter leur résidence principale et de devenir propriétaire à des conditions avantageuses, semble aujourd’hui en panne : le taux de propriétaires occupants, de 57,4 % en 2022, ne progresse plus depuis dix ans, alors qu’environ 80 % des Français sont ou souhaitent devenir propriétaires de leur logement. Ainsi, malgré la difficulté croissante pour les ménages, notamment les plus modestes, d’obtenir des prêts bancaires, la propriété reste un objectif attractif pour de nombreux Français alors que le marché locatif ne peut absorber seul la forte augmentation de la demande. Pour répondre à cette urgence, le bail réel solidaire (BRS) est un dispositif prometteur, sous condition de ressources, qui permet d"
Amendement,Cosignataire,AMANR5L17PO59048B0324P1D1N001786,https://www.assemblee-nationale.fr/dyn/17/amendements/AMANR5L17PO59048B0324P1D1N001786,I-CF1786,PRJLANR5L17B0324,2024-10-13,Irrecevable,,
Amendement,Cosignataire,AMANR5L17PO59048B0324P1D1N001785,https://www.assemblee-nationale.fr/dyn/17/amendements/AMANR5L17PO59048B0324P1D1N001785,I-CF1785,PRJLANR5L17B0324,2024-10-13,Discuté,"I. – À l’alinéa 14, substituer aux nombres : « 5 » et « 25 »,les nombres : « 0 » et « 7 ».II. – Compléter cet article par l’alinéa suivant :« II. – La perte de recettes pour l’État est compensée à due concurrence par la création d’une taxe additionnelle à l’accise sur les tabacs prévue au chapitre IV du titre Ier du livre III du code des impositions sur les biens et services. »","Cet amendement vise à plafonner la hausse globale de l’accise sur la consommation d’électricité, de sorte que le tarif normal n’excède pas 32 euros/MWh. S’il est légitime de sortir des dispositifs exceptionnels liés à la crise énergétique, augmenter durablement la fiscalité sur l’électricité serait à la fois contraire aux objectifs de transition énergétique – en frappant une énergie propre et souveraine -, de compétitivité économique – alors que le prix de l’énergie est devenu un facteur clef pour la réindustrialisation, et de pouvoir d’achat des travailleurs – alors que ce budget doit viser à les préserver au maximum. L’électrification est un objectif stratégique éminent pour notre pays, afin de réduire nos dépendances extérieures et nos émissions de gaz à effet de serre. La fluctuation d"
Amendement,Cosignataire,AMANR5L17PO59048B0324P2D1N001508,https://www.assemblee-nationale.fr/dyn/17/amendements/AMANR5L17PO59048B0324P2D1N001508,II-CF1508,PRJLANR5L17B0324,2024-10-24,Discuté,,"Cet amendement vise à abonder de 5 millions d’euros les crédits dévolus à FranceAgriMer dans le cadre de sa mission de structuration des filières agricoles.Lancé en septembre 2020 dans le cadre du Plan de relance, le plan de structuration des filières agricoles et agroalimentaires, qui visait à accompagner les agriculteurs souhaitant se structurer en filière, a connu un grand succès. Les aides octroyées portaient sur les dépenses d’ingénierie du projet, les dépenses de personnels, les prestations d’études, de conseils et les prestations informatiques, des investissements à l’aval des filières (matériel de stockage, distribution, transformation, etc.) s’intégrant dans le cadre d’un projet de structuration de filières.Les crédits du plan de relance et, par conséquence, le plan de structurati"
Amendement,Cosignataire,AMANR5L17PO838901B0324P1D1N003510,https://www.assemblee-nationale.fr/dyn/17/amendements/AMANR5L17PO838901B0324P1D1N003510,I-3510,PRJLANR5L17B0324,2024-10-19,Discuté,"I. – À la première phrase de l’alinéa 14, substituer au montant :« 5 € »le montant :« 0 € ».II. – En conséquence, à la même phrase, substituer au montant :« 25 € »le montant :« 7 € ».","Cet amendement vise à plafonner la hausse globale de l’accise sur la consommation d’électricité, de sorte que le tarif normal n’excède pas 32 euros/MWh. S’il est légitime de sortir des dispositifs exceptionnels liés à la crise énergétique, augmenter durablement la fiscalité sur l’électricité serait à la fois contraire aux objectifs de transition énergétique – en frappant une énergie propre et souveraine -, de compétitivité économique – alors que le prix de l’énergie est devenu un facteur clef pour la réindustrialisation, et de pouvoir d’achat des travailleurs – alors que ce budget doit viser à les préserver au maximum. L’électrification est un objectif stratégique éminent pour notre pays, afin de réduire nos dépendances extérieures et nos émissions de gaz à effet de serre. La fluctuation d"
Amendement,Cosignataire,AMANR5L17PO838901B0324P2D1N003302,https://www.assemblee-nationale.fr/dyn/17/amendements/AMANR5L17PO838901B0324P2D1N003302,II-3302,PRJLANR5L17B0324,2024-11-08,Retiré,,"La pauvreté à Wallis et Futuna est une réalité grandissante qui frappe durement la population. Les particularités du territoire rendent extrêmement difficile pour les familles de sortir de cette situation par leur travail. La crise en Nouvelle-Calédonie, qui dure depuis près d’un an, aggrave encore cette pauvreté, en touchant les entreprises locales, qui perdent leurs fournisseurs, et les familles qui dépendent des expatriés. Cette crise impacte profondément l’économie locale, menaçant de façon durable l’équilibre social.Face à cette situation, les autorités locales, en partenariat avec l’État, ont mis en place plusieurs aides, notamment pour les personnes âgées, les handicapés, l’insertion sociale, ainsi que des aides pour l’enfance et les factures d’eau. Toutefois, malgré ces dispositifs"
Amendement,Cosignataire,AMANR5L17PO838901B0324P1D1N002117,https://www.assemblee-nationale.fr/dyn/17/amendements/AMANR5L17PO838901B0324P1D1N002117,I-2117,PRJLANR5L17B0324,2024-10-18,Discuté,"I. – À la trente-septième ligne de la troisième colonne du tableau de l’alinéa 5, substituer au montant : « 205 117 000 », le montant : « 245 117 000 ». II. – En conséquence, après l’alinéa 5, insérer un II bis ainsi rédigé : « II bis. – Il est opéré un prélèvement de 20 millions d’euros, au titre des trois exercices consécutifs clos à compter du 31 décembre 2024, sur les fonds de roulement du réseau des chambres de commerce et d’industrie. Ce prélèvement est réparti entre les différents établis","Le présent amendement permet de revenir sur la réduction de 40 millions d’euros de la taxe affectée au réseau des Chambres de Commerce et d’Industrie (TCCI) proposée dans le projet de loi de finances pour 2025. Le dispositif contrevient à la trajectoire financière pluriannuelle définie entre le Gouvernement, le Parlement et le réseau des CCI, inscrite dans la loi de finances initiale pour 2024. En effet, le réseau des CCI s’était engagé auprès du Gouvernement et du Parlement à contribuer à l’effort économique nationale via un prélèvement sur leurs fonds de roulement de l’ordre de 100 millions d’euros sur la période 2024-2027 (40 millions prélevés en 2024, puis 20 millions chaque année jusqu’en 2027). En contrepartie, le Gouvernement avait assuré la stabilité des ressources publiques accord"
Amendement,Cosignataire,AMANR5L17PO838901B0324P2D1N003673,https://www.assemblee-nationale.fr/dyn/17/amendements/AMANR5L17PO838901B0324P2D1N003673,II-3673,PRJLANR5L17B0324,2024-11-11,En traitement,,"Afin de renforcer les actions de lutte contre l’exploitation sexuelle, le ministère déléguée chargé de l'Égalité entre les femmes et les hommes et de la Lutte contre les discriminations a lancé en mai dernier, la première stratégie nationale de lutte contre le système prostitutionnel. Cette stratégie a été réalisée en collaboration avec le ministère de l’Intérieur et des Outre-mer, le ministère de la Justice, le ministère délégué chargé de la santé et de la prévention et le ministère délégué chargée de l’enfance, de la jeunesse et des familles ainsi qu’avec l’ensemble des acteurs institutionnels et associatifs concernés.Cet amendement propose de revaloriser le montant de l’aide financière d’insertion sociale (AFIS) versée aux personnes en parcours de sortie de la prostitution, en l'alignan"
Amendement,Cosignataire,AMANR5L17PO838901B0324P2D1N003678,https://www.assemblee-nationale.fr/dyn/17/amendements/AMANR5L17PO838901B0324P2D1N003678,II-3678,PRJLANR5L17B0324,2024-11-11,En traitement,,"Par cet amendement, il est proposé d'abonder de 50 millions d'euros l'action n°22 ""Gestion des crises et des aléas de la production agricole"" du programme 149 ""Compétitivité et durabilité de l'agriculture, de l'agroalimentaire et de la forêt"" et de minorer du même montant l'action n°6 ""Mise en oeuvre de la politique de sécurité et de qualité sanitaires de l'alimentation"" du programme 206 ""Sécurité et qualité sanitaires de l'alimentation"".Un tel transfert de crédits se révèle nécessaire compte-tenu de l'urgence dans laquelle se trouvent les agriculteurs, et notamment les vignerons, du sud-ouest de la France. Durement frappés par les aléas climatiques ces dernières années. Ils ont été l'année dernière également été très rudement affectés par une épidémie de mildiou d'une rare intensité. Cert"
Amendement,Cosignataire,AMANR5L17PO59048B0324P1D1N001788,https://www.assemblee-nationale.fr/dyn/17/amendements/AMANR5L17PO59048B0324P1D1N001788,I-CF1788,PRJLANR5L17B0324,2024-10-13,Discuté,"I. – Le premier alinéa de l’article L. 255‑2 du code de la construction et de l’habitation est complété par la phrase :« Les plafonds de ressources du preneur ne peuvent être inférieurs aux plafonds de ressources mentionnés au premier alinéa du III de l’article 199 novovicies du code général des impôts. »II. – Au premier alinéa de l’article 1388 octies du code général des impôts, après les mots : « à concurrence de », est inséré le taux : « 25 %, ».III. – La perte de recettes pour l’État est com","L’accession sociale à la propriété, qui vise à permettre aux ménages aux revenus modestes d’acheter leur résidence principale et de devenir propriétaire à des conditions avantageuses, semble aujourd’hui en panne : le taux de propriétaires occupants, de 57,4 % en 2022, ne progresse plus depuis dix ans, alors qu’environ 80 % des Français sont ou souhaitent devenir propriétaires de leur logement.Ainsi, malgré la difficulté croissante pour les ménages, notamment les plus modestes, d’obtenir des prêts bancaires, la propriété reste un objectif attractif pour de nombreux Français alors que le marché locatif ne peut absorber seul la forte augmentation de la demande.Pour répondre à cette urgence, le bail réel solidaire (BRS) est un dispositif prometteur, sous condition de ressources, qui permet de "
Amendement,Auteur,AMANR5L17PO838901B0324P1D1N003542,https://www.assemblee-nationale.fr/dyn/17/amendements/AMANR5L17PO838901B0324P1D1N003542,I-3542,PRJLANR5L17B0324,2024-10-19,Discuté,"I. – L’article 151 de la loi n° 2020‑1721 du 29 décembre 2020 de finances pour 2021 est ainsi modifié : 1° Au I, les mots : « ou 2024 » sont remplacés par les mots : « , 2024 ou 2025 » ;2° À la première phrase du 1 du IV, les mots : « ou 2024 » sont remplacés par les mots : « , 2024 ou 2025 ».II. – Le I n’est applicable qu’aux sommes venant en déduction de l’impôt dû.III. – La perte de recettes pour l’État est compensée à due concurrence par la création d’une taxe additionnelle à l’accise sur le","Pour encourager les entreprises agricoles à s’engager dans la certification « Haute Valeur Environnementale » (HVE), la loi de finances 2021 a institué un crédit d’impôt de 2500 € pour celles qui, au cours de l’année 2022, se verront délivrer une certification de 3ème niveau. La loi de finances pour 2023 et pour 2024 ont prorogé cette mesure sur les années 2023 et 2024 respectivement. Ce crédit d’impôt a contribué à la bonne dynamique de conversion à la HVE qu’il conviendrait de continuer à soutenir en prorogeant ce dispositif d’une année supplémentaire."
Amendement,Cosignataire,AMANR5L17PO838901B0324P1D1N003514,https://www.assemblee-nationale.fr/dyn/17/amendements/AMANR5L17PO838901B0324P1D1N003514,I-3514,PRJLANR5L17B0324,2024-10-19,Retiré,"I. – À la trente-neuvième ligne de la dernière colonne du tableau de l’alinéa 2, substituer au nombre :« 507 000 000 »,le nombre :« 555 000 000 ».II. – En conséquence, supprimer la vingt-septième ligne du tableau de l’alinéa 5.III. – En conséquence, supprimer l’alinéa 9.","Cet amendement prévoit la suppression du plafonnement de la taxe affectée à l’AGEFIPH. Le plafonnement envisagé conduirait à une baisse de ressources de 20 %, menaçant des actions indispensables pour accompagner les travailleurs en situation de handicap. Alors que les Jeux Paralympiques doivent être l’occasion d’accélérer les actions en matière d’inclusion, cette décision va à rebours de cet objectif indispensable. Alors que les demandes des entreprises à l’AGEFIPH sont très dynamiques, elle fragiliserait la capacité à y répondre et contribuerait à démobiliser le secteur économique. Au vu des apports, tant sociaux qu’économiques ou même budgétaires, liés à une meilleure insertion dans l’emploi des personnes en situation de handicap, ce plafonnement doit être supprimé."
Amendement,Cosignataire,AMANR5L17PO59048B0324P2D1N001870,https://www.assemblee-nationale.fr/dyn/17/amendements/AMANR5L17PO59048B0324P2D1N001870,II-CF1870,PRJLANR5L17B0324,2024-10-24,Discuté,,"Les radios associatives locales jouent un rôle essentiel dans le paysage médiatique français, en particulier dans les zones rurales, les quartiers prioritaires et les territoires d’outre-mer. Véritables vecteurs de cohésion sociale, elles animent la vie locale, donnent la parole aux citoyens et aux acteurs du territoire, et contribuent à la diversité culturelle.Ces radios mènent également des actions cruciales d’éducation aux médias et à l’information, de lutte contre la désinformation, et de formation, notamment auprès des jeunes. Elles emploient près de 2850 salariés, dont 270 journalistes professionnels, constituant ainsi le deuxième employeur du secteur radiophonique après le service public.Or, il est prévu une réduction drastique de près de 30 % du Fonds de Soutien à l’Expression Radi"
Amendement,Cosignataire,AMANR5L17PO838901B0324P2D1N003671,https://www.assemblee-nationale.fr/dyn/17/amendements/AMANR5L17PO838901B0324P2D1N003671,II-3671,PRJLANR5L17B0324,2024-11-11,En traitement,,"Cet amendement vise à augmenter les crédits du programme 181 « Prévention des risques » afin de permettre à l'ADEME de maintenir sa capacité de financement, dans le cadre du fonds chaleur, en 2025.Alors que le fonds chaleur est le levier le plus efficace dont dispose l’agence pour soutenir les territoires dans leur décarbonation, le projet de loi prévoit de réduire considérablement les crédits accordés à l’ADEME, à hauteur de 35%. Dans cette perspective, l’agence serait contrainte de répercuter une partie de cette baisse, sur son budget dédié au fonds chaleur.&nbsp; Pour rappel 1€ investi dans le fonds chaleur génère 4€ d’investissements locaux, le prix de la tonne de CO2 évitée est de loin le plus faible de tous les fonds publics (seulement 36€) . En cohérence avec nos engagements climati"
Amendement,Cosignataire,AMANR5L17PO838901B0324P2D1N003675,https://www.assemblee-nationale.fr/dyn/17/amendements/AMANR5L17PO838901B0324P2D1N003675,II-3675,PRJLANR5L17B0324,2024-11-11,En traitement,,"L’action « Planification écologique », créée dans le cadre du projet de loi de finances pour 2024, regroupe les crédits consacrés à la planification écologique. Elle est dotée de 372,6 M€ en autorisations d’engagement et 296,9 M€ en crédits de paiement, ce qui représente une diminution de 64 % en autorisations d’engagement et 50 % en crédits de paiement par rapport à l’année en cours.La répartition entre les sous-actions inscrite dans le projet annuel de performances n’est pas stabilisée, mais, à ce stade, les crédits de la planification écologique sont répartis en trois grands blocs : haies, agriculture (« Fonds de souveraineté et transition » et soutien à l’agriculture biologique) et forêts (« renouvellement forestier »).Le ministère précise que l’allocation des crédits aux différents di"
Amendement,Cosignataire,AMANR5L17PO838901B0324P1D1N003515,https://www.assemblee-nationale.fr/dyn/17/amendements/AMANR5L17PO838901B0324P1D1N003515,I-3515,PRJLANR5L17B0324,2024-10-19,Discuté,"I. – À la quatrième ligne de la troisième colonne du tableau de l’alinéa 2, substituer au nombre :« -5,7 »le nombre :« -5,5 ».II. – En conséquence, à la septième ligne de la même colonne du même tableau, substituer au nombre :« -6,1 »le nombre :« -5,9 ».","Le présent amendement rappelle que des marges de manœuvre sont encore existantes cette année pour réduire le déficit public à un niveau inférieur à 6,1% de PIB ainsi que le prévoit le présent article.En effet, le précédent Gouvernement a pris plusieurs décisions qui demandent à être exécutées pour y parvenir, aussi bien dans le présent projet de loi de finances (contribution rétroactive sur les rentes inframarginales, rétroactivité de la taxe sur le rachat d’actions prévue ici à l’article 26), par voie réglementaire (fin du remboursement des tests Covid sans ordonnance par exemple) ou bien dans le projet de loi de fin de gestion (annulation d’au moins 10 milliards d’euros de crédits mis en réserve).Le Groupe Ensemble pour la République rappelle ainsi qu’il n’y a pas de fatalité s’agissant "
Amendement,Cosignataire,AMANR5L17PO838901B0324P2D1N003674,https://www.assemblee-nationale.fr/dyn/17/amendements/AMANR5L17PO838901B0324P2D1N003674,II-3674,PRJLANR5L17B0324,2024-11-11,En traitement,,"Cet amendement vise à abonder de 5 millions d’euros les crédits dévolus à FranceAgriMer dans le cadre de sa mission de structuration des filières agricoles.Lancé en septembre 2020 dans le cadre du Plan de relance, le plan de structuration des filières agricoles et agroalimentaires, qui visait à accompagner les agriculteurs souhaitant se structurer en filière, a connu un grand succès. Les aides octroyées portaient sur les dépenses d’ingénierie du projet, les dépenses de personnels, les prestations d’études, de conseils et les prestations informatiques, des investissements à l’aval des filières (matériel de stockage, distribution, transformation, etc.) s’intégrant dans le cadre d’un projet de structuration de filières.Les crédits du plan de relance et, par conséquence, le plan de structurati"
Amendement,Auteur,AMANR5L17PO838901B0324P1D1N003519,https://www.assemblee-nationale.fr/dyn/17/amendements/AMANR5L17PO838901B0324P1D1N003519,I-3519,PRJLANR5L17B0324,2024-10-19,Discuté,I. – Les règles relatives à la contribution exceptionnelle sur la puissance de production électrique sont déterminées par les dispositions du livre Ier du code des impositions sur les biens et services et par le présent article.II. – A. – Est soumise à la contribution l’installation de production d’électricité au sens du B qui répond aux conditions cumulatives suivantes :1° Sa puissance de production au sens du C est au moins égale à 260 mégawatts ;2° Elle est située sur le territoire de taxatio,"Le présent amendement a pour objet de faire contribuer les grands producteurs d’électricité au redressement des comptes publics, après plusieurs années au cours desquelles les marges de ces opérateurs ont été dopées par la cherté de l’énergie, le budget de l’Etat prenant à sa charge diverses mesures coûteuses, au cours de cette période, de modération des prix pour les consommateurs finaux.À cette fin, il institue une contribution exceptionnelle sur la puissance de production électrique en service au cours de l’année 2024. Seules sont concernées les installations d’une puissance de production d’au moins 260 mégawatts (MW).La contribution est assise sur la puissance de production au tarif de 34 500 €/mégawatt de puissance.Le niveau de puissance est apprécié à l’échelle de chaque installation"
Amendement,Cosignataire,AMANR5L17PO838901B0324P2D1N000126,https://www.assemblee-nationale.fr/dyn/17/amendements/AMANR5L17PO838901B0324P2D1N000126,II-126,PRJLANR5L17B0324,2024-10-24,En traitement,,"Les radios associatives locales jouent un rôle essentiel dans le paysage médiatique français, en particulier dans les zones rurales, les quartiers prioritaires et les territoires d’outre-mer. Véritables vecteurs de cohésion sociale, elles animent la vie locale, donnent la parole aux citoyens et aux acteurs du territoire, et contribuent à la diversité culturelle.Ces radios mènent également des actions cruciales d’éducation aux médias et à l’information, de lutte contre la désinformation, et de formation, notamment auprès des jeunes. Elles emploient près de 2850 salariés, dont 270 journalistes professionnels, constituant ainsi le deuxième employeur du secteur radiophonique après le service public.Or, il est prévu une réduction drastique de près de 30 % du Fonds de Soutien à l’Expression Radi"
Amendement,Cosignataire,AMANR5L17PO838901B0324P2D1N003668,https://www.assemblee-nationale.fr/dyn/17/amendements/AMANR5L17PO838901B0324P2D1N003668,II-3668,PRJLANR5L17B0324,2024-11-11,En traitement,,"Les radios associatives locales jouent un rôle essentiel dans le paysage médiatique français, en particulier dans les zones rurales, les quartiers prioritaires et les territoires d’outre-mer. Véritables vecteurs de cohésion sociale, elles animent la vie locale, donnent la parole aux citoyens et aux acteurs du territoire, et contribuent à la diversité culturelle.Ces radios mènent également des actions cruciales d’éducation aux médias et à l’information, de lutte contre la désinformation, et de formation, notamment auprès des jeunes. Elles emploient près de 2850 salariés, dont 270 journalistes professionnels, constituant ainsi le deuxième employeur du secteur radiophonique après le service public.Or, il est prévu une réduction drastique de près de 30 % du Fonds de Soutien à l’Expression Radi"
Amendement,Auteur,AMANR5L17PO838901B0324P1D1N003540,https://www.assemblee-nationale.fr/dyn/17/amendements/AMANR5L17PO838901B0324P1D1N003540,I-3540,PRJLANR5L17B0324,2024-10-19,Discuté,"Le I de la section II du chapitre premier du titre II de la première partie du livre des procédures fiscales est complété par un article L. 16 A bis ainsi rédigé :« Art. L. 16 A bis. – I. – En matière d’impôt sur le revenu, lorsqu’il existe des indices sérieux de nature à remettre en cause la réalité des dépenses ouvrant droit à crédit d’impôt que le contribuable a mentionnées dans la déclaration prévue à l’article 170 du code général des impôts, ou celle des montants de prélèvement à la source ","Le présent article a pour objet de renforcer la lutte contre la fraude aux restitutions d’impôt sur le revenu (crédits d’impôt et remboursements de prélèvement à la source) en créant une procédure simplifiée de contrôle avant émission des rôles. Elle consiste à demander au contribuable des justificatifs relatifs aux éléments déclarés ouvrant droit à restitution d’impôt sur le revenu (dépenses déclarées ouvrant droit à crédit d’impôt ou montant de prélèvement à la source) et, faute de réponse ou de réponse suffisante, à établir l’imposition sans les prendre en compte. Le texte permet au contribuable de demander, par voie de réclamation, après établissement de l’imposition, la prise en compte des dépenses ou des prélèvements concernés."
Amendement,Cosignataire,AMANR5L17PO59048B0324P1D1N001787,https://www.assemblee-nationale.fr/dyn/17/amendements/AMANR5L17PO59048B0324P1D1N001787,I-CF1787,PRJLANR5L17B0324,2024-10-13,Discuté,"I. – Le dernier alinéa de l’article 1518 bis du code général des impôts est supprimé.II. – La perte de recettes pour les collectivités territoriales est compensée à due concurrence par la majoration de la dotation globale de fonctionnement et, corrélativement pour l’État, par la création d’une taxe additionnelle à l’accise sur les tabacs prévue au chapitre IV du titre Ier du livre III du code des impositions sur les biens et services.","Cet amendement vise à désindexer à l’inflation les valeurs locatives foncières et ainsi revenir au dispositif précédant la réforme de 2018.Depuis 2018, la valeur locative cadastrale, qui correspond au loyer annuel théorique dont le propriétaire pourrait tirer du bien s’il était loué, est actualisée et revalorisée automatiquement chaque année au niveau de l’inflation sans vote du parlement. Elle s’applique sur l’ensemble des impôts locaux des ménages et est proche de 20% depuis 2018. L’augmentation automatique de ce taux conjuguée à la possibilité pour les élus locaux d’augmenter le taux d’imposition crée une confusion pour les propriétaires fonciers.Ainsi pour répondre aux demandes du bloc communal souhaitant étendre son autonomie fiscale, cet amendement propose de désindexer à l’inflation"
Amendement,Cosignataire,AMANR5L17PO838901B0324P2D1N003659,https://www.assemblee-nationale.fr/dyn/17/amendements/AMANR5L17PO838901B0324P2D1N003659,II-3659,PRJLANR5L17B0324,2024-11-09,En traitement,,"Cet amendement vise à augmenter les effectifs des moyens humains dédiés à la mise en œuvre de la politique interministérielle d’égalité entre les femmes et les hommes. Cette politique repose sur une administration composée d’un service central (le Service des droits des femmes et de l’égalité entre les femmes et les hommes, SDFE) au sein de la Direction générale de la cohésion sociale (DGCS) et d’un réseau déconcentré aux niveaux régional et départemental.Le SDFE et le réseau déconcentré sont inclus dans les effectifs du ministère des affaires sociales, dans le cadre du programme 124 « Conduite et soutien des politiques sanitaires et sociales », piloté par le Secrétariat général des ministères sociaux.L’égalité entre les femmes et les hommes, désignée comme la grande cause des deux quinque"
Amendement,Cosignataire,AMANR5L17PO838901B0324P1D1N003526,https://www.assemblee-nationale.fr/dyn/17/amendements/AMANR5L17PO838901B0324P1D1N003526,I-3526,PRJLANR5L17B0324,2024-10-19,Discuté,"I. – À la cinquante-deuxième ligne de la dernière colonne du tableau de l’alinéa 2, substituer au montant :« 322 156 800 »,le montant :« 334 720 915 ».II. – En conséquence, à la trente-huitième ligne de la troisième colonne du tableau de l’alinéa 5, substituer au montant :« 322 156 800 »,le montant :« 334 720 915 ».III. – En conséquence, compléter cet article par les deux alinéas suivants :« XV. – Le premier alinéa du I de l’article 1604 du code général des impôts est complété par les mots : « c","Le présent amendement vise à revaloriser annuellement le plafond de la Taxe Additionnelle à la Taxe sur le Foncier Non-Bati (TATFNB, la taxe affectée pour frais de chambres d’agriculture) via son indexation sur l'indice des prix à la consommation (comme la TFNB) et, par conséquent, à relever le montant de taxe affectée aux Chambres d’agriculture pour 2025. La TATFNB étant principalement payée par les agriculteurs, cette mesure n’a pas d’impact budgétaire pour l’Etat.La TATFNB, taxe pour frais de chambres d’agriculture représente 40% des ressources financières du réseau des Chambres d’agriculture. C’est une ressource essentielle pour notre réseau afin de pouvoir mener à bien nos missions de service public.Grâce à la mobilisation des parlementaires, et après 10 ans de stagnation à 292 M€, de"
Amendement,Cosignataire,AMANR5L17PO838901B0324P2D1N003235,https://www.assemblee-nationale.fr/dyn/17/amendements/AMANR5L17PO838901B0324P2D1N003235,II-3235,PRJLANR5L17B0324,2024-11-08,En traitement,,"La pauvreté à Wallis et Futuna est une réalité grandissante qui frappe durement la population. Les particularités du territoire rendent extrêmement difficile pour les familles de sortir de cette situation par leur travail. La crise en Nouvelle-Calédonie, qui dure depuis près d'un an, aggrave encore cette pauvreté, en touchant les entreprises locales, qui perdent leurs fournisseurs, et les familles qui dépendent des expatriés. Cette crise impacte profondément l’économie locale, menaçant de façon durable l’équilibre social.Face à cette situation, les autorités locales, en partenariat avec l'État, ont mis en place plusieurs aides, notamment pour les personnes âgées, les handicapés, l’insertion sociale, ainsi que des aides pour l’enfance et les factures d’eau. Toutefois, malgré ces dispositifs"
Amendement,Cosignataire,AMANR5L17PO838901B0324P1D1N003531,https://www.assemblee-nationale.fr/dyn/17/amendements/AMANR5L17PO838901B0324P1D1N003531,I-3531,PRJLANR5L17B0324,2024-10-19,Discuté,"À la quarante-et-unième ligne de la dernière colonne du tableau à l’alinéa 5, substituer au nombre :« 162 899 000 »le nombre :« 169 649 000 ».","Le présent amendement vise à limiter à 13,25 M€ en 2025 la diminution des ressources affectées au réseau des Chambres de métiers et de l’artisanat, comme ce fut déjà le cas pour l’année 2024.Une diminution progressive du plafond de la taxe pour frais de chambre de métiers et de l’artisanat (TFCMA) est prévue depuis 2023 et jusqu’en 2027 pour un montant global de 60 M€.Après une première baisse de 7 M€ en loi de finances pour 2023, la loi de finances pour 2024 a prévu au terme des travaux parlementaires une baisse d’un montant de 13,25 M€, montant qui résulte des échanges entre CMA France, le Parlement et le Gouvernement et qui s’explique par une volonté de « lissage » des 53 millions de baisse restants pour les lois de finances 2024, 2025, 2026 et 2027. Aussi, le présent projet de loi de f"
Amendement,Cosignataire,AMANR5L17PO838901B0324P1D1N003413,https://www.assemblee-nationale.fr/dyn/17/amendements/AMANR5L17PO838901B0324P1D1N003413,I-3413,PRJLANR5L17B0324,2024-10-19,Discuté,"Au 6 de l’article 199 sexdecies du code général des impôts, après le mot : « versées », sont insérés les mots : « ainsi que la nature de l’organisme et la personne morale ou physique définie au 1 dont les services rendent le contribuable bénéficiaire du crédit d’impôt ».","Cet amendement, adopté en Commission des Finances, vise à renforcer l’information du Parlement concernant l’utilisation des crédits d’impôt relatifs aux services à la personne (CISAP), dont le coût s’élève à 6,1 milliards d'euros en 2024 pour environ 4,7 millions de foyers. Bien que l’article 18 de la loi de finances pour 2023 impose déjà au contribuable de préciser le type de service à la personne concerné, les données actuellement disponibles ne permettent pas une évaluation complète de l’impact et de l’efficacité de ce dispositif fiscal. Pour compléter ces données, l’amendement propose d’ajouter une nouvelle rubrique dans la déclaration d’impôt, afin de préciser la nature de l’organisme, la personne morale ou physique ayant fait l’objet du crédit d’impôt et ainsi indiquer s’il s’agit d’"
Amendement,Cosignataire,AMANR5L17PO838901B0324P2D1N003680,https://www.assemblee-nationale.fr/dyn/17/amendements/AMANR5L17PO838901B0324P2D1N003680,II-3680,PRJLANR5L17B0324,2024-11-11,En traitement,,"La loi du 9 avril visant à l’accélération et à la simplification de la rénovation de l’habitat dégradé et des grandes opérations d’aménagement, adoptée à l’unanimité moins une voix de Monsieur Jean-Victor CASTOR a pour objectif de lutter contre l’habitat indigne en aidant les co-propriétés à investir plus facilement les travaux de rénovation en copropriété grâce à une nouvelle facilité d’emprunt tout en un, et à renforcer le pouvoir des maires en matière de lutte contre l’habitat indigne et à simplifier les procédures judiciaires et administratives relatives aux copropriétés en difficulté.Par ailleurs, le plan Initiative Copropriétés a été élaboré dès 2018 précisément pour apporter un soutien de l’État aux différents acteurs de la lutte contre l’habitat indigne. Piloté par l’ANAH, associe "
Amendement,Cosignataire,AMANR5L17PO838901B0324P1D1N003471,https://www.assemblee-nationale.fr/dyn/17/amendements/AMANR5L17PO838901B0324P1D1N003471,I-3471,PRJLANR5L17B0324,2024-10-19,Discuté,I. – Le code général des impôts est ainsi modifié :1° L’article 777 est ainsi modifié :a) La première colonne de la dernière ligne du tableau du quatrième alinéa est ainsi rédigée :« Comprise entre 1 805 677 € et 3 611 354 € »b) Le même tableau est complété par une ligne ainsi rédigée :« Au-delà de 3 611 354 € 49 »c) La première colonne de la dernière ligne du tableau du septième alinéa est ainsi rédigée :« Comprise entre 1 805 677 € et 3 611 354 € »d) Le même tableau est complété par une ligne ,"Cet amendement vise à doubler les abattements dont peuvent bénéficier les frères et sœurs, les neveux et nièces et à créer de nouveaux abattements pour les enfants de conjoint et petits-enfants de conjoint, dans le cadre d’une donation. Alors que les donataires en ligne directe bénéficient d’un abattement à hauteur de 100 000 euros, en l’état actuel du droit les donataires en ligne indirecte ne bénéficient que d’un abattement de 15 932€ pour les frères et sœurs et de 7967€ pour les neveux et nièces. Ces différences font l’objet d’une véritable incompréhension de la part des proches du donateur. Concernant les enfants de conjoint et les petits-enfants de conjoint, il n’existe pas à ce stade d’abattements qui leur sont spécifiques, nous proposons donc de créer de nouveaux abattements fixés é"
Amendement,Auteur,AMANR5L17PO838901B0324P1D1N003549,https://www.assemblee-nationale.fr/dyn/17/amendements/AMANR5L17PO838901B0324P1D1N003549,I-3549,PRJLANR5L17B0324,2024-10-19,Discuté,"Le chapitre IV du titre II de la première partie du livre des procédures fiscales est ainsi modifié :1° L’article L. 169 est ainsi modifié :a) Après le deuxième alinéa, il est inséré un alinéa ainsi rédigé :« Par exception aux dispositions du premier alinéa, le droit de reprise de l’administration s’exerce jusqu’à la fin de la dixième année qui suit celle au titre de laquelle l’imposition est due lorsqu’une personne physique se prévaut d’une fausse domiciliation fiscale à l’étranger. » ;b) À la ","Afin de se soustraire en France à tout ou partie de leurs obligations fiscales, des particuliers se déclarent domiciliés à l’étranger alors qu’en réalité leur domicile fiscal est situé en France. Pour remettre en cause ces fausses domiciliations, l’administration fiscale doit mener des investigations approfondies, longues et complexes afin de caractériser la domiciliation effective en France, avec in fine toutes les rectifications fiscales qui en découlent.Le délai de reprise de droit commun de trois ans n’est pas suffisant pour mener à bien ces recherches et établir les impositions qui en résultent. En effet, actuellement, l’administration ne peut se prévaloir du délai de reprise allongé de dix ans qu’à l’égard des contribuables qui ont omis de déclarer des comptes détenus ou contrats de "
Amendement,Cosignataire,AMANR5L17PO59048B0324P1D1N001790,https://www.assemblee-nationale.fr/dyn/17/amendements/AMANR5L17PO59048B0324P1D1N001790,I-CF1790,PRJLANR5L17B0324,2024-10-13,Discuté,I. – Le code général des impôts est ainsi modifié :1° L’article 199 terdecies-0 A bis est ainsi modifié :a) Le I est complété par un 3° ainsi rédigé :« 3° De parts de fonds communs de placement dans l’innovation mentionnés à l’article L. 214‑30 du code monétaire et financier ou de parts de fonds d’investissement de proximité mentionnés à l’article L. 214‑31 du même code ou d’un organisme similaire d’un autre État membre de l’Union européenne ou d’un État partie à l’accord sur l’Espace économique,"A la suite des recommandations du rapport visant à soutenir l’investissement dans les start-ups et les PME innovantes remis au Gouvernement en juin 2023, le groupe Renaissance a fait adopter dans la loi de finances pour 2024 le dispositif d’IR-JEI Midy, de soutien à l’investissement des particuliers dans les PME innovantes qui œuvrent pour le plein emploi, la transition écologique, la souveraineté et la réindustrialisation. Pour renforcer de dispositif, il est proposé d’ouvrir ce mécanisme aux investissements dans ces jeunes entreprises via des fonds d’investissement."
Amendement,Cosignataire,AMANR5L17PO59048B0324P1D1N001699,https://www.assemblee-nationale.fr/dyn/17/amendements/AMANR5L17PO59048B0324P1D1N001699,I-CF1699,PRJLANR5L17B0324,2024-10-13,Discuté,I. – Le code général des impôts est ainsi modifié :1° L’article 777 est ainsi modifié :a) La dernière ligne du tableau du quatrième alinéa est ainsi rédigée :Comprise entre 1 805 677 € et 3 611 354 €45b) Le même tableau est complété par une ligne ainsi rédigée :Au-delà de 3 611 354 €49c) La dernière ligne du tableau du septième alinéa est ainsi rédigée :Comprise entre 1 805 677 € et 3 611 354 €45d) Le même tableau est complété par une ligne ainsi rédigée :Au-delà de 3 611 354 €492° L’article 779,"Cet amendement vise à doubler les abattements dont peuvent bénéficier les frères et sœurs, les neveux et nièces et à créer de nouveaux abattements pour les enfants de conjoint et petits-enfants de conjoint, dans le cadre d’une donation. Alors que les donataires en ligne directe bénéficient d’un abattement à hauteur de 100 000 euros, en l’état actuel du droit les donataires en ligne indirecte ne bénéficient que d’un abattement de 15 932€ pour les frères et sœurs et de 7967€ pour les neveux et nièces. Ces différences font l’objet d’une véritable incompréhension de la part des proches du donateur. Concernant les enfants de conjoint et les petits-enfants de conjoint, il n’existe pas à ce stade d’abattements qui leur sont spécifiques, nous proposons donc de créer de nouveaux abattements fixés é"
Amendement,Cosignataire,AMANR5L17PO838901B0324P1D1N003513,https://www.assemblee-nationale.fr/dyn/17/amendements/AMANR5L17PO838901B0324P1D1N003513,I-3513,PRJLANR5L17B0324,2024-10-19,Discuté,"I. – Après l’alinéa 41, insérer l’alinéa suivant :« La majoration mentionnée au troisième alinéa de l’article L. 312‑37 du code des impositions sur les biens et services et la définition des tarifs réduits pour l’électricité mentionnés au paragraphe 3 de la sous-section 2 de la section 3 du chapitre II du titre 1er du livre III du même code tiennent compte des recettes prévisionnelles supplémentaires liées à la taxe sur la valeur ajoutée non déductible par le gestionnaire du réseau public de tra","La réforme du mécanisme de capacité proposée à l’article 6 du PLF, si elle est nécessaire au regard du droit européen, pourrait à compter de sa mise en œuvre en novembre 2026 faire supporter à RTE une TVA non déductible de l’ordre de 500 M€/an par rapport à une situation sans réforme. Il est proposé dès à présent de garantir la neutralisation intégrale de cette hausse de TVA, en prévoyant à la date d’entrée en vigueur de cette réforme une baisse à due concurrence de l’accise sur l’électricité."
Amendement,Auteur,AMANR5L17PO838901B0324P2D1N003473,https://www.assemblee-nationale.fr/dyn/17/amendements/AMANR5L17PO838901B0324P2D1N003473,II-3473,PRJLANR5L17B0324,2024-11-08,Retiré,,"Par cet amendement, nous proposons de supprimer l’ensemble des subventions attribuées au HCERES, l’objectif sous-jacent étant de supprimer cet organisme, au profit de financements supplémentaires pour la recherche publique.Le Haut Conseil de l’évaluation de la recherche et de l’enseignement supérieur (HCERES) est un outil bureaucratique d’évaluation, qui met en compétition toutes les structures de la recherche et de l’enseignement supérieur entre elles. Cette évaluation normative et idéologique vise à introduire des logiques de gestion néolibérale dans les administrations publiques. Cette logique d’évaluation déstabilise les collectifs et renforce la souffrance au travail. Rappelons que les chercheurs sont déjà en permanence évalués par leurs pairs lors du processus de publication.Les moda"
Amendement,Cosignataire,AMANR5L17PO59048B0324P2D1N001872,https://www.assemblee-nationale.fr/dyn/17/amendements/AMANR5L17PO59048B0324P2D1N001872,II-CF1872,PRJLANR5L17B0324,2024-10-24,Irrecevable,,
Amendement,Cosignataire,AMANR5L17PO838901B0324P2D1N000336,https://www.assemblee-nationale.fr/dyn/17/amendements/AMANR5L17PO838901B0324P2D1N000336,II-336,PRJLANR5L17B0324,2024-10-29,En traitement,,"Cet amendement vise à abonder de 5 millions d’euros les crédits dévolus à FranceAgriMer dans le cadre de sa mission de structuration des filières agricoles.Lancé en septembre 2020 dans le cadre du Plan de relance, le plan de structuration des filières agricoles et agroalimentaires, qui visait à accompagner les agriculteurs souhaitant se structurer en filière, a connu un grand succès. Les aides octroyées portaient sur les dépenses d’ingénierie du projet, les dépenses de personnels, les prestations d’études, de conseils et les prestations informatiques, des investissements à l’aval des filières (matériel de stockage, distribution, transformation, etc.) s’intégrant dans le cadre d’un projet de structuration de filières.Les crédits du plan de relance et, par conséquence, le plan de structurati"
Amendement,Auteur,AMANR5L17PO838901B0324P2D1N003482,https://www.assemblee-nationale.fr/dyn/17/amendements/AMANR5L17PO838901B0324P2D1N003482,II-3482,PRJLANR5L17B0324,2024-11-08,Retiré,,"Cet amendement du groupe Socialistes et apparentés vise à élargir le repas à 1 euro à tous les étudiants.Les résultats de la nouvelle édition du baromètre de l'IFOP témoignent d’une situation de précarité alimentaire sévèrement ancrée dans la population étudiante. En 2024, plus d’un tiers des jeunes interrogés déclare sauter souvent ou de temps en temps un repas par manque d’argent (36%, une proportion stable par rapport à 2023). C’est 7 points de plus que la moyenne nationale (29% en 2023) : un écart significatif qui témoigne d’une problématique spécifique au sein de cette population. Ce phénomène concerne tout particulièrement les étudiants qui travaillent en parallèle de leurs études (47%). Bien que les restaurants universitaires offrent une solution potentielle à cette précarité alimen"
Amendement,Auteur,AMANR5L17PO838901B0324P1D1N003507,https://www.assemblee-nationale.fr/dyn/17/amendements/AMANR5L17PO838901B0324P1D1N003507,I-3507,PRJLANR5L17B0324,2024-10-19,Discuté,"À la première phrase du quatrième alinéa de l’article L. 169 du livre des procédures fiscales, les mots : « et 1649 AB », sont remplacés par les mots : « , 1649 AB et 1649 bis C ».","La lutte contre la fraude doit être une priorité de notre action à l'heure ou l'État doit résorber le déficit public. C'est un enjeu de justice mais aussi un enjeu majeur pour nos finances publiques.Si beaucoup a été fait en la matière depuis 2017, les formes de fraude évoluent et demandent au législateur de s'adapter en permanence. Ces dernières années, la fraude réalisée aux moyens de crypto-actifs s'est considérablement développée.L'objet du présent amendement est de permettre de renforcer le droit de reprise de l'administration de 3 à 10 ans dans le cas du non respect des obligations déclaratives prévues à l'article 1649 bis C, soit les comptes d'actifs numériques mentionnés à l'article L. 54-10-1 du code monétaire et financier ouverts, détenus, utilisés ou clos auprès d'entreprises, p"
Amendement,Auteur,AMANR5L17PO59048B0324P1D1N001767,https://www.assemblee-nationale.fr/dyn/17/amendements/AMANR5L17PO59048B0324P1D1N001767,I-CF1767,PRJLANR5L17B0324,2024-10-13,Discuté,"I. – À la trente-septième ligne de la dernière colonne du tableau de l’alinéa 5, substituer au nombre : « 205 117 000 » le nombre : « 245 117 000 ».II. – En conséquence, après l’alinéa 5, insérer l’alinéa suivant : « II bis. – Il est opéré un prélèvement de 20 millions d’euros sur les fonds de roulement du réseau des chambres de commerce et d’industrie. Ce prélèvement est réparti entre les différents établissements du réseau par CCI France et est reversé au budget général de l’État. »III. – Comp","Le projet de loi de finances (PLF) pour 2025 prévoit actuellement une nouvelle réduction des ressources publiques affectées au réseau des Chambres de Commerce et d’Industrie (CCI).L’article 33 prévoit en effet une diminution du plafond de la taxe affectée au réseau des CCI (TCCI) de l’ordre de 40 millions d’euros, passant de 525 millions d’euros à 485 millions d’euros, soit une baisse de l’ordre de 8 % du montant annuel perçu par le réseau. Cette proposition contrevient à la trajectoire financière pluriannuelle définie par le Gouvernement, le Parlement et le réseau des CCI et entérinée dans la loi de finances initiale pour 2024.Cette trajectoire prévoyait en effet un maintien de la ressource fiscale affectée aux CCI à 525 millions d’euros jusqu’en 2027, en contrepartie d’un prélèvement sur"
Amendement,Cosignataire,AMANR5L17PO838901B0324P2D1N003233,https://www.assemblee-nationale.fr/dyn/17/amendements/AMANR5L17PO838901B0324P2D1N003233,II-3233,PRJLANR5L17B0324,2024-11-08,En traitement,,Cet amendement vise à rehausser les crédits de la mission outre-mer en vue de la participation de l’État au financement des réparations et reconstructions des établissements scolaires de Nouvelle- Calédonie endommagés ou détruits durant les émeutes 2024. L’enveloppe a été déterminée suite au recensement effectué par le Haut-commissariat de Nouvelle-Calédonie auprès de l’ensemble des collectivités néo-calédoniennes.Il est donc proposé un abondement de 80 M€ en AE et 35 M€ en CP du programme 123 « Conditions de vie outre-mer ».
Amendement,Auteur,AMANR5L17PO838901B0324P1D1N003508,https://www.assemblee-nationale.fr/dyn/17/amendements/AMANR5L17PO838901B0324P1D1N003508,I-3508 (2ème Rect),PRJLANR5L17B0324,2024-10-19,Discuté,"I. – Le titre III de la première partie du livre premier du code général des impôts est ainsi modifié :A. – L’article 298 quindecies A est ainsi rétabli :« Art. 298 quindecies A. – Pour les besoins du présent VII, les tabacs manufacturés s’entendent de ceux définis à l’article 566 » ;B. – L’article 566 est ainsi rétabli :« Art. 566. – Pour l’application de la présente section, les tabacs manufacturés s’entendent :« 1° Des produits du tabac mentionnés aux 1° et 2° de l’article L. 314‑3 du code de","Ce texte poursuit un objectif de lutte contre les risques de la consommation de nicotine, notamment chez les mineurs. Il est en effet primordial que le législateur anticipe les évolutions en cours en matière d’addiction, au premier rang desquels figurent les sachets ou encore billes. Ces produits sont autant d’éléments qui ne cessent d’attirer toujours plus la jeunesse vers la consommation de nicotine, leur faisant oublier les risques qui en résultent. Il poursuit également un objectif budgétaire, en fiscalisant ces produits. En outre, la fiscalisation de ces nouveaux produits entraînera mécaniquement une hausse de leur prix de vente, et dès lors une moindre accessibilité, en particulier pour les plus jeunes.Les buralistes, préposés de l’administration et commerçants d’utilité locale, dépl"
Amendement,Cosignataire,AMANR5L17PO838901B0324P2D1N003917,https://www.assemblee-nationale.fr/dyn/17/amendements/AMANR5L17PO838901B0324P2D1N003917,II-3917,PRJLANR5L17B0324,2024-11-12,En traitement,,"Les radios associatives locales jouent un rôle essentiel dans le paysage médiatique français, en particulier dans les zones rurales, les quartiers prioritaires et les territoires d’outre-mer. Véritables vecteurs de cohésion sociale, elles animent la vie locale, donnent la parole aux citoyens et aux acteurs du territoire, et contribuent à la diversité culturelle.Ces radios mènent également des actions cruciales d’éducation aux médias et à l’information, de lutte contre la désinformation, et de formation, notamment auprès des jeunes. Elles emploient près de 2850 salariés, dont 270 journalistes professionnels, constituant ainsi le deuxième employeur du secteur radiophonique après le service public.Or, il est prévu une réduction drastique de près de 30 % du Fonds de Soutien à l’Expression Radi"
Amendement,Cosignataire,AMANR5L17PO59048B0324P1D1N001797,https://www.assemblee-nationale.fr/dyn/17/amendements/AMANR5L17PO59048B0324P1D1N001797,I-CF1797,PRJLANR5L17B0324,2024-10-13,Discuté,"À la quarante et unième ligne de la dernière colonne du tableau à l’alinéa 5, substituer au nombre :« 162 899 000 »le nombre :« 169 649 000 ».","Le présent amendement vise à limiter à 13,25 M€ en 2025 la diminution des ressources affectées au réseau des Chambres de métiers et de l’artisanat, comme ce fut déjà le cas pour l’année 2024.Une diminution progressive du plafond de la taxe pour frais de chambre de métiers et de l’artisanat (TFCMA) est prévue depuis 2023 et jusqu’en 2027 pour un montant global de 60 M€.Après une première baisse de 7 M€ en loi de finances pour 2023, la loi de finances pour 2024 a prévu au terme des travaux parlementaires une baisse d’un montant de 13,25 M€, montant qui résulte des échanges entre CMA France, le Parlement et le Gouvernement et qui s’explique par une volonté de « lissage » des 53 millions de baisse restants pour les lois de finances 2024, 2025, 2026 et 2027. Aussi, le présent projet de loi de f"
Amendement,Cosignataire,AMANR5L17PO838901B0324P1D1N003530,https://www.assemblee-nationale.fr/dyn/17/amendements/AMANR5L17PO838901B0324P1D1N003530,I-3530,PRJLANR5L17B0324,2024-10-19,Discuté,"I. – Le dernier alinéa de l’article 1518 bis du code général des impôts est supprimé.II. – La perte de recettes pour les collectivités territoriales est compensée à due concurrence par la majoration de la dotation globale de fonctionnement et, corrélativement pour l’État, par la création d’une taxe additionnelle à l’accise sur les tabacs prévue au chapitre IV du titre Ier du livre III du code des impositions sur les biens et services.","Cet amendement vise à désindexer à l’inflation les valeurs locatives foncières et ainsi revenir au dispositif précédant la réforme de 2018. Depuis 2018, la valeur locative cadastrale, qui correspond au loyer annuel théorique dont le propriétaire pourrait tirer du bien s’il était loué, est actualisée et revalorisée automatiquement chaque année au niveau de l’inflation sans vote du parlement. Elle s’applique sur l’ensemble des impôts locaux des ménages et est proche de 20% depuis 2018. L’augmentation automatique de ce taux conjuguée à la possibilité pour les élus locaux d’augmenter le taux d’imposition crée une confusion pour les propriétaires fonciers. Ainsi pour répondre aux demandes du bloc communal souhaitant étendre son autonomie fiscale, cet amendement propose de désindexer à l’inflati"
Amendement,Cosignataire,AMANR5L17PO59048B0324P1D1N001795,https://www.assemblee-nationale.fr/dyn/17/amendements/AMANR5L17PO59048B0324P1D1N001795,I-CF1795,PRJLANR5L17B0324,2024-10-13,Irrecevable 40,,
Amendement,Auteur,AMANR5L17PO838901B0324P1D1N003541,https://www.assemblee-nationale.fr/dyn/17/amendements/AMANR5L17PO838901B0324P1D1N003541,I-3541,PRJLANR5L17B0324,2024-10-19,Irrecevable 40,,
Amendement,Cosignataire,AMANR5L17PO59048B0324P1D1N001794,https://www.assemblee-nationale.fr/dyn/17/amendements/AMANR5L17PO59048B0324P1D1N001794,I-CF1794,PRJLANR5L17B0324,2024-10-13,Discuté,"I. – L’article 1594‑0 G du code général des impôts est complété par un alinéa ainsi rédigé :« l. Les acquisitions d’immeubles neufs ou en état futur d’achèvement, si elles ont été faites entre le 1er janvier 2025 et le 31 décembre 2025. Cette exonération est mise en place six ans après l’acquisition. L’exonération est subordonnée à la condition que le contribuable s’engage à l’affecter exclusivement et de manière continue, à un usage de résidence principale de l’occupant, pendant une durée minim","Alors que le secteur de l’immobilier locatif est sous tension, il est nécessaire d’encourager l’investissement pour faciliter l’accès au logement. Dès lors, le présent amendement propose d’instaurer une exonération de droits de mutation à titre onéreux d’ici six ans pour toute personne achetant un logement au cours de l’année 2025 à des fins de résidence principale. Cette mesure temporaire tient compte de l’urgence de la situation sur le marché du logement et de la situation actuelle de nos finances publiques. C’est pourquoi elle n’a pas vocation à être prolongée au-delà de l’année 2025."
Amendement,Cosignataire,AMANR5L17PO838901B0324P1D1N003517,https://www.assemblee-nationale.fr/dyn/17/amendements/AMANR5L17PO838901B0324P1D1N003517,I-3517,PRJLANR5L17B0324,2024-10-19,Discuté,I. – Le code général des impôts est ainsi modifié :1° L’article 199 terdecies-0 A bis est ainsi modifié :a) Le I est complété par un 3° ainsi rédigé :« 3° De parts de fonds communs de placement dans l’innovation mentionnés à l’article L. 214‑30 du code monétaire et financier ou de parts de fonds d’investissement de proximité mentionnés à l’article L. 214‑31 du même code ou d’un organisme similaire d’un autre État membre de l’Union européenne ou d’un État partie à l’accord sur l’Espace économique,"A la suite des recommandations du rapport visant à soutenir l’investissement dans les start-ups et les PME innovantes remis au Gouvernement en juin 2023, le groupe Renaissance a fait adopter dans la loi de finances pour 2024 le dispositif d’IR-JEI Midy, de soutien à l’investissement des particuliers dans les PME innovantes qui œuvrent pour le plein emploi, la transition écologique, la souveraineté et la réindustrialisation.Pour renforcer de dispositif, il est proposé d’ouvrir ce mécanisme aux investissements dans ces jeunes entreprises via des fonds d’investissement"
Amendement,Cosignataire,AMANR5L17PO59048B0324P2D1N001871,https://www.assemblee-nationale.fr/dyn/17/amendements/AMANR5L17PO59048B0324P2D1N001871,II-CF1871,PRJLANR5L17B0324,2024-10-24,Discuté,,"Par cet amendement, il est proposé d'abonder de 50 millions d'euros l'action n°22 ""Gestion des crises et des aléas de la production agricole"" du programme 149 ""Compétitivité et durabilité de l'agriculture, de l'agroalimentaire et de la forêt"" et de minorer du même montant l'action n°6 ""Mise en oeuvre de la politique de sécurité et de qualité sanitaires de l'alimentation"" du programme 206 ""Sécurité et qualité sanitaires de l'alimentation"".Un tel transfert de crédits se révèle nécessaire compte-tenu de l'urgence dans laquelle se trouvent les agriculteurs, et notamment les vignerons, du sud-ouest de la France. Durement frappés par les aléas climatiques ces dernières années. Ils ont été l'année dernière également été très rudement affectés par une épidémie de mildiou d'une rare intensité. Cert"
Amendement,Cosignataire,AMANR5L17PO59048B0158P0D1N000004,https://www.assemblee-nationale.fr/dyn/17/amendements/AMANR5L17PO59048B0158P0D1N000004,CF4,PIONANR5L17B0158,2024-11-23,Retiré,"À l’alinéa 10, substituer au mot :« trois »,le mot :« six ».",Cet amendement vise à modifier le délai de mise en œuvre de l'article 1. Le délais de trois mois proposé par le Sénat s'avère être relativement court au regard des développements informatiques que les banques devront réaliser. Un délai de 6 mois serait plus réaliste.
Amendement,Cosignataire,AMANR5L17PO59048B0158P0D1N000003,https://www.assemblee-nationale.fr/dyn/17/amendements/AMANR5L17PO59048B0158P0D1N000003,CF3,PIONANR5L17B0158,2024-11-23,Retiré,"À la fin de l’alinéa 4, substituer au mot :« raisonnable »,les mots :« de six mois ».",Cet amendement de repli vise à clarifier le dispositif prévu par l’article 1er de la proposition de loi.Il propose de supprimer la référence au délai raisonnable dans lequel les opérations doivent être réalisées car cette condition cumulative ne semble pas s’articuler aisément avec les conditions liées à la complexité énumérées.Le délais de six mois permet de dresser un parallèle avec l’article 641 du Code général des impôts qui indique que la déclaration de succession doit avoir lieu dans les six mois si le décès a eu lieu en France métropolitaine et un an dans tous les autres cas.
Amendement,Cosignataire,AMANR5L17PO59048B0158P0D1N000001,https://www.assemblee-nationale.fr/dyn/17/amendements/AMANR5L17PO59048B0158P0D1N000001,CF1,PIONANR5L17B0158,2024-11-23,Retiré,"I. – Rédiger ainsi le début de la première phrase de l’alinéa 3 :« Lors de la clôture des comptes de dépôt, des comptes de paiement, des comptes sur livret et des produits d’épargne générale à régime fiscal spécifique du défunt, à l’exception des plans d’épargne en actions, les opérations liées à la succession ne font l’objet (le reste sans changement) ».II. – À l’alinéa 4, substituer au mot :« clôture »,le mot :« succession ».III. – À l’alinéa 7, substituer aux mots : « clôture des comptes et d","Cet amendement vise à clarifier le dispositif prévu par l’article 1er de la proposition de loi. Les modifications proposées visent à préciser que le dispositif s’applique à l’intégralité des frais liés à la succession et non exclusivement ceux liés à la clôture des comptes. En effet, les établissements peuvent facturer divers frais comme les frais administratifs, frais de gestion du dossier, frais de virement, frais d’enregistrement du décès, frais d’envoi du courrier, etc."
Amendement,Cosignataire,AMANR5L17PO59048B0158P0D1N000002,https://www.assemblee-nationale.fr/dyn/17/amendements/AMANR5L17PO59048B0158P0D1N000002,CF2,PIONANR5L17B0158,2024-11-23,Retiré,"À la fin de l’alinéa 4, supprimer les mots :« , et empêchant la réalisation de ces opérations dans un délai raisonnable ».",Cet amendement vise à clarifier le dispositif prévu par l’article 1er de la proposition de loi.Il propose de supprimer la référence au délai raisonnable dans lequel les opérations doivent être réalisées car cette condition cumulative ne semble pas s’articuler aisément avec les conditions liées à la complexité énumérées.
Amendement,Cosignataire,AMANR5L17PO838901BTC0632P0D1N000017,https://www.assemblee-nationale.fr/dyn/17/amendements/AMANR5L17PO838901BTC0632P0D1N000017,17,PIONANR5L17BTC0632,2024-11-29,Discuté,"I. – À l’alinéa 3, substituer aux mots :« Les opérations liées à la clôture des comptes de dépôt, des comptes de paiement »les mots :« Dans le cadre d’une succession, les opérations portant sur des comptes de dépôt ».II. – En conséquence, à l’alinéa 4, substituer au mot :« clôture »le mot :« succession ».III. – En conséquence, à l’alinéa 7, substituer aux mots :« clôture des comptes et des produits d’épargne du défunt mentionnées au même premier alinéa »les mots :« succession, au sens du premier","Le présent amendement vise à clarifier le champ d’application de la proposition de loi.D’une part, il envisage le dispositif comme s’appliquant aux seules opérations entrant dans le cadre d’une succession. Il s’agit avant tout d’une clarification rédactionnelle.D’autre part, il élargit le champ d’application de la proposition de loi à l’ensemble des opérations bancaires liées aux successions, sans se limiter aux seules clôtures de comptes. Cette modification vise à inclure des frais tels que ceux liés au paiement de factures pour le compte des ayants droit, à l’évaluation des avoirs du conjoint survivant, ou encore aux successions internationales et à la gestion prolongée des dossiers non réglés. Une telle approche permet d’éviter le risque d’un transfert des frais de clôture vers d’autres"
Amendement,Cosignataire,AMANR5L17PO838901BTC0632P0D1N000018,https://www.assemblee-nationale.fr/dyn/17/amendements/AMANR5L17PO838901BTC0632P0D1N000018,18,PIONANR5L17BTC0632,2024-11-29,Discuté,"À l’alinéa 3, substituer aux mots :« du plan d’épargne en actions »les mots :« des produits mentionnés aux sections 6, 6 bis, 6 ter et 7 ter du chapitre I du titre II du livre II ».","Le présent amendement vise à exclure du champ d’application de la proposition de loi, en plus du plan d’épargne en actions (PEA), les PEA-PME (plan d’épargne en actions destiné au financement des petites et moyennes entreprises et des entreprises de taille intermédiaire), les comptes PME innovation et les plans d’épargne avenir climat.Si l’épargne réglementée est incluse dans les dispositifs de gratuité et d’encadrement des frais de succession, ce n’est pas le cas du PEA. En effet, la valorisation des avoirs peut fluctuer de manière importante en fonction des périodes, rendant complexe l’appréciation du montant total de ceux-ci. Les comptes PME innovation et plans d’épargne avenir climat se rapprochent des caractéristiques des PEA dans la mesure où il s’agit de produits d’épargne investis "
Amendement,Cosignataire,AMANR5L17PO838901BTC0632P0D1N000020,https://www.assemblee-nationale.fr/dyn/17/amendements/AMANR5L17PO838901BTC0632P0D1N000020,20,PIONANR5L17BTC0632,2024-11-29,Discuté,Compléter la première phrase par les mots :« ainsi que sur le nombre de personnes bénéficiant de la gratuité de ces frais ».,"Le présent amendement vise à inclure, dans le rapport remis par le Gouvernement au Parlement, une évaluation du nombre de personnes bénéficiant du dispositif de gratuité ouvert par la proposition de loi, permettant ainsi d’apprécier son efficacité et son effet réel."
Amendement,Cosignataire,AMANR5L17PO838901BTC0632P0D1N000019,https://www.assemblee-nationale.fr/dyn/17/amendements/AMANR5L17PO838901BTC0632P0D1N000019,19,PIONANR5L17BTC0632,2024-11-29,Discuté,"À l’alinéa 10, substituer au mot :« trois »,le mot :« six ».","Le présent amendement vise à repousser la date d’entrée en vigueur du dispositif de cette proposition de loiJustifié par des impératifs de sécurité juridique, ce laps de temps supplémentaire vise à permettre :– aux banques d’adapter leurs grilles tarifaires et leurs procédures aux nouvelles obligations, notamment par le développement d’un système informatique capable de cibler les différents cas de gratuité et l’application du barème d’encadrement des frais ;– au Gouvernement de finaliser et publier le décret d’application nécessaire à la mise en œuvre du dispositif."
Amendement,Cosignataire,AMANR5L17PO838901BTC0697P0D1N000008,https://www.assemblee-nationale.fr/dyn/17/amendements/AMANR5L17PO838901BTC0697P0D1N000008,8,PIONANR5L17BTC0697,2025-01-20,Discuté,"I. – À l’alinéa 2, substituer aux mots :« de soignants »les mots :« pour chaque catégorie de professionnels composant l'équipe soignante ».II. – En conséquence, à l’alinéa 5, substituer aux mots :« de soignants »les mots :« pour chaque catégorie de professionnels composant l'équipe soignante ».","Amendement de repli.Cet amendement vise à affiner le périmètre d’application des ratios prévus par l’article unique de la proposition de loi.En effet, le terme « soignants » actuellement employé dans le texte n’est pas suffisamment précis en droit afin de permettre la parfaite intelligibilité - et donc la bonne application - de la loi qui résulterait de sa promulgation.Aussi, il est proposé de substituer à ce terme vague une référence directe à chacune des catégories de professionnels composant les équipes soignantes, rédaction davantage en harmonie avec les notions juridiques ayant cours dans le code de la santé publique."
Amendement,Cosignataire,AMANR5L17PO838901BTC0697P0D1N000013,https://www.assemblee-nationale.fr/dyn/17/amendements/AMANR5L17PO838901BTC0697P0D1N000013,13,PIONANR5L17BTC0697,2025-01-20,Discuté,"Compléter l’alinéa 11 par les mots :« après remise d’un rapport au Parlement évaluant, d’une part, les besoins de formation au regard des capacités existantes, du nombre de professionnels formés disponibles sur le marché du travail et des ratios envisagés et, d’autre part, l’impact de la mise en œuvre de ces ratios sur les finances publiques ».","Dans la mesure où la présente proposition de loi n’est accompagnée d’aucune étude d’impact, cet amendement propose, avant sa mise en oeuvre, la remise d’un rapport au Parlement permettant d’évaluer la faisabilité de la mise en place des ratios minimaux de soignants, ainsi que leur impact sur les finances publiques.À titre indicatif, les fédérations hospitalières indiquent en effet que sa mise en oeuvre coûterait entre 7 et 8 milliards d’euros - soit l’équivalent de 6 à 7 points d’ONDAM - et que sa réalisation dans les délais prévus par le texte semble difficilement atteignable au regard des besoins de formations et des capacités existantes des établissements de santé."
Amendement,Cosignataire,AMANR5L17PO838901BTC0697P0D1N000007,https://www.assemblee-nationale.fr/dyn/17/amendements/AMANR5L17PO838901BTC0697P0D1N000007,7,PIONANR5L17BTC0697,2025-01-20,Retiré,,
Amendement,Cosignataire,AMANR5L17PO838901BTC0697P0D1N000009,https://www.assemblee-nationale.fr/dyn/17/amendements/AMANR5L17PO838901BTC0697P0D1N000009,9,PIONANR5L17BTC0697,2025-01-20,Discuté,"À l’alinéa 8, substituer aux mots :« supérieure à trois jours »les mots :« déterminée par décret en fonction de l’écart constaté ».","Cet amendement vise à prévoir que la durée du délai d’information du directeur général de l’agence régionale de santé (ARS) territorialement compétent en cas de non-respect des ratios prévus par la présente proposition de loi peut être modulée en fonction de l’écart constaté entre ces ratios et la situation de l’unité de soins concernée.En effet, en l’état actuel du texte, cette information doit être transmise au bout de 3 jours, sans distinction entre une unité de soins qui serait déficitaire d’un unique professionnel de santé ou de plusieurs.L’impact sur la qualité des soins et la sécurité des patients n’étant manifestement pas le même en fonction des écarts, il pourrait ainsi être opportun de tenir compte de ces derniers afin d’envisager un délai d’information plus rapide en cas de défi"
Amendement,Cosignataire,AMANR5L17PO838901BTC0697P0D1N000012,https://www.assemblee-nationale.fr/dyn/17/amendements/AMANR5L17PO838901BTC0697P0D1N000012,12,PIONANR5L17BTC0697,2025-01-20,Discuté,"Rédiger ainsi l’alinéa 11 : « B. – Le I bis entre en vigueur après une expérimentation d’une durée de deux ans visant à évaluer les effets du ratio prévu aux I et I bis sur la qualité de prise en charge et la sécurité des soins, dont les modalités sont définies par décret. Cette expérimentation est mise en œuvre par une ou plusieurs agences régionales de santé, telles que mentionnées aux articles L. 1431‑1 et L. 1431‑2 du code de la santé publique. Les agences régionales de santé sélectionnées p","Cet amendement a pour objectif de permettre une évaluation préalable de l’impact d’un ratio minimal de soignants par patient avant son application généralisée sur tout le territoire. L’expérimentation proposée vise à anticiper les conséquences potentielles de ce ratio, qu’elles concernent la qualité de la prise en charge des patients, l’organisation des services hospitaliers ou encore les coûts de gestion pour les établissements de santé.En procédant à cette expérimentation, les agences régionales de santé (ARS) et la Haute Autorité de santé (HAS) disposeront des données nécessaires pour analyser les effets concrets de ce dispositif dans des contextes variés. Ce cadre permettra également de repérer les éventuelles difficultés rencontrées et d’ajuster les modalités d’application afin d’en g"
Amendement,Cosignataire,AMANR5L17PO838901BTC0697P0D1N000006,https://www.assemblee-nationale.fr/dyn/17/amendements/AMANR5L17PO838901BTC0697P0D1N000006,6,PIONANR5L17BTC0697,2025-01-20,Discuté,"I. – À l’alinéa 2, substituer aux mots :« chaque type d’activité de soins hospitaliers et en tenant compte de la charge des soins associée, un ratio minimal de soignants, par lit ouvert ou par nombre de passages pour les activités ambulatoires, »les mots :« les activités aiguës de courte durée réalisées dans les établissements de santé, en hospitalisation ou en consultations externes, un ratio minimal pour chaque catégorie de professionnels composant l’équipe soignante ».II. – En conséquence, à ","Cet amendement a pour objet de circonscrire le périmètre de la proposition de loi aux activités du champ « médecine, chirurgie, obstétrique » (MCO).En effet, il apparait opportun de limiter dans un premier temps le périmètre d’application du texte au champ MCO afin d’exclure les unités de soins psychiatriques ainsi que les urgences, pour lesquels la détermination de ratios fiables et réalistes semble complexe."
Amendement,Cosignataire,AMANR5L17PO838901BTC0697P0D1N000005,https://www.assemblee-nationale.fr/dyn/17/amendements/AMANR5L17PO838901BTC0697P0D1N000005,5,PIONANR5L17BTC0697,2025-01-20,Discuté,"I. – Supprimer les alinéas 1 et 2.II. – En conséquence, à la fin de l’alinéa 5, substituer aux mots :« , pour chaque spécialité et type d’activité de soin hospitalier, un ratio minimal de soignants par lit ouvert ou par nombre de passages pour les activités ambulatoires »les mots :« par pôles d’activité mentionnés à l’article L. 6146‑1 un ratio minimal pour chaque catégorie de professionnels composant l’équipe soignante, par lit ouvert ou par nombre de passages pour les activités ambulatoires. I","Cet amendement vise à faire évoluer le dispositif de l’article unique de la proposition de loi afin de substituer à la détermination de ratios de professionnels de santé par la Haute Autorité de Santé (HAS) - au niveau national - une détermination de ces mêmes ratios par les pôles d’activité définis à l’article L. 6146‑1 du code de la santé publique.En effet, le dispositif prévu par la rédaction actuelle de la présente proposition de loi risque de provoquer de lourdes difficultés opérationnelles importantes pour la HAS, laquelle devra élaborer un référentiel particulièrement dense et précis spécialité par spécialité, activité par activité, tout en tenant compte du nombre de lit ouvert et du nombre de passage en ce qui concerne les activités ambulatoires.À l’inverse, tout en conservant l’es"
Amendement,Cosignataire,AMANR5L17PO838901BTC0697P0D1N000010,https://www.assemblee-nationale.fr/dyn/17/amendements/AMANR5L17PO838901BTC0697P0D1N000010,10,PIONANR5L17BTC0697,2025-01-20,Discuté,"À l’alinéa 8, substituer au mot :« trois »le mot :« sept ».","Amendement de repli.Cet amendement a pour objet de relever à 7 jours le délai au terme duquel le chef d'établissement est tenu d'informer le directeur général de l'agence régionale de santé (ARS) territorialement compétent en cas de non-respect des ratios que propose de créer la présente proposition de loi.En effet, le délai de 3 jours actuellement fixé par le texte semble particulièrement court au regard de la situation notoire de l'hôpital public, a fortiori lorsque l'on considère que la proposition de loi ne distingue pas entre différents seuils d'atteinte aux ratios, conduisant ainsi à un dispositif d'information aux ARS identique selon qu'une unité de soins est en déficit d'un seul professionnel ou de plusieurs."
Amendement,Cosignataire,AMANR5L17PO838901BTC0697P0D1N000004,https://www.assemblee-nationale.fr/dyn/17/amendements/AMANR5L17PO838901BTC0697P0D1N000004,4,PIONANR5L17BTC0697,2025-01-20,Discuté,"À la première phrase de l’avant-dernier alinéa de l’article L. 1112‑3 de code de la santé publique, après le mot : « charge », sont insérés les mots : « notamment s’agissant du respect du ratio minimal de soignants par patient prévu à l’article L. 6124‑2 ».","Au-delà de la fixation d’un ratio, il apparaît essentiel de pouvoir obtenir des remontées de terrain sur le ratio effectivement pratiqué par les établissements.L’article L. 1112‑3 du Code de la santé publique prévoit déjà certaines remontées d’information concernant la qualité de la prise en charge des patients. En effet, le conseil de surveillance des établissements publics de santé délibère au moins une fois par an sur la politique de l’établissement en matière de droits des usagers et de qualité de l’accueil et de la prise en charge, sur la base d’un rapport présenté par la commission des usagers. Ce rapport, ainsi que les conclusions du débat, est transmis à la conférence régionale de la santé et de l’autonomie et à l’agence régionale de santé, qui est chargée d’élaborer une synthèse d"
Amendement,Cosignataire,AMANR5L17PO838901BTC0697P0D1N000011,https://www.assemblee-nationale.fr/dyn/17/amendements/AMANR5L17PO838901BTC0697P0D1N000011,11,PIONANR5L17BTC0697,2025-01-20,Retiré,,
Amendement,Cosignataire,AMANR5L17PO838901BTC1603P0D1N000762,https://www.assemblee-nationale.fr/dyn/17/amendements/AMANR5L17PO838901BTC1603P0D1N000762,762 (Rect),PIONANR5L17BTC1603,2025-07-03,Discuté,"I. – Après l’alinéa 2, insérer l’alinéa suivant : « aa) Au début du premier alinéa, est ajoutée la mention : « I. – » ; II. – Substituer aux alinéas 6 à 8 les trois alinéas suivants :« 5° Aux fêtes légales mentionnées au 4°, 7° et 10° de l’article L. 3133‑1 du code du travail et aux commémorations, fêtes et journées nationales instituées par décret ;« e) Après le sixième alinéa, est inséré un alinéa ainsi rédigé :« II. – Lorsque le maire prescrit des mesures de sûreté en application de l’article","&nbsp;L’article 9 prévoit plusieurs mesures visant à renforcer les temps d’absence dont bénéficient les élus locaux qui cumulent l’exercice de leur mandat avec une activité professionnelle.Il prévoit en premier lieu de nouvelles autorisations d’absence pour les élus municipaux. La création de nouvelles autorisations en cas de cérémonies publiques à la condition de préciser leur périmètre va dans le bon sens. Néanmoins, la création d’autorisations d’absences en cas de mandats spéciaux renvoie à une notion très large dont les contours sont définis par la jurisprudence et qui conduirait à faire une contrainte trop importante sur les employeurs.L’article 9 prévoit également que l’employeur peut désormais rémunérer les temps d’absence liés à l’utilisation des crédits d’heures. Il est proposé de"
Amendement,Cosignataire,AMANR5L17PO838901BTC1603P0D1N000766,https://www.assemblee-nationale.fr/dyn/17/amendements/AMANR5L17PO838901BTC1603P0D1N000766,766,PIONANR5L17BTC1603,2025-07-03,Irrecevable,,
Amendement,Cosignataire,AMANR5L17PO838901BTC1603P0D1N000763,https://www.assemblee-nationale.fr/dyn/17/amendements/AMANR5L17PO838901BTC1603P0D1N000763,763,PIONANR5L17BTC1603,2025-07-03,Irrecevable 40,,
Amendement,Cosignataire,AMANR5L17PO838901BTC1603P0D1N000769,https://www.assemblee-nationale.fr/dyn/17/amendements/AMANR5L17PO838901BTC1603P0D1N000769,769,PIONANR5L17BTC1603,2025-07-03,Irrecevable 40,,
Amendement,Cosignataire,AMANR5L17PO838901BTC1603P0D1N000759,https://www.assemblee-nationale.fr/dyn/17/amendements/AMANR5L17PO838901BTC1603P0D1N000759,759,PIONANR5L17BTC1603,2025-07-03,Discuté,"Rédiger ainsi cet article :« Le code général des collectivités territoriales est ainsi modifié :« 1° L’article L. 1111‑1‑1 est abrogé ;« 2° Après l’article L. 1111‑11, il est inséré une section 4 ainsi rédigée :« Section 4« Dispositions relatives au statut de l’élu local« Art. L. 1111‑12. – Les élus locaux sont les membres des conseils élus au suffrage universel pour administrer librement les collectivités territoriales dans les conditions prévues par la loi.« Tout mandat local se distingue d’un","L’article 5 bis prévoit l’obligation, pour le ministre chargé des collectivités territoriales, d’adopter une circulaire recensant l’ensemble des dispositions statutaires applicables aux titulaires d’un mandat électif local, dans un délai de douze mois suivant la promulgation de la loi.Or, l’élaboration d’une circulaire relève exclusivement du pouvoir réglementaire et non de la compétence du législateur. Il convient donc de retirer cette disposition, tout en conservant l’objectif essentiel de clarification et de meilleure lisibilité des droits et obligations qui encadrent l’exercice des mandats locaux.Le présent amendement propose en ce sens la création, au sein du code général des collectivités territoriales, d’une nouvelle section dédiée aux droits et devoirs généraux des élus locaux.Conc"
Amendement,Cosignataire,AMANR5L17PO838901BTC1603P0D1N000770,https://www.assemblee-nationale.fr/dyn/17/amendements/AMANR5L17PO838901BTC1603P0D1N000770,770,PIONANR5L17BTC1603,2025-07-03,Discuté,"À l’alinéa 1, après le mot : « territoriales », insérer les mots :« et les établissements publics de coopération intercommunale à fiscalité propre ».","Est prévu une compensation du coût des nouvelles garanties qu’elle prévoit (prise en charge des frais de transport liés aux réunions, par exemple) pour les collectivités territoriales.La rédaction adoptée par le Sénat porte sur les seules collectivités territoriales au sens strict, ce qui exclut les EPCI à fiscalité propre alors que ces derniers comptent un nombre important d’élus municipaux exerçant un mandat communautaire, le plus souvent pour des indemnités de fonction de faible montant.Cet amendement rédactionnel étend donc les bénéficiaires de l’article aux EPCI à fiscalité propre. Cet amendement a été travaillé avec Intercommunalités de France et France urbaine."
Amendement,Cosignataire,AMANR5L17PO838901BTC1603P0D1N000767,https://www.assemblee-nationale.fr/dyn/17/amendements/AMANR5L17PO838901BTC1603P0D1N000767,767,PIONANR5L17BTC1603,2025-07-03,Irrecevable 40,,
Amendement,Cosignataire,AMANR5L17PO838901BTC1603P0D1N000760,https://www.assemblee-nationale.fr/dyn/17/amendements/AMANR5L17PO838901BTC1603P0D1N000760,760,PIONANR5L17BTC1603,2025-07-03,Irrecevable,,
Amendement,Cosignataire,AMANR5L17PO838901BTC1603P0D1N000764,https://www.assemblee-nationale.fr/dyn/17/amendements/AMANR5L17PO838901BTC1603P0D1N000764,764,PIONANR5L17BTC1603,2025-07-03,Discuté,Rétablir cet article dans la rédaction suivante : « I. – Le code général des collectivités territoriales est ainsi modifié :« 1° Le chapitre unique du titre II du livre VI de la première partie est complété par un article L. 1621‑6 ainsi rédigé :« Art. L. 1621‑6. – I. – L’employeur privé ou public d’un élu local peut conclure avec la collectivité territoriale ou l’établissement public de coopération intercommunale dont l’élu est membre une convention qui précise les mesures destinées à faciliter,"Le présent amendement propose de rétablir l’article 10 dans une rédaction complétée.Cette nouvelle rédaction prévoit notamment que la convention que l’employeur peut conclure avec la collectivité territoriale dont l’un de ses salariés doit prévoir des mesures au moins aussi favorables que celles prévues par la loi.Elle précise par ailleurs les critères d’attribution du label. Ceux-ci seront précisés par décret, qui devra nécessairement et au moins tenir compte :– du taux de présence des élus locaux au sein de l’entreprise ou de l’organisme public ou privé ;– du nombre d’heures d’autorisations d’absences sur le temps de travail avec maintien de la rémunération ;– ainsi que des conditions de disponibilité pour formation.Cette nouvelle rédaction précise également la portée des conventions-cad"
Amendement,Cosignataire,AMANR5L17PO838901BTC1603P0D1N000758,https://www.assemblee-nationale.fr/dyn/17/amendements/AMANR5L17PO838901BTC1603P0D1N000758,758,PIONANR5L17BTC1603,2025-07-03,Irrecevable 40,,
Amendement,Cosignataire,AMANR5L17PO838901BTC1603P0D1N000761,https://www.assemblee-nationale.fr/dyn/17/amendements/AMANR5L17PO838901BTC1603P0D1N000761,761,PIONANR5L17BTC1603,2025-07-03,Discuté,"Substituer aux alinéas 2 à 11 l’alinéa suivant :« 1° Au deuxième alinéa de l’article L. 3142‑79, le mot : « dix » est remplacé par le mot : « quinze ». »","La rédaction de l’article 8 pose d’importantes difficultés en termes de mise en œuvre s’agissant de la substitution au dispositif actuel (20 jours de congés électifs pour les candidats aux élections parlementaires, 10 jours pour les autres scrutins) d’un régime distinguant « candidat tête de liste » et « candidat sur une liste sans être placé à sa tête ». Une telle rédaction ne couvre pas l’intégralité des scrutins politiques et vient donc supprimer le droit des candidats aux élections ne reposant pas sur un scrutin de liste à bénéficier d’un congé électif. Par ailleurs l’augmentation à 20 jours pour les candidats tête de liste peut constituer une contrainte importante pour les employeurs de ces candidats.Le recours à un congé électif prolongé par les candidats aux élections locales est su"
Amendement,Cosignataire,AMANR5L17PO838901BTC1603P0D1N000765,https://www.assemblee-nationale.fr/dyn/17/amendements/AMANR5L17PO838901BTC1603P0D1N000765,765,PIONANR5L17BTC1603,2025-07-03,Discuté,"I. – À l’alinéa 4, après le mot :« régional », insérer les mots : « ou d’élu responsable d’un groupe d’élus d’opposition de l’organe délibérant ».II. – En conséquence, à l’alinéa 7, après le mot :« régional », insérer les mots : « ou d’élu responsable d’un groupe d’élus d’opposition de l’organe délibérant ».","Le présent amendement vise à inclure les chefs de l’opposition de l’organe délibérant parmi les bénéficiaires de la priorité d’examen des demandes de mutation au sein de la fonction publique de l’État, au même titre que les maires ou adjoints au maire, les présidents ou vice-présidents de conseil départemental, ou les présidents ou vice-présidents de conseil régional, comme le prévoit l’article 11 bis. L’exercice de fonctions d’opposition, bien que non exécutives, constitue un engagement politique fort, souvent exercé dans un contexte de tensions locales, avec un niveau d’exposition comparable à celui des membres de l’exécutif. Ces fonctions peuvent affecter la carrière professionnelle des agents publics, en particulier lorsqu’ils sont en situation de mobilité ou de réintégration dans l’ad"
Amendement,Cosignataire,AMANR5L17PO838901BTC1603P0D1N000768,https://www.assemblee-nationale.fr/dyn/17/amendements/AMANR5L17PO838901BTC1603P0D1N000768,768,PIONANR5L17BTC1603,2025-07-03,Discuté,"Rétablir l’alinéa 2 dans la rédaction suivante :« 1° Au dernier alinéa de l’article L. 323‑6, après le mot : « locaux », sont insérés les mots : « qui le souhaitent » et les mots : « sous réserve de l’accord formel » sont remplacés par les mots : « sauf avis contraire » ; ».","Cet amendement vise à rétablir le 1° de l’article 14 de la PPL n°136, supprimé en Commission. Un salarié en arrêt maladie doit pouvoir poursuivre son mandat, sauf avis contraire du médecin. La règlementation actuelle exige un accord formel du médecin, sur l’arrêt de travail, pour permettre à l’élu d’exercer son mandat. Ce faisant, en cas d’oubli ou de méconnaissance de cette disposition visant à une mention expresse du médecin sur l’arrêt de travail, le maire en arrêt de travail professionnel qui continuerait à assister à une réunion du conseil municipal ou à signer un arrêté, se retrouverait en irrégularité et susceptible de se voir réclamer le remboursement de ses indemnités journalières.L’amendement a été travaillé avec l’AMRF."
Amendement,Cosignataire,AMANR5L17PO838901BTC1043P0D1N000797,https://www.assemblee-nationale.fr/dyn/17/amendements/AMANR5L17PO838901BTC1043P0D1N000797,797,PIONANR5L17BTC1043,2025-03-14,Discuté,"À la première phrase de l’alinéa 12, substituer au mot : « quatre »le mot : « deux ».","Cet amendement vise à réduire de quatre à deux ans la durée de validité de la décision d’affectation dans un quartier de lutte contre la criminalité organisée, afin d’en prévoir le réexamen plus régulier et d’assurer ainsi une meilleure proportionnalité du dispositif."
Amendement,Cosignataire,AMANR5L17PO838901BTC1043P0D1N000891,https://www.assemblee-nationale.fr/dyn/17/amendements/AMANR5L17PO838901BTC1043P0D1N000891,891,PIONANR5L17BTC1043,2025-03-14,Discuté,"I. – Après l’alinéa 16, insérer l’alinéa suivant :« Cette compétence s’étend également aux infractions de recel de bien ou d’objet provenant du délit prévu à l’article 434‑35 du code pénal, d’évasion prévues aux articles 434‑27 à 434‑37 du même code et d’association de malfaiteurs prévues à l’article 450‑1 dudit code, lorsque celles-ci sont commises en détention par une personne détenue, prévenue ou condamnée pour des crimes et délits pour lesquels le procureur de la République anti-criminalité ","Cet amendement met en œuvre l'une des recommandations formulées par la mission de préfiguration du Pnaco, soit l'extension de son champ de compétence à certaines infractions commises en détention par les personnes qu'il a poursuivies.Par parallèle, l'amendement procède au même élargissement de compétence pour les JIRS."
Amendement,Cosignataire,AMANR5L17PO838901BTC1043P0D1N000768,https://www.assemblee-nationale.fr/dyn/17/amendements/AMANR5L17PO838901BTC1043P0D1N000768,768,PIONANR5L17BTC1043,2025-03-14,Discuté,"I. – À l’alinéa 5, supprimer les mots : « , après information du procureur de la République national anticriminalité organisée, ».II. – En conséquence, au même alinéa 5, supprimer les mots :« trois fois ».III – En conséquence, après l’alinéa 8, insérer les deux alinéas suivants :« 6° Après l’article L. 562‑7, il est inséré un article L. 562‑7-1 ainsi rédigé :« Art. L. 562‑7-1. – Les personnes physiques ou morales ou toute autre entité faisant l’objet d’une mesure de gel prévue au présent chapitr","L’article 5 bis de la proposition de loi prévoit la création d’un dispositif administratif de gel des avoirs pour les auteurs de délits de trafic de stupéfiants. Le présent amendement a pour objet de prévoir une obligation déclarative des personnes ou entités visées par les mesures de gel et de supprimer la limite prévue en matière de nombre de renouvellement de la mesure en cas de persistance de la menace pour assurer la cohérence avec les dispositifs de gel existants prévus au chapitre II du titre VI du livre V du code monétaire financier et ne pas limiter les capacités d’entraves en amont de l’ouverture d’une procédure judiciaire éventuelle. Cet amendement supprime également la mention de l’information du PNACO, car cette information ne relève pas du domaine de la loi. Dans les faits, c"
Amendement,Cosignataire,AMANR5L17PO838901BTC1043P0D1N000772,https://www.assemblee-nationale.fr/dyn/17/amendements/AMANR5L17PO838901BTC1043P0D1N000772,772,PIONANR5L17BTC1043,2025-03-14,Discuté,"Après l’alinéa 3, insérer l’alinéa suivant :1° ter A À la même première phrase du même troisième alinéa du même article 173, après le mot : « copie », sont insérés les mots : « par tous moyens, y compris par voie dématérialisée, ». »","L’article prévoit une sanction d'irrecevabilité en cas de non-transmission des informations au juge d'instruction, une mesure qui peut favoriser la bonne administration de la justice, mais qui doit s'accompagner de la dématérialisation des transmissions, tant pour le juge d'instruction que pour la chambre de l'instruction, afin de simplifier les démarches."
Amendement,Cosignataire,AMANR5L17PO838901BTC1043P0D1N000769,https://www.assemblee-nationale.fr/dyn/17/amendements/AMANR5L17PO838901BTC1043P0D1N000769,769,PIONANR5L17BTC1043,2025-03-14,Discuté,"Rétablir cet article dans la rédaction suivante :« L’article 706‑96 du code de procédure pénale est complété par un alinéa ainsi rédigé :« Dans le cadre d’une enquête ou d’une information judiciaire relative à l’une des infractions prévues aux 1° à 6° et 11° à 12° de l’article 706‑73, au blanchiment des mêmes infractions ou à une association de malfaiteurs lorsqu’elle a pour objet la préparation de l’une desdites infractions, il peut également être recouru, pour les finalités mentionnées au prem",Cet amendement vise à rétablir la procédure d’activation à distance des appareils fixes avec des garanties supplémentaires. Cette rédaction limite l’application de ces dispositions aux infractions les plus graves relevant de la délinquance et de la criminalité organisées.
Amendement,Cosignataire,AMANR5L17PO838901BTC1043P0D1N000770,https://www.assemblee-nationale.fr/dyn/17/amendements/AMANR5L17PO838901BTC1043P0D1N000770,770,PIONANR5L17BTC1043,2025-03-14,Discuté,"Rétablir cet article dans la rédaction suivante :« Après le paragraphe 3 de la section 6 du chapitre II du titre XXV du livre IV du code de procédure pénale, il est inséré un paragraphe 3 bis ainsi rédigé :« Paragraphe 3 bis« De l’activation à distance des appareils électroniques mobiles« Art. 706‑99. – Dans le cadre d’une enquête ou d’une information judiciaire relative à l’une des infractions prévues aux 1° à 6° et 11° à 12° de l’article 706‑73, au blanchiment des mêmes infractions ou à une as",Cet amendement vise à rétablir la procédure d’activation à distance des appareils mobiles introduite par le Sénat avec des garanties procédurales à la hauteur de l’atteinte portée.
Amendement,Cosignataire,AMANR5L17PO838901BTC1043P0D1N000767,https://www.assemblee-nationale.fr/dyn/17/amendements/AMANR5L17PO838901BTC1043P0D1N000767,767,PIONANR5L17BTC1043,2025-03-14,Discuté,Compléter l’alinéa 41 par les mots :« agissant en qualité d’intermédiaires dans des transactions immobilières portant sur les biens d’autrui ».,"Le règlement unique européen n°2024/1624 du 31 mai 2024 prévoit, dans son préambule (§57), d’assujettir « les promoteurs immobiliers lorsque et dans la mesure où ils interviennent dans l’achat, la vente et la location de biens immeubles ».En droit français, la notion de promoteur immobilier s’entend telle que définie à l’article 1831-1 du code civil, reproduit à l’article L.221-1 du code de la construction et de l’habitation, c’est-à-dire titulaire d’un contrat de promotion immobilière.Cette définition du promoteur immobilier ne recouvre pas celle retenue dans le règlement européen qui vise les promoteurs immobiliers agissant en qualité d’intermédiaires dans des transactions immobilières (article 3, 3, d), portant sur les biens d'autrui.Pour lever cette ambiguïté, il est proposé de complét"
Amendement,Cosignataire,AMANR5L17PO838901BTC1043P0D1N000799,https://www.assemblee-nationale.fr/dyn/17/amendements/AMANR5L17PO838901BTC1043P0D1N000799,799,PIONANR5L17BTC1043,2025-03-14,Discuté,"Après l’alinéa 16, insérer l’alinéa suivant :« Les dispositions des deux alinéas précédents ne s’appliquent pas aux échanges entre la personne détenue et son avocat. ».","Afin d’assurer le principe de respect des droits de la défense, le présent amendement, proposé à la suite de l’avis du Conseil d’État du 14 mars 2025, vise à compléter l’article 23 quinquies en précisant que les dispositions spécifiques relatives au dispositif de séparation lors des visites et à la limitation d’accès au téléphone ne s’appliquent pas aux échanges constitutionnellement garantis entre les personnes détenues et leurs avocats."
Amendement,Cosignataire,AMANR5L17PO838901BTC1043P0D1N000771,https://www.assemblee-nationale.fr/dyn/17/amendements/AMANR5L17PO838901BTC1043P0D1N000771,771,PIONANR5L17BTC1043,2025-03-14,Discuté,"Rétablir cet article dans la rédaction suivante :« Le code de procédure pénale est ainsi modifié :« 1° Au deuxième alinéa de l’article 194, la seconde occurrence du mot : « ou » est supprimée et, après la quatrième occurrence du mot : « alinéa », sont insérés les mots : « ou 706‑104 » ;« 2° L’article 706‑102‑3 est ainsi modifié :« a) À la fin, les mots : « la localisation exacte ou la description détaillée des systèmes de traitement automatisé de données ainsi que la durée des opérati",Cet amendement vise à rétablir la procédure du « dossier-coffre » dans une rédaction qui ne vise que les cas de nature à mettre gravement en danger la vie ou l’intégrité physique d’une personne.
Amendement,Cosignataire,AMANR5L17PO838901BTC1043P0D1N000848,https://www.assemblee-nationale.fr/dyn/17/amendements/AMANR5L17PO838901BTC1043P0D1N000848,848,PIONANR5L17BTC1043,2025-03-14,Irrecevable,,
Amendement,Cosignataire,AMANR5L17PO838901BTC1043P0D1N000763,https://www.assemblee-nationale.fr/dyn/17/amendements/AMANR5L17PO838901BTC1043P0D1N000763,763,PIONANR5L17BTC1043,2025-03-14,Retiré,Supprimer cet article.,"L’article 1er bis crée l’obligation dans un délai de six mois à compter de la promulgation de la présente loi, pour le Gouvernement, de remettre au Parlement un rapport décrivant les dysfonctionnements des logiciels utilisés par les services de police ainsi que leurs effets sur la lutte contre le trafic de stupéfiants.Outre le fait que le fait que le Parlement dispose déjà des prérogatives que lui confère l'article 24 de la Constitution afin de contrôler l'action du Gouvernement et d'évaluer les politiques publiques, la multiplication de rapports n'est pas souhaitable et l'enjeu des dysfonctionnements concernant les logiciels par les services de police n'a pas de lien direct avec l'objet de la proposition de loi"
Amendement,Cosignataire,AMANR5L17PO838901BTC1043P0D1N000766,https://www.assemblee-nationale.fr/dyn/17/amendements/AMANR5L17PO838901BTC1043P0D1N000766,766,PIONANR5L17BTC1043,2025-03-14,Irrecevable,,
Amendement,Cosignataire,AMANR5L17PO838901BTC1043P0D1N000765,https://www.assemblee-nationale.fr/dyn/17/amendements/AMANR5L17PO838901BTC1043P0D1N000765,765 (Rect),PIONANR5L17BTC1043,2025-03-14,Discuté,"À l’alinéa 31, rétablir l’article 706‑74‑3 dans la rédaction suivante :« Art. 706‑74‑3. – I – Jusqu’à la mise en mouvement de l’action publique et sur demande du procureur de la République anti-criminalité organisée, le procureur de la République compétent en application de l’article 706‑75 peut exercer une compétence conjointe sur l’ensemble du territoire national à celle du procureur de la République anti-criminalité organisée pour les affaires d’une très grande complexité portant sur les infr",Cet amendement met en œuvre l'une des recommandations formulées par la mission de préfiguration du Pnaco : la possibilité de cosaisine entre JIRS et Pnaco.
Amendement,Cosignataire,AMANR5L17PO838901BTC1043P0D1N000764,https://www.assemblee-nationale.fr/dyn/17/amendements/AMANR5L17PO838901BTC1043P0D1N000764,764,PIONANR5L17BTC1043,2025-03-14,Discuté,"Après l’alinéa 15, insérer l’alinéa suivant :« 4° Les délits prévus aux articles 313‑1, 313‑2, 314‑1, 314‑2 et 324‑1 du code pénal, ceux prévus à l’article 415 du code des douanes et ceux prévus aux articles 1741 à 1753 bis A du code général des impôts. »","Cet amendement reprend l'une des recommandations de la mission de préfiguration en élargissant la compétence infractionnelle du Pnaco à plusieurs infractions, notamment celle de blanchiment simple. La mission a identifié que c'était une porte d'entrée identifiée dans certains dossiers de criminalité organisée qui se révélaient de grande ampleur après les premières investigations sur le fondement du blanchiment simple."
Amendement,Cosignataire,AMANR5L17PO838901BTC1043P0D1N000798,https://www.assemblee-nationale.fr/dyn/17/amendements/AMANR5L17PO838901BTC1043P0D1N000798,798,PIONANR5L17BTC1043,2025-03-14,Discuté,"Compléter l’alinéa 14 par les mots et la phrase suivante :« , sans préjudice des dispositions des articles L. 225‑1 à L. 225‑5. Ces dispositions s’appliquent sous réserve des adaptations décidées par l’autorité administrative compétente. ».","Le présent amendement, proposé afin de tirer les conséquences de l’avis du Conseil d’État relatif à la prise en charge des personnes détenues membres de la criminalité organisée du 14 mars 2025, vise à permettre à l’autorité administrative d’individualiser le régime de fouilles intégrales auquel doit être soumis une personne détenue affectée en quartier de lutte contre la criminalité organisée, par exemple pour des motifs tenant, en vertu des dispositions générales de l’article L. 6 du code pénitentiaire, à l’âge, à l’état de santé, au handicap, à l’identité de genre ou à la personnalité de chaque personne détenue. Les modalités d’application de ces dispositions et les conditions d’adaptation du régime seront précisées par décret en Conseil d’État, comme prévu par le nouvel article L. 224‑"
Amendement,Cosignataire,AMANR5L17PO838901BTC0636P0D1N000187,https://www.assemblee-nationale.fr/dyn/17/amendements/AMANR5L17PO838901BTC0636P0D1N000187,187,PIONANR5L17BTC0636,2025-02-06,Irrecevable,,
Amendement,Cosignataire,AMANR5L17PO838901BTC0636P0D1N000184,https://www.assemblee-nationale.fr/dyn/17/amendements/AMANR5L17PO838901BTC0636P0D1N000184,184 (Rect),PIONANR5L17BTC0636,2025-02-06,Discuté,"I. – Substituer à l’alinéa 2 les trois alinéas suivants :« Art. L. 2242‑4‑1. – Dans les espaces et véhicules affectés au transport public de voyageurs ou de marchandises, le fait d’abandonner par imprudence, inattention ou négligence des bagages, matériaux ou objets est puni de l’amende prévue pour les contraventions de la troisième classe.« Dans les catégories de véhicules affectés au transport de voyageurs désignées par arrêté du ministre chargé des transports, l’abandon de bagages, matériaux ","Cet amendement prévoit d’abaisser les sanctions prévues pour l’abandon de bagages. Il abandonne, en particulier, la sanction de l’abandon volontaire de bagages au niveau délictuel.Avec l’adoption de cet amendement, trois niveaux de sanctions perdureront :- une contravention de la troisième classe pour l’abandon involontaire de bagages, objets ou matériaux. Une telle contravention encourt une amende de 450 euros. Conformément à l’article 529 du code de procédure pénale et à l’article R 2243‑1 du code des transports, les poursuites peuvent être éteintes par le versement d’une amende forfaitaire de 72 euros.- une contravention de la quatrième classe pour l’abandon involontaire de bagage, objets ou matériaux lorsqu’une obligation d’étiquetage s’applique. Une telle contravention encourt une ame"
Amendement,Cosignataire,AMANR5L17PO838901BTC0636P0D1N000183,https://www.assemblee-nationale.fr/dyn/17/amendements/AMANR5L17PO838901BTC0636P0D1N000183,183 (Rect),PIONANR5L17BTC0636,2025-02-06,Discuté,"I. – Après l’alinéa 2, insérer l’alinéa suivant :« aa) Les mots : « six mois d’emprisonnement et de » sont supprimés ; ».II. – En conséquence, rétablir l’alinéa 6 dans la rédaction suivante :« 1° Le fait de pénétrer dans un espace dont l’accès est réservé aux détenteurs d’un titre de transport ou de voyager sans être munie d’un titre de transport valable complété, s’il y a lieu, par les opérations incombant au voyageur telles que compostage, validation ou apposition de mentions manuscrites. Tout","Cet amendement vise à mieux proportionner les peines prévues pour le délit d’incivilité d’habitude. Dans sa rédaction actuelle, l’article 12 reprend les peines prévues pour les infractions habituelles aux obligations tarifaires, introduites par la loi Le Roux-Savary de 2016 à l’article L. 2242‑6 du code des transports, à savoir 6 mois d’emprisonnement et 7 500 euros d’amende.Au regard des débats en commission des lois, ces peines apparaissent disproportionnées avec l’extension du délit d’habitude proposée à l’article 12. Aussi, le présent amendement propose de supprimer la peine d’emprisonnement prévue pour ne conserver que la peine d’amende délictuelle de 7 500 euros d’amende. La possibilité de transaction, déjà prévue dans la rédaction actuelle de l’article L. 2242‑6, resterait dans tous"
Amendement,Cosignataire,AMANR5L17PO838901BTC0636P0D1N000185,https://www.assemblee-nationale.fr/dyn/17/amendements/AMANR5L17PO838901BTC0636P0D1N000185,185,PIONANR5L17BTC0636,2025-02-06,Discuté,"Compléter cet article par l'alinéa suivant :« Les sociétés de transport scolaire et de personnes handicapées sont également destinataires, par l’intermédiaire des préfets ou de l’administration désignée par décret en Conseil d’État, des informations contenues dans le fichier pour les procédures mentionnées audit 3°. ».","Cet amendement vise à préciser que les sociétés de transport scolaire et de personnes handicapées sont bien destinataires des informations contenues dans le FIJAIS, selon la procédure prévue à l’article 706-53‑7 du code de procédure pénale."
Amendement,Cosignataire,AMANR5L17PO838901BTC0636P0D1N000186,https://www.assemblee-nationale.fr/dyn/17/amendements/AMANR5L17PO838901BTC0636P0D1N000186,186,PIONANR5L17BTC0636,2025-02-06,Discuté,"Le Gouvernement remet au Parlement, avant le 31 décembre 2026, un rapport évaluant les conséquences de l'ouverture à la concurrence des transports en commun en Île-de-France en matière de sûreté dans les transports.","L'ouverture à la concurrence des transports en Île-de-France entraîne l'émergence de nouveaux acteurs, qui ne disposent pas des mêmes prérogatives que la SNCF et la RATP en matière de sûreté. Les auditions menées par le rapporteur ont permis de souligner la nécessité, dans les années à venir, d'engager une réflexion globale sur les conséquences en matière de sûreté de ce bouleversement de l'écosystème des acteurs chargés de la mobilité dans cette région. C'est l'objet du présent amendement, qui prévoit la remise d'un rapport au Parlement avant la fin de l'année 2026."
Amendement,Cosignataire,AMANR5L17PO838901BTC0636P0D1N000247,https://www.assemblee-nationale.fr/dyn/17/amendements/AMANR5L17PO838901BTC0636P0D1N000247,247,PIONANR5L17BTC0636,2025-02-06,Irrecevable 40,,
Amendement,Cosignataire,AMANR5L17PO838901BTC0636P0D1N000182,https://www.assemblee-nationale.fr/dyn/17/amendements/AMANR5L17PO838901BTC0636P0D1N000182,182,PIONANR5L17BTC0636,2025-02-06,Discuté,"Rétablir cet article dans la rédaction suivante :« I. – À titre expérimental, les opérateurs de transport public de voyageurs sont autorisés à mettre en œuvre un système de captation et de transmission du son dans les véhicules qu’ils utilisent dans le cadre de services réguliers de transport public de voyageurs par autobus et autocars.« La captation et la transmission du son ne sont pas permanents et sont limités à l’environnement immédiat du conducteur. Une annonce sonore indique le début de l","Le présent amendement vise à rétablir l’article 11 dans une rédaction conforme aux inquiétudes exprimées lors des débats en commission.La rédaction initiale de l’article prévoyait l’expérimentation de la captation, de la transmission et de l’enregistrement dans l’habitacle du conducteur d’autobus ou d’autocars, dans le but d’assurer la prévention, la compréhension et le traitement des incidents ou atteintes à la sécurité des conducteurs, ainsi que le secours à ces personnes.La voix constitue une donnée sensible faisant l’objet d’une protection renforcée. Son enregistrement est strictement encadré par la jurisprudence constitutionnelle et permis uniquement dans un cadre judiciaire, pour les infractions les plus graves, et dans le cadre de techniques de renseignement soumises au contrôle de "
